2025-10-12 02:11:47,290 ERROR org.springframework.boot.SpringApplication [restartedMain] Application run failed
java.lang.IllegalStateException: java.lang.IllegalStateException: Logback configuration error detected: 
ERROR in ch.qos.logback.classic.pattern.ClassOfCallerConverter@63d8265b - failed to parse integer string [1.] java.lang.NumberFormatException: For input string: "1."
ERROR in ch.qos.logback.classic.pattern.ClassOfCallerConverter@19dc5c08 - failed to parse integer string [1.] java.lang.NumberFormatException: For input string: "1."
	at org.springframework.boot.context.logging.LoggingApplicationListener.initializeSystem(LoggingApplicationListener.java:347)
	at org.springframework.boot.context.logging.LoggingApplicationListener.initialize(LoggingApplicationListener.java:298)
	at org.springframework.boot.context.logging.LoggingApplicationListener.onApplicationEnvironmentPreparedEvent(LoggingApplicationListener.java:246)
	at org.springframework.boot.context.logging.LoggingApplicationListener.onApplicationEvent(LoggingApplicationListener.java:223)
	at org.springframework.context.event.SimpleApplicationEventMulticaster.doInvokeListener(SimpleApplicationEventMulticaster.java:185)
	at org.springframework.context.event.SimpleApplicationEventMulticaster.invokeListener(SimpleApplicationEventMulticaster.java:178)
	at org.springframework.context.event.SimpleApplicationEventMulticaster.multicastEvent(SimpleApplicationEventMulticaster.java:156)
	at org.springframework.context.event.SimpleApplicationEventMulticaster.multicastEvent(SimpleApplicationEventMulticaster.java:138)
	at org.springframework.boot.context.event.EventPublishingRunListener.multicastInitialEvent(EventPublishingRunListener.java:136)
	at org.springframework.boot.context.event.EventPublishingRunListener.environmentPrepared(EventPublishingRunListener.java:81)
	at org.springframework.boot.SpringApplicationRunListeners.lambda$environmentPrepared$2(SpringApplicationRunListeners.java:64)
	at java.base/java.lang.Iterable.forEach(Iterable.java:75)
	at org.springframework.boot.SpringApplicationRunListeners.doWithListeners(SpringApplicationRunListeners.java:118)
	at org.springframework.boot.SpringApplicationRunListeners.doWithListeners(SpringApplicationRunListeners.java:112)
	at org.springframework.boot.SpringApplicationRunListeners.environmentPrepared(SpringApplicationRunListeners.java:63)
	at org.springframework.boot.SpringApplication.prepareEnvironment(SpringApplication.java:353)
	at org.springframework.boot.SpringApplication.run(SpringApplication.java:313)
	at org.springframework.boot.SpringApplication.run(SpringApplication.java:1361)
	at org.springframework.boot.SpringApplication.run(SpringApplication.java:1350)
	at com.aurionpro.papms.PaPmsApplication.main(PaPmsApplication.java:12)
	at java.base/jdk.internal.reflect.NativeMethodAccessorImpl.invoke0(Native Method)
	at java.base/jdk.internal.reflect.NativeMethodAccessorImpl.invoke(NativeMethodAccessorImpl.java:77)
	at java.base/jdk.internal.reflect.DelegatingMethodAccessorImpl.invoke(DelegatingMethodAccessorImpl.java:43)
	at java.base/java.lang.reflect.Method.invoke(Method.java:568)
	at org.springframework.boot.devtools.restart.RestartLauncher.run(RestartLauncher.java:50)
Caused by: java.lang.IllegalStateException: Logback configuration error detected: 
ERROR in ch.qos.logback.classic.pattern.ClassOfCallerConverter@63d8265b - failed to parse integer string [1.] java.lang.NumberFormatException: For input string: "1."
ERROR in ch.qos.logback.classic.pattern.ClassOfCallerConverter@19dc5c08 - failed to parse integer string [1.] java.lang.NumberFormatException: For input string: "1."
	at org.springframework.boot.logging.logback.LogbackLoggingSystem.reportConfigurationErrorsIfNecessary(LogbackLoggingSystem.java:289)
	at org.springframework.boot.logging.logback.LogbackLoggingSystem.loadConfiguration(LogbackLoggingSystem.java:267)
	at org.springframework.boot.logging.AbstractLoggingSystem.initializeWithConventions(AbstractLoggingSystem.java:81)
	at org.springframework.boot.logging.AbstractLoggingSystem.initialize(AbstractLoggingSystem.java:61)
	at org.springframework.boot.logging.logback.LogbackLoggingSystem.initialize(LogbackLoggingSystem.java:195)
	at org.springframework.boot.context.logging.LoggingApplicationListener.initializeSystem(LoggingApplicationListener.java:332)
	... 24 common frames omitted
	Suppressed: java.lang.NumberFormatException: For input string: "1."
		at java.base/java.lang.NumberFormatException.forInputString(NumberFormatException.java:67)
		at java.base/java.lang.Integer.parseInt(Integer.java:668)
		at java.base/java.lang.Integer.parseInt(Integer.java:786)
		at ch.qos.logback.classic.pattern.NamedConverter.start(NamedConverter.java:92)
		at ch.qos.logback.core.pattern.ConverterUtil.startConverters(ConverterUtil.java:37)
		at ch.qos.logback.core.pattern.PatternLayoutBase.start(PatternLayoutBase.java:148)
		at ch.qos.logback.classic.encoder.PatternLayoutEncoder.start(PatternLayoutEncoder.java:28)
		at ch.qos.logback.core.model.processor.ImplicitModelHandler.postHandleComplex(ImplicitModelHandler.java:207)
		at ch.qos.logback.core.model.processor.ImplicitModelHandler.postHandle(ImplicitModelHandler.java:186)
		at ch.qos.logback.core.model.processor.DefaultProcessor.secondPhaseTraverse(DefaultProcessor.java:257)
		at ch.qos.logback.core.model.processor.DefaultProcessor.secondPhaseTraverse(DefaultProcessor.java:253)
		at ch.qos.logback.core.model.processor.DefaultProcessor.secondPhaseTraverse(DefaultProcessor.java:253)
		at ch.qos.logback.core.model.processor.DefaultProcessor.traversalLoop(DefaultProcessor.java:90)
		at ch.qos.logback.core.model.processor.DefaultProcessor.process(DefaultProcessor.java:106)
		at ch.qos.logback.core.joran.GenericXMLConfigurator.processModel(GenericXMLConfigurator.java:222)
		at org.springframework.boot.logging.logback.SpringBootJoranConfigurator.processModel(SpringBootJoranConfigurator.java:136)
		at ch.qos.logback.core.joran.GenericXMLConfigurator.doConfigure(GenericXMLConfigurator.java:178)
		at ch.qos.logback.core.joran.GenericXMLConfigurator.doConfigure(GenericXMLConfigurator.java:123)
		at ch.qos.logback.core.joran.GenericXMLConfigurator.doConfigure(GenericXMLConfigurator.java:66)
		at org.springframework.boot.logging.logback.LogbackLoggingSystem.configureByResourceUrl(LogbackLoggingSystem.java:298)
		at org.springframework.boot.logging.logback.LogbackLoggingSystem.lambda$loadConfiguration$2(LogbackLoggingSystem.java:260)
		at org.springframework.boot.logging.logback.LogbackLoggingSystem.withLoggingSuppressed(LogbackLoggingSystem.java:481)
		at org.springframework.boot.logging.logback.LogbackLoggingSystem.loadConfiguration(LogbackLoggingSystem.java:252)
		... 28 common frames omitted
	Suppressed: java.lang.NumberFormatException: For input string: "1."
		at java.base/java.lang.NumberFormatException.forInputString(NumberFormatException.java:67)
		at java.base/java.lang.Integer.parseInt(Integer.java:668)
		at java.base/java.lang.Integer.parseInt(Integer.java:786)
		at ch.qos.logback.classic.pattern.NamedConverter.start(NamedConverter.java:92)
		at ch.qos.logback.core.pattern.ConverterUtil.startConverters(ConverterUtil.java:37)
		at ch.qos.logback.core.pattern.PatternLayoutBase.start(PatternLayoutBase.java:148)
		at ch.qos.logback.classic.encoder.PatternLayoutEncoder.start(PatternLayoutEncoder.java:28)
		at ch.qos.logback.core.model.processor.ImplicitModelHandler.postHandleComplex(ImplicitModelHandler.java:207)
		at ch.qos.logback.core.model.processor.ImplicitModelHandler.postHandle(ImplicitModelHandler.java:186)
		at ch.qos.logback.core.model.processor.DefaultProcessor.secondPhaseTraverse(DefaultProcessor.java:257)
		at ch.qos.logback.core.model.processor.DefaultProcessor.secondPhaseTraverse(DefaultProcessor.java:253)
		at ch.qos.logback.core.model.processor.DefaultProcessor.secondPhaseTraverse(DefaultProcessor.java:253)
		at ch.qos.logback.core.model.processor.DefaultProcessor.traversalLoop(DefaultProcessor.java:90)
		at ch.qos.logback.core.model.processor.DefaultProcessor.process(DefaultProcessor.java:106)
		at ch.qos.logback.core.joran.GenericXMLConfigurator.processModel(GenericXMLConfigurator.java:222)
		at org.springframework.boot.logging.logback.SpringBootJoranConfigurator.processModel(SpringBootJoranConfigurator.java:136)
		at ch.qos.logback.core.joran.GenericXMLConfigurator.doConfigure(GenericXMLConfigurator.java:178)
		at ch.qos.logback.core.joran.GenericXMLConfigurator.doConfigure(GenericXMLConfigurator.java:123)
		at ch.qos.logback.core.joran.GenericXMLConfigurator.doConfigure(GenericXMLConfigurator.java:66)
		at org.springframework.boot.logging.logback.LogbackLoggingSystem.configureByResourceUrl(LogbackLoggingSystem.java:298)
		at org.springframework.boot.logging.logback.LogbackLoggingSystem.lambda$loadConfiguration$2(LogbackLoggingSystem.java:260)
		at org.springframework.boot.logging.logback.LogbackLoggingSystem.withLoggingSuppressed(LogbackLoggingSystem.java:481)
		at org.springframework.boot.logging.logback.LogbackLoggingSystem.loadConfiguration(LogbackLoggingSystem.java:252)
		... 28 common frames omitted
2025-10-12 02:12:40,760 ERROR org.springframework.boot.SpringApplication [restartedMain] Application run failed
java.lang.IllegalStateException: java.lang.IllegalStateException: Logback configuration error detected: 
ERROR in ch.qos.logback.classic.pattern.ClassOfCallerConverter@4c27f6ad - failed to parse integer string [1.] java.lang.NumberFormatException: For input string: "1."
ERROR in ch.qos.logback.classic.pattern.ClassOfCallerConverter@4eab27cf - failed to parse integer string [1.] java.lang.NumberFormatException: For input string: "1."
	at org.springframework.boot.context.logging.LoggingApplicationListener.initializeSystem(LoggingApplicationListener.java:347)
	at org.springframework.boot.context.logging.LoggingApplicationListener.initialize(LoggingApplicationListener.java:298)
	at org.springframework.boot.context.logging.LoggingApplicationListener.onApplicationEnvironmentPreparedEvent(LoggingApplicationListener.java:246)
	at org.springframework.boot.context.logging.LoggingApplicationListener.onApplicationEvent(LoggingApplicationListener.java:223)
	at org.springframework.context.event.SimpleApplicationEventMulticaster.doInvokeListener(SimpleApplicationEventMulticaster.java:185)
	at org.springframework.context.event.SimpleApplicationEventMulticaster.invokeListener(SimpleApplicationEventMulticaster.java:178)
	at org.springframework.context.event.SimpleApplicationEventMulticaster.multicastEvent(SimpleApplicationEventMulticaster.java:156)
	at org.springframework.context.event.SimpleApplicationEventMulticaster.multicastEvent(SimpleApplicationEventMulticaster.java:138)
	at org.springframework.boot.context.event.EventPublishingRunListener.multicastInitialEvent(EventPublishingRunListener.java:136)
	at org.springframework.boot.context.event.EventPublishingRunListener.environmentPrepared(EventPublishingRunListener.java:81)
	at org.springframework.boot.SpringApplicationRunListeners.lambda$environmentPrepared$2(SpringApplicationRunListeners.java:64)
	at java.base/java.lang.Iterable.forEach(Iterable.java:75)
	at org.springframework.boot.SpringApplicationRunListeners.doWithListeners(SpringApplicationRunListeners.java:118)
	at org.springframework.boot.SpringApplicationRunListeners.doWithListeners(SpringApplicationRunListeners.java:112)
	at org.springframework.boot.SpringApplicationRunListeners.environmentPrepared(SpringApplicationRunListeners.java:63)
	at org.springframework.boot.SpringApplication.prepareEnvironment(SpringApplication.java:353)
	at org.springframework.boot.SpringApplication.run(SpringApplication.java:313)
	at org.springframework.boot.SpringApplication.run(SpringApplication.java:1361)
	at org.springframework.boot.SpringApplication.run(SpringApplication.java:1350)
	at com.aurionpro.papms.PaPmsApplication.main(PaPmsApplication.java:12)
	at java.base/jdk.internal.reflect.NativeMethodAccessorImpl.invoke0(Native Method)
	at java.base/jdk.internal.reflect.NativeMethodAccessorImpl.invoke(NativeMethodAccessorImpl.java:77)
	at java.base/jdk.internal.reflect.DelegatingMethodAccessorImpl.invoke(DelegatingMethodAccessorImpl.java:43)
	at java.base/java.lang.reflect.Method.invoke(Method.java:568)
	at org.springframework.boot.devtools.restart.RestartLauncher.run(RestartLauncher.java:50)
Caused by: java.lang.IllegalStateException: Logback configuration error detected: 
ERROR in ch.qos.logback.classic.pattern.ClassOfCallerConverter@4c27f6ad - failed to parse integer string [1.] java.lang.NumberFormatException: For input string: "1."
ERROR in ch.qos.logback.classic.pattern.ClassOfCallerConverter@4eab27cf - failed to parse integer string [1.] java.lang.NumberFormatException: For input string: "1."
	at org.springframework.boot.logging.logback.LogbackLoggingSystem.reportConfigurationErrorsIfNecessary(LogbackLoggingSystem.java:289)
	at org.springframework.boot.logging.logback.LogbackLoggingSystem.loadConfiguration(LogbackLoggingSystem.java:267)
	at org.springframework.boot.logging.AbstractLoggingSystem.initializeWithConventions(AbstractLoggingSystem.java:81)
	at org.springframework.boot.logging.AbstractLoggingSystem.initialize(AbstractLoggingSystem.java:61)
	at org.springframework.boot.logging.logback.LogbackLoggingSystem.initialize(LogbackLoggingSystem.java:195)
	at org.springframework.boot.context.logging.LoggingApplicationListener.initializeSystem(LoggingApplicationListener.java:332)
	... 24 common frames omitted
	Suppressed: java.lang.NumberFormatException: For input string: "1."
		at java.base/java.lang.NumberFormatException.forInputString(NumberFormatException.java:67)
		at java.base/java.lang.Integer.parseInt(Integer.java:668)
		at java.base/java.lang.Integer.parseInt(Integer.java:786)
		at ch.qos.logback.classic.pattern.NamedConverter.start(NamedConverter.java:92)
		at ch.qos.logback.core.pattern.ConverterUtil.startConverters(ConverterUtil.java:37)
		at ch.qos.logback.core.pattern.PatternLayoutBase.start(PatternLayoutBase.java:148)
		at ch.qos.logback.classic.encoder.PatternLayoutEncoder.start(PatternLayoutEncoder.java:28)
		at ch.qos.logback.core.model.processor.ImplicitModelHandler.postHandleComplex(ImplicitModelHandler.java:207)
		at ch.qos.logback.core.model.processor.ImplicitModelHandler.postHandle(ImplicitModelHandler.java:186)
		at ch.qos.logback.core.model.processor.DefaultProcessor.secondPhaseTraverse(DefaultProcessor.java:257)
		at ch.qos.logback.core.model.processor.DefaultProcessor.secondPhaseTraverse(DefaultProcessor.java:253)
		at ch.qos.logback.core.model.processor.DefaultProcessor.secondPhaseTraverse(DefaultProcessor.java:253)
		at ch.qos.logback.core.model.processor.DefaultProcessor.traversalLoop(DefaultProcessor.java:90)
		at ch.qos.logback.core.model.processor.DefaultProcessor.process(DefaultProcessor.java:106)
		at ch.qos.logback.core.joran.GenericXMLConfigurator.processModel(GenericXMLConfigurator.java:222)
		at org.springframework.boot.logging.logback.SpringBootJoranConfigurator.processModel(SpringBootJoranConfigurator.java:136)
		at ch.qos.logback.core.joran.GenericXMLConfigurator.doConfigure(GenericXMLConfigurator.java:178)
		at ch.qos.logback.core.joran.GenericXMLConfigurator.doConfigure(GenericXMLConfigurator.java:123)
		at ch.qos.logback.core.joran.GenericXMLConfigurator.doConfigure(GenericXMLConfigurator.java:66)
		at org.springframework.boot.logging.logback.LogbackLoggingSystem.configureByResourceUrl(LogbackLoggingSystem.java:298)
		at org.springframework.boot.logging.logback.LogbackLoggingSystem.lambda$loadConfiguration$2(LogbackLoggingSystem.java:260)
		at org.springframework.boot.logging.logback.LogbackLoggingSystem.withLoggingSuppressed(LogbackLoggingSystem.java:481)
		at org.springframework.boot.logging.logback.LogbackLoggingSystem.loadConfiguration(LogbackLoggingSystem.java:252)
		... 28 common frames omitted
	Suppressed: java.lang.NumberFormatException: For input string: "1."
		at java.base/java.lang.NumberFormatException.forInputString(NumberFormatException.java:67)
		at java.base/java.lang.Integer.parseInt(Integer.java:668)
		at java.base/java.lang.Integer.parseInt(Integer.java:786)
		at ch.qos.logback.classic.pattern.NamedConverter.start(NamedConverter.java:92)
		at ch.qos.logback.core.pattern.ConverterUtil.startConverters(ConverterUtil.java:37)
		at ch.qos.logback.core.pattern.PatternLayoutBase.start(PatternLayoutBase.java:148)
		at ch.qos.logback.classic.encoder.PatternLayoutEncoder.start(PatternLayoutEncoder.java:28)
		at ch.qos.logback.core.model.processor.ImplicitModelHandler.postHandleComplex(ImplicitModelHandler.java:207)
		at ch.qos.logback.core.model.processor.ImplicitModelHandler.postHandle(ImplicitModelHandler.java:186)
		at ch.qos.logback.core.model.processor.DefaultProcessor.secondPhaseTraverse(DefaultProcessor.java:257)
		at ch.qos.logback.core.model.processor.DefaultProcessor.secondPhaseTraverse(DefaultProcessor.java:253)
		at ch.qos.logback.core.model.processor.DefaultProcessor.secondPhaseTraverse(DefaultProcessor.java:253)
		at ch.qos.logback.core.model.processor.DefaultProcessor.traversalLoop(DefaultProcessor.java:90)
		at ch.qos.logback.core.model.processor.DefaultProcessor.process(DefaultProcessor.java:106)
		at ch.qos.logback.core.joran.GenericXMLConfigurator.processModel(GenericXMLConfigurator.java:222)
		at org.springframework.boot.logging.logback.SpringBootJoranConfigurator.processModel(SpringBootJoranConfigurator.java:136)
		at ch.qos.logback.core.joran.GenericXMLConfigurator.doConfigure(GenericXMLConfigurator.java:178)
		at ch.qos.logback.core.joran.GenericXMLConfigurator.doConfigure(GenericXMLConfigurator.java:123)
		at ch.qos.logback.core.joran.GenericXMLConfigurator.doConfigure(GenericXMLConfigurator.java:66)
		at org.springframework.boot.logging.logback.LogbackLoggingSystem.configureByResourceUrl(LogbackLoggingSystem.java:298)
		at org.springframework.boot.logging.logback.LogbackLoggingSystem.lambda$loadConfiguration$2(LogbackLoggingSystem.java:260)
		at org.springframework.boot.logging.logback.LogbackLoggingSystem.withLoggingSuppressed(LogbackLoggingSystem.java:481)
		at org.springframework.boot.logging.logback.LogbackLoggingSystem.loadConfiguration(LogbackLoggingSystem.java:252)
		... 28 common frames omitted
2025-10-12 02:12:54,608 ERROR org.springframework.boot.SpringApplication [restartedMain] Application run failed
java.lang.IllegalStateException: java.lang.IllegalStateException: Logback configuration error detected: 
ERROR in ch.qos.logback.classic.pattern.ClassOfCallerConverter@7340690 - failed to parse integer string [1.] java.lang.NumberFormatException: For input string: "1."
ERROR in ch.qos.logback.classic.pattern.ClassOfCallerConverter@85e70a7 - failed to parse integer string [1.] java.lang.NumberFormatException: For input string: "1."
	at org.springframework.boot.context.logging.LoggingApplicationListener.initializeSystem(LoggingApplicationListener.java:347)
	at org.springframework.boot.context.logging.LoggingApplicationListener.initialize(LoggingApplicationListener.java:298)
	at org.springframework.boot.context.logging.LoggingApplicationListener.onApplicationEnvironmentPreparedEvent(LoggingApplicationListener.java:246)
	at org.springframework.boot.context.logging.LoggingApplicationListener.onApplicationEvent(LoggingApplicationListener.java:223)
	at org.springframework.context.event.SimpleApplicationEventMulticaster.doInvokeListener(SimpleApplicationEventMulticaster.java:185)
	at org.springframework.context.event.SimpleApplicationEventMulticaster.invokeListener(SimpleApplicationEventMulticaster.java:178)
	at org.springframework.context.event.SimpleApplicationEventMulticaster.multicastEvent(SimpleApplicationEventMulticaster.java:156)
	at org.springframework.context.event.SimpleApplicationEventMulticaster.multicastEvent(SimpleApplicationEventMulticaster.java:138)
	at org.springframework.boot.context.event.EventPublishingRunListener.multicastInitialEvent(EventPublishingRunListener.java:136)
	at org.springframework.boot.context.event.EventPublishingRunListener.environmentPrepared(EventPublishingRunListener.java:81)
	at org.springframework.boot.SpringApplicationRunListeners.lambda$environmentPrepared$2(SpringApplicationRunListeners.java:64)
	at java.base/java.lang.Iterable.forEach(Iterable.java:75)
	at org.springframework.boot.SpringApplicationRunListeners.doWithListeners(SpringApplicationRunListeners.java:118)
	at org.springframework.boot.SpringApplicationRunListeners.doWithListeners(SpringApplicationRunListeners.java:112)
	at org.springframework.boot.SpringApplicationRunListeners.environmentPrepared(SpringApplicationRunListeners.java:63)
	at org.springframework.boot.SpringApplication.prepareEnvironment(SpringApplication.java:353)
	at org.springframework.boot.SpringApplication.run(SpringApplication.java:313)
	at org.springframework.boot.SpringApplication.run(SpringApplication.java:1361)
	at org.springframework.boot.SpringApplication.run(SpringApplication.java:1350)
	at com.aurionpro.papms.PaPmsApplication.main(PaPmsApplication.java:12)
	at java.base/jdk.internal.reflect.NativeMethodAccessorImpl.invoke0(Native Method)
	at java.base/jdk.internal.reflect.NativeMethodAccessorImpl.invoke(NativeMethodAccessorImpl.java:77)
	at java.base/jdk.internal.reflect.DelegatingMethodAccessorImpl.invoke(DelegatingMethodAccessorImpl.java:43)
	at java.base/java.lang.reflect.Method.invoke(Method.java:568)
	at org.springframework.boot.devtools.restart.RestartLauncher.run(RestartLauncher.java:50)
Caused by: java.lang.IllegalStateException: Logback configuration error detected: 
ERROR in ch.qos.logback.classic.pattern.ClassOfCallerConverter@7340690 - failed to parse integer string [1.] java.lang.NumberFormatException: For input string: "1."
ERROR in ch.qos.logback.classic.pattern.ClassOfCallerConverter@85e70a7 - failed to parse integer string [1.] java.lang.NumberFormatException: For input string: "1."
	at org.springframework.boot.logging.logback.LogbackLoggingSystem.reportConfigurationErrorsIfNecessary(LogbackLoggingSystem.java:289)
	at org.springframework.boot.logging.logback.LogbackLoggingSystem.loadConfiguration(LogbackLoggingSystem.java:267)
	at org.springframework.boot.logging.AbstractLoggingSystem.initializeWithConventions(AbstractLoggingSystem.java:81)
	at org.springframework.boot.logging.AbstractLoggingSystem.initialize(AbstractLoggingSystem.java:61)
	at org.springframework.boot.logging.logback.LogbackLoggingSystem.initialize(LogbackLoggingSystem.java:195)
	at org.springframework.boot.context.logging.LoggingApplicationListener.initializeSystem(LoggingApplicationListener.java:332)
	... 24 common frames omitted
	Suppressed: java.lang.NumberFormatException: For input string: "1."
		at java.base/java.lang.NumberFormatException.forInputString(NumberFormatException.java:67)
		at java.base/java.lang.Integer.parseInt(Integer.java:668)
		at java.base/java.lang.Integer.parseInt(Integer.java:786)
		at ch.qos.logback.classic.pattern.NamedConverter.start(NamedConverter.java:92)
		at ch.qos.logback.core.pattern.ConverterUtil.startConverters(ConverterUtil.java:37)
		at ch.qos.logback.core.pattern.PatternLayoutBase.start(PatternLayoutBase.java:148)
		at ch.qos.logback.classic.encoder.PatternLayoutEncoder.start(PatternLayoutEncoder.java:28)
		at ch.qos.logback.core.model.processor.ImplicitModelHandler.postHandleComplex(ImplicitModelHandler.java:207)
		at ch.qos.logback.core.model.processor.ImplicitModelHandler.postHandle(ImplicitModelHandler.java:186)
		at ch.qos.logback.core.model.processor.DefaultProcessor.secondPhaseTraverse(DefaultProcessor.java:257)
		at ch.qos.logback.core.model.processor.DefaultProcessor.secondPhaseTraverse(DefaultProcessor.java:253)
		at ch.qos.logback.core.model.processor.DefaultProcessor.secondPhaseTraverse(DefaultProcessor.java:253)
		at ch.qos.logback.core.model.processor.DefaultProcessor.traversalLoop(DefaultProcessor.java:90)
		at ch.qos.logback.core.model.processor.DefaultProcessor.process(DefaultProcessor.java:106)
		at ch.qos.logback.core.joran.GenericXMLConfigurator.processModel(GenericXMLConfigurator.java:222)
		at org.springframework.boot.logging.logback.SpringBootJoranConfigurator.processModel(SpringBootJoranConfigurator.java:136)
		at ch.qos.logback.core.joran.GenericXMLConfigurator.doConfigure(GenericXMLConfigurator.java:178)
		at ch.qos.logback.core.joran.GenericXMLConfigurator.doConfigure(GenericXMLConfigurator.java:123)
		at ch.qos.logback.core.joran.GenericXMLConfigurator.doConfigure(GenericXMLConfigurator.java:66)
		at org.springframework.boot.logging.logback.LogbackLoggingSystem.configureByResourceUrl(LogbackLoggingSystem.java:298)
		at org.springframework.boot.logging.logback.LogbackLoggingSystem.lambda$loadConfiguration$2(LogbackLoggingSystem.java:260)
		at org.springframework.boot.logging.logback.LogbackLoggingSystem.withLoggingSuppressed(LogbackLoggingSystem.java:481)
		at org.springframework.boot.logging.logback.LogbackLoggingSystem.loadConfiguration(LogbackLoggingSystem.java:252)
		... 28 common frames omitted
	Suppressed: java.lang.NumberFormatException: For input string: "1."
		at java.base/java.lang.NumberFormatException.forInputString(NumberFormatException.java:67)
		at java.base/java.lang.Integer.parseInt(Integer.java:668)
		at java.base/java.lang.Integer.parseInt(Integer.java:786)
		at ch.qos.logback.classic.pattern.NamedConverter.start(NamedConverter.java:92)
		at ch.qos.logback.core.pattern.ConverterUtil.startConverters(ConverterUtil.java:37)
		at ch.qos.logback.core.pattern.PatternLayoutBase.start(PatternLayoutBase.java:148)
		at ch.qos.logback.classic.encoder.PatternLayoutEncoder.start(PatternLayoutEncoder.java:28)
		at ch.qos.logback.core.model.processor.ImplicitModelHandler.postHandleComplex(ImplicitModelHandler.java:207)
		at ch.qos.logback.core.model.processor.ImplicitModelHandler.postHandle(ImplicitModelHandler.java:186)
		at ch.qos.logback.core.model.processor.DefaultProcessor.secondPhaseTraverse(DefaultProcessor.java:257)
		at ch.qos.logback.core.model.processor.DefaultProcessor.secondPhaseTraverse(DefaultProcessor.java:253)
		at ch.qos.logback.core.model.processor.DefaultProcessor.secondPhaseTraverse(DefaultProcessor.java:253)
		at ch.qos.logback.core.model.processor.DefaultProcessor.traversalLoop(DefaultProcessor.java:90)
		at ch.qos.logback.core.model.processor.DefaultProcessor.process(DefaultProcessor.java:106)
		at ch.qos.logback.core.joran.GenericXMLConfigurator.processModel(GenericXMLConfigurator.java:222)
		at org.springframework.boot.logging.logback.SpringBootJoranConfigurator.processModel(SpringBootJoranConfigurator.java:136)
		at ch.qos.logback.core.joran.GenericXMLConfigurator.doConfigure(GenericXMLConfigurator.java:178)
		at ch.qos.logback.core.joran.GenericXMLConfigurator.doConfigure(GenericXMLConfigurator.java:123)
		at ch.qos.logback.core.joran.GenericXMLConfigurator.doConfigure(GenericXMLConfigurator.java:66)
		at org.springframework.boot.logging.logback.LogbackLoggingSystem.configureByResourceUrl(LogbackLoggingSystem.java:298)
		at org.springframework.boot.logging.logback.LogbackLoggingSystem.lambda$loadConfiguration$2(LogbackLoggingSystem.java:260)
		at org.springframework.boot.logging.logback.LogbackLoggingSystem.withLoggingSuppressed(LogbackLoggingSystem.java:481)
		at org.springframework.boot.logging.logback.LogbackLoggingSystem.loadConfiguration(LogbackLoggingSystem.java:252)
		... 28 common frames omitted
2025-10-12 02:13:00,214 ERROR org.springframework.boot.SpringApplication [restartedMain] Application run failed
java.lang.IllegalStateException: java.lang.IllegalStateException: Logback configuration error detected: 
ERROR in ch.qos.logback.classic.pattern.ClassOfCallerConverter@307d7347 - failed to parse integer string [1.] java.lang.NumberFormatException: For input string: "1."
ERROR in ch.qos.logback.classic.pattern.ClassOfCallerConverter@73ba9d00 - failed to parse integer string [1.] java.lang.NumberFormatException: For input string: "1."
	at org.springframework.boot.context.logging.LoggingApplicationListener.initializeSystem(LoggingApplicationListener.java:347)
	at org.springframework.boot.context.logging.LoggingApplicationListener.initialize(LoggingApplicationListener.java:298)
	at org.springframework.boot.context.logging.LoggingApplicationListener.onApplicationEnvironmentPreparedEvent(LoggingApplicationListener.java:246)
	at org.springframework.boot.context.logging.LoggingApplicationListener.onApplicationEvent(LoggingApplicationListener.java:223)
	at org.springframework.context.event.SimpleApplicationEventMulticaster.doInvokeListener(SimpleApplicationEventMulticaster.java:185)
	at org.springframework.context.event.SimpleApplicationEventMulticaster.invokeListener(SimpleApplicationEventMulticaster.java:178)
	at org.springframework.context.event.SimpleApplicationEventMulticaster.multicastEvent(SimpleApplicationEventMulticaster.java:156)
	at org.springframework.context.event.SimpleApplicationEventMulticaster.multicastEvent(SimpleApplicationEventMulticaster.java:138)
	at org.springframework.boot.context.event.EventPublishingRunListener.multicastInitialEvent(EventPublishingRunListener.java:136)
	at org.springframework.boot.context.event.EventPublishingRunListener.environmentPrepared(EventPublishingRunListener.java:81)
	at org.springframework.boot.SpringApplicationRunListeners.lambda$environmentPrepared$2(SpringApplicationRunListeners.java:64)
	at java.base/java.lang.Iterable.forEach(Iterable.java:75)
	at org.springframework.boot.SpringApplicationRunListeners.doWithListeners(SpringApplicationRunListeners.java:118)
	at org.springframework.boot.SpringApplicationRunListeners.doWithListeners(SpringApplicationRunListeners.java:112)
	at org.springframework.boot.SpringApplicationRunListeners.environmentPrepared(SpringApplicationRunListeners.java:63)
	at org.springframework.boot.SpringApplication.prepareEnvironment(SpringApplication.java:353)
	at org.springframework.boot.SpringApplication.run(SpringApplication.java:313)
	at org.springframework.boot.SpringApplication.run(SpringApplication.java:1361)
	at org.springframework.boot.SpringApplication.run(SpringApplication.java:1350)
	at com.aurionpro.papms.PaPmsApplication.main(PaPmsApplication.java:12)
	at java.base/jdk.internal.reflect.NativeMethodAccessorImpl.invoke0(Native Method)
	at java.base/jdk.internal.reflect.NativeMethodAccessorImpl.invoke(NativeMethodAccessorImpl.java:77)
	at java.base/jdk.internal.reflect.DelegatingMethodAccessorImpl.invoke(DelegatingMethodAccessorImpl.java:43)
	at java.base/java.lang.reflect.Method.invoke(Method.java:568)
	at org.springframework.boot.devtools.restart.RestartLauncher.run(RestartLauncher.java:50)
Caused by: java.lang.IllegalStateException: Logback configuration error detected: 
ERROR in ch.qos.logback.classic.pattern.ClassOfCallerConverter@307d7347 - failed to parse integer string [1.] java.lang.NumberFormatException: For input string: "1."
ERROR in ch.qos.logback.classic.pattern.ClassOfCallerConverter@73ba9d00 - failed to parse integer string [1.] java.lang.NumberFormatException: For input string: "1."
	at org.springframework.boot.logging.logback.LogbackLoggingSystem.reportConfigurationErrorsIfNecessary(LogbackLoggingSystem.java:289)
	at org.springframework.boot.logging.logback.LogbackLoggingSystem.loadConfiguration(LogbackLoggingSystem.java:267)
	at org.springframework.boot.logging.AbstractLoggingSystem.initializeWithConventions(AbstractLoggingSystem.java:81)
	at org.springframework.boot.logging.AbstractLoggingSystem.initialize(AbstractLoggingSystem.java:61)
	at org.springframework.boot.logging.logback.LogbackLoggingSystem.initialize(LogbackLoggingSystem.java:195)
	at org.springframework.boot.context.logging.LoggingApplicationListener.initializeSystem(LoggingApplicationListener.java:332)
	... 24 common frames omitted
	Suppressed: java.lang.NumberFormatException: For input string: "1."
		at java.base/java.lang.NumberFormatException.forInputString(NumberFormatException.java:67)
		at java.base/java.lang.Integer.parseInt(Integer.java:668)
		at java.base/java.lang.Integer.parseInt(Integer.java:786)
		at ch.qos.logback.classic.pattern.NamedConverter.start(NamedConverter.java:92)
		at ch.qos.logback.core.pattern.ConverterUtil.startConverters(ConverterUtil.java:37)
		at ch.qos.logback.core.pattern.PatternLayoutBase.start(PatternLayoutBase.java:148)
		at ch.qos.logback.classic.encoder.PatternLayoutEncoder.start(PatternLayoutEncoder.java:28)
		at ch.qos.logback.core.model.processor.ImplicitModelHandler.postHandleComplex(ImplicitModelHandler.java:207)
		at ch.qos.logback.core.model.processor.ImplicitModelHandler.postHandle(ImplicitModelHandler.java:186)
		at ch.qos.logback.core.model.processor.DefaultProcessor.secondPhaseTraverse(DefaultProcessor.java:257)
		at ch.qos.logback.core.model.processor.DefaultProcessor.secondPhaseTraverse(DefaultProcessor.java:253)
		at ch.qos.logback.core.model.processor.DefaultProcessor.secondPhaseTraverse(DefaultProcessor.java:253)
		at ch.qos.logback.core.model.processor.DefaultProcessor.traversalLoop(DefaultProcessor.java:90)
		at ch.qos.logback.core.model.processor.DefaultProcessor.process(DefaultProcessor.java:106)
		at ch.qos.logback.core.joran.GenericXMLConfigurator.processModel(GenericXMLConfigurator.java:222)
		at org.springframework.boot.logging.logback.SpringBootJoranConfigurator.processModel(SpringBootJoranConfigurator.java:136)
		at ch.qos.logback.core.joran.GenericXMLConfigurator.doConfigure(GenericXMLConfigurator.java:178)
		at ch.qos.logback.core.joran.GenericXMLConfigurator.doConfigure(GenericXMLConfigurator.java:123)
		at ch.qos.logback.core.joran.GenericXMLConfigurator.doConfigure(GenericXMLConfigurator.java:66)
		at org.springframework.boot.logging.logback.LogbackLoggingSystem.configureByResourceUrl(LogbackLoggingSystem.java:298)
		at org.springframework.boot.logging.logback.LogbackLoggingSystem.lambda$loadConfiguration$2(LogbackLoggingSystem.java:260)
		at org.springframework.boot.logging.logback.LogbackLoggingSystem.withLoggingSuppressed(LogbackLoggingSystem.java:481)
		at org.springframework.boot.logging.logback.LogbackLoggingSystem.loadConfiguration(LogbackLoggingSystem.java:252)
		... 28 common frames omitted
	Suppressed: java.lang.NumberFormatException: For input string: "1."
		at java.base/java.lang.NumberFormatException.forInputString(NumberFormatException.java:67)
		at java.base/java.lang.Integer.parseInt(Integer.java:668)
		at java.base/java.lang.Integer.parseInt(Integer.java:786)
		at ch.qos.logback.classic.pattern.NamedConverter.start(NamedConverter.java:92)
		at ch.qos.logback.core.pattern.ConverterUtil.startConverters(ConverterUtil.java:37)
		at ch.qos.logback.core.pattern.PatternLayoutBase.start(PatternLayoutBase.java:148)
		at ch.qos.logback.classic.encoder.PatternLayoutEncoder.start(PatternLayoutEncoder.java:28)
		at ch.qos.logback.core.model.processor.ImplicitModelHandler.postHandleComplex(ImplicitModelHandler.java:207)
		at ch.qos.logback.core.model.processor.ImplicitModelHandler.postHandle(ImplicitModelHandler.java:186)
		at ch.qos.logback.core.model.processor.DefaultProcessor.secondPhaseTraverse(DefaultProcessor.java:257)
		at ch.qos.logback.core.model.processor.DefaultProcessor.secondPhaseTraverse(DefaultProcessor.java:253)
		at ch.qos.logback.core.model.processor.DefaultProcessor.secondPhaseTraverse(DefaultProcessor.java:253)
		at ch.qos.logback.core.model.processor.DefaultProcessor.traversalLoop(DefaultProcessor.java:90)
		at ch.qos.logback.core.model.processor.DefaultProcessor.process(DefaultProcessor.java:106)
		at ch.qos.logback.core.joran.GenericXMLConfigurator.processModel(GenericXMLConfigurator.java:222)
		at org.springframework.boot.logging.logback.SpringBootJoranConfigurator.processModel(SpringBootJoranConfigurator.java:136)
		at ch.qos.logback.core.joran.GenericXMLConfigurator.doConfigure(GenericXMLConfigurator.java:178)
		at ch.qos.logback.core.joran.GenericXMLConfigurator.doConfigure(GenericXMLConfigurator.java:123)
		at ch.qos.logback.core.joran.GenericXMLConfigurator.doConfigure(GenericXMLConfigurator.java:66)
		at org.springframework.boot.logging.logback.LogbackLoggingSystem.configureByResourceUrl(LogbackLoggingSystem.java:298)
		at org.springframework.boot.logging.logback.LogbackLoggingSystem.lambda$loadConfiguration$2(LogbackLoggingSystem.java:260)
		at org.springframework.boot.logging.logback.LogbackLoggingSystem.withLoggingSuppressed(LogbackLoggingSystem.java:481)
		at org.springframework.boot.logging.logback.LogbackLoggingSystem.loadConfiguration(LogbackLoggingSystem.java:252)
		... 28 common frames omitted
2025-10-12 02:13:33,513 ERROR org.springframework.boot.SpringApplication [restartedMain] Application run failed
java.lang.IllegalStateException: java.lang.IllegalStateException: Logback configuration error detected: 
ERROR in ch.qos.logback.classic.pattern.ClassOfCallerConverter@51506385 - failed to parse integer string [1.] java.lang.NumberFormatException: For input string: "1."
ERROR in ch.qos.logback.classic.pattern.ClassOfCallerConverter@61805f5e - failed to parse integer string [1.] java.lang.NumberFormatException: For input string: "1."
	at org.springframework.boot.context.logging.LoggingApplicationListener.initializeSystem(LoggingApplicationListener.java:347)
	at org.springframework.boot.context.logging.LoggingApplicationListener.initialize(LoggingApplicationListener.java:298)
	at org.springframework.boot.context.logging.LoggingApplicationListener.onApplicationEnvironmentPreparedEvent(LoggingApplicationListener.java:246)
	at org.springframework.boot.context.logging.LoggingApplicationListener.onApplicationEvent(LoggingApplicationListener.java:223)
	at org.springframework.context.event.SimpleApplicationEventMulticaster.doInvokeListener(SimpleApplicationEventMulticaster.java:185)
	at org.springframework.context.event.SimpleApplicationEventMulticaster.invokeListener(SimpleApplicationEventMulticaster.java:178)
	at org.springframework.context.event.SimpleApplicationEventMulticaster.multicastEvent(SimpleApplicationEventMulticaster.java:156)
	at org.springframework.context.event.SimpleApplicationEventMulticaster.multicastEvent(SimpleApplicationEventMulticaster.java:138)
	at org.springframework.boot.context.event.EventPublishingRunListener.multicastInitialEvent(EventPublishingRunListener.java:136)
	at org.springframework.boot.context.event.EventPublishingRunListener.environmentPrepared(EventPublishingRunListener.java:81)
	at org.springframework.boot.SpringApplicationRunListeners.lambda$environmentPrepared$2(SpringApplicationRunListeners.java:64)
	at java.base/java.lang.Iterable.forEach(Iterable.java:75)
	at org.springframework.boot.SpringApplicationRunListeners.doWithListeners(SpringApplicationRunListeners.java:118)
	at org.springframework.boot.SpringApplicationRunListeners.doWithListeners(SpringApplicationRunListeners.java:112)
	at org.springframework.boot.SpringApplicationRunListeners.environmentPrepared(SpringApplicationRunListeners.java:63)
	at org.springframework.boot.SpringApplication.prepareEnvironment(SpringApplication.java:353)
	at org.springframework.boot.SpringApplication.run(SpringApplication.java:313)
	at org.springframework.boot.SpringApplication.run(SpringApplication.java:1361)
	at org.springframework.boot.SpringApplication.run(SpringApplication.java:1350)
	at com.aurionpro.papms.PaPmsApplication.main(PaPmsApplication.java:12)
	at java.base/jdk.internal.reflect.NativeMethodAccessorImpl.invoke0(Native Method)
	at java.base/jdk.internal.reflect.NativeMethodAccessorImpl.invoke(NativeMethodAccessorImpl.java:77)
	at java.base/jdk.internal.reflect.DelegatingMethodAccessorImpl.invoke(DelegatingMethodAccessorImpl.java:43)
	at java.base/java.lang.reflect.Method.invoke(Method.java:568)
	at org.springframework.boot.devtools.restart.RestartLauncher.run(RestartLauncher.java:50)
Caused by: java.lang.IllegalStateException: Logback configuration error detected: 
ERROR in ch.qos.logback.classic.pattern.ClassOfCallerConverter@51506385 - failed to parse integer string [1.] java.lang.NumberFormatException: For input string: "1."
ERROR in ch.qos.logback.classic.pattern.ClassOfCallerConverter@61805f5e - failed to parse integer string [1.] java.lang.NumberFormatException: For input string: "1."
	at org.springframework.boot.logging.logback.LogbackLoggingSystem.reportConfigurationErrorsIfNecessary(LogbackLoggingSystem.java:289)
	at org.springframework.boot.logging.logback.LogbackLoggingSystem.loadConfiguration(LogbackLoggingSystem.java:267)
	at org.springframework.boot.logging.AbstractLoggingSystem.initializeWithConventions(AbstractLoggingSystem.java:81)
	at org.springframework.boot.logging.AbstractLoggingSystem.initialize(AbstractLoggingSystem.java:61)
	at org.springframework.boot.logging.logback.LogbackLoggingSystem.initialize(LogbackLoggingSystem.java:195)
	at org.springframework.boot.context.logging.LoggingApplicationListener.initializeSystem(LoggingApplicationListener.java:332)
	... 24 common frames omitted
	Suppressed: java.lang.NumberFormatException: For input string: "1."
		at java.base/java.lang.NumberFormatException.forInputString(NumberFormatException.java:67)
		at java.base/java.lang.Integer.parseInt(Integer.java:668)
		at java.base/java.lang.Integer.parseInt(Integer.java:786)
		at ch.qos.logback.classic.pattern.NamedConverter.start(NamedConverter.java:92)
		at ch.qos.logback.core.pattern.ConverterUtil.startConverters(ConverterUtil.java:37)
		at ch.qos.logback.core.pattern.PatternLayoutBase.start(PatternLayoutBase.java:148)
		at ch.qos.logback.classic.encoder.PatternLayoutEncoder.start(PatternLayoutEncoder.java:28)
		at ch.qos.logback.core.model.processor.ImplicitModelHandler.postHandleComplex(ImplicitModelHandler.java:207)
		at ch.qos.logback.core.model.processor.ImplicitModelHandler.postHandle(ImplicitModelHandler.java:186)
		at ch.qos.logback.core.model.processor.DefaultProcessor.secondPhaseTraverse(DefaultProcessor.java:257)
		at ch.qos.logback.core.model.processor.DefaultProcessor.secondPhaseTraverse(DefaultProcessor.java:253)
		at ch.qos.logback.core.model.processor.DefaultProcessor.secondPhaseTraverse(DefaultProcessor.java:253)
		at ch.qos.logback.core.model.processor.DefaultProcessor.traversalLoop(DefaultProcessor.java:90)
		at ch.qos.logback.core.model.processor.DefaultProcessor.process(DefaultProcessor.java:106)
		at ch.qos.logback.core.joran.GenericXMLConfigurator.processModel(GenericXMLConfigurator.java:222)
		at org.springframework.boot.logging.logback.SpringBootJoranConfigurator.processModel(SpringBootJoranConfigurator.java:136)
		at ch.qos.logback.core.joran.GenericXMLConfigurator.doConfigure(GenericXMLConfigurator.java:178)
		at ch.qos.logback.core.joran.GenericXMLConfigurator.doConfigure(GenericXMLConfigurator.java:123)
		at ch.qos.logback.core.joran.GenericXMLConfigurator.doConfigure(GenericXMLConfigurator.java:66)
		at org.springframework.boot.logging.logback.LogbackLoggingSystem.configureByResourceUrl(LogbackLoggingSystem.java:298)
		at org.springframework.boot.logging.logback.LogbackLoggingSystem.lambda$loadConfiguration$2(LogbackLoggingSystem.java:260)
		at org.springframework.boot.logging.logback.LogbackLoggingSystem.withLoggingSuppressed(LogbackLoggingSystem.java:481)
		at org.springframework.boot.logging.logback.LogbackLoggingSystem.loadConfiguration(LogbackLoggingSystem.java:252)
		... 28 common frames omitted
	Suppressed: java.lang.NumberFormatException: For input string: "1."
		at java.base/java.lang.NumberFormatException.forInputString(NumberFormatException.java:67)
		at java.base/java.lang.Integer.parseInt(Integer.java:668)
		at java.base/java.lang.Integer.parseInt(Integer.java:786)
		at ch.qos.logback.classic.pattern.NamedConverter.start(NamedConverter.java:92)
		at ch.qos.logback.core.pattern.ConverterUtil.startConverters(ConverterUtil.java:37)
		at ch.qos.logback.core.pattern.PatternLayoutBase.start(PatternLayoutBase.java:148)
		at ch.qos.logback.classic.encoder.PatternLayoutEncoder.start(PatternLayoutEncoder.java:28)
		at ch.qos.logback.core.model.processor.ImplicitModelHandler.postHandleComplex(ImplicitModelHandler.java:207)
		at ch.qos.logback.core.model.processor.ImplicitModelHandler.postHandle(ImplicitModelHandler.java:186)
		at ch.qos.logback.core.model.processor.DefaultProcessor.secondPhaseTraverse(DefaultProcessor.java:257)
		at ch.qos.logback.core.model.processor.DefaultProcessor.secondPhaseTraverse(DefaultProcessor.java:253)
		at ch.qos.logback.core.model.processor.DefaultProcessor.secondPhaseTraverse(DefaultProcessor.java:253)
		at ch.qos.logback.core.model.processor.DefaultProcessor.traversalLoop(DefaultProcessor.java:90)
		at ch.qos.logback.core.model.processor.DefaultProcessor.process(DefaultProcessor.java:106)
		at ch.qos.logback.core.joran.GenericXMLConfigurator.processModel(GenericXMLConfigurator.java:222)
		at org.springframework.boot.logging.logback.SpringBootJoranConfigurator.processModel(SpringBootJoranConfigurator.java:136)
		at ch.qos.logback.core.joran.GenericXMLConfigurator.doConfigure(GenericXMLConfigurator.java:178)
		at ch.qos.logback.core.joran.GenericXMLConfigurator.doConfigure(GenericXMLConfigurator.java:123)
		at ch.qos.logback.core.joran.GenericXMLConfigurator.doConfigure(GenericXMLConfigurator.java:66)
		at org.springframework.boot.logging.logback.LogbackLoggingSystem.configureByResourceUrl(LogbackLoggingSystem.java:298)
		at org.springframework.boot.logging.logback.LogbackLoggingSystem.lambda$loadConfiguration$2(LogbackLoggingSystem.java:260)
		at org.springframework.boot.logging.logback.LogbackLoggingSystem.withLoggingSuppressed(LogbackLoggingSystem.java:481)
		at org.springframework.boot.logging.logback.LogbackLoggingSystem.loadConfiguration(LogbackLoggingSystem.java:252)
		... 28 common frames omitted
2025-10-12 02:13:36,085 ERROR org.springframework.boot.SpringApplication [restartedMain] Application run failed
java.lang.IllegalStateException: java.lang.IllegalStateException: Logback configuration error detected: 
ERROR in ch.qos.logback.classic.pattern.ClassOfCallerConverter@24fa6f45 - failed to parse integer string [1.] java.lang.NumberFormatException: For input string: "1."
ERROR in ch.qos.logback.classic.pattern.ClassOfCallerConverter@7b6fa389 - failed to parse integer string [1.] java.lang.NumberFormatException: For input string: "1."
	at org.springframework.boot.context.logging.LoggingApplicationListener.initializeSystem(LoggingApplicationListener.java:347)
	at org.springframework.boot.context.logging.LoggingApplicationListener.initialize(LoggingApplicationListener.java:298)
	at org.springframework.boot.context.logging.LoggingApplicationListener.onApplicationEnvironmentPreparedEvent(LoggingApplicationListener.java:246)
	at org.springframework.boot.context.logging.LoggingApplicationListener.onApplicationEvent(LoggingApplicationListener.java:223)
	at org.springframework.context.event.SimpleApplicationEventMulticaster.doInvokeListener(SimpleApplicationEventMulticaster.java:185)
	at org.springframework.context.event.SimpleApplicationEventMulticaster.invokeListener(SimpleApplicationEventMulticaster.java:178)
	at org.springframework.context.event.SimpleApplicationEventMulticaster.multicastEvent(SimpleApplicationEventMulticaster.java:156)
	at org.springframework.context.event.SimpleApplicationEventMulticaster.multicastEvent(SimpleApplicationEventMulticaster.java:138)
	at org.springframework.boot.context.event.EventPublishingRunListener.multicastInitialEvent(EventPublishingRunListener.java:136)
	at org.springframework.boot.context.event.EventPublishingRunListener.environmentPrepared(EventPublishingRunListener.java:81)
	at org.springframework.boot.SpringApplicationRunListeners.lambda$environmentPrepared$2(SpringApplicationRunListeners.java:64)
	at java.base/java.lang.Iterable.forEach(Iterable.java:75)
	at org.springframework.boot.SpringApplicationRunListeners.doWithListeners(SpringApplicationRunListeners.java:118)
	at org.springframework.boot.SpringApplicationRunListeners.doWithListeners(SpringApplicationRunListeners.java:112)
	at org.springframework.boot.SpringApplicationRunListeners.environmentPrepared(SpringApplicationRunListeners.java:63)
	at org.springframework.boot.SpringApplication.prepareEnvironment(SpringApplication.java:353)
	at org.springframework.boot.SpringApplication.run(SpringApplication.java:313)
	at org.springframework.boot.SpringApplication.run(SpringApplication.java:1361)
	at org.springframework.boot.SpringApplication.run(SpringApplication.java:1350)
	at com.aurionpro.papms.PaPmsApplication.main(PaPmsApplication.java:14)
	at java.base/jdk.internal.reflect.NativeMethodAccessorImpl.invoke0(Native Method)
	at java.base/jdk.internal.reflect.NativeMethodAccessorImpl.invoke(NativeMethodAccessorImpl.java:77)
	at java.base/jdk.internal.reflect.DelegatingMethodAccessorImpl.invoke(DelegatingMethodAccessorImpl.java:43)
	at java.base/java.lang.reflect.Method.invoke(Method.java:568)
	at org.springframework.boot.devtools.restart.RestartLauncher.run(RestartLauncher.java:50)
Caused by: java.lang.IllegalStateException: Logback configuration error detected: 
ERROR in ch.qos.logback.classic.pattern.ClassOfCallerConverter@24fa6f45 - failed to parse integer string [1.] java.lang.NumberFormatException: For input string: "1."
ERROR in ch.qos.logback.classic.pattern.ClassOfCallerConverter@7b6fa389 - failed to parse integer string [1.] java.lang.NumberFormatException: For input string: "1."
	at org.springframework.boot.logging.logback.LogbackLoggingSystem.reportConfigurationErrorsIfNecessary(LogbackLoggingSystem.java:289)
	at org.springframework.boot.logging.logback.LogbackLoggingSystem.loadConfiguration(LogbackLoggingSystem.java:267)
	at org.springframework.boot.logging.AbstractLoggingSystem.initializeWithConventions(AbstractLoggingSystem.java:81)
	at org.springframework.boot.logging.AbstractLoggingSystem.initialize(AbstractLoggingSystem.java:61)
	at org.springframework.boot.logging.logback.LogbackLoggingSystem.initialize(LogbackLoggingSystem.java:195)
	at org.springframework.boot.context.logging.LoggingApplicationListener.initializeSystem(LoggingApplicationListener.java:332)
	... 24 common frames omitted
	Suppressed: java.lang.NumberFormatException: For input string: "1."
		at java.base/java.lang.NumberFormatException.forInputString(NumberFormatException.java:67)
		at java.base/java.lang.Integer.parseInt(Integer.java:668)
		at java.base/java.lang.Integer.parseInt(Integer.java:786)
		at ch.qos.logback.classic.pattern.NamedConverter.start(NamedConverter.java:92)
		at ch.qos.logback.core.pattern.ConverterUtil.startConverters(ConverterUtil.java:37)
		at ch.qos.logback.core.pattern.PatternLayoutBase.start(PatternLayoutBase.java:148)
		at ch.qos.logback.classic.encoder.PatternLayoutEncoder.start(PatternLayoutEncoder.java:28)
		at ch.qos.logback.core.model.processor.ImplicitModelHandler.postHandleComplex(ImplicitModelHandler.java:207)
		at ch.qos.logback.core.model.processor.ImplicitModelHandler.postHandle(ImplicitModelHandler.java:186)
		at ch.qos.logback.core.model.processor.DefaultProcessor.secondPhaseTraverse(DefaultProcessor.java:257)
		at ch.qos.logback.core.model.processor.DefaultProcessor.secondPhaseTraverse(DefaultProcessor.java:253)
		at ch.qos.logback.core.model.processor.DefaultProcessor.secondPhaseTraverse(DefaultProcessor.java:253)
		at ch.qos.logback.core.model.processor.DefaultProcessor.traversalLoop(DefaultProcessor.java:90)
		at ch.qos.logback.core.model.processor.DefaultProcessor.process(DefaultProcessor.java:106)
		at ch.qos.logback.core.joran.GenericXMLConfigurator.processModel(GenericXMLConfigurator.java:222)
		at org.springframework.boot.logging.logback.SpringBootJoranConfigurator.processModel(SpringBootJoranConfigurator.java:136)
		at ch.qos.logback.core.joran.GenericXMLConfigurator.doConfigure(GenericXMLConfigurator.java:178)
		at ch.qos.logback.core.joran.GenericXMLConfigurator.doConfigure(GenericXMLConfigurator.java:123)
		at ch.qos.logback.core.joran.GenericXMLConfigurator.doConfigure(GenericXMLConfigurator.java:66)
		at org.springframework.boot.logging.logback.LogbackLoggingSystem.configureByResourceUrl(LogbackLoggingSystem.java:298)
		at org.springframework.boot.logging.logback.LogbackLoggingSystem.lambda$loadConfiguration$2(LogbackLoggingSystem.java:260)
		at org.springframework.boot.logging.logback.LogbackLoggingSystem.withLoggingSuppressed(LogbackLoggingSystem.java:481)
		at org.springframework.boot.logging.logback.LogbackLoggingSystem.loadConfiguration(LogbackLoggingSystem.java:252)
		... 28 common frames omitted
	Suppressed: java.lang.NumberFormatException: For input string: "1."
		at java.base/java.lang.NumberFormatException.forInputString(NumberFormatException.java:67)
		at java.base/java.lang.Integer.parseInt(Integer.java:668)
		at java.base/java.lang.Integer.parseInt(Integer.java:786)
		at ch.qos.logback.classic.pattern.NamedConverter.start(NamedConverter.java:92)
		at ch.qos.logback.core.pattern.ConverterUtil.startConverters(ConverterUtil.java:37)
		at ch.qos.logback.core.pattern.PatternLayoutBase.start(PatternLayoutBase.java:148)
		at ch.qos.logback.classic.encoder.PatternLayoutEncoder.start(PatternLayoutEncoder.java:28)
		at ch.qos.logback.core.model.processor.ImplicitModelHandler.postHandleComplex(ImplicitModelHandler.java:207)
		at ch.qos.logback.core.model.processor.ImplicitModelHandler.postHandle(ImplicitModelHandler.java:186)
		at ch.qos.logback.core.model.processor.DefaultProcessor.secondPhaseTraverse(DefaultProcessor.java:257)
		at ch.qos.logback.core.model.processor.DefaultProcessor.secondPhaseTraverse(DefaultProcessor.java:253)
		at ch.qos.logback.core.model.processor.DefaultProcessor.secondPhaseTraverse(DefaultProcessor.java:253)
		at ch.qos.logback.core.model.processor.DefaultProcessor.traversalLoop(DefaultProcessor.java:90)
		at ch.qos.logback.core.model.processor.DefaultProcessor.process(DefaultProcessor.java:106)
		at ch.qos.logback.core.joran.GenericXMLConfigurator.processModel(GenericXMLConfigurator.java:222)
		at org.springframework.boot.logging.logback.SpringBootJoranConfigurator.processModel(SpringBootJoranConfigurator.java:136)
		at ch.qos.logback.core.joran.GenericXMLConfigurator.doConfigure(GenericXMLConfigurator.java:178)
		at ch.qos.logback.core.joran.GenericXMLConfigurator.doConfigure(GenericXMLConfigurator.java:123)
		at ch.qos.logback.core.joran.GenericXMLConfigurator.doConfigure(GenericXMLConfigurator.java:66)
		at org.springframework.boot.logging.logback.LogbackLoggingSystem.configureByResourceUrl(LogbackLoggingSystem.java:298)
		at org.springframework.boot.logging.logback.LogbackLoggingSystem.lambda$loadConfiguration$2(LogbackLoggingSystem.java:260)
		at org.springframework.boot.logging.logback.LogbackLoggingSystem.withLoggingSuppressed(LogbackLoggingSystem.java:481)
		at org.springframework.boot.logging.logback.LogbackLoggingSystem.loadConfiguration(LogbackLoggingSystem.java:252)
		... 28 common frames omitted
2025-10-12 02:14:49,426 ERROR org.springframework.boot.SpringApplication [restartedMain] Application run failed
java.lang.IllegalStateException: java.lang.IllegalStateException: Logback configuration error detected: 
ERROR in ch.qos.logback.classic.pattern.ClassOfCallerConverter@451e80cc - failed to parse integer string [1.] java.lang.NumberFormatException: For input string: "1."
ERROR in ch.qos.logback.classic.pattern.ClassOfCallerConverter@2d1927bd - failed to parse integer string [1.] java.lang.NumberFormatException: For input string: "1."
	at org.springframework.boot.context.logging.LoggingApplicationListener.initializeSystem(LoggingApplicationListener.java:347)
	at org.springframework.boot.context.logging.LoggingApplicationListener.initialize(LoggingApplicationListener.java:298)
	at org.springframework.boot.context.logging.LoggingApplicationListener.onApplicationEnvironmentPreparedEvent(LoggingApplicationListener.java:246)
	at org.springframework.boot.context.logging.LoggingApplicationListener.onApplicationEvent(LoggingApplicationListener.java:223)
	at org.springframework.context.event.SimpleApplicationEventMulticaster.doInvokeListener(SimpleApplicationEventMulticaster.java:185)
	at org.springframework.context.event.SimpleApplicationEventMulticaster.invokeListener(SimpleApplicationEventMulticaster.java:178)
	at org.springframework.context.event.SimpleApplicationEventMulticaster.multicastEvent(SimpleApplicationEventMulticaster.java:156)
	at org.springframework.context.event.SimpleApplicationEventMulticaster.multicastEvent(SimpleApplicationEventMulticaster.java:138)
	at org.springframework.boot.context.event.EventPublishingRunListener.multicastInitialEvent(EventPublishingRunListener.java:136)
	at org.springframework.boot.context.event.EventPublishingRunListener.environmentPrepared(EventPublishingRunListener.java:81)
	at org.springframework.boot.SpringApplicationRunListeners.lambda$environmentPrepared$2(SpringApplicationRunListeners.java:64)
	at java.base/java.lang.Iterable.forEach(Iterable.java:75)
	at org.springframework.boot.SpringApplicationRunListeners.doWithListeners(SpringApplicationRunListeners.java:118)
	at org.springframework.boot.SpringApplicationRunListeners.doWithListeners(SpringApplicationRunListeners.java:112)
	at org.springframework.boot.SpringApplicationRunListeners.environmentPrepared(SpringApplicationRunListeners.java:63)
	at org.springframework.boot.SpringApplication.prepareEnvironment(SpringApplication.java:353)
	at org.springframework.boot.SpringApplication.run(SpringApplication.java:313)
	at org.springframework.boot.SpringApplication.run(SpringApplication.java:1361)
	at org.springframework.boot.SpringApplication.run(SpringApplication.java:1350)
	at com.aurionpro.papms.PaPmsApplication.main(PaPmsApplication.java:14)
	at java.base/jdk.internal.reflect.NativeMethodAccessorImpl.invoke0(Native Method)
	at java.base/jdk.internal.reflect.NativeMethodAccessorImpl.invoke(NativeMethodAccessorImpl.java:77)
	at java.base/jdk.internal.reflect.DelegatingMethodAccessorImpl.invoke(DelegatingMethodAccessorImpl.java:43)
	at java.base/java.lang.reflect.Method.invoke(Method.java:568)
	at org.springframework.boot.devtools.restart.RestartLauncher.run(RestartLauncher.java:50)
Caused by: java.lang.IllegalStateException: Logback configuration error detected: 
ERROR in ch.qos.logback.classic.pattern.ClassOfCallerConverter@451e80cc - failed to parse integer string [1.] java.lang.NumberFormatException: For input string: "1."
ERROR in ch.qos.logback.classic.pattern.ClassOfCallerConverter@2d1927bd - failed to parse integer string [1.] java.lang.NumberFormatException: For input string: "1."
	at org.springframework.boot.logging.logback.LogbackLoggingSystem.reportConfigurationErrorsIfNecessary(LogbackLoggingSystem.java:289)
	at org.springframework.boot.logging.logback.LogbackLoggingSystem.loadConfiguration(LogbackLoggingSystem.java:267)
	at org.springframework.boot.logging.AbstractLoggingSystem.initializeWithConventions(AbstractLoggingSystem.java:81)
	at org.springframework.boot.logging.AbstractLoggingSystem.initialize(AbstractLoggingSystem.java:61)
	at org.springframework.boot.logging.logback.LogbackLoggingSystem.initialize(LogbackLoggingSystem.java:195)
	at org.springframework.boot.context.logging.LoggingApplicationListener.initializeSystem(LoggingApplicationListener.java:332)
	... 24 common frames omitted
	Suppressed: java.lang.NumberFormatException: For input string: "1."
		at java.base/java.lang.NumberFormatException.forInputString(NumberFormatException.java:67)
		at java.base/java.lang.Integer.parseInt(Integer.java:668)
		at java.base/java.lang.Integer.parseInt(Integer.java:786)
		at ch.qos.logback.classic.pattern.NamedConverter.start(NamedConverter.java:92)
		at ch.qos.logback.core.pattern.ConverterUtil.startConverters(ConverterUtil.java:37)
		at ch.qos.logback.core.pattern.PatternLayoutBase.start(PatternLayoutBase.java:148)
		at ch.qos.logback.classic.encoder.PatternLayoutEncoder.start(PatternLayoutEncoder.java:28)
		at ch.qos.logback.core.model.processor.ImplicitModelHandler.postHandleComplex(ImplicitModelHandler.java:207)
		at ch.qos.logback.core.model.processor.ImplicitModelHandler.postHandle(ImplicitModelHandler.java:186)
		at ch.qos.logback.core.model.processor.DefaultProcessor.secondPhaseTraverse(DefaultProcessor.java:257)
		at ch.qos.logback.core.model.processor.DefaultProcessor.secondPhaseTraverse(DefaultProcessor.java:253)
		at ch.qos.logback.core.model.processor.DefaultProcessor.secondPhaseTraverse(DefaultProcessor.java:253)
		at ch.qos.logback.core.model.processor.DefaultProcessor.traversalLoop(DefaultProcessor.java:90)
		at ch.qos.logback.core.model.processor.DefaultProcessor.process(DefaultProcessor.java:106)
		at ch.qos.logback.core.joran.GenericXMLConfigurator.processModel(GenericXMLConfigurator.java:222)
		at org.springframework.boot.logging.logback.SpringBootJoranConfigurator.processModel(SpringBootJoranConfigurator.java:136)
		at ch.qos.logback.core.joran.GenericXMLConfigurator.doConfigure(GenericXMLConfigurator.java:178)
		at ch.qos.logback.core.joran.GenericXMLConfigurator.doConfigure(GenericXMLConfigurator.java:123)
		at ch.qos.logback.core.joran.GenericXMLConfigurator.doConfigure(GenericXMLConfigurator.java:66)
		at org.springframework.boot.logging.logback.LogbackLoggingSystem.configureByResourceUrl(LogbackLoggingSystem.java:298)
		at org.springframework.boot.logging.logback.LogbackLoggingSystem.lambda$loadConfiguration$2(LogbackLoggingSystem.java:260)
		at org.springframework.boot.logging.logback.LogbackLoggingSystem.withLoggingSuppressed(LogbackLoggingSystem.java:481)
		at org.springframework.boot.logging.logback.LogbackLoggingSystem.loadConfiguration(LogbackLoggingSystem.java:252)
		... 28 common frames omitted
	Suppressed: java.lang.NumberFormatException: For input string: "1."
		at java.base/java.lang.NumberFormatException.forInputString(NumberFormatException.java:67)
		at java.base/java.lang.Integer.parseInt(Integer.java:668)
		at java.base/java.lang.Integer.parseInt(Integer.java:786)
		at ch.qos.logback.classic.pattern.NamedConverter.start(NamedConverter.java:92)
		at ch.qos.logback.core.pattern.ConverterUtil.startConverters(ConverterUtil.java:37)
		at ch.qos.logback.core.pattern.PatternLayoutBase.start(PatternLayoutBase.java:148)
		at ch.qos.logback.classic.encoder.PatternLayoutEncoder.start(PatternLayoutEncoder.java:28)
		at ch.qos.logback.core.model.processor.ImplicitModelHandler.postHandleComplex(ImplicitModelHandler.java:207)
		at ch.qos.logback.core.model.processor.ImplicitModelHandler.postHandle(ImplicitModelHandler.java:186)
		at ch.qos.logback.core.model.processor.DefaultProcessor.secondPhaseTraverse(DefaultProcessor.java:257)
		at ch.qos.logback.core.model.processor.DefaultProcessor.secondPhaseTraverse(DefaultProcessor.java:253)
		at ch.qos.logback.core.model.processor.DefaultProcessor.secondPhaseTraverse(DefaultProcessor.java:253)
		at ch.qos.logback.core.model.processor.DefaultProcessor.traversalLoop(DefaultProcessor.java:90)
		at ch.qos.logback.core.model.processor.DefaultProcessor.process(DefaultProcessor.java:106)
		at ch.qos.logback.core.joran.GenericXMLConfigurator.processModel(GenericXMLConfigurator.java:222)
		at org.springframework.boot.logging.logback.SpringBootJoranConfigurator.processModel(SpringBootJoranConfigurator.java:136)
		at ch.qos.logback.core.joran.GenericXMLConfigurator.doConfigure(GenericXMLConfigurator.java:178)
		at ch.qos.logback.core.joran.GenericXMLConfigurator.doConfigure(GenericXMLConfigurator.java:123)
		at ch.qos.logback.core.joran.GenericXMLConfigurator.doConfigure(GenericXMLConfigurator.java:66)
		at org.springframework.boot.logging.logback.LogbackLoggingSystem.configureByResourceUrl(LogbackLoggingSystem.java:298)
		at org.springframework.boot.logging.logback.LogbackLoggingSystem.lambda$loadConfiguration$2(LogbackLoggingSystem.java:260)
		at org.springframework.boot.logging.logback.LogbackLoggingSystem.withLoggingSuppressed(LogbackLoggingSystem.java:481)
		at org.springframework.boot.logging.logback.LogbackLoggingSystem.loadConfiguration(LogbackLoggingSystem.java:252)
		... 28 common frames omitted
2025-10-12 02:15:04,356 ERROR org.springframework.boot.SpringApplication [restartedMain] Application run failed
java.lang.IllegalStateException: java.lang.IllegalStateException: Logback configuration error detected: 
ERROR in ch.qos.logback.classic.pattern.ClassOfCallerConverter@58100011 - failed to parse integer string [1.] java.lang.NumberFormatException: For input string: "1."
ERROR in ch.qos.logback.classic.pattern.ClassOfCallerConverter@120dfde1 - failed to parse integer string [1.] java.lang.NumberFormatException: For input string: "1."
	at org.springframework.boot.context.logging.LoggingApplicationListener.initializeSystem(LoggingApplicationListener.java:347)
	at org.springframework.boot.context.logging.LoggingApplicationListener.initialize(LoggingApplicationListener.java:298)
	at org.springframework.boot.context.logging.LoggingApplicationListener.onApplicationEnvironmentPreparedEvent(LoggingApplicationListener.java:246)
	at org.springframework.boot.context.logging.LoggingApplicationListener.onApplicationEvent(LoggingApplicationListener.java:223)
	at org.springframework.context.event.SimpleApplicationEventMulticaster.doInvokeListener(SimpleApplicationEventMulticaster.java:185)
	at org.springframework.context.event.SimpleApplicationEventMulticaster.invokeListener(SimpleApplicationEventMulticaster.java:178)
	at org.springframework.context.event.SimpleApplicationEventMulticaster.multicastEvent(SimpleApplicationEventMulticaster.java:156)
	at org.springframework.context.event.SimpleApplicationEventMulticaster.multicastEvent(SimpleApplicationEventMulticaster.java:138)
	at org.springframework.boot.context.event.EventPublishingRunListener.multicastInitialEvent(EventPublishingRunListener.java:136)
	at org.springframework.boot.context.event.EventPublishingRunListener.environmentPrepared(EventPublishingRunListener.java:81)
	at org.springframework.boot.SpringApplicationRunListeners.lambda$environmentPrepared$2(SpringApplicationRunListeners.java:64)
	at java.base/java.lang.Iterable.forEach(Iterable.java:75)
	at org.springframework.boot.SpringApplicationRunListeners.doWithListeners(SpringApplicationRunListeners.java:118)
	at org.springframework.boot.SpringApplicationRunListeners.doWithListeners(SpringApplicationRunListeners.java:112)
	at org.springframework.boot.SpringApplicationRunListeners.environmentPrepared(SpringApplicationRunListeners.java:63)
	at org.springframework.boot.SpringApplication.prepareEnvironment(SpringApplication.java:353)
	at org.springframework.boot.SpringApplication.run(SpringApplication.java:313)
	at org.springframework.boot.SpringApplication.run(SpringApplication.java:1361)
	at org.springframework.boot.SpringApplication.run(SpringApplication.java:1350)
	at com.aurionpro.papms.PaPmsApplication.main(PaPmsApplication.java:14)
	at java.base/jdk.internal.reflect.NativeMethodAccessorImpl.invoke0(Native Method)
	at java.base/jdk.internal.reflect.NativeMethodAccessorImpl.invoke(NativeMethodAccessorImpl.java:77)
	at java.base/jdk.internal.reflect.DelegatingMethodAccessorImpl.invoke(DelegatingMethodAccessorImpl.java:43)
	at java.base/java.lang.reflect.Method.invoke(Method.java:568)
	at org.springframework.boot.devtools.restart.RestartLauncher.run(RestartLauncher.java:50)
Caused by: java.lang.IllegalStateException: Logback configuration error detected: 
ERROR in ch.qos.logback.classic.pattern.ClassOfCallerConverter@58100011 - failed to parse integer string [1.] java.lang.NumberFormatException: For input string: "1."
ERROR in ch.qos.logback.classic.pattern.ClassOfCallerConverter@120dfde1 - failed to parse integer string [1.] java.lang.NumberFormatException: For input string: "1."
	at org.springframework.boot.logging.logback.LogbackLoggingSystem.reportConfigurationErrorsIfNecessary(LogbackLoggingSystem.java:289)
	at org.springframework.boot.logging.logback.LogbackLoggingSystem.loadConfiguration(LogbackLoggingSystem.java:267)
	at org.springframework.boot.logging.AbstractLoggingSystem.initializeWithConventions(AbstractLoggingSystem.java:81)
	at org.springframework.boot.logging.AbstractLoggingSystem.initialize(AbstractLoggingSystem.java:61)
	at org.springframework.boot.logging.logback.LogbackLoggingSystem.initialize(LogbackLoggingSystem.java:195)
	at org.springframework.boot.context.logging.LoggingApplicationListener.initializeSystem(LoggingApplicationListener.java:332)
	... 24 common frames omitted
	Suppressed: java.lang.NumberFormatException: For input string: "1."
		at java.base/java.lang.NumberFormatException.forInputString(NumberFormatException.java:67)
		at java.base/java.lang.Integer.parseInt(Integer.java:668)
		at java.base/java.lang.Integer.parseInt(Integer.java:786)
		at ch.qos.logback.classic.pattern.NamedConverter.start(NamedConverter.java:92)
		at ch.qos.logback.core.pattern.ConverterUtil.startConverters(ConverterUtil.java:37)
		at ch.qos.logback.core.pattern.PatternLayoutBase.start(PatternLayoutBase.java:148)
		at ch.qos.logback.classic.encoder.PatternLayoutEncoder.start(PatternLayoutEncoder.java:28)
		at ch.qos.logback.core.model.processor.ImplicitModelHandler.postHandleComplex(ImplicitModelHandler.java:207)
		at ch.qos.logback.core.model.processor.ImplicitModelHandler.postHandle(ImplicitModelHandler.java:186)
		at ch.qos.logback.core.model.processor.DefaultProcessor.secondPhaseTraverse(DefaultProcessor.java:257)
		at ch.qos.logback.core.model.processor.DefaultProcessor.secondPhaseTraverse(DefaultProcessor.java:253)
		at ch.qos.logback.core.model.processor.DefaultProcessor.secondPhaseTraverse(DefaultProcessor.java:253)
		at ch.qos.logback.core.model.processor.DefaultProcessor.traversalLoop(DefaultProcessor.java:90)
		at ch.qos.logback.core.model.processor.DefaultProcessor.process(DefaultProcessor.java:106)
		at ch.qos.logback.core.joran.GenericXMLConfigurator.processModel(GenericXMLConfigurator.java:222)
		at org.springframework.boot.logging.logback.SpringBootJoranConfigurator.processModel(SpringBootJoranConfigurator.java:136)
		at ch.qos.logback.core.joran.GenericXMLConfigurator.doConfigure(GenericXMLConfigurator.java:178)
		at ch.qos.logback.core.joran.GenericXMLConfigurator.doConfigure(GenericXMLConfigurator.java:123)
		at ch.qos.logback.core.joran.GenericXMLConfigurator.doConfigure(GenericXMLConfigurator.java:66)
		at org.springframework.boot.logging.logback.LogbackLoggingSystem.configureByResourceUrl(LogbackLoggingSystem.java:298)
		at org.springframework.boot.logging.logback.LogbackLoggingSystem.lambda$loadConfiguration$2(LogbackLoggingSystem.java:260)
		at org.springframework.boot.logging.logback.LogbackLoggingSystem.withLoggingSuppressed(LogbackLoggingSystem.java:481)
		at org.springframework.boot.logging.logback.LogbackLoggingSystem.loadConfiguration(LogbackLoggingSystem.java:252)
		... 28 common frames omitted
	Suppressed: java.lang.NumberFormatException: For input string: "1."
		at java.base/java.lang.NumberFormatException.forInputString(NumberFormatException.java:67)
		at java.base/java.lang.Integer.parseInt(Integer.java:668)
		at java.base/java.lang.Integer.parseInt(Integer.java:786)
		at ch.qos.logback.classic.pattern.NamedConverter.start(NamedConverter.java:92)
		at ch.qos.logback.core.pattern.ConverterUtil.startConverters(ConverterUtil.java:37)
		at ch.qos.logback.core.pattern.PatternLayoutBase.start(PatternLayoutBase.java:148)
		at ch.qos.logback.classic.encoder.PatternLayoutEncoder.start(PatternLayoutEncoder.java:28)
		at ch.qos.logback.core.model.processor.ImplicitModelHandler.postHandleComplex(ImplicitModelHandler.java:207)
		at ch.qos.logback.core.model.processor.ImplicitModelHandler.postHandle(ImplicitModelHandler.java:186)
		at ch.qos.logback.core.model.processor.DefaultProcessor.secondPhaseTraverse(DefaultProcessor.java:257)
		at ch.qos.logback.core.model.processor.DefaultProcessor.secondPhaseTraverse(DefaultProcessor.java:253)
		at ch.qos.logback.core.model.processor.DefaultProcessor.secondPhaseTraverse(DefaultProcessor.java:253)
		at ch.qos.logback.core.model.processor.DefaultProcessor.traversalLoop(DefaultProcessor.java:90)
		at ch.qos.logback.core.model.processor.DefaultProcessor.process(DefaultProcessor.java:106)
		at ch.qos.logback.core.joran.GenericXMLConfigurator.processModel(GenericXMLConfigurator.java:222)
		at org.springframework.boot.logging.logback.SpringBootJoranConfigurator.processModel(SpringBootJoranConfigurator.java:136)
		at ch.qos.logback.core.joran.GenericXMLConfigurator.doConfigure(GenericXMLConfigurator.java:178)
		at ch.qos.logback.core.joran.GenericXMLConfigurator.doConfigure(GenericXMLConfigurator.java:123)
		at ch.qos.logback.core.joran.GenericXMLConfigurator.doConfigure(GenericXMLConfigurator.java:66)
		at org.springframework.boot.logging.logback.LogbackLoggingSystem.configureByResourceUrl(LogbackLoggingSystem.java:298)
		at org.springframework.boot.logging.logback.LogbackLoggingSystem.lambda$loadConfiguration$2(LogbackLoggingSystem.java:260)
		at org.springframework.boot.logging.logback.LogbackLoggingSystem.withLoggingSuppressed(LogbackLoggingSystem.java:481)
		at org.springframework.boot.logging.logback.LogbackLoggingSystem.loadConfiguration(LogbackLoggingSystem.java:252)
		... 28 common frames omitted
2025-10-12 02:15:06,903 ERROR org.springframework.boot.SpringApplication [restartedMain] Application run failed
java.lang.IllegalStateException: java.lang.IllegalStateException: Logback configuration error detected: 
ERROR in ch.qos.logback.classic.pattern.ClassOfCallerConverter@46e7821c - failed to parse integer string [1.] java.lang.NumberFormatException: For input string: "1."
ERROR in ch.qos.logback.classic.pattern.ClassOfCallerConverter@212a1e7e - failed to parse integer string [1.] java.lang.NumberFormatException: For input string: "1."
	at org.springframework.boot.context.logging.LoggingApplicationListener.initializeSystem(LoggingApplicationListener.java:347)
	at org.springframework.boot.context.logging.LoggingApplicationListener.initialize(LoggingApplicationListener.java:298)
	at org.springframework.boot.context.logging.LoggingApplicationListener.onApplicationEnvironmentPreparedEvent(LoggingApplicationListener.java:246)
	at org.springframework.boot.context.logging.LoggingApplicationListener.onApplicationEvent(LoggingApplicationListener.java:223)
	at org.springframework.context.event.SimpleApplicationEventMulticaster.doInvokeListener(SimpleApplicationEventMulticaster.java:185)
	at org.springframework.context.event.SimpleApplicationEventMulticaster.invokeListener(SimpleApplicationEventMulticaster.java:178)
	at org.springframework.context.event.SimpleApplicationEventMulticaster.multicastEvent(SimpleApplicationEventMulticaster.java:156)
	at org.springframework.context.event.SimpleApplicationEventMulticaster.multicastEvent(SimpleApplicationEventMulticaster.java:138)
	at org.springframework.boot.context.event.EventPublishingRunListener.multicastInitialEvent(EventPublishingRunListener.java:136)
	at org.springframework.boot.context.event.EventPublishingRunListener.environmentPrepared(EventPublishingRunListener.java:81)
	at org.springframework.boot.SpringApplicationRunListeners.lambda$environmentPrepared$2(SpringApplicationRunListeners.java:64)
	at java.base/java.lang.Iterable.forEach(Iterable.java:75)
	at org.springframework.boot.SpringApplicationRunListeners.doWithListeners(SpringApplicationRunListeners.java:118)
	at org.springframework.boot.SpringApplicationRunListeners.doWithListeners(SpringApplicationRunListeners.java:112)
	at org.springframework.boot.SpringApplicationRunListeners.environmentPrepared(SpringApplicationRunListeners.java:63)
	at org.springframework.boot.SpringApplication.prepareEnvironment(SpringApplication.java:353)
	at org.springframework.boot.SpringApplication.run(SpringApplication.java:313)
	at org.springframework.boot.SpringApplication.run(SpringApplication.java:1361)
	at org.springframework.boot.SpringApplication.run(SpringApplication.java:1350)
	at com.aurionpro.papms.PaPmsApplication.main(PaPmsApplication.java:14)
	at java.base/jdk.internal.reflect.NativeMethodAccessorImpl.invoke0(Native Method)
	at java.base/jdk.internal.reflect.NativeMethodAccessorImpl.invoke(NativeMethodAccessorImpl.java:77)
	at java.base/jdk.internal.reflect.DelegatingMethodAccessorImpl.invoke(DelegatingMethodAccessorImpl.java:43)
	at java.base/java.lang.reflect.Method.invoke(Method.java:568)
	at org.springframework.boot.devtools.restart.RestartLauncher.run(RestartLauncher.java:50)
Caused by: java.lang.IllegalStateException: Logback configuration error detected: 
ERROR in ch.qos.logback.classic.pattern.ClassOfCallerConverter@46e7821c - failed to parse integer string [1.] java.lang.NumberFormatException: For input string: "1."
ERROR in ch.qos.logback.classic.pattern.ClassOfCallerConverter@212a1e7e - failed to parse integer string [1.] java.lang.NumberFormatException: For input string: "1."
	at org.springframework.boot.logging.logback.LogbackLoggingSystem.reportConfigurationErrorsIfNecessary(LogbackLoggingSystem.java:289)
	at org.springframework.boot.logging.logback.LogbackLoggingSystem.loadConfiguration(LogbackLoggingSystem.java:267)
	at org.springframework.boot.logging.AbstractLoggingSystem.initializeWithConventions(AbstractLoggingSystem.java:81)
	at org.springframework.boot.logging.AbstractLoggingSystem.initialize(AbstractLoggingSystem.java:61)
	at org.springframework.boot.logging.logback.LogbackLoggingSystem.initialize(LogbackLoggingSystem.java:195)
	at org.springframework.boot.context.logging.LoggingApplicationListener.initializeSystem(LoggingApplicationListener.java:332)
	... 24 common frames omitted
	Suppressed: java.lang.NumberFormatException: For input string: "1."
		at java.base/java.lang.NumberFormatException.forInputString(NumberFormatException.java:67)
		at java.base/java.lang.Integer.parseInt(Integer.java:668)
		at java.base/java.lang.Integer.parseInt(Integer.java:786)
		at ch.qos.logback.classic.pattern.NamedConverter.start(NamedConverter.java:92)
		at ch.qos.logback.core.pattern.ConverterUtil.startConverters(ConverterUtil.java:37)
		at ch.qos.logback.core.pattern.PatternLayoutBase.start(PatternLayoutBase.java:148)
		at ch.qos.logback.classic.encoder.PatternLayoutEncoder.start(PatternLayoutEncoder.java:28)
		at ch.qos.logback.core.model.processor.ImplicitModelHandler.postHandleComplex(ImplicitModelHandler.java:207)
		at ch.qos.logback.core.model.processor.ImplicitModelHandler.postHandle(ImplicitModelHandler.java:186)
		at ch.qos.logback.core.model.processor.DefaultProcessor.secondPhaseTraverse(DefaultProcessor.java:257)
		at ch.qos.logback.core.model.processor.DefaultProcessor.secondPhaseTraverse(DefaultProcessor.java:253)
		at ch.qos.logback.core.model.processor.DefaultProcessor.secondPhaseTraverse(DefaultProcessor.java:253)
		at ch.qos.logback.core.model.processor.DefaultProcessor.traversalLoop(DefaultProcessor.java:90)
		at ch.qos.logback.core.model.processor.DefaultProcessor.process(DefaultProcessor.java:106)
		at ch.qos.logback.core.joran.GenericXMLConfigurator.processModel(GenericXMLConfigurator.java:222)
		at org.springframework.boot.logging.logback.SpringBootJoranConfigurator.processModel(SpringBootJoranConfigurator.java:136)
		at ch.qos.logback.core.joran.GenericXMLConfigurator.doConfigure(GenericXMLConfigurator.java:178)
		at ch.qos.logback.core.joran.GenericXMLConfigurator.doConfigure(GenericXMLConfigurator.java:123)
		at ch.qos.logback.core.joran.GenericXMLConfigurator.doConfigure(GenericXMLConfigurator.java:66)
		at org.springframework.boot.logging.logback.LogbackLoggingSystem.configureByResourceUrl(LogbackLoggingSystem.java:298)
		at org.springframework.boot.logging.logback.LogbackLoggingSystem.lambda$loadConfiguration$2(LogbackLoggingSystem.java:260)
		at org.springframework.boot.logging.logback.LogbackLoggingSystem.withLoggingSuppressed(LogbackLoggingSystem.java:481)
		at org.springframework.boot.logging.logback.LogbackLoggingSystem.loadConfiguration(LogbackLoggingSystem.java:252)
		... 28 common frames omitted
	Suppressed: java.lang.NumberFormatException: For input string: "1."
		at java.base/java.lang.NumberFormatException.forInputString(NumberFormatException.java:67)
		at java.base/java.lang.Integer.parseInt(Integer.java:668)
		at java.base/java.lang.Integer.parseInt(Integer.java:786)
		at ch.qos.logback.classic.pattern.NamedConverter.start(NamedConverter.java:92)
		at ch.qos.logback.core.pattern.ConverterUtil.startConverters(ConverterUtil.java:37)
		at ch.qos.logback.core.pattern.PatternLayoutBase.start(PatternLayoutBase.java:148)
		at ch.qos.logback.classic.encoder.PatternLayoutEncoder.start(PatternLayoutEncoder.java:28)
		at ch.qos.logback.core.model.processor.ImplicitModelHandler.postHandleComplex(ImplicitModelHandler.java:207)
		at ch.qos.logback.core.model.processor.ImplicitModelHandler.postHandle(ImplicitModelHandler.java:186)
		at ch.qos.logback.core.model.processor.DefaultProcessor.secondPhaseTraverse(DefaultProcessor.java:257)
		at ch.qos.logback.core.model.processor.DefaultProcessor.secondPhaseTraverse(DefaultProcessor.java:253)
		at ch.qos.logback.core.model.processor.DefaultProcessor.secondPhaseTraverse(DefaultProcessor.java:253)
		at ch.qos.logback.core.model.processor.DefaultProcessor.traversalLoop(DefaultProcessor.java:90)
		at ch.qos.logback.core.model.processor.DefaultProcessor.process(DefaultProcessor.java:106)
		at ch.qos.logback.core.joran.GenericXMLConfigurator.processModel(GenericXMLConfigurator.java:222)
		at org.springframework.boot.logging.logback.SpringBootJoranConfigurator.processModel(SpringBootJoranConfigurator.java:136)
		at ch.qos.logback.core.joran.GenericXMLConfigurator.doConfigure(GenericXMLConfigurator.java:178)
		at ch.qos.logback.core.joran.GenericXMLConfigurator.doConfigure(GenericXMLConfigurator.java:123)
		at ch.qos.logback.core.joran.GenericXMLConfigurator.doConfigure(GenericXMLConfigurator.java:66)
		at org.springframework.boot.logging.logback.LogbackLoggingSystem.configureByResourceUrl(LogbackLoggingSystem.java:298)
		at org.springframework.boot.logging.logback.LogbackLoggingSystem.lambda$loadConfiguration$2(LogbackLoggingSystem.java:260)
		at org.springframework.boot.logging.logback.LogbackLoggingSystem.withLoggingSuppressed(LogbackLoggingSystem.java:481)
		at org.springframework.boot.logging.logback.LogbackLoggingSystem.loadConfiguration(LogbackLoggingSystem.java:252)
		... 28 common frames omitted
2025-10-12 02:15:34,029 ERROR org.springframework.boot.SpringApplication [restartedMain] Application run failed
java.lang.IllegalStateException: java.lang.IllegalStateException: Logback configuration error detected: 
ERROR in ch.qos.logback.classic.pattern.ClassOfCallerConverter@987112c - failed to parse integer string [1.] java.lang.NumberFormatException: For input string: "1."
ERROR in ch.qos.logback.classic.pattern.ClassOfCallerConverter@38c08fad - failed to parse integer string [1.] java.lang.NumberFormatException: For input string: "1."
	at org.springframework.boot.context.logging.LoggingApplicationListener.initializeSystem(LoggingApplicationListener.java:347)
	at org.springframework.boot.context.logging.LoggingApplicationListener.initialize(LoggingApplicationListener.java:298)
	at org.springframework.boot.context.logging.LoggingApplicationListener.onApplicationEnvironmentPreparedEvent(LoggingApplicationListener.java:246)
	at org.springframework.boot.context.logging.LoggingApplicationListener.onApplicationEvent(LoggingApplicationListener.java:223)
	at org.springframework.context.event.SimpleApplicationEventMulticaster.doInvokeListener(SimpleApplicationEventMulticaster.java:185)
	at org.springframework.context.event.SimpleApplicationEventMulticaster.invokeListener(SimpleApplicationEventMulticaster.java:178)
	at org.springframework.context.event.SimpleApplicationEventMulticaster.multicastEvent(SimpleApplicationEventMulticaster.java:156)
	at org.springframework.context.event.SimpleApplicationEventMulticaster.multicastEvent(SimpleApplicationEventMulticaster.java:138)
	at org.springframework.boot.context.event.EventPublishingRunListener.multicastInitialEvent(EventPublishingRunListener.java:136)
	at org.springframework.boot.context.event.EventPublishingRunListener.environmentPrepared(EventPublishingRunListener.java:81)
	at org.springframework.boot.SpringApplicationRunListeners.lambda$environmentPrepared$2(SpringApplicationRunListeners.java:64)
	at java.base/java.lang.Iterable.forEach(Iterable.java:75)
	at org.springframework.boot.SpringApplicationRunListeners.doWithListeners(SpringApplicationRunListeners.java:118)
	at org.springframework.boot.SpringApplicationRunListeners.doWithListeners(SpringApplicationRunListeners.java:112)
	at org.springframework.boot.SpringApplicationRunListeners.environmentPrepared(SpringApplicationRunListeners.java:63)
	at org.springframework.boot.SpringApplication.prepareEnvironment(SpringApplication.java:353)
	at org.springframework.boot.SpringApplication.run(SpringApplication.java:313)
	at org.springframework.boot.SpringApplication.run(SpringApplication.java:1361)
	at org.springframework.boot.SpringApplication.run(SpringApplication.java:1350)
	at com.aurionpro.papms.PaPmsApplication.main(PaPmsApplication.java:14)
	at java.base/jdk.internal.reflect.NativeMethodAccessorImpl.invoke0(Native Method)
	at java.base/jdk.internal.reflect.NativeMethodAccessorImpl.invoke(NativeMethodAccessorImpl.java:77)
	at java.base/jdk.internal.reflect.DelegatingMethodAccessorImpl.invoke(DelegatingMethodAccessorImpl.java:43)
	at java.base/java.lang.reflect.Method.invoke(Method.java:568)
	at org.springframework.boot.devtools.restart.RestartLauncher.run(RestartLauncher.java:50)
Caused by: java.lang.IllegalStateException: Logback configuration error detected: 
ERROR in ch.qos.logback.classic.pattern.ClassOfCallerConverter@987112c - failed to parse integer string [1.] java.lang.NumberFormatException: For input string: "1."
ERROR in ch.qos.logback.classic.pattern.ClassOfCallerConverter@38c08fad - failed to parse integer string [1.] java.lang.NumberFormatException: For input string: "1."
	at org.springframework.boot.logging.logback.LogbackLoggingSystem.reportConfigurationErrorsIfNecessary(LogbackLoggingSystem.java:289)
	at org.springframework.boot.logging.logback.LogbackLoggingSystem.loadConfiguration(LogbackLoggingSystem.java:267)
	at org.springframework.boot.logging.AbstractLoggingSystem.initializeWithConventions(AbstractLoggingSystem.java:81)
	at org.springframework.boot.logging.AbstractLoggingSystem.initialize(AbstractLoggingSystem.java:61)
	at org.springframework.boot.logging.logback.LogbackLoggingSystem.initialize(LogbackLoggingSystem.java:195)
	at org.springframework.boot.context.logging.LoggingApplicationListener.initializeSystem(LoggingApplicationListener.java:332)
	... 24 common frames omitted
	Suppressed: java.lang.NumberFormatException: For input string: "1."
		at java.base/java.lang.NumberFormatException.forInputString(NumberFormatException.java:67)
		at java.base/java.lang.Integer.parseInt(Integer.java:668)
		at java.base/java.lang.Integer.parseInt(Integer.java:786)
		at ch.qos.logback.classic.pattern.NamedConverter.start(NamedConverter.java:92)
		at ch.qos.logback.core.pattern.ConverterUtil.startConverters(ConverterUtil.java:37)
		at ch.qos.logback.core.pattern.PatternLayoutBase.start(PatternLayoutBase.java:148)
		at ch.qos.logback.classic.encoder.PatternLayoutEncoder.start(PatternLayoutEncoder.java:28)
		at ch.qos.logback.core.model.processor.ImplicitModelHandler.postHandleComplex(ImplicitModelHandler.java:207)
		at ch.qos.logback.core.model.processor.ImplicitModelHandler.postHandle(ImplicitModelHandler.java:186)
		at ch.qos.logback.core.model.processor.DefaultProcessor.secondPhaseTraverse(DefaultProcessor.java:257)
		at ch.qos.logback.core.model.processor.DefaultProcessor.secondPhaseTraverse(DefaultProcessor.java:253)
		at ch.qos.logback.core.model.processor.DefaultProcessor.secondPhaseTraverse(DefaultProcessor.java:253)
		at ch.qos.logback.core.model.processor.DefaultProcessor.traversalLoop(DefaultProcessor.java:90)
		at ch.qos.logback.core.model.processor.DefaultProcessor.process(DefaultProcessor.java:106)
		at ch.qos.logback.core.joran.GenericXMLConfigurator.processModel(GenericXMLConfigurator.java:222)
		at org.springframework.boot.logging.logback.SpringBootJoranConfigurator.processModel(SpringBootJoranConfigurator.java:136)
		at ch.qos.logback.core.joran.GenericXMLConfigurator.doConfigure(GenericXMLConfigurator.java:178)
		at ch.qos.logback.core.joran.GenericXMLConfigurator.doConfigure(GenericXMLConfigurator.java:123)
		at ch.qos.logback.core.joran.GenericXMLConfigurator.doConfigure(GenericXMLConfigurator.java:66)
		at org.springframework.boot.logging.logback.LogbackLoggingSystem.configureByResourceUrl(LogbackLoggingSystem.java:298)
		at org.springframework.boot.logging.logback.LogbackLoggingSystem.lambda$loadConfiguration$2(LogbackLoggingSystem.java:260)
		at org.springframework.boot.logging.logback.LogbackLoggingSystem.withLoggingSuppressed(LogbackLoggingSystem.java:481)
		at org.springframework.boot.logging.logback.LogbackLoggingSystem.loadConfiguration(LogbackLoggingSystem.java:252)
		... 28 common frames omitted
	Suppressed: java.lang.NumberFormatException: For input string: "1."
		at java.base/java.lang.NumberFormatException.forInputString(NumberFormatException.java:67)
		at java.base/java.lang.Integer.parseInt(Integer.java:668)
		at java.base/java.lang.Integer.parseInt(Integer.java:786)
		at ch.qos.logback.classic.pattern.NamedConverter.start(NamedConverter.java:92)
		at ch.qos.logback.core.pattern.ConverterUtil.startConverters(ConverterUtil.java:37)
		at ch.qos.logback.core.pattern.PatternLayoutBase.start(PatternLayoutBase.java:148)
		at ch.qos.logback.classic.encoder.PatternLayoutEncoder.start(PatternLayoutEncoder.java:28)
		at ch.qos.logback.core.model.processor.ImplicitModelHandler.postHandleComplex(ImplicitModelHandler.java:207)
		at ch.qos.logback.core.model.processor.ImplicitModelHandler.postHandle(ImplicitModelHandler.java:186)
		at ch.qos.logback.core.model.processor.DefaultProcessor.secondPhaseTraverse(DefaultProcessor.java:257)
		at ch.qos.logback.core.model.processor.DefaultProcessor.secondPhaseTraverse(DefaultProcessor.java:253)
		at ch.qos.logback.core.model.processor.DefaultProcessor.secondPhaseTraverse(DefaultProcessor.java:253)
		at ch.qos.logback.core.model.processor.DefaultProcessor.traversalLoop(DefaultProcessor.java:90)
		at ch.qos.logback.core.model.processor.DefaultProcessor.process(DefaultProcessor.java:106)
		at ch.qos.logback.core.joran.GenericXMLConfigurator.processModel(GenericXMLConfigurator.java:222)
		at org.springframework.boot.logging.logback.SpringBootJoranConfigurator.processModel(SpringBootJoranConfigurator.java:136)
		at ch.qos.logback.core.joran.GenericXMLConfigurator.doConfigure(GenericXMLConfigurator.java:178)
		at ch.qos.logback.core.joran.GenericXMLConfigurator.doConfigure(GenericXMLConfigurator.java:123)
		at ch.qos.logback.core.joran.GenericXMLConfigurator.doConfigure(GenericXMLConfigurator.java:66)
		at org.springframework.boot.logging.logback.LogbackLoggingSystem.configureByResourceUrl(LogbackLoggingSystem.java:298)
		at org.springframework.boot.logging.logback.LogbackLoggingSystem.lambda$loadConfiguration$2(LogbackLoggingSystem.java:260)
		at org.springframework.boot.logging.logback.LogbackLoggingSystem.withLoggingSuppressed(LogbackLoggingSystem.java:481)
		at org.springframework.boot.logging.logback.LogbackLoggingSystem.loadConfiguration(LogbackLoggingSystem.java:252)
		... 28 common frames omitted
2025-10-12 02:15:42,781 ERROR org.springframework.boot.SpringApplication [restartedMain] Application run failed
java.lang.IllegalStateException: java.lang.IllegalStateException: Logback configuration error detected: 
ERROR in ch.qos.logback.classic.pattern.ClassOfCallerConverter@48507174 - failed to parse integer string [1.] java.lang.NumberFormatException: For input string: "1."
ERROR in ch.qos.logback.classic.pattern.ClassOfCallerConverter@48f4b4d2 - failed to parse integer string [1.] java.lang.NumberFormatException: For input string: "1."
	at org.springframework.boot.context.logging.LoggingApplicationListener.initializeSystem(LoggingApplicationListener.java:347)
	at org.springframework.boot.context.logging.LoggingApplicationListener.initialize(LoggingApplicationListener.java:298)
	at org.springframework.boot.context.logging.LoggingApplicationListener.onApplicationEnvironmentPreparedEvent(LoggingApplicationListener.java:246)
	at org.springframework.boot.context.logging.LoggingApplicationListener.onApplicationEvent(LoggingApplicationListener.java:223)
	at org.springframework.context.event.SimpleApplicationEventMulticaster.doInvokeListener(SimpleApplicationEventMulticaster.java:185)
	at org.springframework.context.event.SimpleApplicationEventMulticaster.invokeListener(SimpleApplicationEventMulticaster.java:178)
	at org.springframework.context.event.SimpleApplicationEventMulticaster.multicastEvent(SimpleApplicationEventMulticaster.java:156)
	at org.springframework.context.event.SimpleApplicationEventMulticaster.multicastEvent(SimpleApplicationEventMulticaster.java:138)
	at org.springframework.boot.context.event.EventPublishingRunListener.multicastInitialEvent(EventPublishingRunListener.java:136)
	at org.springframework.boot.context.event.EventPublishingRunListener.environmentPrepared(EventPublishingRunListener.java:81)
	at org.springframework.boot.SpringApplicationRunListeners.lambda$environmentPrepared$2(SpringApplicationRunListeners.java:64)
	at java.base/java.lang.Iterable.forEach(Iterable.java:75)
	at org.springframework.boot.SpringApplicationRunListeners.doWithListeners(SpringApplicationRunListeners.java:118)
	at org.springframework.boot.SpringApplicationRunListeners.doWithListeners(SpringApplicationRunListeners.java:112)
	at org.springframework.boot.SpringApplicationRunListeners.environmentPrepared(SpringApplicationRunListeners.java:63)
	at org.springframework.boot.SpringApplication.prepareEnvironment(SpringApplication.java:353)
	at org.springframework.boot.SpringApplication.run(SpringApplication.java:313)
	at org.springframework.boot.SpringApplication.run(SpringApplication.java:1361)
	at org.springframework.boot.SpringApplication.run(SpringApplication.java:1350)
	at com.aurionpro.papms.PaPmsApplication.main(PaPmsApplication.java:14)
	at java.base/jdk.internal.reflect.NativeMethodAccessorImpl.invoke0(Native Method)
	at java.base/jdk.internal.reflect.NativeMethodAccessorImpl.invoke(NativeMethodAccessorImpl.java:77)
	at java.base/jdk.internal.reflect.DelegatingMethodAccessorImpl.invoke(DelegatingMethodAccessorImpl.java:43)
	at java.base/java.lang.reflect.Method.invoke(Method.java:568)
	at org.springframework.boot.devtools.restart.RestartLauncher.run(RestartLauncher.java:50)
Caused by: java.lang.IllegalStateException: Logback configuration error detected: 
ERROR in ch.qos.logback.classic.pattern.ClassOfCallerConverter@48507174 - failed to parse integer string [1.] java.lang.NumberFormatException: For input string: "1."
ERROR in ch.qos.logback.classic.pattern.ClassOfCallerConverter@48f4b4d2 - failed to parse integer string [1.] java.lang.NumberFormatException: For input string: "1."
	at org.springframework.boot.logging.logback.LogbackLoggingSystem.reportConfigurationErrorsIfNecessary(LogbackLoggingSystem.java:289)
	at org.springframework.boot.logging.logback.LogbackLoggingSystem.loadConfiguration(LogbackLoggingSystem.java:267)
	at org.springframework.boot.logging.AbstractLoggingSystem.initializeWithConventions(AbstractLoggingSystem.java:81)
	at org.springframework.boot.logging.AbstractLoggingSystem.initialize(AbstractLoggingSystem.java:61)
	at org.springframework.boot.logging.logback.LogbackLoggingSystem.initialize(LogbackLoggingSystem.java:195)
	at org.springframework.boot.context.logging.LoggingApplicationListener.initializeSystem(LoggingApplicationListener.java:332)
	... 24 common frames omitted
	Suppressed: java.lang.NumberFormatException: For input string: "1."
		at java.base/java.lang.NumberFormatException.forInputString(NumberFormatException.java:67)
		at java.base/java.lang.Integer.parseInt(Integer.java:668)
		at java.base/java.lang.Integer.parseInt(Integer.java:786)
		at ch.qos.logback.classic.pattern.NamedConverter.start(NamedConverter.java:92)
		at ch.qos.logback.core.pattern.ConverterUtil.startConverters(ConverterUtil.java:37)
		at ch.qos.logback.core.pattern.PatternLayoutBase.start(PatternLayoutBase.java:148)
		at ch.qos.logback.classic.encoder.PatternLayoutEncoder.start(PatternLayoutEncoder.java:28)
		at ch.qos.logback.core.model.processor.ImplicitModelHandler.postHandleComplex(ImplicitModelHandler.java:207)
		at ch.qos.logback.core.model.processor.ImplicitModelHandler.postHandle(ImplicitModelHandler.java:186)
		at ch.qos.logback.core.model.processor.DefaultProcessor.secondPhaseTraverse(DefaultProcessor.java:257)
		at ch.qos.logback.core.model.processor.DefaultProcessor.secondPhaseTraverse(DefaultProcessor.java:253)
		at ch.qos.logback.core.model.processor.DefaultProcessor.secondPhaseTraverse(DefaultProcessor.java:253)
		at ch.qos.logback.core.model.processor.DefaultProcessor.traversalLoop(DefaultProcessor.java:90)
		at ch.qos.logback.core.model.processor.DefaultProcessor.process(DefaultProcessor.java:106)
		at ch.qos.logback.core.joran.GenericXMLConfigurator.processModel(GenericXMLConfigurator.java:222)
		at org.springframework.boot.logging.logback.SpringBootJoranConfigurator.processModel(SpringBootJoranConfigurator.java:136)
		at ch.qos.logback.core.joran.GenericXMLConfigurator.doConfigure(GenericXMLConfigurator.java:178)
		at ch.qos.logback.core.joran.GenericXMLConfigurator.doConfigure(GenericXMLConfigurator.java:123)
		at ch.qos.logback.core.joran.GenericXMLConfigurator.doConfigure(GenericXMLConfigurator.java:66)
		at org.springframework.boot.logging.logback.LogbackLoggingSystem.configureByResourceUrl(LogbackLoggingSystem.java:298)
		at org.springframework.boot.logging.logback.LogbackLoggingSystem.lambda$loadConfiguration$2(LogbackLoggingSystem.java:260)
		at org.springframework.boot.logging.logback.LogbackLoggingSystem.withLoggingSuppressed(LogbackLoggingSystem.java:481)
		at org.springframework.boot.logging.logback.LogbackLoggingSystem.loadConfiguration(LogbackLoggingSystem.java:252)
		... 28 common frames omitted
	Suppressed: java.lang.NumberFormatException: For input string: "1."
		at java.base/java.lang.NumberFormatException.forInputString(NumberFormatException.java:67)
		at java.base/java.lang.Integer.parseInt(Integer.java:668)
		at java.base/java.lang.Integer.parseInt(Integer.java:786)
		at ch.qos.logback.classic.pattern.NamedConverter.start(NamedConverter.java:92)
		at ch.qos.logback.core.pattern.ConverterUtil.startConverters(ConverterUtil.java:37)
		at ch.qos.logback.core.pattern.PatternLayoutBase.start(PatternLayoutBase.java:148)
		at ch.qos.logback.classic.encoder.PatternLayoutEncoder.start(PatternLayoutEncoder.java:28)
		at ch.qos.logback.core.model.processor.ImplicitModelHandler.postHandleComplex(ImplicitModelHandler.java:207)
		at ch.qos.logback.core.model.processor.ImplicitModelHandler.postHandle(ImplicitModelHandler.java:186)
		at ch.qos.logback.core.model.processor.DefaultProcessor.secondPhaseTraverse(DefaultProcessor.java:257)
		at ch.qos.logback.core.model.processor.DefaultProcessor.secondPhaseTraverse(DefaultProcessor.java:253)
		at ch.qos.logback.core.model.processor.DefaultProcessor.secondPhaseTraverse(DefaultProcessor.java:253)
		at ch.qos.logback.core.model.processor.DefaultProcessor.traversalLoop(DefaultProcessor.java:90)
		at ch.qos.logback.core.model.processor.DefaultProcessor.process(DefaultProcessor.java:106)
		at ch.qos.logback.core.joran.GenericXMLConfigurator.processModel(GenericXMLConfigurator.java:222)
		at org.springframework.boot.logging.logback.SpringBootJoranConfigurator.processModel(SpringBootJoranConfigurator.java:136)
		at ch.qos.logback.core.joran.GenericXMLConfigurator.doConfigure(GenericXMLConfigurator.java:178)
		at ch.qos.logback.core.joran.GenericXMLConfigurator.doConfigure(GenericXMLConfigurator.java:123)
		at ch.qos.logback.core.joran.GenericXMLConfigurator.doConfigure(GenericXMLConfigurator.java:66)
		at org.springframework.boot.logging.logback.LogbackLoggingSystem.configureByResourceUrl(LogbackLoggingSystem.java:298)
		at org.springframework.boot.logging.logback.LogbackLoggingSystem.lambda$loadConfiguration$2(LogbackLoggingSystem.java:260)
		at org.springframework.boot.logging.logback.LogbackLoggingSystem.withLoggingSuppressed(LogbackLoggingSystem.java:481)
		at org.springframework.boot.logging.logback.LogbackLoggingSystem.loadConfiguration(LogbackLoggingSystem.java:252)
		... 28 common frames omitted
2025-10-12 02:15:44,326 ERROR org.springframework.boot.SpringApplication [restartedMain] Application run failed
java.lang.IllegalStateException: java.lang.IllegalStateException: Logback configuration error detected: 
ERROR in ch.qos.logback.classic.pattern.ClassOfCallerConverter@6000b819 - failed to parse integer string [1.] java.lang.NumberFormatException: For input string: "1."
ERROR in ch.qos.logback.classic.pattern.ClassOfCallerConverter@7d402c70 - failed to parse integer string [1.] java.lang.NumberFormatException: For input string: "1."
	at org.springframework.boot.context.logging.LoggingApplicationListener.initializeSystem(LoggingApplicationListener.java:347)
	at org.springframework.boot.context.logging.LoggingApplicationListener.initialize(LoggingApplicationListener.java:298)
	at org.springframework.boot.context.logging.LoggingApplicationListener.onApplicationEnvironmentPreparedEvent(LoggingApplicationListener.java:246)
	at org.springframework.boot.context.logging.LoggingApplicationListener.onApplicationEvent(LoggingApplicationListener.java:223)
	at org.springframework.context.event.SimpleApplicationEventMulticaster.doInvokeListener(SimpleApplicationEventMulticaster.java:185)
	at org.springframework.context.event.SimpleApplicationEventMulticaster.invokeListener(SimpleApplicationEventMulticaster.java:178)
	at org.springframework.context.event.SimpleApplicationEventMulticaster.multicastEvent(SimpleApplicationEventMulticaster.java:156)
	at org.springframework.context.event.SimpleApplicationEventMulticaster.multicastEvent(SimpleApplicationEventMulticaster.java:138)
	at org.springframework.boot.context.event.EventPublishingRunListener.multicastInitialEvent(EventPublishingRunListener.java:136)
	at org.springframework.boot.context.event.EventPublishingRunListener.environmentPrepared(EventPublishingRunListener.java:81)
	at org.springframework.boot.SpringApplicationRunListeners.lambda$environmentPrepared$2(SpringApplicationRunListeners.java:64)
	at java.base/java.lang.Iterable.forEach(Iterable.java:75)
	at org.springframework.boot.SpringApplicationRunListeners.doWithListeners(SpringApplicationRunListeners.java:118)
	at org.springframework.boot.SpringApplicationRunListeners.doWithListeners(SpringApplicationRunListeners.java:112)
	at org.springframework.boot.SpringApplicationRunListeners.environmentPrepared(SpringApplicationRunListeners.java:63)
	at org.springframework.boot.SpringApplication.prepareEnvironment(SpringApplication.java:353)
	at org.springframework.boot.SpringApplication.run(SpringApplication.java:313)
	at org.springframework.boot.SpringApplication.run(SpringApplication.java:1361)
	at org.springframework.boot.SpringApplication.run(SpringApplication.java:1350)
	at com.aurionpro.papms.PaPmsApplication.main(PaPmsApplication.java:14)
	at java.base/jdk.internal.reflect.NativeMethodAccessorImpl.invoke0(Native Method)
	at java.base/jdk.internal.reflect.NativeMethodAccessorImpl.invoke(NativeMethodAccessorImpl.java:77)
	at java.base/jdk.internal.reflect.DelegatingMethodAccessorImpl.invoke(DelegatingMethodAccessorImpl.java:43)
	at java.base/java.lang.reflect.Method.invoke(Method.java:568)
	at org.springframework.boot.devtools.restart.RestartLauncher.run(RestartLauncher.java:50)
Caused by: java.lang.IllegalStateException: Logback configuration error detected: 
ERROR in ch.qos.logback.classic.pattern.ClassOfCallerConverter@6000b819 - failed to parse integer string [1.] java.lang.NumberFormatException: For input string: "1."
ERROR in ch.qos.logback.classic.pattern.ClassOfCallerConverter@7d402c70 - failed to parse integer string [1.] java.lang.NumberFormatException: For input string: "1."
	at org.springframework.boot.logging.logback.LogbackLoggingSystem.reportConfigurationErrorsIfNecessary(LogbackLoggingSystem.java:289)
	at org.springframework.boot.logging.logback.LogbackLoggingSystem.loadConfiguration(LogbackLoggingSystem.java:267)
	at org.springframework.boot.logging.AbstractLoggingSystem.initializeWithConventions(AbstractLoggingSystem.java:81)
	at org.springframework.boot.logging.AbstractLoggingSystem.initialize(AbstractLoggingSystem.java:61)
	at org.springframework.boot.logging.logback.LogbackLoggingSystem.initialize(LogbackLoggingSystem.java:195)
	at org.springframework.boot.context.logging.LoggingApplicationListener.initializeSystem(LoggingApplicationListener.java:332)
	... 24 common frames omitted
	Suppressed: java.lang.NumberFormatException: For input string: "1."
		at java.base/java.lang.NumberFormatException.forInputString(NumberFormatException.java:67)
		at java.base/java.lang.Integer.parseInt(Integer.java:668)
		at java.base/java.lang.Integer.parseInt(Integer.java:786)
		at ch.qos.logback.classic.pattern.NamedConverter.start(NamedConverter.java:92)
		at ch.qos.logback.core.pattern.ConverterUtil.startConverters(ConverterUtil.java:37)
		at ch.qos.logback.core.pattern.PatternLayoutBase.start(PatternLayoutBase.java:148)
		at ch.qos.logback.classic.encoder.PatternLayoutEncoder.start(PatternLayoutEncoder.java:28)
		at ch.qos.logback.core.model.processor.ImplicitModelHandler.postHandleComplex(ImplicitModelHandler.java:207)
		at ch.qos.logback.core.model.processor.ImplicitModelHandler.postHandle(ImplicitModelHandler.java:186)
		at ch.qos.logback.core.model.processor.DefaultProcessor.secondPhaseTraverse(DefaultProcessor.java:257)
		at ch.qos.logback.core.model.processor.DefaultProcessor.secondPhaseTraverse(DefaultProcessor.java:253)
		at ch.qos.logback.core.model.processor.DefaultProcessor.secondPhaseTraverse(DefaultProcessor.java:253)
		at ch.qos.logback.core.model.processor.DefaultProcessor.traversalLoop(DefaultProcessor.java:90)
		at ch.qos.logback.core.model.processor.DefaultProcessor.process(DefaultProcessor.java:106)
		at ch.qos.logback.core.joran.GenericXMLConfigurator.processModel(GenericXMLConfigurator.java:222)
		at org.springframework.boot.logging.logback.SpringBootJoranConfigurator.processModel(SpringBootJoranConfigurator.java:136)
		at ch.qos.logback.core.joran.GenericXMLConfigurator.doConfigure(GenericXMLConfigurator.java:178)
		at ch.qos.logback.core.joran.GenericXMLConfigurator.doConfigure(GenericXMLConfigurator.java:123)
		at ch.qos.logback.core.joran.GenericXMLConfigurator.doConfigure(GenericXMLConfigurator.java:66)
		at org.springframework.boot.logging.logback.LogbackLoggingSystem.configureByResourceUrl(LogbackLoggingSystem.java:298)
		at org.springframework.boot.logging.logback.LogbackLoggingSystem.lambda$loadConfiguration$2(LogbackLoggingSystem.java:260)
		at org.springframework.boot.logging.logback.LogbackLoggingSystem.withLoggingSuppressed(LogbackLoggingSystem.java:481)
		at org.springframework.boot.logging.logback.LogbackLoggingSystem.loadConfiguration(LogbackLoggingSystem.java:252)
		... 28 common frames omitted
	Suppressed: java.lang.NumberFormatException: For input string: "1."
		at java.base/java.lang.NumberFormatException.forInputString(NumberFormatException.java:67)
		at java.base/java.lang.Integer.parseInt(Integer.java:668)
		at java.base/java.lang.Integer.parseInt(Integer.java:786)
		at ch.qos.logback.classic.pattern.NamedConverter.start(NamedConverter.java:92)
		at ch.qos.logback.core.pattern.ConverterUtil.startConverters(ConverterUtil.java:37)
		at ch.qos.logback.core.pattern.PatternLayoutBase.start(PatternLayoutBase.java:148)
		at ch.qos.logback.classic.encoder.PatternLayoutEncoder.start(PatternLayoutEncoder.java:28)
		at ch.qos.logback.core.model.processor.ImplicitModelHandler.postHandleComplex(ImplicitModelHandler.java:207)
		at ch.qos.logback.core.model.processor.ImplicitModelHandler.postHandle(ImplicitModelHandler.java:186)
		at ch.qos.logback.core.model.processor.DefaultProcessor.secondPhaseTraverse(DefaultProcessor.java:257)
		at ch.qos.logback.core.model.processor.DefaultProcessor.secondPhaseTraverse(DefaultProcessor.java:253)
		at ch.qos.logback.core.model.processor.DefaultProcessor.secondPhaseTraverse(DefaultProcessor.java:253)
		at ch.qos.logback.core.model.processor.DefaultProcessor.traversalLoop(DefaultProcessor.java:90)
		at ch.qos.logback.core.model.processor.DefaultProcessor.process(DefaultProcessor.java:106)
		at ch.qos.logback.core.joran.GenericXMLConfigurator.processModel(GenericXMLConfigurator.java:222)
		at org.springframework.boot.logging.logback.SpringBootJoranConfigurator.processModel(SpringBootJoranConfigurator.java:136)
		at ch.qos.logback.core.joran.GenericXMLConfigurator.doConfigure(GenericXMLConfigurator.java:178)
		at ch.qos.logback.core.joran.GenericXMLConfigurator.doConfigure(GenericXMLConfigurator.java:123)
		at ch.qos.logback.core.joran.GenericXMLConfigurator.doConfigure(GenericXMLConfigurator.java:66)
		at org.springframework.boot.logging.logback.LogbackLoggingSystem.configureByResourceUrl(LogbackLoggingSystem.java:298)
		at org.springframework.boot.logging.logback.LogbackLoggingSystem.lambda$loadConfiguration$2(LogbackLoggingSystem.java:260)
		at org.springframework.boot.logging.logback.LogbackLoggingSystem.withLoggingSuppressed(LogbackLoggingSystem.java:481)
		at org.springframework.boot.logging.logback.LogbackLoggingSystem.loadConfiguration(LogbackLoggingSystem.java:252)
		... 28 common frames omitted
2025-10-12 02:16:17,028 ERROR org.springframework.boot.SpringApplication [restartedMain] Application run failed
java.lang.IllegalStateException: java.lang.IllegalStateException: Logback configuration error detected: 
ERROR in ch.qos.logback.classic.pattern.ClassOfCallerConverter@2d5073a - failed to parse integer string [1.] java.lang.NumberFormatException: For input string: "1."
ERROR in ch.qos.logback.classic.pattern.ClassOfCallerConverter@6cf647fe - failed to parse integer string [1.] java.lang.NumberFormatException: For input string: "1."
	at org.springframework.boot.context.logging.LoggingApplicationListener.initializeSystem(LoggingApplicationListener.java:347)
	at org.springframework.boot.context.logging.LoggingApplicationListener.initialize(LoggingApplicationListener.java:298)
	at org.springframework.boot.context.logging.LoggingApplicationListener.onApplicationEnvironmentPreparedEvent(LoggingApplicationListener.java:246)
	at org.springframework.boot.context.logging.LoggingApplicationListener.onApplicationEvent(LoggingApplicationListener.java:223)
	at org.springframework.context.event.SimpleApplicationEventMulticaster.doInvokeListener(SimpleApplicationEventMulticaster.java:185)
	at org.springframework.context.event.SimpleApplicationEventMulticaster.invokeListener(SimpleApplicationEventMulticaster.java:178)
	at org.springframework.context.event.SimpleApplicationEventMulticaster.multicastEvent(SimpleApplicationEventMulticaster.java:156)
	at org.springframework.context.event.SimpleApplicationEventMulticaster.multicastEvent(SimpleApplicationEventMulticaster.java:138)
	at org.springframework.boot.context.event.EventPublishingRunListener.multicastInitialEvent(EventPublishingRunListener.java:136)
	at org.springframework.boot.context.event.EventPublishingRunListener.environmentPrepared(EventPublishingRunListener.java:81)
	at org.springframework.boot.SpringApplicationRunListeners.lambda$environmentPrepared$2(SpringApplicationRunListeners.java:64)
	at java.base/java.lang.Iterable.forEach(Iterable.java:75)
	at org.springframework.boot.SpringApplicationRunListeners.doWithListeners(SpringApplicationRunListeners.java:118)
	at org.springframework.boot.SpringApplicationRunListeners.doWithListeners(SpringApplicationRunListeners.java:112)
	at org.springframework.boot.SpringApplicationRunListeners.environmentPrepared(SpringApplicationRunListeners.java:63)
	at org.springframework.boot.SpringApplication.prepareEnvironment(SpringApplication.java:353)
	at org.springframework.boot.SpringApplication.run(SpringApplication.java:313)
	at org.springframework.boot.SpringApplication.run(SpringApplication.java:1361)
	at org.springframework.boot.SpringApplication.run(SpringApplication.java:1350)
	at com.aurionpro.papms.PaPmsApplication.main(PaPmsApplication.java:14)
	at java.base/jdk.internal.reflect.NativeMethodAccessorImpl.invoke0(Native Method)
	at java.base/jdk.internal.reflect.NativeMethodAccessorImpl.invoke(NativeMethodAccessorImpl.java:77)
	at java.base/jdk.internal.reflect.DelegatingMethodAccessorImpl.invoke(DelegatingMethodAccessorImpl.java:43)
	at java.base/java.lang.reflect.Method.invoke(Method.java:568)
	at org.springframework.boot.devtools.restart.RestartLauncher.run(RestartLauncher.java:50)
Caused by: java.lang.IllegalStateException: Logback configuration error detected: 
ERROR in ch.qos.logback.classic.pattern.ClassOfCallerConverter@2d5073a - failed to parse integer string [1.] java.lang.NumberFormatException: For input string: "1."
ERROR in ch.qos.logback.classic.pattern.ClassOfCallerConverter@6cf647fe - failed to parse integer string [1.] java.lang.NumberFormatException: For input string: "1."
	at org.springframework.boot.logging.logback.LogbackLoggingSystem.reportConfigurationErrorsIfNecessary(LogbackLoggingSystem.java:289)
	at org.springframework.boot.logging.logback.LogbackLoggingSystem.loadConfiguration(LogbackLoggingSystem.java:267)
	at org.springframework.boot.logging.AbstractLoggingSystem.initializeWithConventions(AbstractLoggingSystem.java:81)
	at org.springframework.boot.logging.AbstractLoggingSystem.initialize(AbstractLoggingSystem.java:61)
	at org.springframework.boot.logging.logback.LogbackLoggingSystem.initialize(LogbackLoggingSystem.java:195)
	at org.springframework.boot.context.logging.LoggingApplicationListener.initializeSystem(LoggingApplicationListener.java:332)
	... 24 common frames omitted
	Suppressed: java.lang.NumberFormatException: For input string: "1."
		at java.base/java.lang.NumberFormatException.forInputString(NumberFormatException.java:67)
		at java.base/java.lang.Integer.parseInt(Integer.java:668)
		at java.base/java.lang.Integer.parseInt(Integer.java:786)
		at ch.qos.logback.classic.pattern.NamedConverter.start(NamedConverter.java:92)
		at ch.qos.logback.core.pattern.ConverterUtil.startConverters(ConverterUtil.java:37)
		at ch.qos.logback.core.pattern.PatternLayoutBase.start(PatternLayoutBase.java:148)
		at ch.qos.logback.classic.encoder.PatternLayoutEncoder.start(PatternLayoutEncoder.java:28)
		at ch.qos.logback.core.model.processor.ImplicitModelHandler.postHandleComplex(ImplicitModelHandler.java:207)
		at ch.qos.logback.core.model.processor.ImplicitModelHandler.postHandle(ImplicitModelHandler.java:186)
		at ch.qos.logback.core.model.processor.DefaultProcessor.secondPhaseTraverse(DefaultProcessor.java:257)
		at ch.qos.logback.core.model.processor.DefaultProcessor.secondPhaseTraverse(DefaultProcessor.java:253)
		at ch.qos.logback.core.model.processor.DefaultProcessor.secondPhaseTraverse(DefaultProcessor.java:253)
		at ch.qos.logback.core.model.processor.DefaultProcessor.traversalLoop(DefaultProcessor.java:90)
		at ch.qos.logback.core.model.processor.DefaultProcessor.process(DefaultProcessor.java:106)
		at ch.qos.logback.core.joran.GenericXMLConfigurator.processModel(GenericXMLConfigurator.java:222)
		at org.springframework.boot.logging.logback.SpringBootJoranConfigurator.processModel(SpringBootJoranConfigurator.java:136)
		at ch.qos.logback.core.joran.GenericXMLConfigurator.doConfigure(GenericXMLConfigurator.java:178)
		at ch.qos.logback.core.joran.GenericXMLConfigurator.doConfigure(GenericXMLConfigurator.java:123)
		at ch.qos.logback.core.joran.GenericXMLConfigurator.doConfigure(GenericXMLConfigurator.java:66)
		at org.springframework.boot.logging.logback.LogbackLoggingSystem.configureByResourceUrl(LogbackLoggingSystem.java:298)
		at org.springframework.boot.logging.logback.LogbackLoggingSystem.lambda$loadConfiguration$2(LogbackLoggingSystem.java:260)
		at org.springframework.boot.logging.logback.LogbackLoggingSystem.withLoggingSuppressed(LogbackLoggingSystem.java:481)
		at org.springframework.boot.logging.logback.LogbackLoggingSystem.loadConfiguration(LogbackLoggingSystem.java:252)
		... 28 common frames omitted
	Suppressed: java.lang.NumberFormatException: For input string: "1."
		at java.base/java.lang.NumberFormatException.forInputString(NumberFormatException.java:67)
		at java.base/java.lang.Integer.parseInt(Integer.java:668)
		at java.base/java.lang.Integer.parseInt(Integer.java:786)
		at ch.qos.logback.classic.pattern.NamedConverter.start(NamedConverter.java:92)
		at ch.qos.logback.core.pattern.ConverterUtil.startConverters(ConverterUtil.java:37)
		at ch.qos.logback.core.pattern.PatternLayoutBase.start(PatternLayoutBase.java:148)
		at ch.qos.logback.classic.encoder.PatternLayoutEncoder.start(PatternLayoutEncoder.java:28)
		at ch.qos.logback.core.model.processor.ImplicitModelHandler.postHandleComplex(ImplicitModelHandler.java:207)
		at ch.qos.logback.core.model.processor.ImplicitModelHandler.postHandle(ImplicitModelHandler.java:186)
		at ch.qos.logback.core.model.processor.DefaultProcessor.secondPhaseTraverse(DefaultProcessor.java:257)
		at ch.qos.logback.core.model.processor.DefaultProcessor.secondPhaseTraverse(DefaultProcessor.java:253)
		at ch.qos.logback.core.model.processor.DefaultProcessor.secondPhaseTraverse(DefaultProcessor.java:253)
		at ch.qos.logback.core.model.processor.DefaultProcessor.traversalLoop(DefaultProcessor.java:90)
		at ch.qos.logback.core.model.processor.DefaultProcessor.process(DefaultProcessor.java:106)
		at ch.qos.logback.core.joran.GenericXMLConfigurator.processModel(GenericXMLConfigurator.java:222)
		at org.springframework.boot.logging.logback.SpringBootJoranConfigurator.processModel(SpringBootJoranConfigurator.java:136)
		at ch.qos.logback.core.joran.GenericXMLConfigurator.doConfigure(GenericXMLConfigurator.java:178)
		at ch.qos.logback.core.joran.GenericXMLConfigurator.doConfigure(GenericXMLConfigurator.java:123)
		at ch.qos.logback.core.joran.GenericXMLConfigurator.doConfigure(GenericXMLConfigurator.java:66)
		at org.springframework.boot.logging.logback.LogbackLoggingSystem.configureByResourceUrl(LogbackLoggingSystem.java:298)
		at org.springframework.boot.logging.logback.LogbackLoggingSystem.lambda$loadConfiguration$2(LogbackLoggingSystem.java:260)
		at org.springframework.boot.logging.logback.LogbackLoggingSystem.withLoggingSuppressed(LogbackLoggingSystem.java:481)
		at org.springframework.boot.logging.logback.LogbackLoggingSystem.loadConfiguration(LogbackLoggingSystem.java:252)
		... 28 common frames omitted
2025-10-12 02:16:19,565 ERROR org.springframework.boot.SpringApplication [restartedMain] Application run failed
java.lang.IllegalStateException: java.lang.IllegalStateException: Logback configuration error detected: 
ERROR in ch.qos.logback.classic.pattern.ClassOfCallerConverter@25b38aed - failed to parse integer string [1.] java.lang.NumberFormatException: For input string: "1."
ERROR in ch.qos.logback.classic.pattern.ClassOfCallerConverter@42257838 - failed to parse integer string [1.] java.lang.NumberFormatException: For input string: "1."
	at org.springframework.boot.context.logging.LoggingApplicationListener.initializeSystem(LoggingApplicationListener.java:347)
	at org.springframework.boot.context.logging.LoggingApplicationListener.initialize(LoggingApplicationListener.java:298)
	at org.springframework.boot.context.logging.LoggingApplicationListener.onApplicationEnvironmentPreparedEvent(LoggingApplicationListener.java:246)
	at org.springframework.boot.context.logging.LoggingApplicationListener.onApplicationEvent(LoggingApplicationListener.java:223)
	at org.springframework.context.event.SimpleApplicationEventMulticaster.doInvokeListener(SimpleApplicationEventMulticaster.java:185)
	at org.springframework.context.event.SimpleApplicationEventMulticaster.invokeListener(SimpleApplicationEventMulticaster.java:178)
	at org.springframework.context.event.SimpleApplicationEventMulticaster.multicastEvent(SimpleApplicationEventMulticaster.java:156)
	at org.springframework.context.event.SimpleApplicationEventMulticaster.multicastEvent(SimpleApplicationEventMulticaster.java:138)
	at org.springframework.boot.context.event.EventPublishingRunListener.multicastInitialEvent(EventPublishingRunListener.java:136)
	at org.springframework.boot.context.event.EventPublishingRunListener.environmentPrepared(EventPublishingRunListener.java:81)
	at org.springframework.boot.SpringApplicationRunListeners.lambda$environmentPrepared$2(SpringApplicationRunListeners.java:64)
	at java.base/java.lang.Iterable.forEach(Iterable.java:75)
	at org.springframework.boot.SpringApplicationRunListeners.doWithListeners(SpringApplicationRunListeners.java:118)
	at org.springframework.boot.SpringApplicationRunListeners.doWithListeners(SpringApplicationRunListeners.java:112)
	at org.springframework.boot.SpringApplicationRunListeners.environmentPrepared(SpringApplicationRunListeners.java:63)
	at org.springframework.boot.SpringApplication.prepareEnvironment(SpringApplication.java:353)
	at org.springframework.boot.SpringApplication.run(SpringApplication.java:313)
	at org.springframework.boot.SpringApplication.run(SpringApplication.java:1361)
	at org.springframework.boot.SpringApplication.run(SpringApplication.java:1350)
	at com.aurionpro.papms.PaPmsApplication.main(PaPmsApplication.java:14)
	at java.base/jdk.internal.reflect.NativeMethodAccessorImpl.invoke0(Native Method)
	at java.base/jdk.internal.reflect.NativeMethodAccessorImpl.invoke(NativeMethodAccessorImpl.java:77)
	at java.base/jdk.internal.reflect.DelegatingMethodAccessorImpl.invoke(DelegatingMethodAccessorImpl.java:43)
	at java.base/java.lang.reflect.Method.invoke(Method.java:568)
	at org.springframework.boot.devtools.restart.RestartLauncher.run(RestartLauncher.java:50)
Caused by: java.lang.IllegalStateException: Logback configuration error detected: 
ERROR in ch.qos.logback.classic.pattern.ClassOfCallerConverter@25b38aed - failed to parse integer string [1.] java.lang.NumberFormatException: For input string: "1."
ERROR in ch.qos.logback.classic.pattern.ClassOfCallerConverter@42257838 - failed to parse integer string [1.] java.lang.NumberFormatException: For input string: "1."
	at org.springframework.boot.logging.logback.LogbackLoggingSystem.reportConfigurationErrorsIfNecessary(LogbackLoggingSystem.java:289)
	at org.springframework.boot.logging.logback.LogbackLoggingSystem.loadConfiguration(LogbackLoggingSystem.java:267)
	at org.springframework.boot.logging.AbstractLoggingSystem.initializeWithConventions(AbstractLoggingSystem.java:81)
	at org.springframework.boot.logging.AbstractLoggingSystem.initialize(AbstractLoggingSystem.java:61)
	at org.springframework.boot.logging.logback.LogbackLoggingSystem.initialize(LogbackLoggingSystem.java:195)
	at org.springframework.boot.context.logging.LoggingApplicationListener.initializeSystem(LoggingApplicationListener.java:332)
	... 24 common frames omitted
	Suppressed: java.lang.NumberFormatException: For input string: "1."
		at java.base/java.lang.NumberFormatException.forInputString(NumberFormatException.java:67)
		at java.base/java.lang.Integer.parseInt(Integer.java:668)
		at java.base/java.lang.Integer.parseInt(Integer.java:786)
		at ch.qos.logback.classic.pattern.NamedConverter.start(NamedConverter.java:92)
		at ch.qos.logback.core.pattern.ConverterUtil.startConverters(ConverterUtil.java:37)
		at ch.qos.logback.core.pattern.PatternLayoutBase.start(PatternLayoutBase.java:148)
		at ch.qos.logback.classic.encoder.PatternLayoutEncoder.start(PatternLayoutEncoder.java:28)
		at ch.qos.logback.core.model.processor.ImplicitModelHandler.postHandleComplex(ImplicitModelHandler.java:207)
		at ch.qos.logback.core.model.processor.ImplicitModelHandler.postHandle(ImplicitModelHandler.java:186)
		at ch.qos.logback.core.model.processor.DefaultProcessor.secondPhaseTraverse(DefaultProcessor.java:257)
		at ch.qos.logback.core.model.processor.DefaultProcessor.secondPhaseTraverse(DefaultProcessor.java:253)
		at ch.qos.logback.core.model.processor.DefaultProcessor.secondPhaseTraverse(DefaultProcessor.java:253)
		at ch.qos.logback.core.model.processor.DefaultProcessor.traversalLoop(DefaultProcessor.java:90)
		at ch.qos.logback.core.model.processor.DefaultProcessor.process(DefaultProcessor.java:106)
		at ch.qos.logback.core.joran.GenericXMLConfigurator.processModel(GenericXMLConfigurator.java:222)
		at org.springframework.boot.logging.logback.SpringBootJoranConfigurator.processModel(SpringBootJoranConfigurator.java:136)
		at ch.qos.logback.core.joran.GenericXMLConfigurator.doConfigure(GenericXMLConfigurator.java:178)
		at ch.qos.logback.core.joran.GenericXMLConfigurator.doConfigure(GenericXMLConfigurator.java:123)
		at ch.qos.logback.core.joran.GenericXMLConfigurator.doConfigure(GenericXMLConfigurator.java:66)
		at org.springframework.boot.logging.logback.LogbackLoggingSystem.configureByResourceUrl(LogbackLoggingSystem.java:298)
		at org.springframework.boot.logging.logback.LogbackLoggingSystem.lambda$loadConfiguration$2(LogbackLoggingSystem.java:260)
		at org.springframework.boot.logging.logback.LogbackLoggingSystem.withLoggingSuppressed(LogbackLoggingSystem.java:481)
		at org.springframework.boot.logging.logback.LogbackLoggingSystem.loadConfiguration(LogbackLoggingSystem.java:252)
		... 28 common frames omitted
	Suppressed: java.lang.NumberFormatException: For input string: "1."
		at java.base/java.lang.NumberFormatException.forInputString(NumberFormatException.java:67)
		at java.base/java.lang.Integer.parseInt(Integer.java:668)
		at java.base/java.lang.Integer.parseInt(Integer.java:786)
		at ch.qos.logback.classic.pattern.NamedConverter.start(NamedConverter.java:92)
		at ch.qos.logback.core.pattern.ConverterUtil.startConverters(ConverterUtil.java:37)
		at ch.qos.logback.core.pattern.PatternLayoutBase.start(PatternLayoutBase.java:148)
		at ch.qos.logback.classic.encoder.PatternLayoutEncoder.start(PatternLayoutEncoder.java:28)
		at ch.qos.logback.core.model.processor.ImplicitModelHandler.postHandleComplex(ImplicitModelHandler.java:207)
		at ch.qos.logback.core.model.processor.ImplicitModelHandler.postHandle(ImplicitModelHandler.java:186)
		at ch.qos.logback.core.model.processor.DefaultProcessor.secondPhaseTraverse(DefaultProcessor.java:257)
		at ch.qos.logback.core.model.processor.DefaultProcessor.secondPhaseTraverse(DefaultProcessor.java:253)
		at ch.qos.logback.core.model.processor.DefaultProcessor.secondPhaseTraverse(DefaultProcessor.java:253)
		at ch.qos.logback.core.model.processor.DefaultProcessor.traversalLoop(DefaultProcessor.java:90)
		at ch.qos.logback.core.model.processor.DefaultProcessor.process(DefaultProcessor.java:106)
		at ch.qos.logback.core.joran.GenericXMLConfigurator.processModel(GenericXMLConfigurator.java:222)
		at org.springframework.boot.logging.logback.SpringBootJoranConfigurator.processModel(SpringBootJoranConfigurator.java:136)
		at ch.qos.logback.core.joran.GenericXMLConfigurator.doConfigure(GenericXMLConfigurator.java:178)
		at ch.qos.logback.core.joran.GenericXMLConfigurator.doConfigure(GenericXMLConfigurator.java:123)
		at ch.qos.logback.core.joran.GenericXMLConfigurator.doConfigure(GenericXMLConfigurator.java:66)
		at org.springframework.boot.logging.logback.LogbackLoggingSystem.configureByResourceUrl(LogbackLoggingSystem.java:298)
		at org.springframework.boot.logging.logback.LogbackLoggingSystem.lambda$loadConfiguration$2(LogbackLoggingSystem.java:260)
		at org.springframework.boot.logging.logback.LogbackLoggingSystem.withLoggingSuppressed(LogbackLoggingSystem.java:481)
		at org.springframework.boot.logging.logback.LogbackLoggingSystem.loadConfiguration(LogbackLoggingSystem.java:252)
		... 28 common frames omitted
2025-10-12 02:16:29,322 ERROR org.springframework.boot.SpringApplication [restartedMain] Application run failed
java.lang.IllegalStateException: java.lang.IllegalStateException: Logback configuration error detected: 
ERROR in ch.qos.logback.classic.pattern.ClassOfCallerConverter@6169301a - failed to parse integer string [1.] java.lang.NumberFormatException: For input string: "1."
ERROR in ch.qos.logback.classic.pattern.ClassOfCallerConverter@59774e16 - failed to parse integer string [1.] java.lang.NumberFormatException: For input string: "1."
	at org.springframework.boot.context.logging.LoggingApplicationListener.initializeSystem(LoggingApplicationListener.java:347)
	at org.springframework.boot.context.logging.LoggingApplicationListener.initialize(LoggingApplicationListener.java:298)
	at org.springframework.boot.context.logging.LoggingApplicationListener.onApplicationEnvironmentPreparedEvent(LoggingApplicationListener.java:246)
	at org.springframework.boot.context.logging.LoggingApplicationListener.onApplicationEvent(LoggingApplicationListener.java:223)
	at org.springframework.context.event.SimpleApplicationEventMulticaster.doInvokeListener(SimpleApplicationEventMulticaster.java:185)
	at org.springframework.context.event.SimpleApplicationEventMulticaster.invokeListener(SimpleApplicationEventMulticaster.java:178)
	at org.springframework.context.event.SimpleApplicationEventMulticaster.multicastEvent(SimpleApplicationEventMulticaster.java:156)
	at org.springframework.context.event.SimpleApplicationEventMulticaster.multicastEvent(SimpleApplicationEventMulticaster.java:138)
	at org.springframework.boot.context.event.EventPublishingRunListener.multicastInitialEvent(EventPublishingRunListener.java:136)
	at org.springframework.boot.context.event.EventPublishingRunListener.environmentPrepared(EventPublishingRunListener.java:81)
	at org.springframework.boot.SpringApplicationRunListeners.lambda$environmentPrepared$2(SpringApplicationRunListeners.java:64)
	at java.base/java.lang.Iterable.forEach(Iterable.java:75)
	at org.springframework.boot.SpringApplicationRunListeners.doWithListeners(SpringApplicationRunListeners.java:118)
	at org.springframework.boot.SpringApplicationRunListeners.doWithListeners(SpringApplicationRunListeners.java:112)
	at org.springframework.boot.SpringApplicationRunListeners.environmentPrepared(SpringApplicationRunListeners.java:63)
	at org.springframework.boot.SpringApplication.prepareEnvironment(SpringApplication.java:353)
	at org.springframework.boot.SpringApplication.run(SpringApplication.java:313)
	at org.springframework.boot.SpringApplication.run(SpringApplication.java:1361)
	at org.springframework.boot.SpringApplication.run(SpringApplication.java:1350)
	at com.aurionpro.papms.PaPmsApplication.main(PaPmsApplication.java:14)
	at java.base/jdk.internal.reflect.NativeMethodAccessorImpl.invoke0(Native Method)
	at java.base/jdk.internal.reflect.NativeMethodAccessorImpl.invoke(NativeMethodAccessorImpl.java:77)
	at java.base/jdk.internal.reflect.DelegatingMethodAccessorImpl.invoke(DelegatingMethodAccessorImpl.java:43)
	at java.base/java.lang.reflect.Method.invoke(Method.java:568)
	at org.springframework.boot.devtools.restart.RestartLauncher.run(RestartLauncher.java:50)
Caused by: java.lang.IllegalStateException: Logback configuration error detected: 
ERROR in ch.qos.logback.classic.pattern.ClassOfCallerConverter@6169301a - failed to parse integer string [1.] java.lang.NumberFormatException: For input string: "1."
ERROR in ch.qos.logback.classic.pattern.ClassOfCallerConverter@59774e16 - failed to parse integer string [1.] java.lang.NumberFormatException: For input string: "1."
	at org.springframework.boot.logging.logback.LogbackLoggingSystem.reportConfigurationErrorsIfNecessary(LogbackLoggingSystem.java:289)
	at org.springframework.boot.logging.logback.LogbackLoggingSystem.loadConfiguration(LogbackLoggingSystem.java:267)
	at org.springframework.boot.logging.AbstractLoggingSystem.initializeWithConventions(AbstractLoggingSystem.java:81)
	at org.springframework.boot.logging.AbstractLoggingSystem.initialize(AbstractLoggingSystem.java:61)
	at org.springframework.boot.logging.logback.LogbackLoggingSystem.initialize(LogbackLoggingSystem.java:195)
	at org.springframework.boot.context.logging.LoggingApplicationListener.initializeSystem(LoggingApplicationListener.java:332)
	... 24 common frames omitted
	Suppressed: java.lang.NumberFormatException: For input string: "1."
		at java.base/java.lang.NumberFormatException.forInputString(NumberFormatException.java:67)
		at java.base/java.lang.Integer.parseInt(Integer.java:668)
		at java.base/java.lang.Integer.parseInt(Integer.java:786)
		at ch.qos.logback.classic.pattern.NamedConverter.start(NamedConverter.java:92)
		at ch.qos.logback.core.pattern.ConverterUtil.startConverters(ConverterUtil.java:37)
		at ch.qos.logback.core.pattern.PatternLayoutBase.start(PatternLayoutBase.java:148)
		at ch.qos.logback.classic.encoder.PatternLayoutEncoder.start(PatternLayoutEncoder.java:28)
		at ch.qos.logback.core.model.processor.ImplicitModelHandler.postHandleComplex(ImplicitModelHandler.java:207)
		at ch.qos.logback.core.model.processor.ImplicitModelHandler.postHandle(ImplicitModelHandler.java:186)
		at ch.qos.logback.core.model.processor.DefaultProcessor.secondPhaseTraverse(DefaultProcessor.java:257)
		at ch.qos.logback.core.model.processor.DefaultProcessor.secondPhaseTraverse(DefaultProcessor.java:253)
		at ch.qos.logback.core.model.processor.DefaultProcessor.secondPhaseTraverse(DefaultProcessor.java:253)
		at ch.qos.logback.core.model.processor.DefaultProcessor.traversalLoop(DefaultProcessor.java:90)
		at ch.qos.logback.core.model.processor.DefaultProcessor.process(DefaultProcessor.java:106)
		at ch.qos.logback.core.joran.GenericXMLConfigurator.processModel(GenericXMLConfigurator.java:222)
		at org.springframework.boot.logging.logback.SpringBootJoranConfigurator.processModel(SpringBootJoranConfigurator.java:136)
		at ch.qos.logback.core.joran.GenericXMLConfigurator.doConfigure(GenericXMLConfigurator.java:178)
		at ch.qos.logback.core.joran.GenericXMLConfigurator.doConfigure(GenericXMLConfigurator.java:123)
		at ch.qos.logback.core.joran.GenericXMLConfigurator.doConfigure(GenericXMLConfigurator.java:66)
		at org.springframework.boot.logging.logback.LogbackLoggingSystem.configureByResourceUrl(LogbackLoggingSystem.java:298)
		at org.springframework.boot.logging.logback.LogbackLoggingSystem.lambda$loadConfiguration$2(LogbackLoggingSystem.java:260)
		at org.springframework.boot.logging.logback.LogbackLoggingSystem.withLoggingSuppressed(LogbackLoggingSystem.java:481)
		at org.springframework.boot.logging.logback.LogbackLoggingSystem.loadConfiguration(LogbackLoggingSystem.java:252)
		... 28 common frames omitted
	Suppressed: java.lang.NumberFormatException: For input string: "1."
		at java.base/java.lang.NumberFormatException.forInputString(NumberFormatException.java:67)
		at java.base/java.lang.Integer.parseInt(Integer.java:668)
		at java.base/java.lang.Integer.parseInt(Integer.java:786)
		at ch.qos.logback.classic.pattern.NamedConverter.start(NamedConverter.java:92)
		at ch.qos.logback.core.pattern.ConverterUtil.startConverters(ConverterUtil.java:37)
		at ch.qos.logback.core.pattern.PatternLayoutBase.start(PatternLayoutBase.java:148)
		at ch.qos.logback.classic.encoder.PatternLayoutEncoder.start(PatternLayoutEncoder.java:28)
		at ch.qos.logback.core.model.processor.ImplicitModelHandler.postHandleComplex(ImplicitModelHandler.java:207)
		at ch.qos.logback.core.model.processor.ImplicitModelHandler.postHandle(ImplicitModelHandler.java:186)
		at ch.qos.logback.core.model.processor.DefaultProcessor.secondPhaseTraverse(DefaultProcessor.java:257)
		at ch.qos.logback.core.model.processor.DefaultProcessor.secondPhaseTraverse(DefaultProcessor.java:253)
		at ch.qos.logback.core.model.processor.DefaultProcessor.secondPhaseTraverse(DefaultProcessor.java:253)
		at ch.qos.logback.core.model.processor.DefaultProcessor.traversalLoop(DefaultProcessor.java:90)
		at ch.qos.logback.core.model.processor.DefaultProcessor.process(DefaultProcessor.java:106)
		at ch.qos.logback.core.joran.GenericXMLConfigurator.processModel(GenericXMLConfigurator.java:222)
		at org.springframework.boot.logging.logback.SpringBootJoranConfigurator.processModel(SpringBootJoranConfigurator.java:136)
		at ch.qos.logback.core.joran.GenericXMLConfigurator.doConfigure(GenericXMLConfigurator.java:178)
		at ch.qos.logback.core.joran.GenericXMLConfigurator.doConfigure(GenericXMLConfigurator.java:123)
		at ch.qos.logback.core.joran.GenericXMLConfigurator.doConfigure(GenericXMLConfigurator.java:66)
		at org.springframework.boot.logging.logback.LogbackLoggingSystem.configureByResourceUrl(LogbackLoggingSystem.java:298)
		at org.springframework.boot.logging.logback.LogbackLoggingSystem.lambda$loadConfiguration$2(LogbackLoggingSystem.java:260)
		at org.springframework.boot.logging.logback.LogbackLoggingSystem.withLoggingSuppressed(LogbackLoggingSystem.java:481)
		at org.springframework.boot.logging.logback.LogbackLoggingSystem.loadConfiguration(LogbackLoggingSystem.java:252)
		... 28 common frames omitted
2025-10-12 02:16:32,931 ERROR org.springframework.boot.SpringApplication [restartedMain] Application run failed
java.lang.IllegalStateException: java.lang.IllegalStateException: Logback configuration error detected: 
ERROR in ch.qos.logback.classic.pattern.ClassOfCallerConverter@6f3e17e8 - failed to parse integer string [1.] java.lang.NumberFormatException: For input string: "1."
ERROR in ch.qos.logback.classic.pattern.ClassOfCallerConverter@13dd1fe9 - failed to parse integer string [1.] java.lang.NumberFormatException: For input string: "1."
	at org.springframework.boot.context.logging.LoggingApplicationListener.initializeSystem(LoggingApplicationListener.java:347)
	at org.springframework.boot.context.logging.LoggingApplicationListener.initialize(LoggingApplicationListener.java:298)
	at org.springframework.boot.context.logging.LoggingApplicationListener.onApplicationEnvironmentPreparedEvent(LoggingApplicationListener.java:246)
	at org.springframework.boot.context.logging.LoggingApplicationListener.onApplicationEvent(LoggingApplicationListener.java:223)
	at org.springframework.context.event.SimpleApplicationEventMulticaster.doInvokeListener(SimpleApplicationEventMulticaster.java:185)
	at org.springframework.context.event.SimpleApplicationEventMulticaster.invokeListener(SimpleApplicationEventMulticaster.java:178)
	at org.springframework.context.event.SimpleApplicationEventMulticaster.multicastEvent(SimpleApplicationEventMulticaster.java:156)
	at org.springframework.context.event.SimpleApplicationEventMulticaster.multicastEvent(SimpleApplicationEventMulticaster.java:138)
	at org.springframework.boot.context.event.EventPublishingRunListener.multicastInitialEvent(EventPublishingRunListener.java:136)
	at org.springframework.boot.context.event.EventPublishingRunListener.environmentPrepared(EventPublishingRunListener.java:81)
	at org.springframework.boot.SpringApplicationRunListeners.lambda$environmentPrepared$2(SpringApplicationRunListeners.java:64)
	at java.base/java.lang.Iterable.forEach(Iterable.java:75)
	at org.springframework.boot.SpringApplicationRunListeners.doWithListeners(SpringApplicationRunListeners.java:118)
	at org.springframework.boot.SpringApplicationRunListeners.doWithListeners(SpringApplicationRunListeners.java:112)
	at org.springframework.boot.SpringApplicationRunListeners.environmentPrepared(SpringApplicationRunListeners.java:63)
	at org.springframework.boot.SpringApplication.prepareEnvironment(SpringApplication.java:353)
	at org.springframework.boot.SpringApplication.run(SpringApplication.java:313)
	at org.springframework.boot.SpringApplication.run(SpringApplication.java:1361)
	at org.springframework.boot.SpringApplication.run(SpringApplication.java:1350)
	at com.aurionpro.papms.PaPmsApplication.main(PaPmsApplication.java:14)
	at java.base/jdk.internal.reflect.NativeMethodAccessorImpl.invoke0(Native Method)
	at java.base/jdk.internal.reflect.NativeMethodAccessorImpl.invoke(NativeMethodAccessorImpl.java:77)
	at java.base/jdk.internal.reflect.DelegatingMethodAccessorImpl.invoke(DelegatingMethodAccessorImpl.java:43)
	at java.base/java.lang.reflect.Method.invoke(Method.java:568)
	at org.springframework.boot.devtools.restart.RestartLauncher.run(RestartLauncher.java:50)
Caused by: java.lang.IllegalStateException: Logback configuration error detected: 
ERROR in ch.qos.logback.classic.pattern.ClassOfCallerConverter@6f3e17e8 - failed to parse integer string [1.] java.lang.NumberFormatException: For input string: "1."
ERROR in ch.qos.logback.classic.pattern.ClassOfCallerConverter@13dd1fe9 - failed to parse integer string [1.] java.lang.NumberFormatException: For input string: "1."
	at org.springframework.boot.logging.logback.LogbackLoggingSystem.reportConfigurationErrorsIfNecessary(LogbackLoggingSystem.java:289)
	at org.springframework.boot.logging.logback.LogbackLoggingSystem.loadConfiguration(LogbackLoggingSystem.java:267)
	at org.springframework.boot.logging.AbstractLoggingSystem.initializeWithConventions(AbstractLoggingSystem.java:81)
	at org.springframework.boot.logging.AbstractLoggingSystem.initialize(AbstractLoggingSystem.java:61)
	at org.springframework.boot.logging.logback.LogbackLoggingSystem.initialize(LogbackLoggingSystem.java:195)
	at org.springframework.boot.context.logging.LoggingApplicationListener.initializeSystem(LoggingApplicationListener.java:332)
	... 24 common frames omitted
	Suppressed: java.lang.NumberFormatException: For input string: "1."
		at java.base/java.lang.NumberFormatException.forInputString(NumberFormatException.java:67)
		at java.base/java.lang.Integer.parseInt(Integer.java:668)
		at java.base/java.lang.Integer.parseInt(Integer.java:786)
		at ch.qos.logback.classic.pattern.NamedConverter.start(NamedConverter.java:92)
		at ch.qos.logback.core.pattern.ConverterUtil.startConverters(ConverterUtil.java:37)
		at ch.qos.logback.core.pattern.PatternLayoutBase.start(PatternLayoutBase.java:148)
		at ch.qos.logback.classic.encoder.PatternLayoutEncoder.start(PatternLayoutEncoder.java:28)
		at ch.qos.logback.core.model.processor.ImplicitModelHandler.postHandleComplex(ImplicitModelHandler.java:207)
		at ch.qos.logback.core.model.processor.ImplicitModelHandler.postHandle(ImplicitModelHandler.java:186)
		at ch.qos.logback.core.model.processor.DefaultProcessor.secondPhaseTraverse(DefaultProcessor.java:257)
		at ch.qos.logback.core.model.processor.DefaultProcessor.secondPhaseTraverse(DefaultProcessor.java:253)
		at ch.qos.logback.core.model.processor.DefaultProcessor.secondPhaseTraverse(DefaultProcessor.java:253)
		at ch.qos.logback.core.model.processor.DefaultProcessor.traversalLoop(DefaultProcessor.java:90)
		at ch.qos.logback.core.model.processor.DefaultProcessor.process(DefaultProcessor.java:106)
		at ch.qos.logback.core.joran.GenericXMLConfigurator.processModel(GenericXMLConfigurator.java:222)
		at org.springframework.boot.logging.logback.SpringBootJoranConfigurator.processModel(SpringBootJoranConfigurator.java:136)
		at ch.qos.logback.core.joran.GenericXMLConfigurator.doConfigure(GenericXMLConfigurator.java:178)
		at ch.qos.logback.core.joran.GenericXMLConfigurator.doConfigure(GenericXMLConfigurator.java:123)
		at ch.qos.logback.core.joran.GenericXMLConfigurator.doConfigure(GenericXMLConfigurator.java:66)
		at org.springframework.boot.logging.logback.LogbackLoggingSystem.configureByResourceUrl(LogbackLoggingSystem.java:298)
		at org.springframework.boot.logging.logback.LogbackLoggingSystem.lambda$loadConfiguration$2(LogbackLoggingSystem.java:260)
		at org.springframework.boot.logging.logback.LogbackLoggingSystem.withLoggingSuppressed(LogbackLoggingSystem.java:481)
		at org.springframework.boot.logging.logback.LogbackLoggingSystem.loadConfiguration(LogbackLoggingSystem.java:252)
		... 28 common frames omitted
	Suppressed: java.lang.NumberFormatException: For input string: "1."
		at java.base/java.lang.NumberFormatException.forInputString(NumberFormatException.java:67)
		at java.base/java.lang.Integer.parseInt(Integer.java:668)
		at java.base/java.lang.Integer.parseInt(Integer.java:786)
		at ch.qos.logback.classic.pattern.NamedConverter.start(NamedConverter.java:92)
		at ch.qos.logback.core.pattern.ConverterUtil.startConverters(ConverterUtil.java:37)
		at ch.qos.logback.core.pattern.PatternLayoutBase.start(PatternLayoutBase.java:148)
		at ch.qos.logback.classic.encoder.PatternLayoutEncoder.start(PatternLayoutEncoder.java:28)
		at ch.qos.logback.core.model.processor.ImplicitModelHandler.postHandleComplex(ImplicitModelHandler.java:207)
		at ch.qos.logback.core.model.processor.ImplicitModelHandler.postHandle(ImplicitModelHandler.java:186)
		at ch.qos.logback.core.model.processor.DefaultProcessor.secondPhaseTraverse(DefaultProcessor.java:257)
		at ch.qos.logback.core.model.processor.DefaultProcessor.secondPhaseTraverse(DefaultProcessor.java:253)
		at ch.qos.logback.core.model.processor.DefaultProcessor.secondPhaseTraverse(DefaultProcessor.java:253)
		at ch.qos.logback.core.model.processor.DefaultProcessor.traversalLoop(DefaultProcessor.java:90)
		at ch.qos.logback.core.model.processor.DefaultProcessor.process(DefaultProcessor.java:106)
		at ch.qos.logback.core.joran.GenericXMLConfigurator.processModel(GenericXMLConfigurator.java:222)
		at org.springframework.boot.logging.logback.SpringBootJoranConfigurator.processModel(SpringBootJoranConfigurator.java:136)
		at ch.qos.logback.core.joran.GenericXMLConfigurator.doConfigure(GenericXMLConfigurator.java:178)
		at ch.qos.logback.core.joran.GenericXMLConfigurator.doConfigure(GenericXMLConfigurator.java:123)
		at ch.qos.logback.core.joran.GenericXMLConfigurator.doConfigure(GenericXMLConfigurator.java:66)
		at org.springframework.boot.logging.logback.LogbackLoggingSystem.configureByResourceUrl(LogbackLoggingSystem.java:298)
		at org.springframework.boot.logging.logback.LogbackLoggingSystem.lambda$loadConfiguration$2(LogbackLoggingSystem.java:260)
		at org.springframework.boot.logging.logback.LogbackLoggingSystem.withLoggingSuppressed(LogbackLoggingSystem.java:481)
		at org.springframework.boot.logging.logback.LogbackLoggingSystem.loadConfiguration(LogbackLoggingSystem.java:252)
		... 28 common frames omitted
2025-10-12 02:16:35,505 ERROR org.springframework.boot.SpringApplication [restartedMain] Application run failed
java.lang.IllegalStateException: java.lang.IllegalStateException: Logback configuration error detected: 
ERROR in ch.qos.logback.classic.pattern.ClassOfCallerConverter@26b8c284 - failed to parse integer string [1.] java.lang.NumberFormatException: For input string: "1."
ERROR in ch.qos.logback.classic.pattern.ClassOfCallerConverter@15292e43 - failed to parse integer string [1.] java.lang.NumberFormatException: For input string: "1."
	at org.springframework.boot.context.logging.LoggingApplicationListener.initializeSystem(LoggingApplicationListener.java:347)
	at org.springframework.boot.context.logging.LoggingApplicationListener.initialize(LoggingApplicationListener.java:298)
	at org.springframework.boot.context.logging.LoggingApplicationListener.onApplicationEnvironmentPreparedEvent(LoggingApplicationListener.java:246)
	at org.springframework.boot.context.logging.LoggingApplicationListener.onApplicationEvent(LoggingApplicationListener.java:223)
	at org.springframework.context.event.SimpleApplicationEventMulticaster.doInvokeListener(SimpleApplicationEventMulticaster.java:185)
	at org.springframework.context.event.SimpleApplicationEventMulticaster.invokeListener(SimpleApplicationEventMulticaster.java:178)
	at org.springframework.context.event.SimpleApplicationEventMulticaster.multicastEvent(SimpleApplicationEventMulticaster.java:156)
	at org.springframework.context.event.SimpleApplicationEventMulticaster.multicastEvent(SimpleApplicationEventMulticaster.java:138)
	at org.springframework.boot.context.event.EventPublishingRunListener.multicastInitialEvent(EventPublishingRunListener.java:136)
	at org.springframework.boot.context.event.EventPublishingRunListener.environmentPrepared(EventPublishingRunListener.java:81)
	at org.springframework.boot.SpringApplicationRunListeners.lambda$environmentPrepared$2(SpringApplicationRunListeners.java:64)
	at java.base/java.lang.Iterable.forEach(Iterable.java:75)
	at org.springframework.boot.SpringApplicationRunListeners.doWithListeners(SpringApplicationRunListeners.java:118)
	at org.springframework.boot.SpringApplicationRunListeners.doWithListeners(SpringApplicationRunListeners.java:112)
	at org.springframework.boot.SpringApplicationRunListeners.environmentPrepared(SpringApplicationRunListeners.java:63)
	at org.springframework.boot.SpringApplication.prepareEnvironment(SpringApplication.java:353)
	at org.springframework.boot.SpringApplication.run(SpringApplication.java:313)
	at org.springframework.boot.SpringApplication.run(SpringApplication.java:1361)
	at org.springframework.boot.SpringApplication.run(SpringApplication.java:1350)
	at com.aurionpro.papms.PaPmsApplication.main(PaPmsApplication.java:14)
	at java.base/jdk.internal.reflect.NativeMethodAccessorImpl.invoke0(Native Method)
	at java.base/jdk.internal.reflect.NativeMethodAccessorImpl.invoke(NativeMethodAccessorImpl.java:77)
	at java.base/jdk.internal.reflect.DelegatingMethodAccessorImpl.invoke(DelegatingMethodAccessorImpl.java:43)
	at java.base/java.lang.reflect.Method.invoke(Method.java:568)
	at org.springframework.boot.devtools.restart.RestartLauncher.run(RestartLauncher.java:50)
Caused by: java.lang.IllegalStateException: Logback configuration error detected: 
ERROR in ch.qos.logback.classic.pattern.ClassOfCallerConverter@26b8c284 - failed to parse integer string [1.] java.lang.NumberFormatException: For input string: "1."
ERROR in ch.qos.logback.classic.pattern.ClassOfCallerConverter@15292e43 - failed to parse integer string [1.] java.lang.NumberFormatException: For input string: "1."
	at org.springframework.boot.logging.logback.LogbackLoggingSystem.reportConfigurationErrorsIfNecessary(LogbackLoggingSystem.java:289)
	at org.springframework.boot.logging.logback.LogbackLoggingSystem.loadConfiguration(LogbackLoggingSystem.java:267)
	at org.springframework.boot.logging.AbstractLoggingSystem.initializeWithConventions(AbstractLoggingSystem.java:81)
	at org.springframework.boot.logging.AbstractLoggingSystem.initialize(AbstractLoggingSystem.java:61)
	at org.springframework.boot.logging.logback.LogbackLoggingSystem.initialize(LogbackLoggingSystem.java:195)
	at org.springframework.boot.context.logging.LoggingApplicationListener.initializeSystem(LoggingApplicationListener.java:332)
	... 24 common frames omitted
	Suppressed: java.lang.NumberFormatException: For input string: "1."
		at java.base/java.lang.NumberFormatException.forInputString(NumberFormatException.java:67)
		at java.base/java.lang.Integer.parseInt(Integer.java:668)
		at java.base/java.lang.Integer.parseInt(Integer.java:786)
		at ch.qos.logback.classic.pattern.NamedConverter.start(NamedConverter.java:92)
		at ch.qos.logback.core.pattern.ConverterUtil.startConverters(ConverterUtil.java:37)
		at ch.qos.logback.core.pattern.PatternLayoutBase.start(PatternLayoutBase.java:148)
		at ch.qos.logback.classic.encoder.PatternLayoutEncoder.start(PatternLayoutEncoder.java:28)
		at ch.qos.logback.core.model.processor.ImplicitModelHandler.postHandleComplex(ImplicitModelHandler.java:207)
		at ch.qos.logback.core.model.processor.ImplicitModelHandler.postHandle(ImplicitModelHandler.java:186)
		at ch.qos.logback.core.model.processor.DefaultProcessor.secondPhaseTraverse(DefaultProcessor.java:257)
		at ch.qos.logback.core.model.processor.DefaultProcessor.secondPhaseTraverse(DefaultProcessor.java:253)
		at ch.qos.logback.core.model.processor.DefaultProcessor.secondPhaseTraverse(DefaultProcessor.java:253)
		at ch.qos.logback.core.model.processor.DefaultProcessor.traversalLoop(DefaultProcessor.java:90)
		at ch.qos.logback.core.model.processor.DefaultProcessor.process(DefaultProcessor.java:106)
		at ch.qos.logback.core.joran.GenericXMLConfigurator.processModel(GenericXMLConfigurator.java:222)
		at org.springframework.boot.logging.logback.SpringBootJoranConfigurator.processModel(SpringBootJoranConfigurator.java:136)
		at ch.qos.logback.core.joran.GenericXMLConfigurator.doConfigure(GenericXMLConfigurator.java:178)
		at ch.qos.logback.core.joran.GenericXMLConfigurator.doConfigure(GenericXMLConfigurator.java:123)
		at ch.qos.logback.core.joran.GenericXMLConfigurator.doConfigure(GenericXMLConfigurator.java:66)
		at org.springframework.boot.logging.logback.LogbackLoggingSystem.configureByResourceUrl(LogbackLoggingSystem.java:298)
		at org.springframework.boot.logging.logback.LogbackLoggingSystem.lambda$loadConfiguration$2(LogbackLoggingSystem.java:260)
		at org.springframework.boot.logging.logback.LogbackLoggingSystem.withLoggingSuppressed(LogbackLoggingSystem.java:481)
		at org.springframework.boot.logging.logback.LogbackLoggingSystem.loadConfiguration(LogbackLoggingSystem.java:252)
		... 28 common frames omitted
	Suppressed: java.lang.NumberFormatException: For input string: "1."
		at java.base/java.lang.NumberFormatException.forInputString(NumberFormatException.java:67)
		at java.base/java.lang.Integer.parseInt(Integer.java:668)
		at java.base/java.lang.Integer.parseInt(Integer.java:786)
		at ch.qos.logback.classic.pattern.NamedConverter.start(NamedConverter.java:92)
		at ch.qos.logback.core.pattern.ConverterUtil.startConverters(ConverterUtil.java:37)
		at ch.qos.logback.core.pattern.PatternLayoutBase.start(PatternLayoutBase.java:148)
		at ch.qos.logback.classic.encoder.PatternLayoutEncoder.start(PatternLayoutEncoder.java:28)
		at ch.qos.logback.core.model.processor.ImplicitModelHandler.postHandleComplex(ImplicitModelHandler.java:207)
		at ch.qos.logback.core.model.processor.ImplicitModelHandler.postHandle(ImplicitModelHandler.java:186)
		at ch.qos.logback.core.model.processor.DefaultProcessor.secondPhaseTraverse(DefaultProcessor.java:257)
		at ch.qos.logback.core.model.processor.DefaultProcessor.secondPhaseTraverse(DefaultProcessor.java:253)
		at ch.qos.logback.core.model.processor.DefaultProcessor.secondPhaseTraverse(DefaultProcessor.java:253)
		at ch.qos.logback.core.model.processor.DefaultProcessor.traversalLoop(DefaultProcessor.java:90)
		at ch.qos.logback.core.model.processor.DefaultProcessor.process(DefaultProcessor.java:106)
		at ch.qos.logback.core.joran.GenericXMLConfigurator.processModel(GenericXMLConfigurator.java:222)
		at org.springframework.boot.logging.logback.SpringBootJoranConfigurator.processModel(SpringBootJoranConfigurator.java:136)
		at ch.qos.logback.core.joran.GenericXMLConfigurator.doConfigure(GenericXMLConfigurator.java:178)
		at ch.qos.logback.core.joran.GenericXMLConfigurator.doConfigure(GenericXMLConfigurator.java:123)
		at ch.qos.logback.core.joran.GenericXMLConfigurator.doConfigure(GenericXMLConfigurator.java:66)
		at org.springframework.boot.logging.logback.LogbackLoggingSystem.configureByResourceUrl(LogbackLoggingSystem.java:298)
		at org.springframework.boot.logging.logback.LogbackLoggingSystem.lambda$loadConfiguration$2(LogbackLoggingSystem.java:260)
		at org.springframework.boot.logging.logback.LogbackLoggingSystem.withLoggingSuppressed(LogbackLoggingSystem.java:481)
		at org.springframework.boot.logging.logback.LogbackLoggingSystem.loadConfiguration(LogbackLoggingSystem.java:252)
		... 28 common frames omitted
2025-10-12 02:16:58,839 ERROR org.springframework.boot.SpringApplication [restartedMain] Application run failed
java.lang.IllegalStateException: java.lang.IllegalStateException: Logback configuration error detected: 
ERROR in ch.qos.logback.classic.pattern.ClassOfCallerConverter@ceedad4 - failed to parse integer string [1.] java.lang.NumberFormatException: For input string: "1."
ERROR in ch.qos.logback.classic.pattern.ClassOfCallerConverter@1b8d9200 - failed to parse integer string [1.] java.lang.NumberFormatException: For input string: "1."
	at org.springframework.boot.context.logging.LoggingApplicationListener.initializeSystem(LoggingApplicationListener.java:347)
	at org.springframework.boot.context.logging.LoggingApplicationListener.initialize(LoggingApplicationListener.java:298)
	at org.springframework.boot.context.logging.LoggingApplicationListener.onApplicationEnvironmentPreparedEvent(LoggingApplicationListener.java:246)
	at org.springframework.boot.context.logging.LoggingApplicationListener.onApplicationEvent(LoggingApplicationListener.java:223)
	at org.springframework.context.event.SimpleApplicationEventMulticaster.doInvokeListener(SimpleApplicationEventMulticaster.java:185)
	at org.springframework.context.event.SimpleApplicationEventMulticaster.invokeListener(SimpleApplicationEventMulticaster.java:178)
	at org.springframework.context.event.SimpleApplicationEventMulticaster.multicastEvent(SimpleApplicationEventMulticaster.java:156)
	at org.springframework.context.event.SimpleApplicationEventMulticaster.multicastEvent(SimpleApplicationEventMulticaster.java:138)
	at org.springframework.boot.context.event.EventPublishingRunListener.multicastInitialEvent(EventPublishingRunListener.java:136)
	at org.springframework.boot.context.event.EventPublishingRunListener.environmentPrepared(EventPublishingRunListener.java:81)
	at org.springframework.boot.SpringApplicationRunListeners.lambda$environmentPrepared$2(SpringApplicationRunListeners.java:64)
	at java.base/java.lang.Iterable.forEach(Iterable.java:75)
	at org.springframework.boot.SpringApplicationRunListeners.doWithListeners(SpringApplicationRunListeners.java:118)
	at org.springframework.boot.SpringApplicationRunListeners.doWithListeners(SpringApplicationRunListeners.java:112)
	at org.springframework.boot.SpringApplicationRunListeners.environmentPrepared(SpringApplicationRunListeners.java:63)
	at org.springframework.boot.SpringApplication.prepareEnvironment(SpringApplication.java:353)
	at org.springframework.boot.SpringApplication.run(SpringApplication.java:313)
	at org.springframework.boot.SpringApplication.run(SpringApplication.java:1361)
	at org.springframework.boot.SpringApplication.run(SpringApplication.java:1350)
	at com.aurionpro.papms.PaPmsApplication.main(PaPmsApplication.java:14)
	at java.base/jdk.internal.reflect.NativeMethodAccessorImpl.invoke0(Native Method)
	at java.base/jdk.internal.reflect.NativeMethodAccessorImpl.invoke(NativeMethodAccessorImpl.java:77)
	at java.base/jdk.internal.reflect.DelegatingMethodAccessorImpl.invoke(DelegatingMethodAccessorImpl.java:43)
	at java.base/java.lang.reflect.Method.invoke(Method.java:568)
	at org.springframework.boot.devtools.restart.RestartLauncher.run(RestartLauncher.java:50)
Caused by: java.lang.IllegalStateException: Logback configuration error detected: 
ERROR in ch.qos.logback.classic.pattern.ClassOfCallerConverter@ceedad4 - failed to parse integer string [1.] java.lang.NumberFormatException: For input string: "1."
ERROR in ch.qos.logback.classic.pattern.ClassOfCallerConverter@1b8d9200 - failed to parse integer string [1.] java.lang.NumberFormatException: For input string: "1."
	at org.springframework.boot.logging.logback.LogbackLoggingSystem.reportConfigurationErrorsIfNecessary(LogbackLoggingSystem.java:289)
	at org.springframework.boot.logging.logback.LogbackLoggingSystem.loadConfiguration(LogbackLoggingSystem.java:267)
	at org.springframework.boot.logging.AbstractLoggingSystem.initializeWithConventions(AbstractLoggingSystem.java:81)
	at org.springframework.boot.logging.AbstractLoggingSystem.initialize(AbstractLoggingSystem.java:61)
	at org.springframework.boot.logging.logback.LogbackLoggingSystem.initialize(LogbackLoggingSystem.java:195)
	at org.springframework.boot.context.logging.LoggingApplicationListener.initializeSystem(LoggingApplicationListener.java:332)
	... 24 common frames omitted
	Suppressed: java.lang.NumberFormatException: For input string: "1."
		at java.base/java.lang.NumberFormatException.forInputString(NumberFormatException.java:67)
		at java.base/java.lang.Integer.parseInt(Integer.java:668)
		at java.base/java.lang.Integer.parseInt(Integer.java:786)
		at ch.qos.logback.classic.pattern.NamedConverter.start(NamedConverter.java:92)
		at ch.qos.logback.core.pattern.ConverterUtil.startConverters(ConverterUtil.java:37)
		at ch.qos.logback.core.pattern.PatternLayoutBase.start(PatternLayoutBase.java:148)
		at ch.qos.logback.classic.encoder.PatternLayoutEncoder.start(PatternLayoutEncoder.java:28)
		at ch.qos.logback.core.model.processor.ImplicitModelHandler.postHandleComplex(ImplicitModelHandler.java:207)
		at ch.qos.logback.core.model.processor.ImplicitModelHandler.postHandle(ImplicitModelHandler.java:186)
		at ch.qos.logback.core.model.processor.DefaultProcessor.secondPhaseTraverse(DefaultProcessor.java:257)
		at ch.qos.logback.core.model.processor.DefaultProcessor.secondPhaseTraverse(DefaultProcessor.java:253)
		at ch.qos.logback.core.model.processor.DefaultProcessor.secondPhaseTraverse(DefaultProcessor.java:253)
		at ch.qos.logback.core.model.processor.DefaultProcessor.traversalLoop(DefaultProcessor.java:90)
		at ch.qos.logback.core.model.processor.DefaultProcessor.process(DefaultProcessor.java:106)
		at ch.qos.logback.core.joran.GenericXMLConfigurator.processModel(GenericXMLConfigurator.java:222)
		at org.springframework.boot.logging.logback.SpringBootJoranConfigurator.processModel(SpringBootJoranConfigurator.java:136)
		at ch.qos.logback.core.joran.GenericXMLConfigurator.doConfigure(GenericXMLConfigurator.java:178)
		at ch.qos.logback.core.joran.GenericXMLConfigurator.doConfigure(GenericXMLConfigurator.java:123)
		at ch.qos.logback.core.joran.GenericXMLConfigurator.doConfigure(GenericXMLConfigurator.java:66)
		at org.springframework.boot.logging.logback.LogbackLoggingSystem.configureByResourceUrl(LogbackLoggingSystem.java:298)
		at org.springframework.boot.logging.logback.LogbackLoggingSystem.lambda$loadConfiguration$2(LogbackLoggingSystem.java:260)
		at org.springframework.boot.logging.logback.LogbackLoggingSystem.withLoggingSuppressed(LogbackLoggingSystem.java:481)
		at org.springframework.boot.logging.logback.LogbackLoggingSystem.loadConfiguration(LogbackLoggingSystem.java:252)
		... 28 common frames omitted
	Suppressed: java.lang.NumberFormatException: For input string: "1."
		at java.base/java.lang.NumberFormatException.forInputString(NumberFormatException.java:67)
		at java.base/java.lang.Integer.parseInt(Integer.java:668)
		at java.base/java.lang.Integer.parseInt(Integer.java:786)
		at ch.qos.logback.classic.pattern.NamedConverter.start(NamedConverter.java:92)
		at ch.qos.logback.core.pattern.ConverterUtil.startConverters(ConverterUtil.java:37)
		at ch.qos.logback.core.pattern.PatternLayoutBase.start(PatternLayoutBase.java:148)
		at ch.qos.logback.classic.encoder.PatternLayoutEncoder.start(PatternLayoutEncoder.java:28)
		at ch.qos.logback.core.model.processor.ImplicitModelHandler.postHandleComplex(ImplicitModelHandler.java:207)
		at ch.qos.logback.core.model.processor.ImplicitModelHandler.postHandle(ImplicitModelHandler.java:186)
		at ch.qos.logback.core.model.processor.DefaultProcessor.secondPhaseTraverse(DefaultProcessor.java:257)
		at ch.qos.logback.core.model.processor.DefaultProcessor.secondPhaseTraverse(DefaultProcessor.java:253)
		at ch.qos.logback.core.model.processor.DefaultProcessor.secondPhaseTraverse(DefaultProcessor.java:253)
		at ch.qos.logback.core.model.processor.DefaultProcessor.traversalLoop(DefaultProcessor.java:90)
		at ch.qos.logback.core.model.processor.DefaultProcessor.process(DefaultProcessor.java:106)
		at ch.qos.logback.core.joran.GenericXMLConfigurator.processModel(GenericXMLConfigurator.java:222)
		at org.springframework.boot.logging.logback.SpringBootJoranConfigurator.processModel(SpringBootJoranConfigurator.java:136)
		at ch.qos.logback.core.joran.GenericXMLConfigurator.doConfigure(GenericXMLConfigurator.java:178)
		at ch.qos.logback.core.joran.GenericXMLConfigurator.doConfigure(GenericXMLConfigurator.java:123)
		at ch.qos.logback.core.joran.GenericXMLConfigurator.doConfigure(GenericXMLConfigurator.java:66)
		at org.springframework.boot.logging.logback.LogbackLoggingSystem.configureByResourceUrl(LogbackLoggingSystem.java:298)
		at org.springframework.boot.logging.logback.LogbackLoggingSystem.lambda$loadConfiguration$2(LogbackLoggingSystem.java:260)
		at org.springframework.boot.logging.logback.LogbackLoggingSystem.withLoggingSuppressed(LogbackLoggingSystem.java:481)
		at org.springframework.boot.logging.logback.LogbackLoggingSystem.loadConfiguration(LogbackLoggingSystem.java:252)
		... 28 common frames omitted
2025-10-12 02:17:00,576 ERROR org.springframework.boot.SpringApplication [restartedMain] Application run failed
java.lang.IllegalStateException: java.lang.IllegalStateException: Logback configuration error detected: 
ERROR in ch.qos.logback.classic.pattern.ClassOfCallerConverter@fcf21f4 - failed to parse integer string [1.] java.lang.NumberFormatException: For input string: "1."
ERROR in ch.qos.logback.classic.pattern.ClassOfCallerConverter@1fd45b6f - failed to parse integer string [1.] java.lang.NumberFormatException: For input string: "1."
	at org.springframework.boot.context.logging.LoggingApplicationListener.initializeSystem(LoggingApplicationListener.java:347)
	at org.springframework.boot.context.logging.LoggingApplicationListener.initialize(LoggingApplicationListener.java:298)
	at org.springframework.boot.context.logging.LoggingApplicationListener.onApplicationEnvironmentPreparedEvent(LoggingApplicationListener.java:246)
	at org.springframework.boot.context.logging.LoggingApplicationListener.onApplicationEvent(LoggingApplicationListener.java:223)
	at org.springframework.context.event.SimpleApplicationEventMulticaster.doInvokeListener(SimpleApplicationEventMulticaster.java:185)
	at org.springframework.context.event.SimpleApplicationEventMulticaster.invokeListener(SimpleApplicationEventMulticaster.java:178)
	at org.springframework.context.event.SimpleApplicationEventMulticaster.multicastEvent(SimpleApplicationEventMulticaster.java:156)
	at org.springframework.context.event.SimpleApplicationEventMulticaster.multicastEvent(SimpleApplicationEventMulticaster.java:138)
	at org.springframework.boot.context.event.EventPublishingRunListener.multicastInitialEvent(EventPublishingRunListener.java:136)
	at org.springframework.boot.context.event.EventPublishingRunListener.environmentPrepared(EventPublishingRunListener.java:81)
	at org.springframework.boot.SpringApplicationRunListeners.lambda$environmentPrepared$2(SpringApplicationRunListeners.java:64)
	at java.base/java.lang.Iterable.forEach(Iterable.java:75)
	at org.springframework.boot.SpringApplicationRunListeners.doWithListeners(SpringApplicationRunListeners.java:118)
	at org.springframework.boot.SpringApplicationRunListeners.doWithListeners(SpringApplicationRunListeners.java:112)
	at org.springframework.boot.SpringApplicationRunListeners.environmentPrepared(SpringApplicationRunListeners.java:63)
	at org.springframework.boot.SpringApplication.prepareEnvironment(SpringApplication.java:353)
	at org.springframework.boot.SpringApplication.run(SpringApplication.java:313)
	at org.springframework.boot.SpringApplication.run(SpringApplication.java:1361)
	at org.springframework.boot.SpringApplication.run(SpringApplication.java:1350)
	at com.aurionpro.papms.PaPmsApplication.main(PaPmsApplication.java:14)
	at java.base/jdk.internal.reflect.NativeMethodAccessorImpl.invoke0(Native Method)
	at java.base/jdk.internal.reflect.NativeMethodAccessorImpl.invoke(NativeMethodAccessorImpl.java:77)
	at java.base/jdk.internal.reflect.DelegatingMethodAccessorImpl.invoke(DelegatingMethodAccessorImpl.java:43)
	at java.base/java.lang.reflect.Method.invoke(Method.java:568)
	at org.springframework.boot.devtools.restart.RestartLauncher.run(RestartLauncher.java:50)
Caused by: java.lang.IllegalStateException: Logback configuration error detected: 
ERROR in ch.qos.logback.classic.pattern.ClassOfCallerConverter@fcf21f4 - failed to parse integer string [1.] java.lang.NumberFormatException: For input string: "1."
ERROR in ch.qos.logback.classic.pattern.ClassOfCallerConverter@1fd45b6f - failed to parse integer string [1.] java.lang.NumberFormatException: For input string: "1."
	at org.springframework.boot.logging.logback.LogbackLoggingSystem.reportConfigurationErrorsIfNecessary(LogbackLoggingSystem.java:289)
	at org.springframework.boot.logging.logback.LogbackLoggingSystem.loadConfiguration(LogbackLoggingSystem.java:267)
	at org.springframework.boot.logging.AbstractLoggingSystem.initializeWithConventions(AbstractLoggingSystem.java:81)
	at org.springframework.boot.logging.AbstractLoggingSystem.initialize(AbstractLoggingSystem.java:61)
	at org.springframework.boot.logging.logback.LogbackLoggingSystem.initialize(LogbackLoggingSystem.java:195)
	at org.springframework.boot.context.logging.LoggingApplicationListener.initializeSystem(LoggingApplicationListener.java:332)
	... 24 common frames omitted
	Suppressed: java.lang.NumberFormatException: For input string: "1."
		at java.base/java.lang.NumberFormatException.forInputString(NumberFormatException.java:67)
		at java.base/java.lang.Integer.parseInt(Integer.java:668)
		at java.base/java.lang.Integer.parseInt(Integer.java:786)
		at ch.qos.logback.classic.pattern.NamedConverter.start(NamedConverter.java:92)
		at ch.qos.logback.core.pattern.ConverterUtil.startConverters(ConverterUtil.java:37)
		at ch.qos.logback.core.pattern.PatternLayoutBase.start(PatternLayoutBase.java:148)
		at ch.qos.logback.classic.encoder.PatternLayoutEncoder.start(PatternLayoutEncoder.java:28)
		at ch.qos.logback.core.model.processor.ImplicitModelHandler.postHandleComplex(ImplicitModelHandler.java:207)
		at ch.qos.logback.core.model.processor.ImplicitModelHandler.postHandle(ImplicitModelHandler.java:186)
		at ch.qos.logback.core.model.processor.DefaultProcessor.secondPhaseTraverse(DefaultProcessor.java:257)
		at ch.qos.logback.core.model.processor.DefaultProcessor.secondPhaseTraverse(DefaultProcessor.java:253)
		at ch.qos.logback.core.model.processor.DefaultProcessor.secondPhaseTraverse(DefaultProcessor.java:253)
		at ch.qos.logback.core.model.processor.DefaultProcessor.traversalLoop(DefaultProcessor.java:90)
		at ch.qos.logback.core.model.processor.DefaultProcessor.process(DefaultProcessor.java:106)
		at ch.qos.logback.core.joran.GenericXMLConfigurator.processModel(GenericXMLConfigurator.java:222)
		at org.springframework.boot.logging.logback.SpringBootJoranConfigurator.processModel(SpringBootJoranConfigurator.java:136)
		at ch.qos.logback.core.joran.GenericXMLConfigurator.doConfigure(GenericXMLConfigurator.java:178)
		at ch.qos.logback.core.joran.GenericXMLConfigurator.doConfigure(GenericXMLConfigurator.java:123)
		at ch.qos.logback.core.joran.GenericXMLConfigurator.doConfigure(GenericXMLConfigurator.java:66)
		at org.springframework.boot.logging.logback.LogbackLoggingSystem.configureByResourceUrl(LogbackLoggingSystem.java:298)
		at org.springframework.boot.logging.logback.LogbackLoggingSystem.lambda$loadConfiguration$2(LogbackLoggingSystem.java:260)
		at org.springframework.boot.logging.logback.LogbackLoggingSystem.withLoggingSuppressed(LogbackLoggingSystem.java:481)
		at org.springframework.boot.logging.logback.LogbackLoggingSystem.loadConfiguration(LogbackLoggingSystem.java:252)
		... 28 common frames omitted
	Suppressed: java.lang.NumberFormatException: For input string: "1."
		at java.base/java.lang.NumberFormatException.forInputString(NumberFormatException.java:67)
		at java.base/java.lang.Integer.parseInt(Integer.java:668)
		at java.base/java.lang.Integer.parseInt(Integer.java:786)
		at ch.qos.logback.classic.pattern.NamedConverter.start(NamedConverter.java:92)
		at ch.qos.logback.core.pattern.ConverterUtil.startConverters(ConverterUtil.java:37)
		at ch.qos.logback.core.pattern.PatternLayoutBase.start(PatternLayoutBase.java:148)
		at ch.qos.logback.classic.encoder.PatternLayoutEncoder.start(PatternLayoutEncoder.java:28)
		at ch.qos.logback.core.model.processor.ImplicitModelHandler.postHandleComplex(ImplicitModelHandler.java:207)
		at ch.qos.logback.core.model.processor.ImplicitModelHandler.postHandle(ImplicitModelHandler.java:186)
		at ch.qos.logback.core.model.processor.DefaultProcessor.secondPhaseTraverse(DefaultProcessor.java:257)
		at ch.qos.logback.core.model.processor.DefaultProcessor.secondPhaseTraverse(DefaultProcessor.java:253)
		at ch.qos.logback.core.model.processor.DefaultProcessor.secondPhaseTraverse(DefaultProcessor.java:253)
		at ch.qos.logback.core.model.processor.DefaultProcessor.traversalLoop(DefaultProcessor.java:90)
		at ch.qos.logback.core.model.processor.DefaultProcessor.process(DefaultProcessor.java:106)
		at ch.qos.logback.core.joran.GenericXMLConfigurator.processModel(GenericXMLConfigurator.java:222)
		at org.springframework.boot.logging.logback.SpringBootJoranConfigurator.processModel(SpringBootJoranConfigurator.java:136)
		at ch.qos.logback.core.joran.GenericXMLConfigurator.doConfigure(GenericXMLConfigurator.java:178)
		at ch.qos.logback.core.joran.GenericXMLConfigurator.doConfigure(GenericXMLConfigurator.java:123)
		at ch.qos.logback.core.joran.GenericXMLConfigurator.doConfigure(GenericXMLConfigurator.java:66)
		at org.springframework.boot.logging.logback.LogbackLoggingSystem.configureByResourceUrl(LogbackLoggingSystem.java:298)
		at org.springframework.boot.logging.logback.LogbackLoggingSystem.lambda$loadConfiguration$2(LogbackLoggingSystem.java:260)
		at org.springframework.boot.logging.logback.LogbackLoggingSystem.withLoggingSuppressed(LogbackLoggingSystem.java:481)
		at org.springframework.boot.logging.logback.LogbackLoggingSystem.loadConfiguration(LogbackLoggingSystem.java:252)
		... 28 common frames omitted
2025-10-12 02:17:05,187 ERROR org.springframework.boot.SpringApplication [restartedMain] Application run failed
java.lang.IllegalStateException: java.lang.IllegalStateException: Logback configuration error detected: 
ERROR in ch.qos.logback.classic.pattern.ClassOfCallerConverter@4e2a3040 - failed to parse integer string [1.] java.lang.NumberFormatException: For input string: "1."
ERROR in ch.qos.logback.classic.pattern.ClassOfCallerConverter@79dfc6f1 - failed to parse integer string [1.] java.lang.NumberFormatException: For input string: "1."
	at org.springframework.boot.context.logging.LoggingApplicationListener.initializeSystem(LoggingApplicationListener.java:347)
	at org.springframework.boot.context.logging.LoggingApplicationListener.initialize(LoggingApplicationListener.java:298)
	at org.springframework.boot.context.logging.LoggingApplicationListener.onApplicationEnvironmentPreparedEvent(LoggingApplicationListener.java:246)
	at org.springframework.boot.context.logging.LoggingApplicationListener.onApplicationEvent(LoggingApplicationListener.java:223)
	at org.springframework.context.event.SimpleApplicationEventMulticaster.doInvokeListener(SimpleApplicationEventMulticaster.java:185)
	at org.springframework.context.event.SimpleApplicationEventMulticaster.invokeListener(SimpleApplicationEventMulticaster.java:178)
	at org.springframework.context.event.SimpleApplicationEventMulticaster.multicastEvent(SimpleApplicationEventMulticaster.java:156)
	at org.springframework.context.event.SimpleApplicationEventMulticaster.multicastEvent(SimpleApplicationEventMulticaster.java:138)
	at org.springframework.boot.context.event.EventPublishingRunListener.multicastInitialEvent(EventPublishingRunListener.java:136)
	at org.springframework.boot.context.event.EventPublishingRunListener.environmentPrepared(EventPublishingRunListener.java:81)
	at org.springframework.boot.SpringApplicationRunListeners.lambda$environmentPrepared$2(SpringApplicationRunListeners.java:64)
	at java.base/java.lang.Iterable.forEach(Iterable.java:75)
	at org.springframework.boot.SpringApplicationRunListeners.doWithListeners(SpringApplicationRunListeners.java:118)
	at org.springframework.boot.SpringApplicationRunListeners.doWithListeners(SpringApplicationRunListeners.java:112)
	at org.springframework.boot.SpringApplicationRunListeners.environmentPrepared(SpringApplicationRunListeners.java:63)
	at org.springframework.boot.SpringApplication.prepareEnvironment(SpringApplication.java:353)
	at org.springframework.boot.SpringApplication.run(SpringApplication.java:313)
	at org.springframework.boot.SpringApplication.run(SpringApplication.java:1361)
	at org.springframework.boot.SpringApplication.run(SpringApplication.java:1350)
	at com.aurionpro.papms.PaPmsApplication.main(PaPmsApplication.java:14)
	at java.base/jdk.internal.reflect.NativeMethodAccessorImpl.invoke0(Native Method)
	at java.base/jdk.internal.reflect.NativeMethodAccessorImpl.invoke(NativeMethodAccessorImpl.java:77)
	at java.base/jdk.internal.reflect.DelegatingMethodAccessorImpl.invoke(DelegatingMethodAccessorImpl.java:43)
	at java.base/java.lang.reflect.Method.invoke(Method.java:568)
	at org.springframework.boot.devtools.restart.RestartLauncher.run(RestartLauncher.java:50)
Caused by: java.lang.IllegalStateException: Logback configuration error detected: 
ERROR in ch.qos.logback.classic.pattern.ClassOfCallerConverter@4e2a3040 - failed to parse integer string [1.] java.lang.NumberFormatException: For input string: "1."
ERROR in ch.qos.logback.classic.pattern.ClassOfCallerConverter@79dfc6f1 - failed to parse integer string [1.] java.lang.NumberFormatException: For input string: "1."
	at org.springframework.boot.logging.logback.LogbackLoggingSystem.reportConfigurationErrorsIfNecessary(LogbackLoggingSystem.java:289)
	at org.springframework.boot.logging.logback.LogbackLoggingSystem.loadConfiguration(LogbackLoggingSystem.java:267)
	at org.springframework.boot.logging.AbstractLoggingSystem.initializeWithConventions(AbstractLoggingSystem.java:81)
	at org.springframework.boot.logging.AbstractLoggingSystem.initialize(AbstractLoggingSystem.java:61)
	at org.springframework.boot.logging.logback.LogbackLoggingSystem.initialize(LogbackLoggingSystem.java:195)
	at org.springframework.boot.context.logging.LoggingApplicationListener.initializeSystem(LoggingApplicationListener.java:332)
	... 24 common frames omitted
	Suppressed: java.lang.NumberFormatException: For input string: "1."
		at java.base/java.lang.NumberFormatException.forInputString(NumberFormatException.java:67)
		at java.base/java.lang.Integer.parseInt(Integer.java:668)
		at java.base/java.lang.Integer.parseInt(Integer.java:786)
		at ch.qos.logback.classic.pattern.NamedConverter.start(NamedConverter.java:92)
		at ch.qos.logback.core.pattern.ConverterUtil.startConverters(ConverterUtil.java:37)
		at ch.qos.logback.core.pattern.PatternLayoutBase.start(PatternLayoutBase.java:148)
		at ch.qos.logback.classic.encoder.PatternLayoutEncoder.start(PatternLayoutEncoder.java:28)
		at ch.qos.logback.core.model.processor.ImplicitModelHandler.postHandleComplex(ImplicitModelHandler.java:207)
		at ch.qos.logback.core.model.processor.ImplicitModelHandler.postHandle(ImplicitModelHandler.java:186)
		at ch.qos.logback.core.model.processor.DefaultProcessor.secondPhaseTraverse(DefaultProcessor.java:257)
		at ch.qos.logback.core.model.processor.DefaultProcessor.secondPhaseTraverse(DefaultProcessor.java:253)
		at ch.qos.logback.core.model.processor.DefaultProcessor.secondPhaseTraverse(DefaultProcessor.java:253)
		at ch.qos.logback.core.model.processor.DefaultProcessor.traversalLoop(DefaultProcessor.java:90)
		at ch.qos.logback.core.model.processor.DefaultProcessor.process(DefaultProcessor.java:106)
		at ch.qos.logback.core.joran.GenericXMLConfigurator.processModel(GenericXMLConfigurator.java:222)
		at org.springframework.boot.logging.logback.SpringBootJoranConfigurator.processModel(SpringBootJoranConfigurator.java:136)
		at ch.qos.logback.core.joran.GenericXMLConfigurator.doConfigure(GenericXMLConfigurator.java:178)
		at ch.qos.logback.core.joran.GenericXMLConfigurator.doConfigure(GenericXMLConfigurator.java:123)
		at ch.qos.logback.core.joran.GenericXMLConfigurator.doConfigure(GenericXMLConfigurator.java:66)
		at org.springframework.boot.logging.logback.LogbackLoggingSystem.configureByResourceUrl(LogbackLoggingSystem.java:298)
		at org.springframework.boot.logging.logback.LogbackLoggingSystem.lambda$loadConfiguration$2(LogbackLoggingSystem.java:260)
		at org.springframework.boot.logging.logback.LogbackLoggingSystem.withLoggingSuppressed(LogbackLoggingSystem.java:481)
		at org.springframework.boot.logging.logback.LogbackLoggingSystem.loadConfiguration(LogbackLoggingSystem.java:252)
		... 28 common frames omitted
	Suppressed: java.lang.NumberFormatException: For input string: "1."
		at java.base/java.lang.NumberFormatException.forInputString(NumberFormatException.java:67)
		at java.base/java.lang.Integer.parseInt(Integer.java:668)
		at java.base/java.lang.Integer.parseInt(Integer.java:786)
		at ch.qos.logback.classic.pattern.NamedConverter.start(NamedConverter.java:92)
		at ch.qos.logback.core.pattern.ConverterUtil.startConverters(ConverterUtil.java:37)
		at ch.qos.logback.core.pattern.PatternLayoutBase.start(PatternLayoutBase.java:148)
		at ch.qos.logback.classic.encoder.PatternLayoutEncoder.start(PatternLayoutEncoder.java:28)
		at ch.qos.logback.core.model.processor.ImplicitModelHandler.postHandleComplex(ImplicitModelHandler.java:207)
		at ch.qos.logback.core.model.processor.ImplicitModelHandler.postHandle(ImplicitModelHandler.java:186)
		at ch.qos.logback.core.model.processor.DefaultProcessor.secondPhaseTraverse(DefaultProcessor.java:257)
		at ch.qos.logback.core.model.processor.DefaultProcessor.secondPhaseTraverse(DefaultProcessor.java:253)
		at ch.qos.logback.core.model.processor.DefaultProcessor.secondPhaseTraverse(DefaultProcessor.java:253)
		at ch.qos.logback.core.model.processor.DefaultProcessor.traversalLoop(DefaultProcessor.java:90)
		at ch.qos.logback.core.model.processor.DefaultProcessor.process(DefaultProcessor.java:106)
		at ch.qos.logback.core.joran.GenericXMLConfigurator.processModel(GenericXMLConfigurator.java:222)
		at org.springframework.boot.logging.logback.SpringBootJoranConfigurator.processModel(SpringBootJoranConfigurator.java:136)
		at ch.qos.logback.core.joran.GenericXMLConfigurator.doConfigure(GenericXMLConfigurator.java:178)
		at ch.qos.logback.core.joran.GenericXMLConfigurator.doConfigure(GenericXMLConfigurator.java:123)
		at ch.qos.logback.core.joran.GenericXMLConfigurator.doConfigure(GenericXMLConfigurator.java:66)
		at org.springframework.boot.logging.logback.LogbackLoggingSystem.configureByResourceUrl(LogbackLoggingSystem.java:298)
		at org.springframework.boot.logging.logback.LogbackLoggingSystem.lambda$loadConfiguration$2(LogbackLoggingSystem.java:260)
		at org.springframework.boot.logging.logback.LogbackLoggingSystem.withLoggingSuppressed(LogbackLoggingSystem.java:481)
		at org.springframework.boot.logging.logback.LogbackLoggingSystem.loadConfiguration(LogbackLoggingSystem.java:252)
		... 28 common frames omitted
2025-10-12 02:17:10,888 ERROR org.springframework.boot.SpringApplication [restartedMain] Application run failed
java.lang.IllegalStateException: java.lang.IllegalStateException: Logback configuration error detected: 
ERROR in ch.qos.logback.classic.pattern.ClassOfCallerConverter@3bfcb3c9 - failed to parse integer string [1.] java.lang.NumberFormatException: For input string: "1."
ERROR in ch.qos.logback.classic.pattern.ClassOfCallerConverter@48438651 - failed to parse integer string [1.] java.lang.NumberFormatException: For input string: "1."
	at org.springframework.boot.context.logging.LoggingApplicationListener.initializeSystem(LoggingApplicationListener.java:347)
	at org.springframework.boot.context.logging.LoggingApplicationListener.initialize(LoggingApplicationListener.java:298)
	at org.springframework.boot.context.logging.LoggingApplicationListener.onApplicationEnvironmentPreparedEvent(LoggingApplicationListener.java:246)
	at org.springframework.boot.context.logging.LoggingApplicationListener.onApplicationEvent(LoggingApplicationListener.java:223)
	at org.springframework.context.event.SimpleApplicationEventMulticaster.doInvokeListener(SimpleApplicationEventMulticaster.java:185)
	at org.springframework.context.event.SimpleApplicationEventMulticaster.invokeListener(SimpleApplicationEventMulticaster.java:178)
	at org.springframework.context.event.SimpleApplicationEventMulticaster.multicastEvent(SimpleApplicationEventMulticaster.java:156)
	at org.springframework.context.event.SimpleApplicationEventMulticaster.multicastEvent(SimpleApplicationEventMulticaster.java:138)
	at org.springframework.boot.context.event.EventPublishingRunListener.multicastInitialEvent(EventPublishingRunListener.java:136)
	at org.springframework.boot.context.event.EventPublishingRunListener.environmentPrepared(EventPublishingRunListener.java:81)
	at org.springframework.boot.SpringApplicationRunListeners.lambda$environmentPrepared$2(SpringApplicationRunListeners.java:64)
	at java.base/java.lang.Iterable.forEach(Iterable.java:75)
	at org.springframework.boot.SpringApplicationRunListeners.doWithListeners(SpringApplicationRunListeners.java:118)
	at org.springframework.boot.SpringApplicationRunListeners.doWithListeners(SpringApplicationRunListeners.java:112)
	at org.springframework.boot.SpringApplicationRunListeners.environmentPrepared(SpringApplicationRunListeners.java:63)
	at org.springframework.boot.SpringApplication.prepareEnvironment(SpringApplication.java:353)
	at org.springframework.boot.SpringApplication.run(SpringApplication.java:313)
	at org.springframework.boot.SpringApplication.run(SpringApplication.java:1361)
	at org.springframework.boot.SpringApplication.run(SpringApplication.java:1350)
	at com.aurionpro.papms.PaPmsApplication.main(PaPmsApplication.java:14)
	at java.base/jdk.internal.reflect.NativeMethodAccessorImpl.invoke0(Native Method)
	at java.base/jdk.internal.reflect.NativeMethodAccessorImpl.invoke(NativeMethodAccessorImpl.java:77)
	at java.base/jdk.internal.reflect.DelegatingMethodAccessorImpl.invoke(DelegatingMethodAccessorImpl.java:43)
	at java.base/java.lang.reflect.Method.invoke(Method.java:568)
	at org.springframework.boot.devtools.restart.RestartLauncher.run(RestartLauncher.java:50)
Caused by: java.lang.IllegalStateException: Logback configuration error detected: 
ERROR in ch.qos.logback.classic.pattern.ClassOfCallerConverter@3bfcb3c9 - failed to parse integer string [1.] java.lang.NumberFormatException: For input string: "1."
ERROR in ch.qos.logback.classic.pattern.ClassOfCallerConverter@48438651 - failed to parse integer string [1.] java.lang.NumberFormatException: For input string: "1."
	at org.springframework.boot.logging.logback.LogbackLoggingSystem.reportConfigurationErrorsIfNecessary(LogbackLoggingSystem.java:289)
	at org.springframework.boot.logging.logback.LogbackLoggingSystem.loadConfiguration(LogbackLoggingSystem.java:267)
	at org.springframework.boot.logging.AbstractLoggingSystem.initializeWithConventions(AbstractLoggingSystem.java:81)
	at org.springframework.boot.logging.AbstractLoggingSystem.initialize(AbstractLoggingSystem.java:61)
	at org.springframework.boot.logging.logback.LogbackLoggingSystem.initialize(LogbackLoggingSystem.java:195)
	at org.springframework.boot.context.logging.LoggingApplicationListener.initializeSystem(LoggingApplicationListener.java:332)
	... 24 common frames omitted
	Suppressed: java.lang.NumberFormatException: For input string: "1."
		at java.base/java.lang.NumberFormatException.forInputString(NumberFormatException.java:67)
		at java.base/java.lang.Integer.parseInt(Integer.java:668)
		at java.base/java.lang.Integer.parseInt(Integer.java:786)
		at ch.qos.logback.classic.pattern.NamedConverter.start(NamedConverter.java:92)
		at ch.qos.logback.core.pattern.ConverterUtil.startConverters(ConverterUtil.java:37)
		at ch.qos.logback.core.pattern.PatternLayoutBase.start(PatternLayoutBase.java:148)
		at ch.qos.logback.classic.encoder.PatternLayoutEncoder.start(PatternLayoutEncoder.java:28)
		at ch.qos.logback.core.model.processor.ImplicitModelHandler.postHandleComplex(ImplicitModelHandler.java:207)
		at ch.qos.logback.core.model.processor.ImplicitModelHandler.postHandle(ImplicitModelHandler.java:186)
		at ch.qos.logback.core.model.processor.DefaultProcessor.secondPhaseTraverse(DefaultProcessor.java:257)
		at ch.qos.logback.core.model.processor.DefaultProcessor.secondPhaseTraverse(DefaultProcessor.java:253)
		at ch.qos.logback.core.model.processor.DefaultProcessor.secondPhaseTraverse(DefaultProcessor.java:253)
		at ch.qos.logback.core.model.processor.DefaultProcessor.traversalLoop(DefaultProcessor.java:90)
		at ch.qos.logback.core.model.processor.DefaultProcessor.process(DefaultProcessor.java:106)
		at ch.qos.logback.core.joran.GenericXMLConfigurator.processModel(GenericXMLConfigurator.java:222)
		at org.springframework.boot.logging.logback.SpringBootJoranConfigurator.processModel(SpringBootJoranConfigurator.java:136)
		at ch.qos.logback.core.joran.GenericXMLConfigurator.doConfigure(GenericXMLConfigurator.java:178)
		at ch.qos.logback.core.joran.GenericXMLConfigurator.doConfigure(GenericXMLConfigurator.java:123)
		at ch.qos.logback.core.joran.GenericXMLConfigurator.doConfigure(GenericXMLConfigurator.java:66)
		at org.springframework.boot.logging.logback.LogbackLoggingSystem.configureByResourceUrl(LogbackLoggingSystem.java:298)
		at org.springframework.boot.logging.logback.LogbackLoggingSystem.lambda$loadConfiguration$2(LogbackLoggingSystem.java:260)
		at org.springframework.boot.logging.logback.LogbackLoggingSystem.withLoggingSuppressed(LogbackLoggingSystem.java:481)
		at org.springframework.boot.logging.logback.LogbackLoggingSystem.loadConfiguration(LogbackLoggingSystem.java:252)
		... 28 common frames omitted
	Suppressed: java.lang.NumberFormatException: For input string: "1."
		at java.base/java.lang.NumberFormatException.forInputString(NumberFormatException.java:67)
		at java.base/java.lang.Integer.parseInt(Integer.java:668)
		at java.base/java.lang.Integer.parseInt(Integer.java:786)
		at ch.qos.logback.classic.pattern.NamedConverter.start(NamedConverter.java:92)
		at ch.qos.logback.core.pattern.ConverterUtil.startConverters(ConverterUtil.java:37)
		at ch.qos.logback.core.pattern.PatternLayoutBase.start(PatternLayoutBase.java:148)
		at ch.qos.logback.classic.encoder.PatternLayoutEncoder.start(PatternLayoutEncoder.java:28)
		at ch.qos.logback.core.model.processor.ImplicitModelHandler.postHandleComplex(ImplicitModelHandler.java:207)
		at ch.qos.logback.core.model.processor.ImplicitModelHandler.postHandle(ImplicitModelHandler.java:186)
		at ch.qos.logback.core.model.processor.DefaultProcessor.secondPhaseTraverse(DefaultProcessor.java:257)
		at ch.qos.logback.core.model.processor.DefaultProcessor.secondPhaseTraverse(DefaultProcessor.java:253)
		at ch.qos.logback.core.model.processor.DefaultProcessor.secondPhaseTraverse(DefaultProcessor.java:253)
		at ch.qos.logback.core.model.processor.DefaultProcessor.traversalLoop(DefaultProcessor.java:90)
		at ch.qos.logback.core.model.processor.DefaultProcessor.process(DefaultProcessor.java:106)
		at ch.qos.logback.core.joran.GenericXMLConfigurator.processModel(GenericXMLConfigurator.java:222)
		at org.springframework.boot.logging.logback.SpringBootJoranConfigurator.processModel(SpringBootJoranConfigurator.java:136)
		at ch.qos.logback.core.joran.GenericXMLConfigurator.doConfigure(GenericXMLConfigurator.java:178)
		at ch.qos.logback.core.joran.GenericXMLConfigurator.doConfigure(GenericXMLConfigurator.java:123)
		at ch.qos.logback.core.joran.GenericXMLConfigurator.doConfigure(GenericXMLConfigurator.java:66)
		at org.springframework.boot.logging.logback.LogbackLoggingSystem.configureByResourceUrl(LogbackLoggingSystem.java:298)
		at org.springframework.boot.logging.logback.LogbackLoggingSystem.lambda$loadConfiguration$2(LogbackLoggingSystem.java:260)
		at org.springframework.boot.logging.logback.LogbackLoggingSystem.withLoggingSuppressed(LogbackLoggingSystem.java:481)
		at org.springframework.boot.logging.logback.LogbackLoggingSystem.loadConfiguration(LogbackLoggingSystem.java:252)
		... 28 common frames omitted
2025-10-12 02:17:12,434 ERROR org.springframework.boot.SpringApplication [restartedMain] Application run failed
java.lang.IllegalStateException: java.lang.IllegalStateException: Logback configuration error detected: 
ERROR in ch.qos.logback.classic.pattern.ClassOfCallerConverter@682a8a1f - failed to parse integer string [1.] java.lang.NumberFormatException: For input string: "1."
ERROR in ch.qos.logback.classic.pattern.ClassOfCallerConverter@1d2d512c - failed to parse integer string [1.] java.lang.NumberFormatException: For input string: "1."
	at org.springframework.boot.context.logging.LoggingApplicationListener.initializeSystem(LoggingApplicationListener.java:347)
	at org.springframework.boot.context.logging.LoggingApplicationListener.initialize(LoggingApplicationListener.java:298)
	at org.springframework.boot.context.logging.LoggingApplicationListener.onApplicationEnvironmentPreparedEvent(LoggingApplicationListener.java:246)
	at org.springframework.boot.context.logging.LoggingApplicationListener.onApplicationEvent(LoggingApplicationListener.java:223)
	at org.springframework.context.event.SimpleApplicationEventMulticaster.doInvokeListener(SimpleApplicationEventMulticaster.java:185)
	at org.springframework.context.event.SimpleApplicationEventMulticaster.invokeListener(SimpleApplicationEventMulticaster.java:178)
	at org.springframework.context.event.SimpleApplicationEventMulticaster.multicastEvent(SimpleApplicationEventMulticaster.java:156)
	at org.springframework.context.event.SimpleApplicationEventMulticaster.multicastEvent(SimpleApplicationEventMulticaster.java:138)
	at org.springframework.boot.context.event.EventPublishingRunListener.multicastInitialEvent(EventPublishingRunListener.java:136)
	at org.springframework.boot.context.event.EventPublishingRunListener.environmentPrepared(EventPublishingRunListener.java:81)
	at org.springframework.boot.SpringApplicationRunListeners.lambda$environmentPrepared$2(SpringApplicationRunListeners.java:64)
	at java.base/java.lang.Iterable.forEach(Iterable.java:75)
	at org.springframework.boot.SpringApplicationRunListeners.doWithListeners(SpringApplicationRunListeners.java:118)
	at org.springframework.boot.SpringApplicationRunListeners.doWithListeners(SpringApplicationRunListeners.java:112)
	at org.springframework.boot.SpringApplicationRunListeners.environmentPrepared(SpringApplicationRunListeners.java:63)
	at org.springframework.boot.SpringApplication.prepareEnvironment(SpringApplication.java:353)
	at org.springframework.boot.SpringApplication.run(SpringApplication.java:313)
	at org.springframework.boot.SpringApplication.run(SpringApplication.java:1361)
	at org.springframework.boot.SpringApplication.run(SpringApplication.java:1350)
	at com.aurionpro.papms.PaPmsApplication.main(PaPmsApplication.java:14)
	at java.base/jdk.internal.reflect.NativeMethodAccessorImpl.invoke0(Native Method)
	at java.base/jdk.internal.reflect.NativeMethodAccessorImpl.invoke(NativeMethodAccessorImpl.java:77)
	at java.base/jdk.internal.reflect.DelegatingMethodAccessorImpl.invoke(DelegatingMethodAccessorImpl.java:43)
	at java.base/java.lang.reflect.Method.invoke(Method.java:568)
	at org.springframework.boot.devtools.restart.RestartLauncher.run(RestartLauncher.java:50)
Caused by: java.lang.IllegalStateException: Logback configuration error detected: 
ERROR in ch.qos.logback.classic.pattern.ClassOfCallerConverter@682a8a1f - failed to parse integer string [1.] java.lang.NumberFormatException: For input string: "1."
ERROR in ch.qos.logback.classic.pattern.ClassOfCallerConverter@1d2d512c - failed to parse integer string [1.] java.lang.NumberFormatException: For input string: "1."
	at org.springframework.boot.logging.logback.LogbackLoggingSystem.reportConfigurationErrorsIfNecessary(LogbackLoggingSystem.java:289)
	at org.springframework.boot.logging.logback.LogbackLoggingSystem.loadConfiguration(LogbackLoggingSystem.java:267)
	at org.springframework.boot.logging.AbstractLoggingSystem.initializeWithConventions(AbstractLoggingSystem.java:81)
	at org.springframework.boot.logging.AbstractLoggingSystem.initialize(AbstractLoggingSystem.java:61)
	at org.springframework.boot.logging.logback.LogbackLoggingSystem.initialize(LogbackLoggingSystem.java:195)
	at org.springframework.boot.context.logging.LoggingApplicationListener.initializeSystem(LoggingApplicationListener.java:332)
	... 24 common frames omitted
	Suppressed: java.lang.NumberFormatException: For input string: "1."
		at java.base/java.lang.NumberFormatException.forInputString(NumberFormatException.java:67)
		at java.base/java.lang.Integer.parseInt(Integer.java:668)
		at java.base/java.lang.Integer.parseInt(Integer.java:786)
		at ch.qos.logback.classic.pattern.NamedConverter.start(NamedConverter.java:92)
		at ch.qos.logback.core.pattern.ConverterUtil.startConverters(ConverterUtil.java:37)
		at ch.qos.logback.core.pattern.PatternLayoutBase.start(PatternLayoutBase.java:148)
		at ch.qos.logback.classic.encoder.PatternLayoutEncoder.start(PatternLayoutEncoder.java:28)
		at ch.qos.logback.core.model.processor.ImplicitModelHandler.postHandleComplex(ImplicitModelHandler.java:207)
		at ch.qos.logback.core.model.processor.ImplicitModelHandler.postHandle(ImplicitModelHandler.java:186)
		at ch.qos.logback.core.model.processor.DefaultProcessor.secondPhaseTraverse(DefaultProcessor.java:257)
		at ch.qos.logback.core.model.processor.DefaultProcessor.secondPhaseTraverse(DefaultProcessor.java:253)
		at ch.qos.logback.core.model.processor.DefaultProcessor.secondPhaseTraverse(DefaultProcessor.java:253)
		at ch.qos.logback.core.model.processor.DefaultProcessor.traversalLoop(DefaultProcessor.java:90)
		at ch.qos.logback.core.model.processor.DefaultProcessor.process(DefaultProcessor.java:106)
		at ch.qos.logback.core.joran.GenericXMLConfigurator.processModel(GenericXMLConfigurator.java:222)
		at org.springframework.boot.logging.logback.SpringBootJoranConfigurator.processModel(SpringBootJoranConfigurator.java:136)
		at ch.qos.logback.core.joran.GenericXMLConfigurator.doConfigure(GenericXMLConfigurator.java:178)
		at ch.qos.logback.core.joran.GenericXMLConfigurator.doConfigure(GenericXMLConfigurator.java:123)
		at ch.qos.logback.core.joran.GenericXMLConfigurator.doConfigure(GenericXMLConfigurator.java:66)
		at org.springframework.boot.logging.logback.LogbackLoggingSystem.configureByResourceUrl(LogbackLoggingSystem.java:298)
		at org.springframework.boot.logging.logback.LogbackLoggingSystem.lambda$loadConfiguration$2(LogbackLoggingSystem.java:260)
		at org.springframework.boot.logging.logback.LogbackLoggingSystem.withLoggingSuppressed(LogbackLoggingSystem.java:481)
		at org.springframework.boot.logging.logback.LogbackLoggingSystem.loadConfiguration(LogbackLoggingSystem.java:252)
		... 28 common frames omitted
	Suppressed: java.lang.NumberFormatException: For input string: "1."
		at java.base/java.lang.NumberFormatException.forInputString(NumberFormatException.java:67)
		at java.base/java.lang.Integer.parseInt(Integer.java:668)
		at java.base/java.lang.Integer.parseInt(Integer.java:786)
		at ch.qos.logback.classic.pattern.NamedConverter.start(NamedConverter.java:92)
		at ch.qos.logback.core.pattern.ConverterUtil.startConverters(ConverterUtil.java:37)
		at ch.qos.logback.core.pattern.PatternLayoutBase.start(PatternLayoutBase.java:148)
		at ch.qos.logback.classic.encoder.PatternLayoutEncoder.start(PatternLayoutEncoder.java:28)
		at ch.qos.logback.core.model.processor.ImplicitModelHandler.postHandleComplex(ImplicitModelHandler.java:207)
		at ch.qos.logback.core.model.processor.ImplicitModelHandler.postHandle(ImplicitModelHandler.java:186)
		at ch.qos.logback.core.model.processor.DefaultProcessor.secondPhaseTraverse(DefaultProcessor.java:257)
		at ch.qos.logback.core.model.processor.DefaultProcessor.secondPhaseTraverse(DefaultProcessor.java:253)
		at ch.qos.logback.core.model.processor.DefaultProcessor.secondPhaseTraverse(DefaultProcessor.java:253)
		at ch.qos.logback.core.model.processor.DefaultProcessor.traversalLoop(DefaultProcessor.java:90)
		at ch.qos.logback.core.model.processor.DefaultProcessor.process(DefaultProcessor.java:106)
		at ch.qos.logback.core.joran.GenericXMLConfigurator.processModel(GenericXMLConfigurator.java:222)
		at org.springframework.boot.logging.logback.SpringBootJoranConfigurator.processModel(SpringBootJoranConfigurator.java:136)
		at ch.qos.logback.core.joran.GenericXMLConfigurator.doConfigure(GenericXMLConfigurator.java:178)
		at ch.qos.logback.core.joran.GenericXMLConfigurator.doConfigure(GenericXMLConfigurator.java:123)
		at ch.qos.logback.core.joran.GenericXMLConfigurator.doConfigure(GenericXMLConfigurator.java:66)
		at org.springframework.boot.logging.logback.LogbackLoggingSystem.configureByResourceUrl(LogbackLoggingSystem.java:298)
		at org.springframework.boot.logging.logback.LogbackLoggingSystem.lambda$loadConfiguration$2(LogbackLoggingSystem.java:260)
		at org.springframework.boot.logging.logback.LogbackLoggingSystem.withLoggingSuppressed(LogbackLoggingSystem.java:481)
		at org.springframework.boot.logging.logback.LogbackLoggingSystem.loadConfiguration(LogbackLoggingSystem.java:252)
		... 28 common frames omitted
2025-10-12 02:17:15,019 ERROR org.springframework.boot.SpringApplication [restartedMain] Application run failed
java.lang.IllegalStateException: java.lang.IllegalStateException: Logback configuration error detected: 
ERROR in ch.qos.logback.classic.pattern.ClassOfCallerConverter@24dd65aa - failed to parse integer string [1.] java.lang.NumberFormatException: For input string: "1."
ERROR in ch.qos.logback.classic.pattern.ClassOfCallerConverter@52e2bd42 - failed to parse integer string [1.] java.lang.NumberFormatException: For input string: "1."
	at org.springframework.boot.context.logging.LoggingApplicationListener.initializeSystem(LoggingApplicationListener.java:347)
	at org.springframework.boot.context.logging.LoggingApplicationListener.initialize(LoggingApplicationListener.java:298)
	at org.springframework.boot.context.logging.LoggingApplicationListener.onApplicationEnvironmentPreparedEvent(LoggingApplicationListener.java:246)
	at org.springframework.boot.context.logging.LoggingApplicationListener.onApplicationEvent(LoggingApplicationListener.java:223)
	at org.springframework.context.event.SimpleApplicationEventMulticaster.doInvokeListener(SimpleApplicationEventMulticaster.java:185)
	at org.springframework.context.event.SimpleApplicationEventMulticaster.invokeListener(SimpleApplicationEventMulticaster.java:178)
	at org.springframework.context.event.SimpleApplicationEventMulticaster.multicastEvent(SimpleApplicationEventMulticaster.java:156)
	at org.springframework.context.event.SimpleApplicationEventMulticaster.multicastEvent(SimpleApplicationEventMulticaster.java:138)
	at org.springframework.boot.context.event.EventPublishingRunListener.multicastInitialEvent(EventPublishingRunListener.java:136)
	at org.springframework.boot.context.event.EventPublishingRunListener.environmentPrepared(EventPublishingRunListener.java:81)
	at org.springframework.boot.SpringApplicationRunListeners.lambda$environmentPrepared$2(SpringApplicationRunListeners.java:64)
	at java.base/java.lang.Iterable.forEach(Iterable.java:75)
	at org.springframework.boot.SpringApplicationRunListeners.doWithListeners(SpringApplicationRunListeners.java:118)
	at org.springframework.boot.SpringApplicationRunListeners.doWithListeners(SpringApplicationRunListeners.java:112)
	at org.springframework.boot.SpringApplicationRunListeners.environmentPrepared(SpringApplicationRunListeners.java:63)
	at org.springframework.boot.SpringApplication.prepareEnvironment(SpringApplication.java:353)
	at org.springframework.boot.SpringApplication.run(SpringApplication.java:313)
	at org.springframework.boot.SpringApplication.run(SpringApplication.java:1361)
	at org.springframework.boot.SpringApplication.run(SpringApplication.java:1350)
	at com.aurionpro.papms.PaPmsApplication.main(PaPmsApplication.java:14)
	at java.base/jdk.internal.reflect.NativeMethodAccessorImpl.invoke0(Native Method)
	at java.base/jdk.internal.reflect.NativeMethodAccessorImpl.invoke(NativeMethodAccessorImpl.java:77)
	at java.base/jdk.internal.reflect.DelegatingMethodAccessorImpl.invoke(DelegatingMethodAccessorImpl.java:43)
	at java.base/java.lang.reflect.Method.invoke(Method.java:568)
	at org.springframework.boot.devtools.restart.RestartLauncher.run(RestartLauncher.java:50)
Caused by: java.lang.IllegalStateException: Logback configuration error detected: 
ERROR in ch.qos.logback.classic.pattern.ClassOfCallerConverter@24dd65aa - failed to parse integer string [1.] java.lang.NumberFormatException: For input string: "1."
ERROR in ch.qos.logback.classic.pattern.ClassOfCallerConverter@52e2bd42 - failed to parse integer string [1.] java.lang.NumberFormatException: For input string: "1."
	at org.springframework.boot.logging.logback.LogbackLoggingSystem.reportConfigurationErrorsIfNecessary(LogbackLoggingSystem.java:289)
	at org.springframework.boot.logging.logback.LogbackLoggingSystem.loadConfiguration(LogbackLoggingSystem.java:267)
	at org.springframework.boot.logging.AbstractLoggingSystem.initializeWithConventions(AbstractLoggingSystem.java:81)
	at org.springframework.boot.logging.AbstractLoggingSystem.initialize(AbstractLoggingSystem.java:61)
	at org.springframework.boot.logging.logback.LogbackLoggingSystem.initialize(LogbackLoggingSystem.java:195)
	at org.springframework.boot.context.logging.LoggingApplicationListener.initializeSystem(LoggingApplicationListener.java:332)
	... 24 common frames omitted
	Suppressed: java.lang.NumberFormatException: For input string: "1."
		at java.base/java.lang.NumberFormatException.forInputString(NumberFormatException.java:67)
		at java.base/java.lang.Integer.parseInt(Integer.java:668)
		at java.base/java.lang.Integer.parseInt(Integer.java:786)
		at ch.qos.logback.classic.pattern.NamedConverter.start(NamedConverter.java:92)
		at ch.qos.logback.core.pattern.ConverterUtil.startConverters(ConverterUtil.java:37)
		at ch.qos.logback.core.pattern.PatternLayoutBase.start(PatternLayoutBase.java:148)
		at ch.qos.logback.classic.encoder.PatternLayoutEncoder.start(PatternLayoutEncoder.java:28)
		at ch.qos.logback.core.model.processor.ImplicitModelHandler.postHandleComplex(ImplicitModelHandler.java:207)
		at ch.qos.logback.core.model.processor.ImplicitModelHandler.postHandle(ImplicitModelHandler.java:186)
		at ch.qos.logback.core.model.processor.DefaultProcessor.secondPhaseTraverse(DefaultProcessor.java:257)
		at ch.qos.logback.core.model.processor.DefaultProcessor.secondPhaseTraverse(DefaultProcessor.java:253)
		at ch.qos.logback.core.model.processor.DefaultProcessor.secondPhaseTraverse(DefaultProcessor.java:253)
		at ch.qos.logback.core.model.processor.DefaultProcessor.traversalLoop(DefaultProcessor.java:90)
		at ch.qos.logback.core.model.processor.DefaultProcessor.process(DefaultProcessor.java:106)
		at ch.qos.logback.core.joran.GenericXMLConfigurator.processModel(GenericXMLConfigurator.java:222)
		at org.springframework.boot.logging.logback.SpringBootJoranConfigurator.processModel(SpringBootJoranConfigurator.java:136)
		at ch.qos.logback.core.joran.GenericXMLConfigurator.doConfigure(GenericXMLConfigurator.java:178)
		at ch.qos.logback.core.joran.GenericXMLConfigurator.doConfigure(GenericXMLConfigurator.java:123)
		at ch.qos.logback.core.joran.GenericXMLConfigurator.doConfigure(GenericXMLConfigurator.java:66)
		at org.springframework.boot.logging.logback.LogbackLoggingSystem.configureByResourceUrl(LogbackLoggingSystem.java:298)
		at org.springframework.boot.logging.logback.LogbackLoggingSystem.lambda$loadConfiguration$2(LogbackLoggingSystem.java:260)
		at org.springframework.boot.logging.logback.LogbackLoggingSystem.withLoggingSuppressed(LogbackLoggingSystem.java:481)
		at org.springframework.boot.logging.logback.LogbackLoggingSystem.loadConfiguration(LogbackLoggingSystem.java:252)
		... 28 common frames omitted
	Suppressed: java.lang.NumberFormatException: For input string: "1."
		at java.base/java.lang.NumberFormatException.forInputString(NumberFormatException.java:67)
		at java.base/java.lang.Integer.parseInt(Integer.java:668)
		at java.base/java.lang.Integer.parseInt(Integer.java:786)
		at ch.qos.logback.classic.pattern.NamedConverter.start(NamedConverter.java:92)
		at ch.qos.logback.core.pattern.ConverterUtil.startConverters(ConverterUtil.java:37)
		at ch.qos.logback.core.pattern.PatternLayoutBase.start(PatternLayoutBase.java:148)
		at ch.qos.logback.classic.encoder.PatternLayoutEncoder.start(PatternLayoutEncoder.java:28)
		at ch.qos.logback.core.model.processor.ImplicitModelHandler.postHandleComplex(ImplicitModelHandler.java:207)
		at ch.qos.logback.core.model.processor.ImplicitModelHandler.postHandle(ImplicitModelHandler.java:186)
		at ch.qos.logback.core.model.processor.DefaultProcessor.secondPhaseTraverse(DefaultProcessor.java:257)
		at ch.qos.logback.core.model.processor.DefaultProcessor.secondPhaseTraverse(DefaultProcessor.java:253)
		at ch.qos.logback.core.model.processor.DefaultProcessor.secondPhaseTraverse(DefaultProcessor.java:253)
		at ch.qos.logback.core.model.processor.DefaultProcessor.traversalLoop(DefaultProcessor.java:90)
		at ch.qos.logback.core.model.processor.DefaultProcessor.process(DefaultProcessor.java:106)
		at ch.qos.logback.core.joran.GenericXMLConfigurator.processModel(GenericXMLConfigurator.java:222)
		at org.springframework.boot.logging.logback.SpringBootJoranConfigurator.processModel(SpringBootJoranConfigurator.java:136)
		at ch.qos.logback.core.joran.GenericXMLConfigurator.doConfigure(GenericXMLConfigurator.java:178)
		at ch.qos.logback.core.joran.GenericXMLConfigurator.doConfigure(GenericXMLConfigurator.java:123)
		at ch.qos.logback.core.joran.GenericXMLConfigurator.doConfigure(GenericXMLConfigurator.java:66)
		at org.springframework.boot.logging.logback.LogbackLoggingSystem.configureByResourceUrl(LogbackLoggingSystem.java:298)
		at org.springframework.boot.logging.logback.LogbackLoggingSystem.lambda$loadConfiguration$2(LogbackLoggingSystem.java:260)
		at org.springframework.boot.logging.logback.LogbackLoggingSystem.withLoggingSuppressed(LogbackLoggingSystem.java:481)
		at org.springframework.boot.logging.logback.LogbackLoggingSystem.loadConfiguration(LogbackLoggingSystem.java:252)
		... 28 common frames omitted
2025-10-12 02:17:29,645 ERROR org.springframework.boot.SpringApplication [restartedMain] Application run failed
java.lang.IllegalStateException: java.lang.IllegalStateException: Logback configuration error detected: 
ERROR in ch.qos.logback.classic.pattern.ClassOfCallerConverter@27fb105c - failed to parse integer string [1.] java.lang.NumberFormatException: For input string: "1."
ERROR in ch.qos.logback.classic.pattern.ClassOfCallerConverter@17a870c1 - failed to parse integer string [1.] java.lang.NumberFormatException: For input string: "1."
	at org.springframework.boot.context.logging.LoggingApplicationListener.initializeSystem(LoggingApplicationListener.java:347)
	at org.springframework.boot.context.logging.LoggingApplicationListener.initialize(LoggingApplicationListener.java:298)
	at org.springframework.boot.context.logging.LoggingApplicationListener.onApplicationEnvironmentPreparedEvent(LoggingApplicationListener.java:246)
	at org.springframework.boot.context.logging.LoggingApplicationListener.onApplicationEvent(LoggingApplicationListener.java:223)
	at org.springframework.context.event.SimpleApplicationEventMulticaster.doInvokeListener(SimpleApplicationEventMulticaster.java:185)
	at org.springframework.context.event.SimpleApplicationEventMulticaster.invokeListener(SimpleApplicationEventMulticaster.java:178)
	at org.springframework.context.event.SimpleApplicationEventMulticaster.multicastEvent(SimpleApplicationEventMulticaster.java:156)
	at org.springframework.context.event.SimpleApplicationEventMulticaster.multicastEvent(SimpleApplicationEventMulticaster.java:138)
	at org.springframework.boot.context.event.EventPublishingRunListener.multicastInitialEvent(EventPublishingRunListener.java:136)
	at org.springframework.boot.context.event.EventPublishingRunListener.environmentPrepared(EventPublishingRunListener.java:81)
	at org.springframework.boot.SpringApplicationRunListeners.lambda$environmentPrepared$2(SpringApplicationRunListeners.java:64)
	at java.base/java.lang.Iterable.forEach(Iterable.java:75)
	at org.springframework.boot.SpringApplicationRunListeners.doWithListeners(SpringApplicationRunListeners.java:118)
	at org.springframework.boot.SpringApplicationRunListeners.doWithListeners(SpringApplicationRunListeners.java:112)
	at org.springframework.boot.SpringApplicationRunListeners.environmentPrepared(SpringApplicationRunListeners.java:63)
	at org.springframework.boot.SpringApplication.prepareEnvironment(SpringApplication.java:353)
	at org.springframework.boot.SpringApplication.run(SpringApplication.java:313)
	at org.springframework.boot.SpringApplication.run(SpringApplication.java:1361)
	at org.springframework.boot.SpringApplication.run(SpringApplication.java:1350)
	at com.aurionpro.papms.PaPmsApplication.main(PaPmsApplication.java:14)
	at java.base/jdk.internal.reflect.NativeMethodAccessorImpl.invoke0(Native Method)
	at java.base/jdk.internal.reflect.NativeMethodAccessorImpl.invoke(NativeMethodAccessorImpl.java:77)
	at java.base/jdk.internal.reflect.DelegatingMethodAccessorImpl.invoke(DelegatingMethodAccessorImpl.java:43)
	at java.base/java.lang.reflect.Method.invoke(Method.java:568)
	at org.springframework.boot.devtools.restart.RestartLauncher.run(RestartLauncher.java:50)
Caused by: java.lang.IllegalStateException: Logback configuration error detected: 
ERROR in ch.qos.logback.classic.pattern.ClassOfCallerConverter@27fb105c - failed to parse integer string [1.] java.lang.NumberFormatException: For input string: "1."
ERROR in ch.qos.logback.classic.pattern.ClassOfCallerConverter@17a870c1 - failed to parse integer string [1.] java.lang.NumberFormatException: For input string: "1."
	at org.springframework.boot.logging.logback.LogbackLoggingSystem.reportConfigurationErrorsIfNecessary(LogbackLoggingSystem.java:289)
	at org.springframework.boot.logging.logback.LogbackLoggingSystem.loadConfiguration(LogbackLoggingSystem.java:267)
	at org.springframework.boot.logging.AbstractLoggingSystem.initializeWithConventions(AbstractLoggingSystem.java:81)
	at org.springframework.boot.logging.AbstractLoggingSystem.initialize(AbstractLoggingSystem.java:61)
	at org.springframework.boot.logging.logback.LogbackLoggingSystem.initialize(LogbackLoggingSystem.java:195)
	at org.springframework.boot.context.logging.LoggingApplicationListener.initializeSystem(LoggingApplicationListener.java:332)
	... 24 common frames omitted
	Suppressed: java.lang.NumberFormatException: For input string: "1."
		at java.base/java.lang.NumberFormatException.forInputString(NumberFormatException.java:67)
		at java.base/java.lang.Integer.parseInt(Integer.java:668)
		at java.base/java.lang.Integer.parseInt(Integer.java:786)
		at ch.qos.logback.classic.pattern.NamedConverter.start(NamedConverter.java:92)
		at ch.qos.logback.core.pattern.ConverterUtil.startConverters(ConverterUtil.java:37)
		at ch.qos.logback.core.pattern.PatternLayoutBase.start(PatternLayoutBase.java:148)
		at ch.qos.logback.classic.encoder.PatternLayoutEncoder.start(PatternLayoutEncoder.java:28)
		at ch.qos.logback.core.model.processor.ImplicitModelHandler.postHandleComplex(ImplicitModelHandler.java:207)
		at ch.qos.logback.core.model.processor.ImplicitModelHandler.postHandle(ImplicitModelHandler.java:186)
		at ch.qos.logback.core.model.processor.DefaultProcessor.secondPhaseTraverse(DefaultProcessor.java:257)
		at ch.qos.logback.core.model.processor.DefaultProcessor.secondPhaseTraverse(DefaultProcessor.java:253)
		at ch.qos.logback.core.model.processor.DefaultProcessor.secondPhaseTraverse(DefaultProcessor.java:253)
		at ch.qos.logback.core.model.processor.DefaultProcessor.traversalLoop(DefaultProcessor.java:90)
		at ch.qos.logback.core.model.processor.DefaultProcessor.process(DefaultProcessor.java:106)
		at ch.qos.logback.core.joran.GenericXMLConfigurator.processModel(GenericXMLConfigurator.java:222)
		at org.springframework.boot.logging.logback.SpringBootJoranConfigurator.processModel(SpringBootJoranConfigurator.java:136)
		at ch.qos.logback.core.joran.GenericXMLConfigurator.doConfigure(GenericXMLConfigurator.java:178)
		at ch.qos.logback.core.joran.GenericXMLConfigurator.doConfigure(GenericXMLConfigurator.java:123)
		at ch.qos.logback.core.joran.GenericXMLConfigurator.doConfigure(GenericXMLConfigurator.java:66)
		at org.springframework.boot.logging.logback.LogbackLoggingSystem.configureByResourceUrl(LogbackLoggingSystem.java:298)
		at org.springframework.boot.logging.logback.LogbackLoggingSystem.lambda$loadConfiguration$2(LogbackLoggingSystem.java:260)
		at org.springframework.boot.logging.logback.LogbackLoggingSystem.withLoggingSuppressed(LogbackLoggingSystem.java:481)
		at org.springframework.boot.logging.logback.LogbackLoggingSystem.loadConfiguration(LogbackLoggingSystem.java:252)
		... 28 common frames omitted
	Suppressed: java.lang.NumberFormatException: For input string: "1."
		at java.base/java.lang.NumberFormatException.forInputString(NumberFormatException.java:67)
		at java.base/java.lang.Integer.parseInt(Integer.java:668)
		at java.base/java.lang.Integer.parseInt(Integer.java:786)
		at ch.qos.logback.classic.pattern.NamedConverter.start(NamedConverter.java:92)
		at ch.qos.logback.core.pattern.ConverterUtil.startConverters(ConverterUtil.java:37)
		at ch.qos.logback.core.pattern.PatternLayoutBase.start(PatternLayoutBase.java:148)
		at ch.qos.logback.classic.encoder.PatternLayoutEncoder.start(PatternLayoutEncoder.java:28)
		at ch.qos.logback.core.model.processor.ImplicitModelHandler.postHandleComplex(ImplicitModelHandler.java:207)
		at ch.qos.logback.core.model.processor.ImplicitModelHandler.postHandle(ImplicitModelHandler.java:186)
		at ch.qos.logback.core.model.processor.DefaultProcessor.secondPhaseTraverse(DefaultProcessor.java:257)
		at ch.qos.logback.core.model.processor.DefaultProcessor.secondPhaseTraverse(DefaultProcessor.java:253)
		at ch.qos.logback.core.model.processor.DefaultProcessor.secondPhaseTraverse(DefaultProcessor.java:253)
		at ch.qos.logback.core.model.processor.DefaultProcessor.traversalLoop(DefaultProcessor.java:90)
		at ch.qos.logback.core.model.processor.DefaultProcessor.process(DefaultProcessor.java:106)
		at ch.qos.logback.core.joran.GenericXMLConfigurator.processModel(GenericXMLConfigurator.java:222)
		at org.springframework.boot.logging.logback.SpringBootJoranConfigurator.processModel(SpringBootJoranConfigurator.java:136)
		at ch.qos.logback.core.joran.GenericXMLConfigurator.doConfigure(GenericXMLConfigurator.java:178)
		at ch.qos.logback.core.joran.GenericXMLConfigurator.doConfigure(GenericXMLConfigurator.java:123)
		at ch.qos.logback.core.joran.GenericXMLConfigurator.doConfigure(GenericXMLConfigurator.java:66)
		at org.springframework.boot.logging.logback.LogbackLoggingSystem.configureByResourceUrl(LogbackLoggingSystem.java:298)
		at org.springframework.boot.logging.logback.LogbackLoggingSystem.lambda$loadConfiguration$2(LogbackLoggingSystem.java:260)
		at org.springframework.boot.logging.logback.LogbackLoggingSystem.withLoggingSuppressed(LogbackLoggingSystem.java:481)
		at org.springframework.boot.logging.logback.LogbackLoggingSystem.loadConfiguration(LogbackLoggingSystem.java:252)
		... 28 common frames omitted
2025-10-12 02:17:32,192 ERROR org.springframework.boot.SpringApplication [restartedMain] Application run failed
java.lang.IllegalStateException: java.lang.IllegalStateException: Logback configuration error detected: 
ERROR in ch.qos.logback.classic.pattern.ClassOfCallerConverter@442b3957 - failed to parse integer string [1.] java.lang.NumberFormatException: For input string: "1."
ERROR in ch.qos.logback.classic.pattern.ClassOfCallerConverter@177942af - failed to parse integer string [1.] java.lang.NumberFormatException: For input string: "1."
	at org.springframework.boot.context.logging.LoggingApplicationListener.initializeSystem(LoggingApplicationListener.java:347)
	at org.springframework.boot.context.logging.LoggingApplicationListener.initialize(LoggingApplicationListener.java:298)
	at org.springframework.boot.context.logging.LoggingApplicationListener.onApplicationEnvironmentPreparedEvent(LoggingApplicationListener.java:246)
	at org.springframework.boot.context.logging.LoggingApplicationListener.onApplicationEvent(LoggingApplicationListener.java:223)
	at org.springframework.context.event.SimpleApplicationEventMulticaster.doInvokeListener(SimpleApplicationEventMulticaster.java:185)
	at org.springframework.context.event.SimpleApplicationEventMulticaster.invokeListener(SimpleApplicationEventMulticaster.java:178)
	at org.springframework.context.event.SimpleApplicationEventMulticaster.multicastEvent(SimpleApplicationEventMulticaster.java:156)
	at org.springframework.context.event.SimpleApplicationEventMulticaster.multicastEvent(SimpleApplicationEventMulticaster.java:138)
	at org.springframework.boot.context.event.EventPublishingRunListener.multicastInitialEvent(EventPublishingRunListener.java:136)
	at org.springframework.boot.context.event.EventPublishingRunListener.environmentPrepared(EventPublishingRunListener.java:81)
	at org.springframework.boot.SpringApplicationRunListeners.lambda$environmentPrepared$2(SpringApplicationRunListeners.java:64)
	at java.base/java.lang.Iterable.forEach(Iterable.java:75)
	at org.springframework.boot.SpringApplicationRunListeners.doWithListeners(SpringApplicationRunListeners.java:118)
	at org.springframework.boot.SpringApplicationRunListeners.doWithListeners(SpringApplicationRunListeners.java:112)
	at org.springframework.boot.SpringApplicationRunListeners.environmentPrepared(SpringApplicationRunListeners.java:63)
	at org.springframework.boot.SpringApplication.prepareEnvironment(SpringApplication.java:353)
	at org.springframework.boot.SpringApplication.run(SpringApplication.java:313)
	at org.springframework.boot.SpringApplication.run(SpringApplication.java:1361)
	at org.springframework.boot.SpringApplication.run(SpringApplication.java:1350)
	at com.aurionpro.papms.PaPmsApplication.main(PaPmsApplication.java:14)
	at java.base/jdk.internal.reflect.NativeMethodAccessorImpl.invoke0(Native Method)
	at java.base/jdk.internal.reflect.NativeMethodAccessorImpl.invoke(NativeMethodAccessorImpl.java:77)
	at java.base/jdk.internal.reflect.DelegatingMethodAccessorImpl.invoke(DelegatingMethodAccessorImpl.java:43)
	at java.base/java.lang.reflect.Method.invoke(Method.java:568)
	at org.springframework.boot.devtools.restart.RestartLauncher.run(RestartLauncher.java:50)
Caused by: java.lang.IllegalStateException: Logback configuration error detected: 
ERROR in ch.qos.logback.classic.pattern.ClassOfCallerConverter@442b3957 - failed to parse integer string [1.] java.lang.NumberFormatException: For input string: "1."
ERROR in ch.qos.logback.classic.pattern.ClassOfCallerConverter@177942af - failed to parse integer string [1.] java.lang.NumberFormatException: For input string: "1."
	at org.springframework.boot.logging.logback.LogbackLoggingSystem.reportConfigurationErrorsIfNecessary(LogbackLoggingSystem.java:289)
	at org.springframework.boot.logging.logback.LogbackLoggingSystem.loadConfiguration(LogbackLoggingSystem.java:267)
	at org.springframework.boot.logging.AbstractLoggingSystem.initializeWithConventions(AbstractLoggingSystem.java:81)
	at org.springframework.boot.logging.AbstractLoggingSystem.initialize(AbstractLoggingSystem.java:61)
	at org.springframework.boot.logging.logback.LogbackLoggingSystem.initialize(LogbackLoggingSystem.java:195)
	at org.springframework.boot.context.logging.LoggingApplicationListener.initializeSystem(LoggingApplicationListener.java:332)
	... 24 common frames omitted
	Suppressed: java.lang.NumberFormatException: For input string: "1."
		at java.base/java.lang.NumberFormatException.forInputString(NumberFormatException.java:67)
		at java.base/java.lang.Integer.parseInt(Integer.java:668)
		at java.base/java.lang.Integer.parseInt(Integer.java:786)
		at ch.qos.logback.classic.pattern.NamedConverter.start(NamedConverter.java:92)
		at ch.qos.logback.core.pattern.ConverterUtil.startConverters(ConverterUtil.java:37)
		at ch.qos.logback.core.pattern.PatternLayoutBase.start(PatternLayoutBase.java:148)
		at ch.qos.logback.classic.encoder.PatternLayoutEncoder.start(PatternLayoutEncoder.java:28)
		at ch.qos.logback.core.model.processor.ImplicitModelHandler.postHandleComplex(ImplicitModelHandler.java:207)
		at ch.qos.logback.core.model.processor.ImplicitModelHandler.postHandle(ImplicitModelHandler.java:186)
		at ch.qos.logback.core.model.processor.DefaultProcessor.secondPhaseTraverse(DefaultProcessor.java:257)
		at ch.qos.logback.core.model.processor.DefaultProcessor.secondPhaseTraverse(DefaultProcessor.java:253)
		at ch.qos.logback.core.model.processor.DefaultProcessor.secondPhaseTraverse(DefaultProcessor.java:253)
		at ch.qos.logback.core.model.processor.DefaultProcessor.traversalLoop(DefaultProcessor.java:90)
		at ch.qos.logback.core.model.processor.DefaultProcessor.process(DefaultProcessor.java:106)
		at ch.qos.logback.core.joran.GenericXMLConfigurator.processModel(GenericXMLConfigurator.java:222)
		at org.springframework.boot.logging.logback.SpringBootJoranConfigurator.processModel(SpringBootJoranConfigurator.java:136)
		at ch.qos.logback.core.joran.GenericXMLConfigurator.doConfigure(GenericXMLConfigurator.java:178)
		at ch.qos.logback.core.joran.GenericXMLConfigurator.doConfigure(GenericXMLConfigurator.java:123)
		at ch.qos.logback.core.joran.GenericXMLConfigurator.doConfigure(GenericXMLConfigurator.java:66)
		at org.springframework.boot.logging.logback.LogbackLoggingSystem.configureByResourceUrl(LogbackLoggingSystem.java:298)
		at org.springframework.boot.logging.logback.LogbackLoggingSystem.lambda$loadConfiguration$2(LogbackLoggingSystem.java:260)
		at org.springframework.boot.logging.logback.LogbackLoggingSystem.withLoggingSuppressed(LogbackLoggingSystem.java:481)
		at org.springframework.boot.logging.logback.LogbackLoggingSystem.loadConfiguration(LogbackLoggingSystem.java:252)
		... 28 common frames omitted
	Suppressed: java.lang.NumberFormatException: For input string: "1."
		at java.base/java.lang.NumberFormatException.forInputString(NumberFormatException.java:67)
		at java.base/java.lang.Integer.parseInt(Integer.java:668)
		at java.base/java.lang.Integer.parseInt(Integer.java:786)
		at ch.qos.logback.classic.pattern.NamedConverter.start(NamedConverter.java:92)
		at ch.qos.logback.core.pattern.ConverterUtil.startConverters(ConverterUtil.java:37)
		at ch.qos.logback.core.pattern.PatternLayoutBase.start(PatternLayoutBase.java:148)
		at ch.qos.logback.classic.encoder.PatternLayoutEncoder.start(PatternLayoutEncoder.java:28)
		at ch.qos.logback.core.model.processor.ImplicitModelHandler.postHandleComplex(ImplicitModelHandler.java:207)
		at ch.qos.logback.core.model.processor.ImplicitModelHandler.postHandle(ImplicitModelHandler.java:186)
		at ch.qos.logback.core.model.processor.DefaultProcessor.secondPhaseTraverse(DefaultProcessor.java:257)
		at ch.qos.logback.core.model.processor.DefaultProcessor.secondPhaseTraverse(DefaultProcessor.java:253)
		at ch.qos.logback.core.model.processor.DefaultProcessor.secondPhaseTraverse(DefaultProcessor.java:253)
		at ch.qos.logback.core.model.processor.DefaultProcessor.traversalLoop(DefaultProcessor.java:90)
		at ch.qos.logback.core.model.processor.DefaultProcessor.process(DefaultProcessor.java:106)
		at ch.qos.logback.core.joran.GenericXMLConfigurator.processModel(GenericXMLConfigurator.java:222)
		at org.springframework.boot.logging.logback.SpringBootJoranConfigurator.processModel(SpringBootJoranConfigurator.java:136)
		at ch.qos.logback.core.joran.GenericXMLConfigurator.doConfigure(GenericXMLConfigurator.java:178)
		at ch.qos.logback.core.joran.GenericXMLConfigurator.doConfigure(GenericXMLConfigurator.java:123)
		at ch.qos.logback.core.joran.GenericXMLConfigurator.doConfigure(GenericXMLConfigurator.java:66)
		at org.springframework.boot.logging.logback.LogbackLoggingSystem.configureByResourceUrl(LogbackLoggingSystem.java:298)
		at org.springframework.boot.logging.logback.LogbackLoggingSystem.lambda$loadConfiguration$2(LogbackLoggingSystem.java:260)
		at org.springframework.boot.logging.logback.LogbackLoggingSystem.withLoggingSuppressed(LogbackLoggingSystem.java:481)
		at org.springframework.boot.logging.logback.LogbackLoggingSystem.loadConfiguration(LogbackLoggingSystem.java:252)
		... 28 common frames omitted
2025-10-12 02:18:47,411 ERROR org.springframework.boot.SpringApplication [restartedMain] Application run failed
java.lang.IllegalStateException: java.lang.IllegalStateException: Logback configuration error detected: 
ERROR in ch.qos.logback.classic.pattern.ClassOfCallerConverter@2a1ab03c - failed to parse integer string [1.] java.lang.NumberFormatException: For input string: "1."
ERROR in ch.qos.logback.classic.pattern.ClassOfCallerConverter@a957941 - failed to parse integer string [1.] java.lang.NumberFormatException: For input string: "1."
	at org.springframework.boot.context.logging.LoggingApplicationListener.initializeSystem(LoggingApplicationListener.java:347)
	at org.springframework.boot.context.logging.LoggingApplicationListener.initialize(LoggingApplicationListener.java:298)
	at org.springframework.boot.context.logging.LoggingApplicationListener.onApplicationEnvironmentPreparedEvent(LoggingApplicationListener.java:246)
	at org.springframework.boot.context.logging.LoggingApplicationListener.onApplicationEvent(LoggingApplicationListener.java:223)
	at org.springframework.context.event.SimpleApplicationEventMulticaster.doInvokeListener(SimpleApplicationEventMulticaster.java:185)
	at org.springframework.context.event.SimpleApplicationEventMulticaster.invokeListener(SimpleApplicationEventMulticaster.java:178)
	at org.springframework.context.event.SimpleApplicationEventMulticaster.multicastEvent(SimpleApplicationEventMulticaster.java:156)
	at org.springframework.context.event.SimpleApplicationEventMulticaster.multicastEvent(SimpleApplicationEventMulticaster.java:138)
	at org.springframework.boot.context.event.EventPublishingRunListener.multicastInitialEvent(EventPublishingRunListener.java:136)
	at org.springframework.boot.context.event.EventPublishingRunListener.environmentPrepared(EventPublishingRunListener.java:81)
	at org.springframework.boot.SpringApplicationRunListeners.lambda$environmentPrepared$2(SpringApplicationRunListeners.java:64)
	at java.base/java.lang.Iterable.forEach(Iterable.java:75)
	at org.springframework.boot.SpringApplicationRunListeners.doWithListeners(SpringApplicationRunListeners.java:118)
	at org.springframework.boot.SpringApplicationRunListeners.doWithListeners(SpringApplicationRunListeners.java:112)
	at org.springframework.boot.SpringApplicationRunListeners.environmentPrepared(SpringApplicationRunListeners.java:63)
	at org.springframework.boot.SpringApplication.prepareEnvironment(SpringApplication.java:353)
	at org.springframework.boot.SpringApplication.run(SpringApplication.java:313)
	at org.springframework.boot.SpringApplication.run(SpringApplication.java:1361)
	at org.springframework.boot.SpringApplication.run(SpringApplication.java:1350)
	at com.aurionpro.papms.PaPmsApplication.main(PaPmsApplication.java:14)
	at java.base/jdk.internal.reflect.NativeMethodAccessorImpl.invoke0(Native Method)
	at java.base/jdk.internal.reflect.NativeMethodAccessorImpl.invoke(NativeMethodAccessorImpl.java:77)
	at java.base/jdk.internal.reflect.DelegatingMethodAccessorImpl.invoke(DelegatingMethodAccessorImpl.java:43)
	at java.base/java.lang.reflect.Method.invoke(Method.java:568)
	at org.springframework.boot.devtools.restart.RestartLauncher.run(RestartLauncher.java:50)
Caused by: java.lang.IllegalStateException: Logback configuration error detected: 
ERROR in ch.qos.logback.classic.pattern.ClassOfCallerConverter@2a1ab03c - failed to parse integer string [1.] java.lang.NumberFormatException: For input string: "1."
ERROR in ch.qos.logback.classic.pattern.ClassOfCallerConverter@a957941 - failed to parse integer string [1.] java.lang.NumberFormatException: For input string: "1."
	at org.springframework.boot.logging.logback.LogbackLoggingSystem.reportConfigurationErrorsIfNecessary(LogbackLoggingSystem.java:289)
	at org.springframework.boot.logging.logback.LogbackLoggingSystem.loadConfiguration(LogbackLoggingSystem.java:267)
	at org.springframework.boot.logging.AbstractLoggingSystem.initializeWithConventions(AbstractLoggingSystem.java:81)
	at org.springframework.boot.logging.AbstractLoggingSystem.initialize(AbstractLoggingSystem.java:61)
	at org.springframework.boot.logging.logback.LogbackLoggingSystem.initialize(LogbackLoggingSystem.java:195)
	at org.springframework.boot.context.logging.LoggingApplicationListener.initializeSystem(LoggingApplicationListener.java:332)
	... 24 common frames omitted
	Suppressed: java.lang.NumberFormatException: For input string: "1."
		at java.base/java.lang.NumberFormatException.forInputString(NumberFormatException.java:67)
		at java.base/java.lang.Integer.parseInt(Integer.java:668)
		at java.base/java.lang.Integer.parseInt(Integer.java:786)
		at ch.qos.logback.classic.pattern.NamedConverter.start(NamedConverter.java:92)
		at ch.qos.logback.core.pattern.ConverterUtil.startConverters(ConverterUtil.java:37)
		at ch.qos.logback.core.pattern.PatternLayoutBase.start(PatternLayoutBase.java:148)
		at ch.qos.logback.classic.encoder.PatternLayoutEncoder.start(PatternLayoutEncoder.java:28)
		at ch.qos.logback.core.model.processor.ImplicitModelHandler.postHandleComplex(ImplicitModelHandler.java:207)
		at ch.qos.logback.core.model.processor.ImplicitModelHandler.postHandle(ImplicitModelHandler.java:186)
		at ch.qos.logback.core.model.processor.DefaultProcessor.secondPhaseTraverse(DefaultProcessor.java:257)
		at ch.qos.logback.core.model.processor.DefaultProcessor.secondPhaseTraverse(DefaultProcessor.java:253)
		at ch.qos.logback.core.model.processor.DefaultProcessor.secondPhaseTraverse(DefaultProcessor.java:253)
		at ch.qos.logback.core.model.processor.DefaultProcessor.traversalLoop(DefaultProcessor.java:90)
		at ch.qos.logback.core.model.processor.DefaultProcessor.process(DefaultProcessor.java:106)
		at ch.qos.logback.core.joran.GenericXMLConfigurator.processModel(GenericXMLConfigurator.java:222)
		at org.springframework.boot.logging.logback.SpringBootJoranConfigurator.processModel(SpringBootJoranConfigurator.java:136)
		at ch.qos.logback.core.joran.GenericXMLConfigurator.doConfigure(GenericXMLConfigurator.java:178)
		at ch.qos.logback.core.joran.GenericXMLConfigurator.doConfigure(GenericXMLConfigurator.java:123)
		at ch.qos.logback.core.joran.GenericXMLConfigurator.doConfigure(GenericXMLConfigurator.java:66)
		at org.springframework.boot.logging.logback.LogbackLoggingSystem.configureByResourceUrl(LogbackLoggingSystem.java:298)
		at org.springframework.boot.logging.logback.LogbackLoggingSystem.lambda$loadConfiguration$2(LogbackLoggingSystem.java:260)
		at org.springframework.boot.logging.logback.LogbackLoggingSystem.withLoggingSuppressed(LogbackLoggingSystem.java:481)
		at org.springframework.boot.logging.logback.LogbackLoggingSystem.loadConfiguration(LogbackLoggingSystem.java:252)
		... 28 common frames omitted
	Suppressed: java.lang.NumberFormatException: For input string: "1."
		at java.base/java.lang.NumberFormatException.forInputString(NumberFormatException.java:67)
		at java.base/java.lang.Integer.parseInt(Integer.java:668)
		at java.base/java.lang.Integer.parseInt(Integer.java:786)
		at ch.qos.logback.classic.pattern.NamedConverter.start(NamedConverter.java:92)
		at ch.qos.logback.core.pattern.ConverterUtil.startConverters(ConverterUtil.java:37)
		at ch.qos.logback.core.pattern.PatternLayoutBase.start(PatternLayoutBase.java:148)
		at ch.qos.logback.classic.encoder.PatternLayoutEncoder.start(PatternLayoutEncoder.java:28)
		at ch.qos.logback.core.model.processor.ImplicitModelHandler.postHandleComplex(ImplicitModelHandler.java:207)
		at ch.qos.logback.core.model.processor.ImplicitModelHandler.postHandle(ImplicitModelHandler.java:186)
		at ch.qos.logback.core.model.processor.DefaultProcessor.secondPhaseTraverse(DefaultProcessor.java:257)
		at ch.qos.logback.core.model.processor.DefaultProcessor.secondPhaseTraverse(DefaultProcessor.java:253)
		at ch.qos.logback.core.model.processor.DefaultProcessor.secondPhaseTraverse(DefaultProcessor.java:253)
		at ch.qos.logback.core.model.processor.DefaultProcessor.traversalLoop(DefaultProcessor.java:90)
		at ch.qos.logback.core.model.processor.DefaultProcessor.process(DefaultProcessor.java:106)
		at ch.qos.logback.core.joran.GenericXMLConfigurator.processModel(GenericXMLConfigurator.java:222)
		at org.springframework.boot.logging.logback.SpringBootJoranConfigurator.processModel(SpringBootJoranConfigurator.java:136)
		at ch.qos.logback.core.joran.GenericXMLConfigurator.doConfigure(GenericXMLConfigurator.java:178)
		at ch.qos.logback.core.joran.GenericXMLConfigurator.doConfigure(GenericXMLConfigurator.java:123)
		at ch.qos.logback.core.joran.GenericXMLConfigurator.doConfigure(GenericXMLConfigurator.java:66)
		at org.springframework.boot.logging.logback.LogbackLoggingSystem.configureByResourceUrl(LogbackLoggingSystem.java:298)
		at org.springframework.boot.logging.logback.LogbackLoggingSystem.lambda$loadConfiguration$2(LogbackLoggingSystem.java:260)
		at org.springframework.boot.logging.logback.LogbackLoggingSystem.withLoggingSuppressed(LogbackLoggingSystem.java:481)
		at org.springframework.boot.logging.logback.LogbackLoggingSystem.loadConfiguration(LogbackLoggingSystem.java:252)
		... 28 common frames omitted
2025-10-12 02:18:50,093 ERROR org.springframework.boot.SpringApplication [restartedMain] Application run failed
java.lang.IllegalStateException: java.lang.IllegalStateException: Logback configuration error detected: 
ERROR in ch.qos.logback.classic.pattern.ClassOfCallerConverter@e177caa - failed to parse integer string [1.] java.lang.NumberFormatException: For input string: "1."
ERROR in ch.qos.logback.classic.pattern.ClassOfCallerConverter@5e3e9c70 - failed to parse integer string [1.] java.lang.NumberFormatException: For input string: "1."
	at org.springframework.boot.context.logging.LoggingApplicationListener.initializeSystem(LoggingApplicationListener.java:347)
	at org.springframework.boot.context.logging.LoggingApplicationListener.initialize(LoggingApplicationListener.java:298)
	at org.springframework.boot.context.logging.LoggingApplicationListener.onApplicationEnvironmentPreparedEvent(LoggingApplicationListener.java:246)
	at org.springframework.boot.context.logging.LoggingApplicationListener.onApplicationEvent(LoggingApplicationListener.java:223)
	at org.springframework.context.event.SimpleApplicationEventMulticaster.doInvokeListener(SimpleApplicationEventMulticaster.java:185)
	at org.springframework.context.event.SimpleApplicationEventMulticaster.invokeListener(SimpleApplicationEventMulticaster.java:178)
	at org.springframework.context.event.SimpleApplicationEventMulticaster.multicastEvent(SimpleApplicationEventMulticaster.java:156)
	at org.springframework.context.event.SimpleApplicationEventMulticaster.multicastEvent(SimpleApplicationEventMulticaster.java:138)
	at org.springframework.boot.context.event.EventPublishingRunListener.multicastInitialEvent(EventPublishingRunListener.java:136)
	at org.springframework.boot.context.event.EventPublishingRunListener.environmentPrepared(EventPublishingRunListener.java:81)
	at org.springframework.boot.SpringApplicationRunListeners.lambda$environmentPrepared$2(SpringApplicationRunListeners.java:64)
	at java.base/java.lang.Iterable.forEach(Iterable.java:75)
	at org.springframework.boot.SpringApplicationRunListeners.doWithListeners(SpringApplicationRunListeners.java:118)
	at org.springframework.boot.SpringApplicationRunListeners.doWithListeners(SpringApplicationRunListeners.java:112)
	at org.springframework.boot.SpringApplicationRunListeners.environmentPrepared(SpringApplicationRunListeners.java:63)
	at org.springframework.boot.SpringApplication.prepareEnvironment(SpringApplication.java:353)
	at org.springframework.boot.SpringApplication.run(SpringApplication.java:313)
	at org.springframework.boot.SpringApplication.run(SpringApplication.java:1361)
	at org.springframework.boot.SpringApplication.run(SpringApplication.java:1350)
	at com.aurionpro.papms.PaPmsApplication.main(PaPmsApplication.java:14)
	at java.base/jdk.internal.reflect.NativeMethodAccessorImpl.invoke0(Native Method)
	at java.base/jdk.internal.reflect.NativeMethodAccessorImpl.invoke(NativeMethodAccessorImpl.java:77)
	at java.base/jdk.internal.reflect.DelegatingMethodAccessorImpl.invoke(DelegatingMethodAccessorImpl.java:43)
	at java.base/java.lang.reflect.Method.invoke(Method.java:568)
	at org.springframework.boot.devtools.restart.RestartLauncher.run(RestartLauncher.java:50)
Caused by: java.lang.IllegalStateException: Logback configuration error detected: 
ERROR in ch.qos.logback.classic.pattern.ClassOfCallerConverter@e177caa - failed to parse integer string [1.] java.lang.NumberFormatException: For input string: "1."
ERROR in ch.qos.logback.classic.pattern.ClassOfCallerConverter@5e3e9c70 - failed to parse integer string [1.] java.lang.NumberFormatException: For input string: "1."
	at org.springframework.boot.logging.logback.LogbackLoggingSystem.reportConfigurationErrorsIfNecessary(LogbackLoggingSystem.java:289)
	at org.springframework.boot.logging.logback.LogbackLoggingSystem.loadConfiguration(LogbackLoggingSystem.java:267)
	at org.springframework.boot.logging.AbstractLoggingSystem.initializeWithConventions(AbstractLoggingSystem.java:81)
	at org.springframework.boot.logging.AbstractLoggingSystem.initialize(AbstractLoggingSystem.java:61)
	at org.springframework.boot.logging.logback.LogbackLoggingSystem.initialize(LogbackLoggingSystem.java:195)
	at org.springframework.boot.context.logging.LoggingApplicationListener.initializeSystem(LoggingApplicationListener.java:332)
	... 24 common frames omitted
	Suppressed: java.lang.NumberFormatException: For input string: "1."
		at java.base/java.lang.NumberFormatException.forInputString(NumberFormatException.java:67)
		at java.base/java.lang.Integer.parseInt(Integer.java:668)
		at java.base/java.lang.Integer.parseInt(Integer.java:786)
		at ch.qos.logback.classic.pattern.NamedConverter.start(NamedConverter.java:92)
		at ch.qos.logback.core.pattern.ConverterUtil.startConverters(ConverterUtil.java:37)
		at ch.qos.logback.core.pattern.PatternLayoutBase.start(PatternLayoutBase.java:148)
		at ch.qos.logback.classic.encoder.PatternLayoutEncoder.start(PatternLayoutEncoder.java:28)
		at ch.qos.logback.core.model.processor.ImplicitModelHandler.postHandleComplex(ImplicitModelHandler.java:207)
		at ch.qos.logback.core.model.processor.ImplicitModelHandler.postHandle(ImplicitModelHandler.java:186)
		at ch.qos.logback.core.model.processor.DefaultProcessor.secondPhaseTraverse(DefaultProcessor.java:257)
		at ch.qos.logback.core.model.processor.DefaultProcessor.secondPhaseTraverse(DefaultProcessor.java:253)
		at ch.qos.logback.core.model.processor.DefaultProcessor.secondPhaseTraverse(DefaultProcessor.java:253)
		at ch.qos.logback.core.model.processor.DefaultProcessor.traversalLoop(DefaultProcessor.java:90)
		at ch.qos.logback.core.model.processor.DefaultProcessor.process(DefaultProcessor.java:106)
		at ch.qos.logback.core.joran.GenericXMLConfigurator.processModel(GenericXMLConfigurator.java:222)
		at org.springframework.boot.logging.logback.SpringBootJoranConfigurator.processModel(SpringBootJoranConfigurator.java:136)
		at ch.qos.logback.core.joran.GenericXMLConfigurator.doConfigure(GenericXMLConfigurator.java:178)
		at ch.qos.logback.core.joran.GenericXMLConfigurator.doConfigure(GenericXMLConfigurator.java:123)
		at ch.qos.logback.core.joran.GenericXMLConfigurator.doConfigure(GenericXMLConfigurator.java:66)
		at org.springframework.boot.logging.logback.LogbackLoggingSystem.configureByResourceUrl(LogbackLoggingSystem.java:298)
		at org.springframework.boot.logging.logback.LogbackLoggingSystem.lambda$loadConfiguration$2(LogbackLoggingSystem.java:260)
		at org.springframework.boot.logging.logback.LogbackLoggingSystem.withLoggingSuppressed(LogbackLoggingSystem.java:481)
		at org.springframework.boot.logging.logback.LogbackLoggingSystem.loadConfiguration(LogbackLoggingSystem.java:252)
		... 28 common frames omitted
	Suppressed: java.lang.NumberFormatException: For input string: "1."
		at java.base/java.lang.NumberFormatException.forInputString(NumberFormatException.java:67)
		at java.base/java.lang.Integer.parseInt(Integer.java:668)
		at java.base/java.lang.Integer.parseInt(Integer.java:786)
		at ch.qos.logback.classic.pattern.NamedConverter.start(NamedConverter.java:92)
		at ch.qos.logback.core.pattern.ConverterUtil.startConverters(ConverterUtil.java:37)
		at ch.qos.logback.core.pattern.PatternLayoutBase.start(PatternLayoutBase.java:148)
		at ch.qos.logback.classic.encoder.PatternLayoutEncoder.start(PatternLayoutEncoder.java:28)
		at ch.qos.logback.core.model.processor.ImplicitModelHandler.postHandleComplex(ImplicitModelHandler.java:207)
		at ch.qos.logback.core.model.processor.ImplicitModelHandler.postHandle(ImplicitModelHandler.java:186)
		at ch.qos.logback.core.model.processor.DefaultProcessor.secondPhaseTraverse(DefaultProcessor.java:257)
		at ch.qos.logback.core.model.processor.DefaultProcessor.secondPhaseTraverse(DefaultProcessor.java:253)
		at ch.qos.logback.core.model.processor.DefaultProcessor.secondPhaseTraverse(DefaultProcessor.java:253)
		at ch.qos.logback.core.model.processor.DefaultProcessor.traversalLoop(DefaultProcessor.java:90)
		at ch.qos.logback.core.model.processor.DefaultProcessor.process(DefaultProcessor.java:106)
		at ch.qos.logback.core.joran.GenericXMLConfigurator.processModel(GenericXMLConfigurator.java:222)
		at org.springframework.boot.logging.logback.SpringBootJoranConfigurator.processModel(SpringBootJoranConfigurator.java:136)
		at ch.qos.logback.core.joran.GenericXMLConfigurator.doConfigure(GenericXMLConfigurator.java:178)
		at ch.qos.logback.core.joran.GenericXMLConfigurator.doConfigure(GenericXMLConfigurator.java:123)
		at ch.qos.logback.core.joran.GenericXMLConfigurator.doConfigure(GenericXMLConfigurator.java:66)
		at org.springframework.boot.logging.logback.LogbackLoggingSystem.configureByResourceUrl(LogbackLoggingSystem.java:298)
		at org.springframework.boot.logging.logback.LogbackLoggingSystem.lambda$loadConfiguration$2(LogbackLoggingSystem.java:260)
		at org.springframework.boot.logging.logback.LogbackLoggingSystem.withLoggingSuppressed(LogbackLoggingSystem.java:481)
		at org.springframework.boot.logging.logback.LogbackLoggingSystem.loadConfiguration(LogbackLoggingSystem.java:252)
		... 28 common frames omitted
2025-10-12 02:19:47,375 ERROR org.springframework.boot.SpringApplication [restartedMain] Application run failed
java.lang.IllegalStateException: java.lang.IllegalStateException: Logback configuration error detected: 
ERROR in ch.qos.logback.classic.pattern.ClassOfCallerConverter@4c958eca - failed to parse integer string [1.] java.lang.NumberFormatException: For input string: "1."
ERROR in ch.qos.logback.classic.pattern.ClassOfCallerConverter@29ed3ac2 - failed to parse integer string [1.] java.lang.NumberFormatException: For input string: "1."
	at org.springframework.boot.context.logging.LoggingApplicationListener.initializeSystem(LoggingApplicationListener.java:347)
	at org.springframework.boot.context.logging.LoggingApplicationListener.initialize(LoggingApplicationListener.java:298)
	at org.springframework.boot.context.logging.LoggingApplicationListener.onApplicationEnvironmentPreparedEvent(LoggingApplicationListener.java:246)
	at org.springframework.boot.context.logging.LoggingApplicationListener.onApplicationEvent(LoggingApplicationListener.java:223)
	at org.springframework.context.event.SimpleApplicationEventMulticaster.doInvokeListener(SimpleApplicationEventMulticaster.java:185)
	at org.springframework.context.event.SimpleApplicationEventMulticaster.invokeListener(SimpleApplicationEventMulticaster.java:178)
	at org.springframework.context.event.SimpleApplicationEventMulticaster.multicastEvent(SimpleApplicationEventMulticaster.java:156)
	at org.springframework.context.event.SimpleApplicationEventMulticaster.multicastEvent(SimpleApplicationEventMulticaster.java:138)
	at org.springframework.boot.context.event.EventPublishingRunListener.multicastInitialEvent(EventPublishingRunListener.java:136)
	at org.springframework.boot.context.event.EventPublishingRunListener.environmentPrepared(EventPublishingRunListener.java:81)
	at org.springframework.boot.SpringApplicationRunListeners.lambda$environmentPrepared$2(SpringApplicationRunListeners.java:64)
	at java.base/java.lang.Iterable.forEach(Iterable.java:75)
	at org.springframework.boot.SpringApplicationRunListeners.doWithListeners(SpringApplicationRunListeners.java:118)
	at org.springframework.boot.SpringApplicationRunListeners.doWithListeners(SpringApplicationRunListeners.java:112)
	at org.springframework.boot.SpringApplicationRunListeners.environmentPrepared(SpringApplicationRunListeners.java:63)
	at org.springframework.boot.SpringApplication.prepareEnvironment(SpringApplication.java:353)
	at org.springframework.boot.SpringApplication.run(SpringApplication.java:313)
	at org.springframework.boot.SpringApplication.run(SpringApplication.java:1361)
	at org.springframework.boot.SpringApplication.run(SpringApplication.java:1350)
	at com.aurionpro.papms.PaPmsApplication.main(PaPmsApplication.java:14)
	at java.base/jdk.internal.reflect.NativeMethodAccessorImpl.invoke0(Native Method)
	at java.base/jdk.internal.reflect.NativeMethodAccessorImpl.invoke(NativeMethodAccessorImpl.java:77)
	at java.base/jdk.internal.reflect.DelegatingMethodAccessorImpl.invoke(DelegatingMethodAccessorImpl.java:43)
	at java.base/java.lang.reflect.Method.invoke(Method.java:568)
	at org.springframework.boot.devtools.restart.RestartLauncher.run(RestartLauncher.java:50)
Caused by: java.lang.IllegalStateException: Logback configuration error detected: 
ERROR in ch.qos.logback.classic.pattern.ClassOfCallerConverter@4c958eca - failed to parse integer string [1.] java.lang.NumberFormatException: For input string: "1."
ERROR in ch.qos.logback.classic.pattern.ClassOfCallerConverter@29ed3ac2 - failed to parse integer string [1.] java.lang.NumberFormatException: For input string: "1."
	at org.springframework.boot.logging.logback.LogbackLoggingSystem.reportConfigurationErrorsIfNecessary(LogbackLoggingSystem.java:289)
	at org.springframework.boot.logging.logback.LogbackLoggingSystem.loadConfiguration(LogbackLoggingSystem.java:267)
	at org.springframework.boot.logging.AbstractLoggingSystem.initializeWithConventions(AbstractLoggingSystem.java:81)
	at org.springframework.boot.logging.AbstractLoggingSystem.initialize(AbstractLoggingSystem.java:61)
	at org.springframework.boot.logging.logback.LogbackLoggingSystem.initialize(LogbackLoggingSystem.java:195)
	at org.springframework.boot.context.logging.LoggingApplicationListener.initializeSystem(LoggingApplicationListener.java:332)
	... 24 common frames omitted
	Suppressed: java.lang.NumberFormatException: For input string: "1."
		at java.base/java.lang.NumberFormatException.forInputString(NumberFormatException.java:67)
		at java.base/java.lang.Integer.parseInt(Integer.java:668)
		at java.base/java.lang.Integer.parseInt(Integer.java:786)
		at ch.qos.logback.classic.pattern.NamedConverter.start(NamedConverter.java:92)
		at ch.qos.logback.core.pattern.ConverterUtil.startConverters(ConverterUtil.java:37)
		at ch.qos.logback.core.pattern.PatternLayoutBase.start(PatternLayoutBase.java:148)
		at ch.qos.logback.classic.encoder.PatternLayoutEncoder.start(PatternLayoutEncoder.java:28)
		at ch.qos.logback.core.model.processor.ImplicitModelHandler.postHandleComplex(ImplicitModelHandler.java:207)
		at ch.qos.logback.core.model.processor.ImplicitModelHandler.postHandle(ImplicitModelHandler.java:186)
		at ch.qos.logback.core.model.processor.DefaultProcessor.secondPhaseTraverse(DefaultProcessor.java:257)
		at ch.qos.logback.core.model.processor.DefaultProcessor.secondPhaseTraverse(DefaultProcessor.java:253)
		at ch.qos.logback.core.model.processor.DefaultProcessor.secondPhaseTraverse(DefaultProcessor.java:253)
		at ch.qos.logback.core.model.processor.DefaultProcessor.traversalLoop(DefaultProcessor.java:90)
		at ch.qos.logback.core.model.processor.DefaultProcessor.process(DefaultProcessor.java:106)
		at ch.qos.logback.core.joran.GenericXMLConfigurator.processModel(GenericXMLConfigurator.java:222)
		at org.springframework.boot.logging.logback.SpringBootJoranConfigurator.processModel(SpringBootJoranConfigurator.java:136)
		at ch.qos.logback.core.joran.GenericXMLConfigurator.doConfigure(GenericXMLConfigurator.java:178)
		at ch.qos.logback.core.joran.GenericXMLConfigurator.doConfigure(GenericXMLConfigurator.java:123)
		at ch.qos.logback.core.joran.GenericXMLConfigurator.doConfigure(GenericXMLConfigurator.java:66)
		at org.springframework.boot.logging.logback.LogbackLoggingSystem.configureByResourceUrl(LogbackLoggingSystem.java:298)
		at org.springframework.boot.logging.logback.LogbackLoggingSystem.lambda$loadConfiguration$2(LogbackLoggingSystem.java:260)
		at org.springframework.boot.logging.logback.LogbackLoggingSystem.withLoggingSuppressed(LogbackLoggingSystem.java:481)
		at org.springframework.boot.logging.logback.LogbackLoggingSystem.loadConfiguration(LogbackLoggingSystem.java:252)
		... 28 common frames omitted
	Suppressed: java.lang.NumberFormatException: For input string: "1."
		at java.base/java.lang.NumberFormatException.forInputString(NumberFormatException.java:67)
		at java.base/java.lang.Integer.parseInt(Integer.java:668)
		at java.base/java.lang.Integer.parseInt(Integer.java:786)
		at ch.qos.logback.classic.pattern.NamedConverter.start(NamedConverter.java:92)
		at ch.qos.logback.core.pattern.ConverterUtil.startConverters(ConverterUtil.java:37)
		at ch.qos.logback.core.pattern.PatternLayoutBase.start(PatternLayoutBase.java:148)
		at ch.qos.logback.classic.encoder.PatternLayoutEncoder.start(PatternLayoutEncoder.java:28)
		at ch.qos.logback.core.model.processor.ImplicitModelHandler.postHandleComplex(ImplicitModelHandler.java:207)
		at ch.qos.logback.core.model.processor.ImplicitModelHandler.postHandle(ImplicitModelHandler.java:186)
		at ch.qos.logback.core.model.processor.DefaultProcessor.secondPhaseTraverse(DefaultProcessor.java:257)
		at ch.qos.logback.core.model.processor.DefaultProcessor.secondPhaseTraverse(DefaultProcessor.java:253)
		at ch.qos.logback.core.model.processor.DefaultProcessor.secondPhaseTraverse(DefaultProcessor.java:253)
		at ch.qos.logback.core.model.processor.DefaultProcessor.traversalLoop(DefaultProcessor.java:90)
		at ch.qos.logback.core.model.processor.DefaultProcessor.process(DefaultProcessor.java:106)
		at ch.qos.logback.core.joran.GenericXMLConfigurator.processModel(GenericXMLConfigurator.java:222)
		at org.springframework.boot.logging.logback.SpringBootJoranConfigurator.processModel(SpringBootJoranConfigurator.java:136)
		at ch.qos.logback.core.joran.GenericXMLConfigurator.doConfigure(GenericXMLConfigurator.java:178)
		at ch.qos.logback.core.joran.GenericXMLConfigurator.doConfigure(GenericXMLConfigurator.java:123)
		at ch.qos.logback.core.joran.GenericXMLConfigurator.doConfigure(GenericXMLConfigurator.java:66)
		at org.springframework.boot.logging.logback.LogbackLoggingSystem.configureByResourceUrl(LogbackLoggingSystem.java:298)
		at org.springframework.boot.logging.logback.LogbackLoggingSystem.lambda$loadConfiguration$2(LogbackLoggingSystem.java:260)
		at org.springframework.boot.logging.logback.LogbackLoggingSystem.withLoggingSuppressed(LogbackLoggingSystem.java:481)
		at org.springframework.boot.logging.logback.LogbackLoggingSystem.loadConfiguration(LogbackLoggingSystem.java:252)
		... 28 common frames omitted
2025-10-12 02:19:49,952 ERROR org.springframework.boot.SpringApplication [restartedMain] Application run failed
java.lang.IllegalStateException: java.lang.IllegalStateException: Logback configuration error detected: 
ERROR in ch.qos.logback.classic.pattern.ClassOfCallerConverter@78bd12b4 - failed to parse integer string [1.] java.lang.NumberFormatException: For input string: "1."
ERROR in ch.qos.logback.classic.pattern.ClassOfCallerConverter@4497ca49 - failed to parse integer string [1.] java.lang.NumberFormatException: For input string: "1."
	at org.springframework.boot.context.logging.LoggingApplicationListener.initializeSystem(LoggingApplicationListener.java:347)
	at org.springframework.boot.context.logging.LoggingApplicationListener.initialize(LoggingApplicationListener.java:298)
	at org.springframework.boot.context.logging.LoggingApplicationListener.onApplicationEnvironmentPreparedEvent(LoggingApplicationListener.java:246)
	at org.springframework.boot.context.logging.LoggingApplicationListener.onApplicationEvent(LoggingApplicationListener.java:223)
	at org.springframework.context.event.SimpleApplicationEventMulticaster.doInvokeListener(SimpleApplicationEventMulticaster.java:185)
	at org.springframework.context.event.SimpleApplicationEventMulticaster.invokeListener(SimpleApplicationEventMulticaster.java:178)
	at org.springframework.context.event.SimpleApplicationEventMulticaster.multicastEvent(SimpleApplicationEventMulticaster.java:156)
	at org.springframework.context.event.SimpleApplicationEventMulticaster.multicastEvent(SimpleApplicationEventMulticaster.java:138)
	at org.springframework.boot.context.event.EventPublishingRunListener.multicastInitialEvent(EventPublishingRunListener.java:136)
	at org.springframework.boot.context.event.EventPublishingRunListener.environmentPrepared(EventPublishingRunListener.java:81)
	at org.springframework.boot.SpringApplicationRunListeners.lambda$environmentPrepared$2(SpringApplicationRunListeners.java:64)
	at java.base/java.lang.Iterable.forEach(Iterable.java:75)
	at org.springframework.boot.SpringApplicationRunListeners.doWithListeners(SpringApplicationRunListeners.java:118)
	at org.springframework.boot.SpringApplicationRunListeners.doWithListeners(SpringApplicationRunListeners.java:112)
	at org.springframework.boot.SpringApplicationRunListeners.environmentPrepared(SpringApplicationRunListeners.java:63)
	at org.springframework.boot.SpringApplication.prepareEnvironment(SpringApplication.java:353)
	at org.springframework.boot.SpringApplication.run(SpringApplication.java:313)
	at org.springframework.boot.SpringApplication.run(SpringApplication.java:1361)
	at org.springframework.boot.SpringApplication.run(SpringApplication.java:1350)
	at com.aurionpro.papms.PaPmsApplication.main(PaPmsApplication.java:14)
	at java.base/jdk.internal.reflect.NativeMethodAccessorImpl.invoke0(Native Method)
	at java.base/jdk.internal.reflect.NativeMethodAccessorImpl.invoke(NativeMethodAccessorImpl.java:77)
	at java.base/jdk.internal.reflect.DelegatingMethodAccessorImpl.invoke(DelegatingMethodAccessorImpl.java:43)
	at java.base/java.lang.reflect.Method.invoke(Method.java:568)
	at org.springframework.boot.devtools.restart.RestartLauncher.run(RestartLauncher.java:50)
Caused by: java.lang.IllegalStateException: Logback configuration error detected: 
ERROR in ch.qos.logback.classic.pattern.ClassOfCallerConverter@78bd12b4 - failed to parse integer string [1.] java.lang.NumberFormatException: For input string: "1."
ERROR in ch.qos.logback.classic.pattern.ClassOfCallerConverter@4497ca49 - failed to parse integer string [1.] java.lang.NumberFormatException: For input string: "1."
	at org.springframework.boot.logging.logback.LogbackLoggingSystem.reportConfigurationErrorsIfNecessary(LogbackLoggingSystem.java:289)
	at org.springframework.boot.logging.logback.LogbackLoggingSystem.loadConfiguration(LogbackLoggingSystem.java:267)
	at org.springframework.boot.logging.AbstractLoggingSystem.initializeWithConventions(AbstractLoggingSystem.java:81)
	at org.springframework.boot.logging.AbstractLoggingSystem.initialize(AbstractLoggingSystem.java:61)
	at org.springframework.boot.logging.logback.LogbackLoggingSystem.initialize(LogbackLoggingSystem.java:195)
	at org.springframework.boot.context.logging.LoggingApplicationListener.initializeSystem(LoggingApplicationListener.java:332)
	... 24 common frames omitted
	Suppressed: java.lang.NumberFormatException: For input string: "1."
		at java.base/java.lang.NumberFormatException.forInputString(NumberFormatException.java:67)
		at java.base/java.lang.Integer.parseInt(Integer.java:668)
		at java.base/java.lang.Integer.parseInt(Integer.java:786)
		at ch.qos.logback.classic.pattern.NamedConverter.start(NamedConverter.java:92)
		at ch.qos.logback.core.pattern.ConverterUtil.startConverters(ConverterUtil.java:37)
		at ch.qos.logback.core.pattern.PatternLayoutBase.start(PatternLayoutBase.java:148)
		at ch.qos.logback.classic.encoder.PatternLayoutEncoder.start(PatternLayoutEncoder.java:28)
		at ch.qos.logback.core.model.processor.ImplicitModelHandler.postHandleComplex(ImplicitModelHandler.java:207)
		at ch.qos.logback.core.model.processor.ImplicitModelHandler.postHandle(ImplicitModelHandler.java:186)
		at ch.qos.logback.core.model.processor.DefaultProcessor.secondPhaseTraverse(DefaultProcessor.java:257)
		at ch.qos.logback.core.model.processor.DefaultProcessor.secondPhaseTraverse(DefaultProcessor.java:253)
		at ch.qos.logback.core.model.processor.DefaultProcessor.secondPhaseTraverse(DefaultProcessor.java:253)
		at ch.qos.logback.core.model.processor.DefaultProcessor.traversalLoop(DefaultProcessor.java:90)
		at ch.qos.logback.core.model.processor.DefaultProcessor.process(DefaultProcessor.java:106)
		at ch.qos.logback.core.joran.GenericXMLConfigurator.processModel(GenericXMLConfigurator.java:222)
		at org.springframework.boot.logging.logback.SpringBootJoranConfigurator.processModel(SpringBootJoranConfigurator.java:136)
		at ch.qos.logback.core.joran.GenericXMLConfigurator.doConfigure(GenericXMLConfigurator.java:178)
		at ch.qos.logback.core.joran.GenericXMLConfigurator.doConfigure(GenericXMLConfigurator.java:123)
		at ch.qos.logback.core.joran.GenericXMLConfigurator.doConfigure(GenericXMLConfigurator.java:66)
		at org.springframework.boot.logging.logback.LogbackLoggingSystem.configureByResourceUrl(LogbackLoggingSystem.java:298)
		at org.springframework.boot.logging.logback.LogbackLoggingSystem.lambda$loadConfiguration$2(LogbackLoggingSystem.java:260)
		at org.springframework.boot.logging.logback.LogbackLoggingSystem.withLoggingSuppressed(LogbackLoggingSystem.java:481)
		at org.springframework.boot.logging.logback.LogbackLoggingSystem.loadConfiguration(LogbackLoggingSystem.java:252)
		... 28 common frames omitted
	Suppressed: java.lang.NumberFormatException: For input string: "1."
		at java.base/java.lang.NumberFormatException.forInputString(NumberFormatException.java:67)
		at java.base/java.lang.Integer.parseInt(Integer.java:668)
		at java.base/java.lang.Integer.parseInt(Integer.java:786)
		at ch.qos.logback.classic.pattern.NamedConverter.start(NamedConverter.java:92)
		at ch.qos.logback.core.pattern.ConverterUtil.startConverters(ConverterUtil.java:37)
		at ch.qos.logback.core.pattern.PatternLayoutBase.start(PatternLayoutBase.java:148)
		at ch.qos.logback.classic.encoder.PatternLayoutEncoder.start(PatternLayoutEncoder.java:28)
		at ch.qos.logback.core.model.processor.ImplicitModelHandler.postHandleComplex(ImplicitModelHandler.java:207)
		at ch.qos.logback.core.model.processor.ImplicitModelHandler.postHandle(ImplicitModelHandler.java:186)
		at ch.qos.logback.core.model.processor.DefaultProcessor.secondPhaseTraverse(DefaultProcessor.java:257)
		at ch.qos.logback.core.model.processor.DefaultProcessor.secondPhaseTraverse(DefaultProcessor.java:253)
		at ch.qos.logback.core.model.processor.DefaultProcessor.secondPhaseTraverse(DefaultProcessor.java:253)
		at ch.qos.logback.core.model.processor.DefaultProcessor.traversalLoop(DefaultProcessor.java:90)
		at ch.qos.logback.core.model.processor.DefaultProcessor.process(DefaultProcessor.java:106)
		at ch.qos.logback.core.joran.GenericXMLConfigurator.processModel(GenericXMLConfigurator.java:222)
		at org.springframework.boot.logging.logback.SpringBootJoranConfigurator.processModel(SpringBootJoranConfigurator.java:136)
		at ch.qos.logback.core.joran.GenericXMLConfigurator.doConfigure(GenericXMLConfigurator.java:178)
		at ch.qos.logback.core.joran.GenericXMLConfigurator.doConfigure(GenericXMLConfigurator.java:123)
		at ch.qos.logback.core.joran.GenericXMLConfigurator.doConfigure(GenericXMLConfigurator.java:66)
		at org.springframework.boot.logging.logback.LogbackLoggingSystem.configureByResourceUrl(LogbackLoggingSystem.java:298)
		at org.springframework.boot.logging.logback.LogbackLoggingSystem.lambda$loadConfiguration$2(LogbackLoggingSystem.java:260)
		at org.springframework.boot.logging.logback.LogbackLoggingSystem.withLoggingSuppressed(LogbackLoggingSystem.java:481)
		at org.springframework.boot.logging.logback.LogbackLoggingSystem.loadConfiguration(LogbackLoggingSystem.java:252)
		... 28 common frames omitted
2025-10-12 21:50:12,179 ERROR org.springframework.boot.SpringApplication [restartedMain] Application run failed
java.lang.IllegalStateException: java.lang.IllegalStateException: Logback configuration error detected: 
ERROR in ch.qos.logback.classic.pattern.ClassOfCallerConverter@2a6ef262 - failed to parse integer string [1.] java.lang.NumberFormatException: For input string: "1."
ERROR in ch.qos.logback.classic.pattern.ClassOfCallerConverter@2a226a4b - failed to parse integer string [1.] java.lang.NumberFormatException: For input string: "1."
	at org.springframework.boot.context.logging.LoggingApplicationListener.initializeSystem(LoggingApplicationListener.java:347)
	at org.springframework.boot.context.logging.LoggingApplicationListener.initialize(LoggingApplicationListener.java:298)
	at org.springframework.boot.context.logging.LoggingApplicationListener.onApplicationEnvironmentPreparedEvent(LoggingApplicationListener.java:246)
	at org.springframework.boot.context.logging.LoggingApplicationListener.onApplicationEvent(LoggingApplicationListener.java:223)
	at org.springframework.context.event.SimpleApplicationEventMulticaster.doInvokeListener(SimpleApplicationEventMulticaster.java:185)
	at org.springframework.context.event.SimpleApplicationEventMulticaster.invokeListener(SimpleApplicationEventMulticaster.java:178)
	at org.springframework.context.event.SimpleApplicationEventMulticaster.multicastEvent(SimpleApplicationEventMulticaster.java:156)
	at org.springframework.context.event.SimpleApplicationEventMulticaster.multicastEvent(SimpleApplicationEventMulticaster.java:138)
	at org.springframework.boot.context.event.EventPublishingRunListener.multicastInitialEvent(EventPublishingRunListener.java:136)
	at org.springframework.boot.context.event.EventPublishingRunListener.environmentPrepared(EventPublishingRunListener.java:81)
	at org.springframework.boot.SpringApplicationRunListeners.lambda$environmentPrepared$2(SpringApplicationRunListeners.java:64)
	at java.base/java.lang.Iterable.forEach(Iterable.java:75)
	at org.springframework.boot.SpringApplicationRunListeners.doWithListeners(SpringApplicationRunListeners.java:118)
	at org.springframework.boot.SpringApplicationRunListeners.doWithListeners(SpringApplicationRunListeners.java:112)
	at org.springframework.boot.SpringApplicationRunListeners.environmentPrepared(SpringApplicationRunListeners.java:63)
	at org.springframework.boot.SpringApplication.prepareEnvironment(SpringApplication.java:353)
	at org.springframework.boot.SpringApplication.run(SpringApplication.java:313)
	at org.springframework.boot.SpringApplication.run(SpringApplication.java:1361)
	at org.springframework.boot.SpringApplication.run(SpringApplication.java:1350)
	at com.aurionpro.papms.PaPmsApplication.main(PaPmsApplication.java:14)
	at java.base/jdk.internal.reflect.NativeMethodAccessorImpl.invoke0(Native Method)
	at java.base/jdk.internal.reflect.NativeMethodAccessorImpl.invoke(NativeMethodAccessorImpl.java:77)
	at java.base/jdk.internal.reflect.DelegatingMethodAccessorImpl.invoke(DelegatingMethodAccessorImpl.java:43)
	at java.base/java.lang.reflect.Method.invoke(Method.java:568)
	at org.springframework.boot.devtools.restart.RestartLauncher.run(RestartLauncher.java:50)
Caused by: java.lang.IllegalStateException: Logback configuration error detected: 
ERROR in ch.qos.logback.classic.pattern.ClassOfCallerConverter@2a6ef262 - failed to parse integer string [1.] java.lang.NumberFormatException: For input string: "1."
ERROR in ch.qos.logback.classic.pattern.ClassOfCallerConverter@2a226a4b - failed to parse integer string [1.] java.lang.NumberFormatException: For input string: "1."
	at org.springframework.boot.logging.logback.LogbackLoggingSystem.reportConfigurationErrorsIfNecessary(LogbackLoggingSystem.java:289)
	at org.springframework.boot.logging.logback.LogbackLoggingSystem.loadConfiguration(LogbackLoggingSystem.java:267)
	at org.springframework.boot.logging.AbstractLoggingSystem.initializeWithConventions(AbstractLoggingSystem.java:81)
	at org.springframework.boot.logging.AbstractLoggingSystem.initialize(AbstractLoggingSystem.java:61)
	at org.springframework.boot.logging.logback.LogbackLoggingSystem.initialize(LogbackLoggingSystem.java:195)
	at org.springframework.boot.context.logging.LoggingApplicationListener.initializeSystem(LoggingApplicationListener.java:332)
	... 24 common frames omitted
	Suppressed: java.lang.NumberFormatException: For input string: "1."
		at java.base/java.lang.NumberFormatException.forInputString(NumberFormatException.java:67)
		at java.base/java.lang.Integer.parseInt(Integer.java:668)
		at java.base/java.lang.Integer.parseInt(Integer.java:786)
		at ch.qos.logback.classic.pattern.NamedConverter.start(NamedConverter.java:92)
		at ch.qos.logback.core.pattern.ConverterUtil.startConverters(ConverterUtil.java:37)
		at ch.qos.logback.core.pattern.PatternLayoutBase.start(PatternLayoutBase.java:148)
		at ch.qos.logback.classic.encoder.PatternLayoutEncoder.start(PatternLayoutEncoder.java:28)
		at ch.qos.logback.core.model.processor.ImplicitModelHandler.postHandleComplex(ImplicitModelHandler.java:207)
		at ch.qos.logback.core.model.processor.ImplicitModelHandler.postHandle(ImplicitModelHandler.java:186)
		at ch.qos.logback.core.model.processor.DefaultProcessor.secondPhaseTraverse(DefaultProcessor.java:257)
		at ch.qos.logback.core.model.processor.DefaultProcessor.secondPhaseTraverse(DefaultProcessor.java:253)
		at ch.qos.logback.core.model.processor.DefaultProcessor.secondPhaseTraverse(DefaultProcessor.java:253)
		at ch.qos.logback.core.model.processor.DefaultProcessor.traversalLoop(DefaultProcessor.java:90)
		at ch.qos.logback.core.model.processor.DefaultProcessor.process(DefaultProcessor.java:106)
		at ch.qos.logback.core.joran.GenericXMLConfigurator.processModel(GenericXMLConfigurator.java:222)
		at org.springframework.boot.logging.logback.SpringBootJoranConfigurator.processModel(SpringBootJoranConfigurator.java:136)
		at ch.qos.logback.core.joran.GenericXMLConfigurator.doConfigure(GenericXMLConfigurator.java:178)
		at ch.qos.logback.core.joran.GenericXMLConfigurator.doConfigure(GenericXMLConfigurator.java:123)
		at ch.qos.logback.core.joran.GenericXMLConfigurator.doConfigure(GenericXMLConfigurator.java:66)
		at org.springframework.boot.logging.logback.LogbackLoggingSystem.configureByResourceUrl(LogbackLoggingSystem.java:298)
		at org.springframework.boot.logging.logback.LogbackLoggingSystem.lambda$loadConfiguration$2(LogbackLoggingSystem.java:260)
		at org.springframework.boot.logging.logback.LogbackLoggingSystem.withLoggingSuppressed(LogbackLoggingSystem.java:481)
		at org.springframework.boot.logging.logback.LogbackLoggingSystem.loadConfiguration(LogbackLoggingSystem.java:252)
		... 28 common frames omitted
	Suppressed: java.lang.NumberFormatException: For input string: "1."
		at java.base/java.lang.NumberFormatException.forInputString(NumberFormatException.java:67)
		at java.base/java.lang.Integer.parseInt(Integer.java:668)
		at java.base/java.lang.Integer.parseInt(Integer.java:786)
		at ch.qos.logback.classic.pattern.NamedConverter.start(NamedConverter.java:92)
		at ch.qos.logback.core.pattern.ConverterUtil.startConverters(ConverterUtil.java:37)
		at ch.qos.logback.core.pattern.PatternLayoutBase.start(PatternLayoutBase.java:148)
		at ch.qos.logback.classic.encoder.PatternLayoutEncoder.start(PatternLayoutEncoder.java:28)
		at ch.qos.logback.core.model.processor.ImplicitModelHandler.postHandleComplex(ImplicitModelHandler.java:207)
		at ch.qos.logback.core.model.processor.ImplicitModelHandler.postHandle(ImplicitModelHandler.java:186)
		at ch.qos.logback.core.model.processor.DefaultProcessor.secondPhaseTraverse(DefaultProcessor.java:257)
		at ch.qos.logback.core.model.processor.DefaultProcessor.secondPhaseTraverse(DefaultProcessor.java:253)
		at ch.qos.logback.core.model.processor.DefaultProcessor.secondPhaseTraverse(DefaultProcessor.java:253)
		at ch.qos.logback.core.model.processor.DefaultProcessor.traversalLoop(DefaultProcessor.java:90)
		at ch.qos.logback.core.model.processor.DefaultProcessor.process(DefaultProcessor.java:106)
		at ch.qos.logback.core.joran.GenericXMLConfigurator.processModel(GenericXMLConfigurator.java:222)
		at org.springframework.boot.logging.logback.SpringBootJoranConfigurator.processModel(SpringBootJoranConfigurator.java:136)
		at ch.qos.logback.core.joran.GenericXMLConfigurator.doConfigure(GenericXMLConfigurator.java:178)
		at ch.qos.logback.core.joran.GenericXMLConfigurator.doConfigure(GenericXMLConfigurator.java:123)
		at ch.qos.logback.core.joran.GenericXMLConfigurator.doConfigure(GenericXMLConfigurator.java:66)
		at org.springframework.boot.logging.logback.LogbackLoggingSystem.configureByResourceUrl(LogbackLoggingSystem.java:298)
		at org.springframework.boot.logging.logback.LogbackLoggingSystem.lambda$loadConfiguration$2(LogbackLoggingSystem.java:260)
		at org.springframework.boot.logging.logback.LogbackLoggingSystem.withLoggingSuppressed(LogbackLoggingSystem.java:481)
		at org.springframework.boot.logging.logback.LogbackLoggingSystem.loadConfiguration(LogbackLoggingSystem.java:252)
		... 28 common frames omitted
2025-10-12 22:06:29.942 [background-preinit] INFO  o.h.validator.internal.util.Version - HV000001: Hibernate Validator 8.0.3.Final
2025-10-12 22:06:30.009 [restartedMain] INFO  c.aurionpro.papms.PaPmsApplication - Starting PaPmsApplication using Java 17.0.1 with PID 33832 (D:\Swabhav_Java_FullStack\Project\Project\PaPMS\target\classes started by aniket.gupta in D:\Swabhav_Java_FullStack\Project\Project\PaPMS)
2025-10-12 22:06:30.011 [restartedMain] DEBUG c.aurionpro.papms.PaPmsApplication - Running with Spring Boot v3.5.5, Spring v6.2.10
2025-10-12 22:06:30.011 [restartedMain] INFO  c.aurionpro.papms.PaPmsApplication - No active profile set, falling back to 1 default profile: "default"
2025-10-12 22:06:30.066 [restartedMain] INFO  o.s.b.d.e.DevToolsPropertyDefaultsPostProcessor - Devtools property defaults active! Set 'spring.devtools.add-properties' to 'false' to disable
2025-10-12 22:06:30.066 [restartedMain] INFO  o.s.b.d.e.DevToolsPropertyDefaultsPostProcessor - For additional web related logging consider setting the 'logging.level.web' property to 'DEBUG'
2025-10-12 22:06:31.567 [restartedMain] INFO  o.s.d.r.c.RepositoryConfigurationDelegate - Bootstrapping Spring Data JPA repositories in DEFAULT mode.
2025-10-12 22:06:31.789 [restartedMain] INFO  o.s.d.r.c.RepositoryConfigurationDelegate - Finished Spring Data repository scanning in 208 ms. Found 17 JPA repository interfaces.
2025-10-12 22:06:32.585 [restartedMain] INFO  o.s.b.w.e.tomcat.TomcatWebServer - Tomcat initialized with port 8080 (http)
2025-10-12 22:06:32.597 [restartedMain] INFO  o.a.coyote.http11.Http11NioProtocol - Initializing ProtocolHandler ["http-nio-8080"]
2025-10-12 22:06:32.599 [restartedMain] INFO  o.a.catalina.core.StandardService - Starting service [Tomcat]
2025-10-12 22:06:32.599 [restartedMain] INFO  o.a.catalina.core.StandardEngine - Starting Servlet engine: [Apache Tomcat/10.1.44]
2025-10-12 22:06:32.673 [restartedMain] INFO  o.a.c.c.C.[Tomcat].[localhost].[/] - Initializing Spring embedded WebApplicationContext
2025-10-12 22:06:32.673 [restartedMain] INFO  o.s.b.w.s.c.ServletWebServerApplicationContext - Root WebApplicationContext: initialization completed in 2606 ms
2025-10-12 22:06:32.746 [restartedMain] INFO  com.zaxxer.hikari.HikariDataSource - HikariPool-1 - Starting...
2025-10-12 22:06:33.155 [restartedMain] INFO  com.zaxxer.hikari.pool.HikariPool - HikariPool-1 - Added connection com.mysql.cj.jdbc.ConnectionImpl@1c446e9d
2025-10-12 22:06:33.158 [restartedMain] INFO  com.zaxxer.hikari.HikariDataSource - HikariPool-1 - Start completed.
2025-10-12 22:06:33.331 [restartedMain] INFO  o.h.jpa.internal.util.LogHelper - HHH000204: Processing PersistenceUnitInfo [name: default]
2025-10-12 22:06:33.407 [restartedMain] INFO  org.hibernate.Version - HHH000412: Hibernate ORM core version 6.6.26.Final
2025-10-12 22:06:33.450 [restartedMain] INFO  o.h.c.i.RegionFactoryInitiator - HHH000026: Second-level cache disabled
2025-10-12 22:06:33.733 [restartedMain] INFO  o.s.o.j.p.SpringPersistenceUnitInfo - No LoadTimeWeaver setup: ignoring JPA class transformer
2025-10-12 22:06:33.814 [restartedMain] WARN  org.hibernate.orm.deprecation - HHH90000025: MySQLDialect does not need to be specified explicitly using 'hibernate.dialect' (remove the property setting and it will be selected by default)
2025-10-12 22:06:33.831 [restartedMain] INFO  o.hibernate.orm.connections.pooling - HHH10001005: Database info:
	Database JDBC URL [Connecting through datasource 'HikariDataSource (HikariPool-1)']
	Database driver: undefined/unknown
	Database version: 8.0.42
	Autocommit mode: undefined/unknown
	Isolation level: undefined/unknown
	Minimum pool size: undefined/unknown
	Maximum pool size: undefined/unknown
2025-10-12 22:06:35.299 [restartedMain] INFO  o.h.e.t.j.p.i.JtaPlatformInitiator - HHH000489: No JTA platform available (set 'hibernate.transaction.jta.platform' to enable JTA platform integration)
2025-10-12 22:06:35.493 [restartedMain] INFO  o.s.o.j.LocalContainerEntityManagerFactoryBean - Initialized JPA EntityManagerFactory for persistence unit 'default'
2025-10-12 22:06:35.761 [restartedMain] INFO  o.s.d.j.r.query.QueryEnhancerFactory - Hibernate is in classpath; If applicable, HQL parser will be used.
2025-10-12 22:06:36.140 [restartedMain] DEBUG c.a.p.security.filter.JwtAuthFilter - Filter 'jwtAuthFilter' configured for use
2025-10-12 22:06:36.359 [restartedMain] INFO  o.s.s.c.a.a.c.InitializeAuthenticationProviderBeanManagerConfigurer$InitializeAuthenticationProviderManagerConfigurer - Global AuthenticationManager configured with AuthenticationProvider bean with name authenticationProvider
2025-10-12 22:06:36.359 [restartedMain] WARN  o.s.s.c.a.a.c.InitializeUserDetailsBeanManagerConfigurer$InitializeUserDetailsManagerConfigurer - Global AuthenticationManager configured with an AuthenticationProvider bean. UserDetailsService beans will not be used by Spring Security for automatically configuring username/password login. Consider removing the AuthenticationProvider bean. Alternatively, consider using the UserDetailsService in a manually instantiated DaoAuthenticationProvider. If the current configuration is intentional, to turn off this warning, increase the logging level of 'org.springframework.security.config.annotation.authentication.configuration.InitializeUserDetailsBeanManagerConfigurer' to ERROR
2025-10-12 22:06:37.056 [restartedMain] WARN  o.s.b.a.o.j.JpaBaseConfiguration$JpaWebConfiguration - spring.jpa.open-in-view is enabled by default. Therefore, database queries may be performed during view rendering. Explicitly configure spring.jpa.open-in-view to disable this warning
2025-10-12 22:06:37.663 [restartedMain] INFO  o.s.b.d.a.OptionalLiveReloadServer - LiveReload server is running on port 35729
2025-10-12 22:06:37.685 [restartedMain] DEBUG o.s.b.c.c.s.JobRegistrySmartInitializingSingleton - Registering job: employeeCsvImportJob
2025-10-12 22:06:37.691 [restartedMain] INFO  o.a.coyote.http11.Http11NioProtocol - Starting ProtocolHandler ["http-nio-8080"]
2025-10-12 22:06:37.712 [restartedMain] INFO  o.s.b.w.e.tomcat.TomcatWebServer - Tomcat started on port 8080 (http) with context path '/'
2025-10-12 22:06:37.724 [restartedMain] INFO  c.aurionpro.papms.PaPmsApplication - Started PaPmsApplication in 8.297 seconds (process running for 9.309)
2025-10-12 22:06:37.727 [restartedMain] INFO  o.s.b.a.b.JobLauncherApplicationRunner - Running default command line with: []
2025-10-12 22:06:37.803 [restartedMain] INFO  o.s.b.c.l.s.TaskExecutorJobLauncher - Job: [FlowJob: [name=employeeCsvImportJob]] launched with the following parameters: [{'run.id':'{value=4, type=class java.lang.Long, identifying=true}'}]
2025-10-12 22:06:37.803 [restartedMain] DEBUG o.s.batch.core.job.AbstractJob - Job execution starting: JobExecution: id=4, version=0, startTime=null, endTime=null, lastUpdated=2025-10-12T22:06:37.781744200, status=STARTING, exitStatus=exitCode=UNKNOWN;exitDescription=, job=[JobInstance: id=4, version=0, Job=[employeeCsvImportJob]], jobParameters=[{'run.id':'{value=4, type=class java.lang.Long, identifying=true}'}]
2025-10-12 22:06:37.823 [restartedMain] DEBUG o.s.b.c.job.flow.support.SimpleFlow - Resuming state=employeeCsvImportJob.step0 with status=UNKNOWN
2025-10-12 22:06:37.823 [restartedMain] DEBUG o.s.b.c.job.flow.support.SimpleFlow - Handling state=employeeCsvImportJob.step0
2025-10-12 22:06:37.838 [restartedMain] INFO  o.s.batch.core.job.SimpleStepHandler - Executing step: [employeeCsvImportStep]
2025-10-12 22:06:37.838 [restartedMain] DEBUG o.s.batch.core.step.AbstractStep - Executing: id=4
2025-10-12 22:06:37.848 [restartedMain] DEBUG o.s.batch.core.scope.StepScope - Creating object in scope=step, name=scopedTarget.employeeCsvProcessor
2025-10-12 22:06:37.849 [restartedMain] INFO  c.a.p.batch.EmployeeCsvItemProcessor - Pre-loading existing usernames and account numbers for validation.
2025-10-12 22:06:37.908 [restartedMain] DEBUG org.hibernate.SQL - 
    select
        u1_0.id,
        u1_0.created_at,
        u1_0.email,
        u1_0.full_name,
        u1_0.is_active,
        u1_0.organization_id,
        u1_0.password,
        u1_0.requires_password_change,
        u1_0.role,
        u1_0.updated_at,
        u1_0.username 
    from
        users u1_0
2025-10-12 22:06:37.938 [restartedMain] DEBUG org.hibernate.SQL - 
    select
        ba1_0.id,
        ba1_0.account_holder_name,
        ba1_0.account_number,
        ba1_0.bank_name,
        ba1_0.created_at,
        ba1_0.employee_id,
        ba1_0.ifsc_code,
        ba1_0.is_primary,
        ba1_0.owner_type,
        ba1_0.updated_at,
        ba1_0.vendor_id 
    from
        bank_accounts ba1_0
2025-10-12 22:06:37.942 [restartedMain] INFO  c.a.p.batch.EmployeeCsvItemProcessor - Pre-loading complete. Found 1 usernames and 0 account numbers.
2025-10-12 22:06:37.944 [restartedMain] DEBUG o.s.batch.core.scope.StepScope - Creating object in scope=step, name=scopedTarget.employeeCsvReader
2025-10-12 22:06:37.952 [restartedMain] ERROR o.s.batch.core.step.AbstractStep - Encountered an error executing step employeeCsvImportStep in job employeeCsvImportJob
org.springframework.beans.factory.BeanCreationException: Error creating bean with name 'scopedTarget.employeeCsvReader' defined in class path resource [com/aurionpro/papms/config/BatchConfig.class]: Failed to instantiate [org.springframework.batch.item.file.FlatFileItemReader]: Factory method 'employeeCsvReader' threw exception with message: Path must not be null
	at org.springframework.beans.factory.support.ConstructorResolver.instantiate(ConstructorResolver.java:657)
	at org.springframework.beans.factory.support.ConstructorResolver.instantiateUsingFactoryMethod(ConstructorResolver.java:645)
	at org.springframework.beans.factory.support.AbstractAutowireCapableBeanFactory.instantiateUsingFactoryMethod(AbstractAutowireCapableBeanFactory.java:1375)
	at org.springframework.beans.factory.support.AbstractAutowireCapableBeanFactory.createBeanInstance(AbstractAutowireCapableBeanFactory.java:1205)
	at org.springframework.beans.factory.support.AbstractAutowireCapableBeanFactory.doCreateBean(AbstractAutowireCapableBeanFactory.java:569)
	at org.springframework.beans.factory.support.AbstractAutowireCapableBeanFactory.createBean(AbstractAutowireCapableBeanFactory.java:529)
	at org.springframework.beans.factory.support.AbstractBeanFactory.lambda$doGetBean$1(AbstractBeanFactory.java:378)
	at org.springframework.batch.core.scope.StepScope.get(StepScope.java:112)
	at org.springframework.beans.factory.support.AbstractBeanFactory.doGetBean(AbstractBeanFactory.java:375)
	at org.springframework.beans.factory.support.AbstractBeanFactory.getBean(AbstractBeanFactory.java:202)
	at org.springframework.aop.target.SimpleBeanTargetSource.getTarget(SimpleBeanTargetSource.java:35)
	at org.springframework.aop.framework.CglibAopProxy$DynamicAdvisedInterceptor.intercept(CglibAopProxy.java:712)
	at org.springframework.batch.item.file.FlatFileItemReader$$SpringCGLIB$$0.open(<generated>)
	at org.springframework.batch.item.support.CompositeItemStream.open(CompositeItemStream.java:138)
	at org.springframework.batch.core.step.tasklet.TaskletStep.open(TaskletStep.java:287)
	at org.springframework.batch.core.step.AbstractStep.execute(AbstractStep.java:227)
	at org.springframework.batch.core.job.SimpleStepHandler.handleStep(SimpleStepHandler.java:153)
	at org.springframework.batch.core.job.flow.JobFlowExecutor.executeStep(JobFlowExecutor.java:68)
	at org.springframework.batch.core.job.flow.support.state.StepState.handle(StepState.java:68)
	at org.springframework.batch.core.job.flow.support.SimpleFlow.resume(SimpleFlow.java:165)
	at org.springframework.batch.core.job.flow.support.SimpleFlow.start(SimpleFlow.java:140)
	at org.springframework.batch.core.job.flow.FlowJob.doExecute(FlowJob.java:132)
	at org.springframework.batch.core.job.AbstractJob.execute(AbstractJob.java:307)
	at org.springframework.batch.core.launch.support.TaskExecutorJobLauncher$1.run(TaskExecutorJobLauncher.java:155)
	at org.springframework.core.task.SyncTaskExecutor.execute(SyncTaskExecutor.java:50)
	at org.springframework.batch.core.launch.support.TaskExecutorJobLauncher.run(TaskExecutorJobLauncher.java:146)
	at org.springframework.boot.autoconfigure.batch.JobLauncherApplicationRunner.execute(JobLauncherApplicationRunner.java:210)
	at org.springframework.boot.autoconfigure.batch.JobLauncherApplicationRunner.executeLocalJobs(JobLauncherApplicationRunner.java:194)
	at org.springframework.boot.autoconfigure.batch.JobLauncherApplicationRunner.launchJobFromProperties(JobLauncherApplicationRunner.java:174)
	at org.springframework.boot.autoconfigure.batch.JobLauncherApplicationRunner.run(JobLauncherApplicationRunner.java:169)
	at org.springframework.boot.autoconfigure.batch.JobLauncherApplicationRunner.run(JobLauncherApplicationRunner.java:164)
	at org.springframework.boot.SpringApplication.lambda$callRunner$4(SpringApplication.java:784)
	at org.springframework.util.function.ThrowingConsumer$1.acceptWithException(ThrowingConsumer.java:82)
	at org.springframework.util.function.ThrowingConsumer.accept(ThrowingConsumer.java:60)
	at org.springframework.util.function.ThrowingConsumer$1.accept(ThrowingConsumer.java:86)
	at org.springframework.boot.SpringApplication.callRunner(SpringApplication.java:796)
	at org.springframework.boot.SpringApplication.callRunner(SpringApplication.java:784)
	at org.springframework.boot.SpringApplication.lambda$callRunners$3(SpringApplication.java:772)
	at java.base/java.util.stream.ForEachOps$ForEachOp$OfRef.accept(ForEachOps.java:183)
	at java.base/java.util.stream.SortedOps$SizedRefSortingSink.end(SortedOps.java:357)
	at java.base/java.util.stream.AbstractPipeline.copyInto(AbstractPipeline.java:510)
	at java.base/java.util.stream.AbstractPipeline.wrapAndCopyInto(AbstractPipeline.java:499)
	at java.base/java.util.stream.ForEachOps$ForEachOp.evaluateSequential(ForEachOps.java:150)
	at java.base/java.util.stream.ForEachOps$ForEachOp$OfRef.evaluateSequential(ForEachOps.java:173)
	at java.base/java.util.stream.AbstractPipeline.evaluate(AbstractPipeline.java:234)
	at java.base/java.util.stream.ReferencePipeline.forEach(ReferencePipeline.java:596)
	at org.springframework.boot.SpringApplication.callRunners(SpringApplication.java:772)
	at org.springframework.boot.SpringApplication.run(SpringApplication.java:325)
	at org.springframework.boot.SpringApplication.run(SpringApplication.java:1361)
	at org.springframework.boot.SpringApplication.run(SpringApplication.java:1350)
	at com.aurionpro.papms.PaPmsApplication.main(PaPmsApplication.java:14)
	at java.base/jdk.internal.reflect.NativeMethodAccessorImpl.invoke0(Native Method)
	at java.base/jdk.internal.reflect.NativeMethodAccessorImpl.invoke(NativeMethodAccessorImpl.java:77)
	at java.base/jdk.internal.reflect.DelegatingMethodAccessorImpl.invoke(DelegatingMethodAccessorImpl.java:43)
	at java.base/java.lang.reflect.Method.invoke(Method.java:568)
	at org.springframework.boot.devtools.restart.RestartLauncher.run(RestartLauncher.java:50)
Caused by: org.springframework.beans.BeanInstantiationException: Failed to instantiate [org.springframework.batch.item.file.FlatFileItemReader]: Factory method 'employeeCsvReader' threw exception with message: Path must not be null
	at org.springframework.beans.factory.support.SimpleInstantiationStrategy.lambda$instantiate$0(SimpleInstantiationStrategy.java:200)
	at org.springframework.beans.factory.support.SimpleInstantiationStrategy.instantiateWithFactoryMethod(SimpleInstantiationStrategy.java:89)
	at org.springframework.beans.factory.support.SimpleInstantiationStrategy.instantiate(SimpleInstantiationStrategy.java:169)
	at org.springframework.beans.factory.support.ConstructorResolver.instantiate(ConstructorResolver.java:653)
	... 55 common frames omitted
Caused by: java.lang.IllegalArgumentException: Path must not be null
	at org.springframework.util.Assert.notNull(Assert.java:181)
	at org.springframework.core.io.FileSystemResource.<init>(FileSystemResource.java:84)
	at com.aurionpro.papms.config.BatchConfig.employeeCsvReader(BatchConfig.java:315)
	at com.aurionpro.papms.config.BatchConfig$$SpringCGLIB$$0.CGLIB$employeeCsvReader$6(<generated>)
	at com.aurionpro.papms.config.BatchConfig$$SpringCGLIB$$FastClass$$1.invoke(<generated>)
	at org.springframework.cglib.proxy.MethodProxy.invokeSuper(MethodProxy.java:258)
	at org.springframework.context.annotation.ConfigurationClassEnhancer$BeanMethodInterceptor.intercept(ConfigurationClassEnhancer.java:400)
	at com.aurionpro.papms.config.BatchConfig$$SpringCGLIB$$0.employeeCsvReader(<generated>)
	at java.base/jdk.internal.reflect.NativeMethodAccessorImpl.invoke0(Native Method)
	at java.base/jdk.internal.reflect.NativeMethodAccessorImpl.invoke(NativeMethodAccessorImpl.java:77)
	at java.base/jdk.internal.reflect.DelegatingMethodAccessorImpl.invoke(DelegatingMethodAccessorImpl.java:43)
	at java.base/java.lang.reflect.Method.invoke(Method.java:568)
	at org.springframework.beans.factory.support.SimpleInstantiationStrategy.lambda$instantiate$0(SimpleInstantiationStrategy.java:172)
	... 58 common frames omitted
2025-10-12 22:06:37.954 [restartedMain] INFO  o.s.batch.core.step.AbstractStep - Step: [employeeCsvImportStep] executed in 115ms
2025-10-12 22:06:37.962 [restartedMain] DEBUG o.s.b.c.r.dao.JdbcStepExecutionDao - Truncating long message before update of StepExecution, original message is: org.springframework.beans.factory.BeanCreationException: Error creating bean with name 'scopedTarget.employeeCsvReader' defined in class path resource [com/aurionpro/papms/config/BatchConfig.class]: Failed to instantiate [org.springframework.batch.item.file.FlatFileItemReader]: Factory method 'employeeCsvReader' threw exception with message: Path must not be null
	at org.springframework.beans.factory.support.ConstructorResolver.instantiate(ConstructorResolver.java:657)
	at org.springframework.beans.factory.support.ConstructorResolver.instantiateUsingFactoryMethod(ConstructorResolver.java:645)
	at org.springframework.beans.factory.support.AbstractAutowireCapableBeanFactory.instantiateUsingFactoryMethod(AbstractAutowireCapableBeanFactory.java:1375)
	at org.springframework.beans.factory.support.AbstractAutowireCapableBeanFactory.createBeanInstance(AbstractAutowireCapableBeanFactory.java:1205)
	at org.springframework.beans.factory.support.AbstractAutowireCapableBeanFactory.doCreateBean(AbstractAutowireCapableBeanFactory.java:569)
	at org.springframework.beans.factory.support.AbstractAutowireCapableBeanFactory.createBean(AbstractAutowireCapableBeanFactory.java:529)
	at org.springframework.beans.factory.support.AbstractBeanFactory.lambda$doGetBean$1(AbstractBeanFactory.java:378)
	at org.springframework.batch.core.scope.StepScope.get(StepScope.java:112)
	at org.springframework.beans.factory.support.AbstractBeanFactory.doGetBean(AbstractBeanFactory.java:375)
	at org.springframework.beans.factory.support.AbstractBeanFactory.getBean(AbstractBeanFactory.java:202)
	at org.springframework.aop.target.SimpleBeanTargetSource.getTarget(SimpleBeanTargetSource.java:35)
	at org.springframework.aop.framework.CglibAopProxy$DynamicAdvisedInterceptor.intercept(CglibAopProxy.java:712)
	at org.springframework.batch.item.file.FlatFileItemReader$$SpringCGLIB$$0.open(<generated>)
	at org.springframework.batch.item.support.CompositeItemStream.open(CompositeItemStream.java:138)
	at org.springframework.batch.core.step.tasklet.TaskletStep.open(TaskletStep.java:287)
	at org.springframework.batch.core.step.AbstractStep.execute(AbstractStep.java:227)
	at org.springframework.batch.core.job.SimpleStepHandler.handleStep(SimpleStepHandler.java:153)
	at org.springframework.batch.core.job.flow.JobFlowExecutor.executeStep(JobFlowExecutor.java:68)
	at org.springframework.batch.core.job.flow.support.state.StepState.handle(StepState.java:68)
	at org.springframework.batch.core.job.flow.support.SimpleFlow.resume(SimpleFlow.java:165)
	at org.springframework.batch.core.job.flow.support.SimpleFlow.start(SimpleFlow.java:140)
	at org.springframework.batch.core.job.flow.FlowJob.doExecute(FlowJob.java:132)
	at org.springframework.batch.core.job.AbstractJob.execute(AbstractJob.java:307)
	at org.springframework.batch.core.launch.support.TaskExecutorJobLauncher$1.run(TaskExecutorJobLauncher.java:155)
	at org.springframework.core.task.SyncTaskExecutor.execute(SyncTaskExecutor.java:50)
	at org.springframework.batch.core.launch.support.TaskExecutorJobLauncher.run(TaskExecutorJobLauncher.java:146)
	at org.springframework.boot.autoconfigure.batch.JobLauncherApplicationRunner.execute(JobLauncherApplicationRunner.java:210)
	at org.springframework.boot.autoconfigure.batch.JobLauncherApplicationRunner.executeLocalJobs(JobLauncherApplicationRunner.java:194)
	at org.springframework.boot.autoconfigure.batch.JobLauncherApplicationRunner.launchJobFromProperties(JobLauncherApplicationRunner.java:174)
	at org.springframework.boot.autoconfigure.batch.JobLauncherApplicationRunner.run(JobLauncherApplicationRunner.java:169)
	at org.springframework.boot.autoconfigure.batch.JobLauncherApplicationRunner.run(JobLauncherApplicationRunner.java:164)
	at org.springframework.boot.SpringApplication.lambda$callRunner$4(SpringApplication.java:784)
	at org.springframework.util.function.ThrowingConsumer$1.acceptWithException(ThrowingConsumer.java:82)
	at org.springframework.util.function.ThrowingConsumer.accept(ThrowingConsumer.java:60)
	at org.springframework.util.function.ThrowingConsumer$1.accept(ThrowingConsumer.java:86)
	at org.springframework.boot.SpringApplication.callRunner(SpringApplication.java:796)
	at org.springframework.boot.SpringApplication.callRunner(SpringApplication.java:784)
	at org.springframework.boot.SpringApplication.lambda$callRunners$3(SpringApplication.java:772)
	at java.base/java.util.stream.ForEachOps$ForEachOp$OfRef.accept(ForEachOps.java:183)
	at java.base/java.util.stream.SortedOps$SizedRefSortingSink.end(SortedOps.java:357)
	at java.base/java.util.stream.AbstractPipeline.copyInto(AbstractPipeline.java:510)
	at java.base/java.util.stream.AbstractPipeline.wrapAndCopyInto(AbstractPipeline.java:499)
	at java.base/java.util.stream.ForEachOps$ForEachOp.evaluateSequential(ForEachOps.java:150)
	at java.base/java.util.stream.ForEachOps$ForEachOp$OfRef.evaluateSequential(ForEachOps.java:173)
	at java.base/java.util.stream.AbstractPipeline.evaluate(AbstractPipeline.java:234)
	at java.base/java.util.stream.ReferencePipeline.forEach(ReferencePipeline.java:596)
	at org.springframework.boot.SpringApplication.callRunners(SpringApplication.java:772)
	at org.springframework.boot.SpringApplication.run(SpringApplication.java:325)
	at org.springframework.boot.SpringApplication.run(SpringApplication.java:1361)
	at org.springframework.boot.SpringApplication.run(SpringApplication.java:1350)
	at com.aurionpro.papms.PaPmsApplication.main(PaPmsApplication.java:14)
	at java.base/jdk.internal.reflect.NativeMethodAccessorImpl.invoke0(Native Method)
	at java.base/jdk.internal.reflect.NativeMethodAccessorImpl.invoke(NativeMethodAccessorImpl.java:77)
	at java.base/jdk.internal.reflect.DelegatingMethodAccessorImpl.invoke(DelegatingMethodAccessorImpl.java:43)
	at java.base/java.lang.reflect.Method.invoke(Method.java:568)
	at org.springframework.boot.devtools.restart.RestartLauncher.run(RestartLauncher.java:50)
Caused by: org.springframework.beans.BeanInstantiationException: Failed to instantiate [org.springframework.batch.item.file.FlatFileItemReader]: Factory method 'employeeCsvReader' threw exception with message: Path must not be null
	at org.springframework.beans.factory.support.SimpleInstantiationStrategy.lambda$instantiate$0(SimpleInstantiationStrategy.java:200)
	at org.springframework.beans.factory.support.SimpleInstantiationStrategy.instantiateWithFactoryMethod(SimpleInstantiationStrategy.java:89)
	at org.springframework.beans.factory.support.SimpleInstantiationStrategy.instantiate(SimpleInstantiationStrategy.java:169)
	at org.springframework.beans.factory.support.ConstructorResolver.instantiate(ConstructorResolver.java:653)
	... 55 more
Caused by: java.lang.IllegalArgumentException: Path must not be null
	at org.springframework.util.Assert.notNull(Assert.java:181)
	at org.springframework.core.io.FileSystemResource.<init>(FileSystemResource.java:84)
	at com.aurionpro.papms.config.BatchConfig.employeeCsvReader(BatchConfig.java:315)
	at com.aurionpro.papms.config.BatchConfig$$SpringCGLIB$$0.CGLIB$employeeCsvReader$6(<generated>)
	at com.aurionpro.papms.config.BatchConfig$$SpringCGLIB$$FastClass$$1.invoke(<generated>)
	at org.springframework.cglib.proxy.MethodProxy.invokeSuper(MethodProxy.java:258)
	at org.springframework.context.annotation.ConfigurationClassEnhancer$BeanMethodInterceptor.intercept(ConfigurationClassEnhancer.java:400)
	at com.aurionpro.papms.config.BatchConfig$$SpringCGLIB$$0.employeeCsvReader(<generated>)
	at java.base/jdk.internal.reflect.NativeMethodAccessorImpl.invoke0(Native Method)
	at java.base/jdk.internal.reflect.NativeMethodAccessorImpl.invoke(NativeMethodAccessorImpl.java:77)
	at java.base/jdk.internal.reflect.DelegatingMethodAccessorImpl.invoke(DelegatingMethodAccessorImpl.java:43)
	at java.base/java.lang.reflect.Method.invoke(Method.java:568)
	at org.springframework.beans.factory.support.SimpleInstantiationStrategy.lambda$instantiate$0(SimpleInstantiationStrategy.java:172)
	... 58 more

2025-10-12 22:06:37.970 [restartedMain] DEBUG o.s.batch.core.scope.StepScope - Creating object in scope=step, name=scopedTarget.employeeCsvReader
2025-10-12 22:06:37.971 [restartedMain] ERROR o.s.batch.core.step.AbstractStep - Exception while closing step execution resources in step employeeCsvImportStep in job employeeCsvImportJob
org.springframework.batch.item.ItemStreamException: Failed to close 1 delegate(s) due to exceptions
	at org.springframework.batch.item.support.CompositeItemStream.close(CompositeItemStream.java:123)
	at org.springframework.batch.core.step.tasklet.TaskletStep.close(TaskletStep.java:282)
	at org.springframework.batch.core.step.AbstractStep.execute(AbstractStep.java:313)
	at org.springframework.batch.core.job.SimpleStepHandler.handleStep(SimpleStepHandler.java:153)
	at org.springframework.batch.core.job.flow.JobFlowExecutor.executeStep(JobFlowExecutor.java:68)
	at org.springframework.batch.core.job.flow.support.state.StepState.handle(StepState.java:68)
	at org.springframework.batch.core.job.flow.support.SimpleFlow.resume(SimpleFlow.java:165)
	at org.springframework.batch.core.job.flow.support.SimpleFlow.start(SimpleFlow.java:140)
	at org.springframework.batch.core.job.flow.FlowJob.doExecute(FlowJob.java:132)
	at org.springframework.batch.core.job.AbstractJob.execute(AbstractJob.java:307)
	at org.springframework.batch.core.launch.support.TaskExecutorJobLauncher$1.run(TaskExecutorJobLauncher.java:155)
	at org.springframework.core.task.SyncTaskExecutor.execute(SyncTaskExecutor.java:50)
	at org.springframework.batch.core.launch.support.TaskExecutorJobLauncher.run(TaskExecutorJobLauncher.java:146)
	at org.springframework.boot.autoconfigure.batch.JobLauncherApplicationRunner.execute(JobLauncherApplicationRunner.java:210)
	at org.springframework.boot.autoconfigure.batch.JobLauncherApplicationRunner.executeLocalJobs(JobLauncherApplicationRunner.java:194)
	at org.springframework.boot.autoconfigure.batch.JobLauncherApplicationRunner.launchJobFromProperties(JobLauncherApplicationRunner.java:174)
	at org.springframework.boot.autoconfigure.batch.JobLauncherApplicationRunner.run(JobLauncherApplicationRunner.java:169)
	at org.springframework.boot.autoconfigure.batch.JobLauncherApplicationRunner.run(JobLauncherApplicationRunner.java:164)
	at org.springframework.boot.SpringApplication.lambda$callRunner$4(SpringApplication.java:784)
	at org.springframework.util.function.ThrowingConsumer$1.acceptWithException(ThrowingConsumer.java:82)
	at org.springframework.util.function.ThrowingConsumer.accept(ThrowingConsumer.java:60)
	at org.springframework.util.function.ThrowingConsumer$1.accept(ThrowingConsumer.java:86)
	at org.springframework.boot.SpringApplication.callRunner(SpringApplication.java:796)
	at org.springframework.boot.SpringApplication.callRunner(SpringApplication.java:784)
	at org.springframework.boot.SpringApplication.lambda$callRunners$3(SpringApplication.java:772)
	at java.base/java.util.stream.ForEachOps$ForEachOp$OfRef.accept(ForEachOps.java:183)
	at java.base/java.util.stream.SortedOps$SizedRefSortingSink.end(SortedOps.java:357)
	at java.base/java.util.stream.AbstractPipeline.copyInto(AbstractPipeline.java:510)
	at java.base/java.util.stream.AbstractPipeline.wrapAndCopyInto(AbstractPipeline.java:499)
	at java.base/java.util.stream.ForEachOps$ForEachOp.evaluateSequential(ForEachOps.java:150)
	at java.base/java.util.stream.ForEachOps$ForEachOp$OfRef.evaluateSequential(ForEachOps.java:173)
	at java.base/java.util.stream.AbstractPipeline.evaluate(AbstractPipeline.java:234)
	at java.base/java.util.stream.ReferencePipeline.forEach(ReferencePipeline.java:596)
	at org.springframework.boot.SpringApplication.callRunners(SpringApplication.java:772)
	at org.springframework.boot.SpringApplication.run(SpringApplication.java:325)
	at org.springframework.boot.SpringApplication.run(SpringApplication.java:1361)
	at org.springframework.boot.SpringApplication.run(SpringApplication.java:1350)
	at com.aurionpro.papms.PaPmsApplication.main(PaPmsApplication.java:14)
	at java.base/jdk.internal.reflect.NativeMethodAccessorImpl.invoke0(Native Method)
	at java.base/jdk.internal.reflect.NativeMethodAccessorImpl.invoke(NativeMethodAccessorImpl.java:77)
	at java.base/jdk.internal.reflect.DelegatingMethodAccessorImpl.invoke(DelegatingMethodAccessorImpl.java:43)
	at java.base/java.lang.reflect.Method.invoke(Method.java:568)
	at org.springframework.boot.devtools.restart.RestartLauncher.run(RestartLauncher.java:50)
	Suppressed: org.springframework.beans.factory.BeanCreationException: Error creating bean with name 'scopedTarget.employeeCsvReader' defined in class path resource [com/aurionpro/papms/config/BatchConfig.class]: Failed to instantiate [org.springframework.batch.item.file.FlatFileItemReader]: Factory method 'employeeCsvReader' threw exception with message: Path must not be null
		at org.springframework.beans.factory.support.ConstructorResolver.instantiate(ConstructorResolver.java:657)
		at org.springframework.beans.factory.support.ConstructorResolver.instantiateUsingFactoryMethod(ConstructorResolver.java:645)
		at org.springframework.beans.factory.support.AbstractAutowireCapableBeanFactory.instantiateUsingFactoryMethod(AbstractAutowireCapableBeanFactory.java:1375)
		at org.springframework.beans.factory.support.AbstractAutowireCapableBeanFactory.createBeanInstance(AbstractAutowireCapableBeanFactory.java:1205)
		at org.springframework.beans.factory.support.AbstractAutowireCapableBeanFactory.doCreateBean(AbstractAutowireCapableBeanFactory.java:569)
		at org.springframework.beans.factory.support.AbstractAutowireCapableBeanFactory.createBean(AbstractAutowireCapableBeanFactory.java:529)
		at org.springframework.beans.factory.support.AbstractBeanFactory.lambda$doGetBean$1(AbstractBeanFactory.java:378)
		at org.springframework.batch.core.scope.StepScope.get(StepScope.java:112)
		at org.springframework.beans.factory.support.AbstractBeanFactory.doGetBean(AbstractBeanFactory.java:375)
		at org.springframework.beans.factory.support.AbstractBeanFactory.getBean(AbstractBeanFactory.java:202)
		at org.springframework.aop.target.SimpleBeanTargetSource.getTarget(SimpleBeanTargetSource.java:35)
		at org.springframework.aop.framework.CglibAopProxy$DynamicAdvisedInterceptor.intercept(CglibAopProxy.java:712)
		at org.springframework.batch.item.file.FlatFileItemReader$$SpringCGLIB$$0.close(<generated>)
		at org.springframework.batch.item.support.CompositeItemStream.close(CompositeItemStream.java:114)
		... 42 common frames omitted
	Caused by: org.springframework.beans.BeanInstantiationException: Failed to instantiate [org.springframework.batch.item.file.FlatFileItemReader]: Factory method 'employeeCsvReader' threw exception with message: Path must not be null
		at org.springframework.beans.factory.support.SimpleInstantiationStrategy.lambda$instantiate$0(SimpleInstantiationStrategy.java:200)
		at org.springframework.beans.factory.support.SimpleInstantiationStrategy.instantiateWithFactoryMethod(SimpleInstantiationStrategy.java:89)
		at org.springframework.beans.factory.support.SimpleInstantiationStrategy.instantiate(SimpleInstantiationStrategy.java:169)
		at org.springframework.beans.factory.support.ConstructorResolver.instantiate(ConstructorResolver.java:653)
		... 55 common frames omitted
	Caused by: java.lang.IllegalArgumentException: Path must not be null
		at org.springframework.util.Assert.notNull(Assert.java:181)
		at org.springframework.core.io.FileSystemResource.<init>(FileSystemResource.java:84)
		at com.aurionpro.papms.config.BatchConfig.employeeCsvReader(BatchConfig.java:315)
		at com.aurionpro.papms.config.BatchConfig$$SpringCGLIB$$0.CGLIB$employeeCsvReader$6(<generated>)
		at com.aurionpro.papms.config.BatchConfig$$SpringCGLIB$$FastClass$$1.invoke(<generated>)
		at org.springframework.cglib.proxy.MethodProxy.invokeSuper(MethodProxy.java:258)
		at org.springframework.context.annotation.ConfigurationClassEnhancer$BeanMethodInterceptor.intercept(ConfigurationClassEnhancer.java:400)
		at com.aurionpro.papms.config.BatchConfig$$SpringCGLIB$$0.employeeCsvReader(<generated>)
		at java.base/jdk.internal.reflect.NativeMethodAccessorImpl.invoke0(Native Method)
		at java.base/jdk.internal.reflect.NativeMethodAccessorImpl.invoke(NativeMethodAccessorImpl.java:77)
		at java.base/jdk.internal.reflect.DelegatingMethodAccessorImpl.invoke(DelegatingMethodAccessorImpl.java:43)
		at java.base/java.lang.reflect.Method.invoke(Method.java:568)
		at org.springframework.beans.factory.support.SimpleInstantiationStrategy.lambda$instantiate$0(SimpleInstantiationStrategy.java:172)
		... 58 common frames omitted
2025-10-12 22:06:37.973 [restartedMain] DEBUG o.s.batch.core.step.AbstractStep - Step execution complete: StepExecution: id=4, version=2, name=employeeCsvImportStep, status=FAILED, exitStatus=FAILED, readCount=0, filterCount=0, writeCount=0 readSkipCount=0, writeSkipCount=0, processSkipCount=0, commitCount=0, rollbackCount=0
2025-10-12 22:06:37.979 [restartedMain] DEBUG o.s.b.c.job.flow.support.SimpleFlow - Completed state=employeeCsvImportJob.step0 with status=FAILED
2025-10-12 22:06:37.980 [restartedMain] DEBUG o.s.b.c.job.flow.support.SimpleFlow - Handling state=employeeCsvImportJob.FAILED
2025-10-12 22:06:37.980 [restartedMain] DEBUG o.s.b.c.job.flow.support.SimpleFlow - Completed state=employeeCsvImportJob.FAILED with status=FAILED
2025-10-12 22:06:37.980 [restartedMain] DEBUG o.s.batch.core.job.AbstractJob - Job execution complete: JobExecution: id=4, version=1, startTime=2025-10-12T22:06:37.813079300, endTime=null, lastUpdated=2025-10-12T22:06:37.814588600, status=FAILED, exitStatus=exitCode=FAILED;exitDescription=, job=[JobInstance: id=4, version=0, Job=[employeeCsvImportJob]], jobParameters=[{'run.id':'{value=4, type=class java.lang.Long, identifying=true}'}]
2025-10-12 22:06:37.981 [restartedMain] ERROR c.a.p.b.JobCompletionNotificationListener - !!! EMPLOYEE IMPORT JOB FAILED! Check logs for details.
2025-10-12 22:06:37.989 [restartedMain] INFO  o.s.b.c.l.s.TaskExecutorJobLauncher - Job: [FlowJob: [name=employeeCsvImportJob]] completed with the following parameters: [{'run.id':'{value=4, type=class java.lang.Long, identifying=true}'}] and the following status: [FAILED] in 168ms
2025-10-12 22:06:37.990 [restartedMain] INFO  c.aurionpro.papms.config.DataSeeder - DataSeeder running...
2025-10-12 22:06:38.003 [restartedMain] DEBUG org.hibernate.SQL - 
    select
        count(u1_0.id) 
    from
        users u1_0 
    where
        u1_0.role=?
2025-10-12 22:06:38.003 [restartedMain] TRACE org.hibernate.orm.jdbc.bind - binding parameter (1:ENUM) <- [BANK_ADMIN]
2025-10-12 22:06:38.005 [restartedMain] INFO  c.aurionpro.papms.config.DataSeeder - BANK_ADMIN user already exists. Skipping creation.
2025-10-12 22:06:38.007 [restartedMain] INFO  c.aurionpro.papms.PaPmsApplication - PaPmsApplication started successfully!
2025-10-12 22:08:40.649 [SpringApplicationShutdownHook] INFO  o.s.b.w.e.tomcat.GracefulShutdown - Commencing graceful shutdown. Waiting for active requests to complete
2025-10-12 22:08:40.959 [tomcat-shutdown] INFO  o.s.b.w.e.tomcat.GracefulShutdown - Graceful shutdown complete
2025-10-12 22:08:40.962 [SpringApplicationShutdownHook] DEBUG o.s.b.c.c.s.JobRegistrySmartInitializingSingleton - Unregistering job: employeeCsvImportJob
2025-10-12 22:08:40.966 [SpringApplicationShutdownHook] INFO  o.s.o.j.LocalContainerEntityManagerFactoryBean - Closing JPA EntityManagerFactory for persistence unit 'default'
2025-10-12 22:08:40.975 [SpringApplicationShutdownHook] INFO  com.zaxxer.hikari.HikariDataSource - HikariPool-1 - Shutdown initiated...
2025-10-12 22:08:40.981 [SpringApplicationShutdownHook] INFO  com.zaxxer.hikari.HikariDataSource - HikariPool-1 - Shutdown completed.
2025-10-12 22:10:12.146 [background-preinit] INFO  o.h.validator.internal.util.Version - HV000001: Hibernate Validator 8.0.3.Final
2025-10-12 22:10:12.196 [restartedMain] INFO  c.aurionpro.papms.PaPmsApplication - Starting PaPmsApplication using Java 17.0.1 with PID 36232 (D:\Swabhav_Java_FullStack\Project\Project\PaPMS\target\classes started by aniket.gupta in D:\Swabhav_Java_FullStack\Project\Project\PaPMS)
2025-10-12 22:10:12.197 [restartedMain] DEBUG c.aurionpro.papms.PaPmsApplication - Running with Spring Boot v3.5.5, Spring v6.2.10
2025-10-12 22:10:12.197 [restartedMain] INFO  c.aurionpro.papms.PaPmsApplication - No active profile set, falling back to 1 default profile: "default"
2025-10-12 22:10:12.237 [restartedMain] INFO  o.s.b.d.e.DevToolsPropertyDefaultsPostProcessor - Devtools property defaults active! Set 'spring.devtools.add-properties' to 'false' to disable
2025-10-12 22:10:12.237 [restartedMain] INFO  o.s.b.d.e.DevToolsPropertyDefaultsPostProcessor - For additional web related logging consider setting the 'logging.level.web' property to 'DEBUG'
2025-10-12 22:10:13.326 [restartedMain] INFO  o.s.d.r.c.RepositoryConfigurationDelegate - Bootstrapping Spring Data JPA repositories in DEFAULT mode.
2025-10-12 22:10:13.480 [restartedMain] INFO  o.s.d.r.c.RepositoryConfigurationDelegate - Finished Spring Data repository scanning in 147 ms. Found 17 JPA repository interfaces.
2025-10-12 22:10:14.159 [restartedMain] INFO  o.s.b.w.e.tomcat.TomcatWebServer - Tomcat initialized with port 8080 (http)
2025-10-12 22:10:14.167 [restartedMain] INFO  o.a.coyote.http11.Http11NioProtocol - Initializing ProtocolHandler ["http-nio-8080"]
2025-10-12 22:10:14.168 [restartedMain] INFO  o.a.catalina.core.StandardService - Starting service [Tomcat]
2025-10-12 22:10:14.168 [restartedMain] INFO  o.a.catalina.core.StandardEngine - Starting Servlet engine: [Apache Tomcat/10.1.44]
2025-10-12 22:10:14.225 [restartedMain] INFO  o.a.c.c.C.[Tomcat].[localhost].[/] - Initializing Spring embedded WebApplicationContext
2025-10-12 22:10:14.225 [restartedMain] INFO  o.s.b.w.s.c.ServletWebServerApplicationContext - Root WebApplicationContext: initialization completed in 1986 ms
2025-10-12 22:10:14.289 [restartedMain] INFO  com.zaxxer.hikari.HikariDataSource - HikariPool-1 - Starting...
2025-10-12 22:10:14.574 [restartedMain] INFO  com.zaxxer.hikari.pool.HikariPool - HikariPool-1 - Added connection com.mysql.cj.jdbc.ConnectionImpl@2915e92d
2025-10-12 22:10:14.576 [restartedMain] INFO  com.zaxxer.hikari.HikariDataSource - HikariPool-1 - Start completed.
2025-10-12 22:10:14.996 [restartedMain] INFO  o.h.jpa.internal.util.LogHelper - HHH000204: Processing PersistenceUnitInfo [name: default]
2025-10-12 22:10:15.035 [restartedMain] INFO  org.hibernate.Version - HHH000412: Hibernate ORM core version 6.6.26.Final
2025-10-12 22:10:15.063 [restartedMain] INFO  o.h.c.i.RegionFactoryInitiator - HHH000026: Second-level cache disabled
2025-10-12 22:10:15.259 [restartedMain] INFO  o.s.o.j.p.SpringPersistenceUnitInfo - No LoadTimeWeaver setup: ignoring JPA class transformer
2025-10-12 22:10:15.313 [restartedMain] WARN  org.hibernate.orm.deprecation - HHH90000025: MySQLDialect does not need to be specified explicitly using 'hibernate.dialect' (remove the property setting and it will be selected by default)
2025-10-12 22:10:15.325 [restartedMain] INFO  o.hibernate.orm.connections.pooling - HHH10001005: Database info:
	Database JDBC URL [Connecting through datasource 'HikariDataSource (HikariPool-1)']
	Database driver: undefined/unknown
	Database version: 8.0.42
	Autocommit mode: undefined/unknown
	Isolation level: undefined/unknown
	Minimum pool size: undefined/unknown
	Maximum pool size: undefined/unknown
2025-10-12 22:10:16.358 [restartedMain] INFO  o.h.e.t.j.p.i.JtaPlatformInitiator - HHH000489: No JTA platform available (set 'hibernate.transaction.jta.platform' to enable JTA platform integration)
2025-10-12 22:10:16.417 [restartedMain] DEBUG org.hibernate.SQL - 
    create table bank_accounts (
        id bigint not null auto_increment,
        account_holder_name varchar(255) not null,
        account_number varchar(50) not null,
        bank_name varchar(255) not null,
        created_at datetime(6) not null,
        ifsc_code varchar(11) not null,
        is_primary bit,
        owner_type enum ('EMPLOYEE','VENDOR') not null,
        updated_at datetime(6) not null,
        employee_id bigint,
        vendor_id bigint,
        primary key (id)
    ) engine=InnoDB
2025-10-12 22:10:16.507 [restartedMain] DEBUG org.hibernate.SQL - 
    create table clients (
        id integer not null auto_increment,
        company_name varchar(255),
        contact_person varchar(255),
        created_at datetime(6) not null,
        is_active bit,
        updated_at datetime(6) not null,
        organization_id integer not null,
        user_id bigint not null,
        primary key (id)
    ) engine=InnoDB
2025-10-12 22:10:16.534 [restartedMain] DEBUG org.hibernate.SQL - 
    create table deposits (
        id bigint not null auto_increment,
        amount decimal(38,2) not null,
        created_at datetime(6),
        deposit_date datetime(6) not null,
        transaction_id bigint,
        updated_at datetime(6),
        organization_id integer not null,
        primary key (id)
    ) engine=InnoDB
2025-10-12 22:10:16.562 [restartedMain] DEBUG org.hibernate.SQL - 
    create table documents (
        id integer not null auto_increment,
        cloudinary_public_id varchar(255) not null,
        cloudinary_url varchar(512) not null,
        file_name varchar(255) not null,
        related_entity_type enum ('EMPLOYEE_PAYROLL','EMPLOYEE_VERIFICATION','ORGANIZATION_VERIFICATION') not null,
        status enum ('Approved','Pending','Rejected') not null,
        uploaded_at datetime(6) not null,
        related_entity_id integer,
        primary key (id)
    ) engine=InnoDB
2025-10-12 22:10:16.596 [restartedMain] DEBUG org.hibernate.SQL - 
    create table employees (
        id bigint not null auto_increment,
        created_at datetime(6),
        date_of_joining date,
        department varchar(255),
        employee_code varchar(255) not null,
        is_active bit,
        job_title varchar(255),
        profile_picture_url varchar(512),
        updated_at datetime(6),
        organization_id integer not null,
        user_id bigint not null,
        primary key (id)
    ) engine=InnoDB
2025-10-12 22:10:16.631 [restartedMain] DEBUG org.hibernate.SQL - 
    create table invoices (
        id integer not null auto_increment,
        amount decimal(12,2) not null,
        created_at datetime(6) not null,
        due_date date not null,
        invoice_number varchar(50) not null,
        issue_date date not null,
        paid_at datetime(6),
        status enum ('CANCELLED','OVERDUE','PAID','SENT') not null,
        updated_at datetime(6) not null,
        client_id integer not null,
        organization_id integer not null,
        primary key (id)
    ) engine=InnoDB
2025-10-12 22:10:16.663 [restartedMain] DEBUG org.hibernate.SQL - 
    create table notifications (
        id bigint not null auto_increment,
        created_at datetime(6),
        is_read bit,
        link varchar(255),
        message varchar(512) not null,
        user_id bigint not null,
        primary key (id)
    ) engine=InnoDB
2025-10-12 22:10:16.694 [restartedMain] DEBUG org.hibernate.SQL - 
    create table organizations (
        id integer not null auto_increment,
        address TEXT,
        bank_assigned_account_number varchar(50),
        company_name varchar(255) not null,
        contact_email varchar(255) not null,
        contact_phone varchar(255),
        created_at datetime(6) not null,
        internal_balance decimal(38,2) not null,
        logo_url varchar(512),
        rejection_reason TEXT,
        status enum ('ACTIVE','PENDING_APPROVAL','REJECTED','SUSPENDED') not null,
        updated_at datetime(6) not null,
        primary key (id)
    ) engine=InnoDB
2025-10-12 22:10:16.724 [restartedMain] DEBUG org.hibernate.SQL - 
    create table password_reset_tokens (
        id bigint not null auto_increment,
        expiry_date datetime(6) not null,
        token varchar(255) not null,
        user_id bigint not null,
        primary key (id)
    ) engine=InnoDB
2025-10-12 22:10:16.752 [restartedMain] DEBUG org.hibernate.SQL - 
    create table payroll_batches (
        id bigint not null auto_increment,
        created_at datetime(6),
        payroll_month integer not null,
        payroll_year integer not null,
        rejection_reason TEXT,
        status enum ('APPROVED','COMPLETED','PENDING_APPROVAL','PROCESSING','REJECTED') not null,
        total_amount decimal(15,2) not null,
        total_employees integer not null,
        transaction_id bigint,
        updated_at datetime(6),
        approved_by_user_id bigint,
        organization_id integer not null,
        submitted_by_user_id bigint,
        primary key (id)
    ) engine=InnoDB
2025-10-12 22:10:16.781 [restartedMain] DEBUG org.hibernate.SQL - 
    create table payroll_payments (
        id bigint not null auto_increment,
        basic_salary decimal(10,2),
        created_at datetime(6),
        da decimal(10,2),
        hra decimal(10,2),
        net_salary_paid decimal(10,2) not null,
        other_allowances decimal(10,2),
        pf_contribution decimal(10,2),
        processed_at datetime(6),
        status enum ('FAILED','PENDING','PROCESSED') not null,
        employee_id bigint not null,
        payroll_batch_id bigint not null,
        primary key (id)
    ) engine=InnoDB
2025-10-12 22:10:16.817 [restartedMain] DEBUG org.hibernate.SQL - 
    create table salary_structures (
        id bigint not null auto_increment,
        basic_salary decimal(10,2) not null,
        created_at datetime(6),
        da decimal(10,2),
        effective_from_date date not null,
        hra decimal(10,2),
        is_active bit,
        other_allowances decimal(10,2),
        pf_contribution decimal(10,2),
        employee_id bigint not null,
        primary key (id)
    ) engine=InnoDB
2025-10-12 22:10:16.849 [restartedMain] DEBUG org.hibernate.SQL - 
    create table transactions (
        id bigint not null auto_increment,
        amount decimal(38,2) not null,
        balance_after_transaction decimal(38,2) not null,
        description varchar(255) not null,
        source_id bigint not null,
        source_type enum ('INVOICE','MANUAL_ADJUSTMENT','PAYROLL_PAYMENT','VENDOR_PAYMENT') not null,
        transaction_date datetime(6),
        transaction_type enum ('CREDIT','DEBIT') not null,
        organization_id integer not null,
        primary key (id)
    ) engine=InnoDB
2025-10-12 22:10:16.881 [restartedMain] DEBUG org.hibernate.SQL - 
    create table users (
        id bigint not null auto_increment,
        created_at datetime(6),
        email varchar(255) not null,
        full_name varchar(255) not null,
        is_active bit,
        organization_id integer,
        password varchar(255) not null,
        requires_password_change bit,
        role enum ('BANK_ADMIN','CLIENT','EMPLOYEE','ORG_ADMIN') not null,
        updated_at datetime(6),
        username varchar(255) not null,
        primary key (id)
    ) engine=InnoDB
2025-10-12 22:10:16.912 [restartedMain] DEBUG org.hibernate.SQL - 
    create table vendor_bills (
        id bigint not null auto_increment,
        amount decimal(38,2) not null,
        bill_date date not null,
        bill_number varchar(255) not null,
        created_at datetime(6),
        updated_at datetime(6),
        organization_id integer not null,
        vendor_id bigint not null,
        vendor_payment_id bigint not null,
        primary key (id)
    ) engine=InnoDB
2025-10-12 22:10:16.941 [restartedMain] DEBUG org.hibernate.SQL - 
    create table vendor_payments (
        id bigint not null auto_increment,
        amount decimal(38,2) not null,
        created_at datetime(6),
        description varchar(255),
        payment_date date not null,
        status enum ('FAILED','PENDING','PROCESSED') not null,
        transaction_id bigint,
        updated_at datetime(6),
        organization_id integer not null,
        vendor_id bigint not null,
        primary key (id)
    ) engine=InnoDB
2025-10-12 22:10:16.969 [restartedMain] DEBUG org.hibernate.SQL - 
    create table vendors (
        id bigint not null auto_increment,
        address TEXT,
        contact_email varchar(255),
        contact_phone varchar(255),
        created_at datetime(6),
        is_active bit,
        updated_at datetime(6),
        vendor_name varchar(255) not null,
        organization_id integer not null,
        primary key (id)
    ) engine=InnoDB
2025-10-12 22:10:16.999 [restartedMain] DEBUG org.hibernate.SQL - 
    alter table bank_accounts 
       drop index UKiqqtyol47i7e5cpv6d55td9ob
2025-10-12 22:10:17.006 [restartedMain] DEBUG org.hibernate.SQL - 
    alter table bank_accounts 
       add constraint UKiqqtyol47i7e5cpv6d55td9ob unique (employee_id)
2025-10-12 22:10:17.037 [restartedMain] DEBUG org.hibernate.SQL - 
    alter table clients 
       drop index UKsmrp6gi0tckq1w5rnd7boyowu
2025-10-12 22:10:17.040 [restartedMain] DEBUG org.hibernate.SQL - 
    alter table clients 
       add constraint UKsmrp6gi0tckq1w5rnd7boyowu unique (user_id)
2025-10-12 22:10:17.066 [restartedMain] DEBUG org.hibernate.SQL - 
    alter table deposits 
       drop index UK3gp528llfn6dhm5h4tg6r83uj
2025-10-12 22:10:17.068 [restartedMain] DEBUG org.hibernate.SQL - 
    alter table deposits 
       add constraint UK3gp528llfn6dhm5h4tg6r83uj unique (transaction_id)
2025-10-12 22:10:17.096 [restartedMain] DEBUG org.hibernate.SQL - 
    alter table employees 
       drop index UKa7bdqjnt9y7x74s8jsdbym0e1
2025-10-12 22:10:17.098 [restartedMain] DEBUG org.hibernate.SQL - 
    alter table employees 
       add constraint UKa7bdqjnt9y7x74s8jsdbym0e1 unique (organization_id, employee_code)
2025-10-12 22:10:17.123 [restartedMain] DEBUG org.hibernate.SQL - 
    alter table employees 
       drop index UKj2dmgsma6pont6kf7nic9elpd
2025-10-12 22:10:17.124 [restartedMain] DEBUG org.hibernate.SQL - 
    alter table employees 
       add constraint UKj2dmgsma6pont6kf7nic9elpd unique (user_id)
2025-10-12 22:10:17.143 [restartedMain] DEBUG org.hibernate.SQL - 
    alter table invoices 
       drop index UK4xbj1e2ar33fekfkhyfmmj7qs
2025-10-12 22:10:17.145 [restartedMain] DEBUG org.hibernate.SQL - 
    alter table invoices 
       add constraint UK4xbj1e2ar33fekfkhyfmmj7qs unique (organization_id, invoice_number)
2025-10-12 22:10:17.168 [restartedMain] DEBUG org.hibernate.SQL - 
    alter table organizations 
       drop index UKcv8bvkfl9h41e2bjc4w9t9sc6
2025-10-12 22:10:17.171 [restartedMain] DEBUG org.hibernate.SQL - 
    alter table organizations 
       add constraint UKcv8bvkfl9h41e2bjc4w9t9sc6 unique (bank_assigned_account_number)
2025-10-12 22:10:17.198 [restartedMain] DEBUG org.hibernate.SQL - 
    alter table organizations 
       drop index UKg29raxussl8gvofid5ujgxuuu
2025-10-12 22:10:17.198 [restartedMain] DEBUG org.hibernate.SQL - 
    alter table organizations 
       add constraint UKg29raxussl8gvofid5ujgxuuu unique (company_name)
2025-10-12 22:10:17.220 [restartedMain] DEBUG org.hibernate.SQL - 
    alter table password_reset_tokens 
       drop index UK71lqwbwtklmljk3qlsugr1mig
2025-10-12 22:10:17.223 [restartedMain] DEBUG org.hibernate.SQL - 
    alter table password_reset_tokens 
       add constraint UK71lqwbwtklmljk3qlsugr1mig unique (token)
2025-10-12 22:10:17.251 [restartedMain] DEBUG org.hibernate.SQL - 
    alter table password_reset_tokens 
       drop index UKla2ts67g4oh2sreayswhox1i6
2025-10-12 22:10:17.253 [restartedMain] DEBUG org.hibernate.SQL - 
    alter table password_reset_tokens 
       add constraint UKla2ts67g4oh2sreayswhox1i6 unique (user_id)
2025-10-12 22:10:17.274 [restartedMain] DEBUG org.hibernate.SQL - 
    alter table users 
       drop index UK6dotkott2kjsp8vw4d0m25fb7
2025-10-12 22:10:17.278 [restartedMain] DEBUG org.hibernate.SQL - 
    alter table users 
       add constraint UK6dotkott2kjsp8vw4d0m25fb7 unique (email)
2025-10-12 22:10:17.306 [restartedMain] DEBUG org.hibernate.SQL - 
    alter table users 
       drop index UKr43af9ap4edm43mmtq01oddj6
2025-10-12 22:10:17.308 [restartedMain] DEBUG org.hibernate.SQL - 
    alter table users 
       add constraint UKr43af9ap4edm43mmtq01oddj6 unique (username)
2025-10-12 22:10:17.328 [restartedMain] DEBUG org.hibernate.SQL - 
    alter table vendor_bills 
       drop index UKtlwiwx9ox314r07ul9524o8uj
2025-10-12 22:10:17.330 [restartedMain] DEBUG org.hibernate.SQL - 
    alter table vendor_bills 
       add constraint UKtlwiwx9ox314r07ul9524o8uj unique (bill_number)
2025-10-12 22:10:17.354 [restartedMain] DEBUG org.hibernate.SQL - 
    alter table vendor_bills 
       drop index UKrjam9j7yatenj6ho2bro7qla2
2025-10-12 22:10:17.356 [restartedMain] DEBUG org.hibernate.SQL - 
    alter table vendor_bills 
       add constraint UKrjam9j7yatenj6ho2bro7qla2 unique (vendor_payment_id)
2025-10-12 22:10:17.375 [restartedMain] DEBUG org.hibernate.SQL - 
    alter table vendor_payments 
       drop index UKm81wet0puj5k2hn19wdfxgylm
2025-10-12 22:10:17.377 [restartedMain] DEBUG org.hibernate.SQL - 
    alter table vendor_payments 
       add constraint UKm81wet0puj5k2hn19wdfxgylm unique (transaction_id)
2025-10-12 22:10:17.402 [restartedMain] DEBUG org.hibernate.SQL - 
    alter table bank_accounts 
       add constraint FKlj5q7h1lhmktlhn5o0gkspgrr 
       foreign key (employee_id) 
       references employees (id)
2025-10-12 22:10:17.486 [restartedMain] DEBUG org.hibernate.SQL - 
    alter table bank_accounts 
       add constraint FKje02p14u2sbvlb1q5xyfobw18 
       foreign key (vendor_id) 
       references vendors (id)
2025-10-12 22:10:17.574 [restartedMain] DEBUG org.hibernate.SQL - 
    alter table clients 
       add constraint FKqtabsk1bran5vu6akf0t5im81 
       foreign key (organization_id) 
       references organizations (id)
2025-10-12 22:10:17.656 [restartedMain] DEBUG org.hibernate.SQL - 
    alter table clients 
       add constraint FKtiuqdledq2lybrds2k3rfqrv4 
       foreign key (user_id) 
       references users (id)
2025-10-12 22:10:17.748 [restartedMain] DEBUG org.hibernate.SQL - 
    alter table deposits 
       add constraint FKml0jtqyc0veo1kkpkf5iovs42 
       foreign key (organization_id) 
       references organizations (id)
2025-10-12 22:10:17.832 [restartedMain] DEBUG org.hibernate.SQL - 
    alter table documents 
       add constraint FKr51wph1cxind8iock0jnhh1s5 
       foreign key (related_entity_id) 
       references organizations (id)
2025-10-12 22:10:17.909 [restartedMain] DEBUG org.hibernate.SQL - 
    alter table employees 
       add constraint FKh62l7gpgesex8wjd6himtb3e1 
       foreign key (organization_id) 
       references organizations (id)
2025-10-12 22:10:18.006 [restartedMain] DEBUG org.hibernate.SQL - 
    alter table employees 
       add constraint FK69x3vjuy1t5p18a5llb8h2fjx 
       foreign key (user_id) 
       references users (id)
2025-10-12 22:10:18.098 [restartedMain] DEBUG org.hibernate.SQL - 
    alter table invoices 
       add constraint FK9ioqm804urbgy986pdtwqtl0x 
       foreign key (client_id) 
       references clients (id)
2025-10-12 22:10:18.178 [restartedMain] DEBUG org.hibernate.SQL - 
    alter table invoices 
       add constraint FKjxvtmkdg1rgjdqnoqho4q9a5l 
       foreign key (organization_id) 
       references organizations (id)
2025-10-12 22:10:18.296 [restartedMain] DEBUG org.hibernate.SQL - 
    alter table notifications 
       add constraint FK9y21adhxn0ayjhfocscqox7bh 
       foreign key (user_id) 
       references users (id)
2025-10-12 22:10:18.368 [restartedMain] DEBUG org.hibernate.SQL - 
    alter table password_reset_tokens 
       add constraint FKk3ndxg5xp6v7wd4gjyusp15gq 
       foreign key (user_id) 
       references users (id)
2025-10-12 22:10:18.445 [restartedMain] DEBUG org.hibernate.SQL - 
    alter table payroll_batches 
       add constraint FKfra1t8bgo580b59hxwt89hbww 
       foreign key (approved_by_user_id) 
       references users (id)
2025-10-12 22:10:18.524 [restartedMain] DEBUG org.hibernate.SQL - 
    alter table payroll_batches 
       add constraint FK7rlqwo8df0qesmcj8thoxs7i1 
       foreign key (organization_id) 
       references organizations (id)
2025-10-12 22:10:18.620 [restartedMain] DEBUG org.hibernate.SQL - 
    alter table payroll_batches 
       add constraint FK59fall7wpsbwxpbhnubqjb5vw 
       foreign key (submitted_by_user_id) 
       references users (id)
2025-10-12 22:10:18.708 [restartedMain] DEBUG org.hibernate.SQL - 
    alter table payroll_payments 
       add constraint FKn8ob490yf682u8ee0y7cn2430 
       foreign key (employee_id) 
       references employees (id)
2025-10-12 22:10:18.796 [restartedMain] DEBUG org.hibernate.SQL - 
    alter table payroll_payments 
       add constraint FK633k2cbkknxlfi2k58gr3pl3d 
       foreign key (payroll_batch_id) 
       references payroll_batches (id)
2025-10-12 22:10:18.904 [restartedMain] DEBUG org.hibernate.SQL - 
    alter table salary_structures 
       add constraint FKmf930tso3vpkjjbb14lc3yy1y 
       foreign key (employee_id) 
       references employees (id)
2025-10-12 22:10:18.981 [restartedMain] DEBUG org.hibernate.SQL - 
    alter table transactions 
       add constraint FKdern1k9mj7u7j22pfowogecmy 
       foreign key (organization_id) 
       references organizations (id)
2025-10-12 22:10:19.059 [restartedMain] DEBUG org.hibernate.SQL - 
    alter table vendor_bills 
       add constraint FKn04uj7jkvg0g1li6kplyrq95n 
       foreign key (organization_id) 
       references organizations (id)
2025-10-12 22:10:19.147 [restartedMain] DEBUG org.hibernate.SQL - 
    alter table vendor_bills 
       add constraint FKgb141j1rkke3tnj7l5db2lu7j 
       foreign key (vendor_id) 
       references vendors (id)
2025-10-12 22:10:19.230 [restartedMain] DEBUG org.hibernate.SQL - 
    alter table vendor_bills 
       add constraint FKgqpfih8n9wxa98fxiqmrc44r3 
       foreign key (vendor_payment_id) 
       references vendor_payments (id)
2025-10-12 22:10:19.320 [restartedMain] DEBUG org.hibernate.SQL - 
    alter table vendor_payments 
       add constraint FKaqf9m13ynrphfgnvab6gwhqtq 
       foreign key (organization_id) 
       references organizations (id)
2025-10-12 22:10:19.405 [restartedMain] DEBUG org.hibernate.SQL - 
    alter table vendor_payments 
       add constraint FKta0ckdv8pqbryr862w11ycy70 
       foreign key (vendor_id) 
       references vendors (id)
2025-10-12 22:10:19.493 [restartedMain] DEBUG org.hibernate.SQL - 
    alter table vendors 
       add constraint FKftbosscin8e0jlxehx8hci34p 
       foreign key (organization_id) 
       references organizations (id)
2025-10-12 22:10:19.579 [restartedMain] INFO  o.s.o.j.LocalContainerEntityManagerFactoryBean - Initialized JPA EntityManagerFactory for persistence unit 'default'
2025-10-12 22:10:19.786 [restartedMain] INFO  o.s.d.j.r.query.QueryEnhancerFactory - Hibernate is in classpath; If applicable, HQL parser will be used.
2025-10-12 22:10:20.116 [restartedMain] DEBUG c.a.p.security.filter.JwtAuthFilter - Filter 'jwtAuthFilter' configured for use
2025-10-12 22:10:20.335 [restartedMain] INFO  o.s.s.c.a.a.c.InitializeAuthenticationProviderBeanManagerConfigurer$InitializeAuthenticationProviderManagerConfigurer - Global AuthenticationManager configured with AuthenticationProvider bean with name authenticationProvider
2025-10-12 22:10:20.335 [restartedMain] WARN  o.s.s.c.a.a.c.InitializeUserDetailsBeanManagerConfigurer$InitializeUserDetailsManagerConfigurer - Global AuthenticationManager configured with an AuthenticationProvider bean. UserDetailsService beans will not be used by Spring Security for automatically configuring username/password login. Consider removing the AuthenticationProvider bean. Alternatively, consider using the UserDetailsService in a manually instantiated DaoAuthenticationProvider. If the current configuration is intentional, to turn off this warning, increase the logging level of 'org.springframework.security.config.annotation.authentication.configuration.InitializeUserDetailsBeanManagerConfigurer' to ERROR
2025-10-12 22:10:20.979 [restartedMain] WARN  o.s.b.a.o.j.JpaBaseConfiguration$JpaWebConfiguration - spring.jpa.open-in-view is enabled by default. Therefore, database queries may be performed during view rendering. Explicitly configure spring.jpa.open-in-view to disable this warning
2025-10-12 22:10:21.578 [restartedMain] INFO  o.s.b.d.a.OptionalLiveReloadServer - LiveReload server is running on port 35729
2025-10-12 22:10:21.596 [restartedMain] DEBUG o.s.b.c.c.s.JobRegistrySmartInitializingSingleton - Registering job: employeeCsvImportJob
2025-10-12 22:10:21.599 [restartedMain] INFO  o.a.coyote.http11.Http11NioProtocol - Starting ProtocolHandler ["http-nio-8080"]
2025-10-12 22:10:21.620 [restartedMain] INFO  o.s.b.w.e.tomcat.TomcatWebServer - Tomcat started on port 8080 (http) with context path '/'
2025-10-12 22:10:21.629 [restartedMain] INFO  c.aurionpro.papms.PaPmsApplication - Started PaPmsApplication in 9.937 seconds (process running for 10.822)
2025-10-12 22:10:21.633 [restartedMain] INFO  o.s.b.a.b.JobLauncherApplicationRunner - Running default command line with: []
2025-10-12 22:10:21.695 [restartedMain] INFO  o.s.b.c.l.s.TaskExecutorJobLauncher - Job: [FlowJob: [name=employeeCsvImportJob]] launched with the following parameters: [{'run.id':'{value=1, type=class java.lang.Long, identifying=true}'}]
2025-10-12 22:10:21.695 [restartedMain] DEBUG o.s.batch.core.job.AbstractJob - Job execution starting: JobExecution: id=1, version=0, startTime=null, endTime=null, lastUpdated=2025-10-12T22:10:21.672325300, status=STARTING, exitStatus=exitCode=UNKNOWN;exitDescription=, job=[JobInstance: id=1, version=0, Job=[employeeCsvImportJob]], jobParameters=[{'run.id':'{value=1, type=class java.lang.Long, identifying=true}'}]
2025-10-12 22:10:21.713 [restartedMain] DEBUG o.s.b.c.job.flow.support.SimpleFlow - Resuming state=employeeCsvImportJob.step0 with status=UNKNOWN
2025-10-12 22:10:21.713 [restartedMain] DEBUG o.s.b.c.job.flow.support.SimpleFlow - Handling state=employeeCsvImportJob.step0
2025-10-12 22:10:21.733 [restartedMain] INFO  o.s.batch.core.job.SimpleStepHandler - Executing step: [employeeCsvImportStep]
2025-10-12 22:10:21.733 [restartedMain] DEBUG o.s.batch.core.step.AbstractStep - Executing: id=1
2025-10-12 22:10:21.743 [restartedMain] DEBUG o.s.batch.core.scope.StepScope - Creating object in scope=step, name=scopedTarget.employeeCsvProcessor
2025-10-12 22:10:21.744 [restartedMain] INFO  c.a.p.batch.EmployeeCsvItemProcessor - Pre-loading existing usernames and account numbers for validation.
2025-10-12 22:10:21.804 [restartedMain] DEBUG org.hibernate.SQL - 
    select
        u1_0.id,
        u1_0.created_at,
        u1_0.email,
        u1_0.full_name,
        u1_0.is_active,
        u1_0.organization_id,
        u1_0.password,
        u1_0.requires_password_change,
        u1_0.role,
        u1_0.updated_at,
        u1_0.username 
    from
        users u1_0
2025-10-12 22:10:21.864 [restartedMain] DEBUG org.hibernate.SQL - 
    select
        ba1_0.id,
        ba1_0.account_holder_name,
        ba1_0.account_number,
        ba1_0.bank_name,
        ba1_0.created_at,
        ba1_0.employee_id,
        ba1_0.ifsc_code,
        ba1_0.is_primary,
        ba1_0.owner_type,
        ba1_0.updated_at,
        ba1_0.vendor_id 
    from
        bank_accounts ba1_0
2025-10-12 22:10:21.871 [restartedMain] INFO  c.a.p.batch.EmployeeCsvItemProcessor - Pre-loading complete. Found 0 usernames and 0 account numbers.
2025-10-12 22:10:21.872 [restartedMain] DEBUG o.s.batch.core.scope.StepScope - Creating object in scope=step, name=scopedTarget.employeeCsvReader
2025-10-12 22:10:21.880 [restartedMain] ERROR o.s.batch.core.step.AbstractStep - Encountered an error executing step employeeCsvImportStep in job employeeCsvImportJob
org.springframework.beans.factory.BeanCreationException: Error creating bean with name 'scopedTarget.employeeCsvReader' defined in class path resource [com/aurionpro/papms/config/BatchConfig.class]: Failed to instantiate [org.springframework.batch.item.file.FlatFileItemReader]: Factory method 'employeeCsvReader' threw exception with message: Path must not be null
	at org.springframework.beans.factory.support.ConstructorResolver.instantiate(ConstructorResolver.java:657)
	at org.springframework.beans.factory.support.ConstructorResolver.instantiateUsingFactoryMethod(ConstructorResolver.java:645)
	at org.springframework.beans.factory.support.AbstractAutowireCapableBeanFactory.instantiateUsingFactoryMethod(AbstractAutowireCapableBeanFactory.java:1375)
	at org.springframework.beans.factory.support.AbstractAutowireCapableBeanFactory.createBeanInstance(AbstractAutowireCapableBeanFactory.java:1205)
	at org.springframework.beans.factory.support.AbstractAutowireCapableBeanFactory.doCreateBean(AbstractAutowireCapableBeanFactory.java:569)
	at org.springframework.beans.factory.support.AbstractAutowireCapableBeanFactory.createBean(AbstractAutowireCapableBeanFactory.java:529)
	at org.springframework.beans.factory.support.AbstractBeanFactory.lambda$doGetBean$1(AbstractBeanFactory.java:378)
	at org.springframework.batch.core.scope.StepScope.get(StepScope.java:112)
	at org.springframework.beans.factory.support.AbstractBeanFactory.doGetBean(AbstractBeanFactory.java:375)
	at org.springframework.beans.factory.support.AbstractBeanFactory.getBean(AbstractBeanFactory.java:202)
	at org.springframework.aop.target.SimpleBeanTargetSource.getTarget(SimpleBeanTargetSource.java:35)
	at org.springframework.aop.framework.CglibAopProxy$DynamicAdvisedInterceptor.intercept(CglibAopProxy.java:712)
	at org.springframework.batch.item.file.FlatFileItemReader$$SpringCGLIB$$0.open(<generated>)
	at org.springframework.batch.item.support.CompositeItemStream.open(CompositeItemStream.java:138)
	at org.springframework.batch.core.step.tasklet.TaskletStep.open(TaskletStep.java:287)
	at org.springframework.batch.core.step.AbstractStep.execute(AbstractStep.java:227)
	at org.springframework.batch.core.job.SimpleStepHandler.handleStep(SimpleStepHandler.java:153)
	at org.springframework.batch.core.job.flow.JobFlowExecutor.executeStep(JobFlowExecutor.java:68)
	at org.springframework.batch.core.job.flow.support.state.StepState.handle(StepState.java:68)
	at org.springframework.batch.core.job.flow.support.SimpleFlow.resume(SimpleFlow.java:165)
	at org.springframework.batch.core.job.flow.support.SimpleFlow.start(SimpleFlow.java:140)
	at org.springframework.batch.core.job.flow.FlowJob.doExecute(FlowJob.java:132)
	at org.springframework.batch.core.job.AbstractJob.execute(AbstractJob.java:307)
	at org.springframework.batch.core.launch.support.TaskExecutorJobLauncher$1.run(TaskExecutorJobLauncher.java:155)
	at org.springframework.core.task.SyncTaskExecutor.execute(SyncTaskExecutor.java:50)
	at org.springframework.batch.core.launch.support.TaskExecutorJobLauncher.run(TaskExecutorJobLauncher.java:146)
	at org.springframework.boot.autoconfigure.batch.JobLauncherApplicationRunner.execute(JobLauncherApplicationRunner.java:210)
	at org.springframework.boot.autoconfigure.batch.JobLauncherApplicationRunner.executeLocalJobs(JobLauncherApplicationRunner.java:194)
	at org.springframework.boot.autoconfigure.batch.JobLauncherApplicationRunner.launchJobFromProperties(JobLauncherApplicationRunner.java:174)
	at org.springframework.boot.autoconfigure.batch.JobLauncherApplicationRunner.run(JobLauncherApplicationRunner.java:169)
	at org.springframework.boot.autoconfigure.batch.JobLauncherApplicationRunner.run(JobLauncherApplicationRunner.java:164)
	at org.springframework.boot.SpringApplication.lambda$callRunner$4(SpringApplication.java:784)
	at org.springframework.util.function.ThrowingConsumer$1.acceptWithException(ThrowingConsumer.java:82)
	at org.springframework.util.function.ThrowingConsumer.accept(ThrowingConsumer.java:60)
	at org.springframework.util.function.ThrowingConsumer$1.accept(ThrowingConsumer.java:86)
	at org.springframework.boot.SpringApplication.callRunner(SpringApplication.java:796)
	at org.springframework.boot.SpringApplication.callRunner(SpringApplication.java:784)
	at org.springframework.boot.SpringApplication.lambda$callRunners$3(SpringApplication.java:772)
	at java.base/java.util.stream.ForEachOps$ForEachOp$OfRef.accept(ForEachOps.java:183)
	at java.base/java.util.stream.SortedOps$SizedRefSortingSink.end(SortedOps.java:357)
	at java.base/java.util.stream.AbstractPipeline.copyInto(AbstractPipeline.java:510)
	at java.base/java.util.stream.AbstractPipeline.wrapAndCopyInto(AbstractPipeline.java:499)
	at java.base/java.util.stream.ForEachOps$ForEachOp.evaluateSequential(ForEachOps.java:150)
	at java.base/java.util.stream.ForEachOps$ForEachOp$OfRef.evaluateSequential(ForEachOps.java:173)
	at java.base/java.util.stream.AbstractPipeline.evaluate(AbstractPipeline.java:234)
	at java.base/java.util.stream.ReferencePipeline.forEach(ReferencePipeline.java:596)
	at org.springframework.boot.SpringApplication.callRunners(SpringApplication.java:772)
	at org.springframework.boot.SpringApplication.run(SpringApplication.java:325)
	at org.springframework.boot.SpringApplication.run(SpringApplication.java:1361)
	at org.springframework.boot.SpringApplication.run(SpringApplication.java:1350)
	at com.aurionpro.papms.PaPmsApplication.main(PaPmsApplication.java:14)
	at java.base/jdk.internal.reflect.NativeMethodAccessorImpl.invoke0(Native Method)
	at java.base/jdk.internal.reflect.NativeMethodAccessorImpl.invoke(NativeMethodAccessorImpl.java:77)
	at java.base/jdk.internal.reflect.DelegatingMethodAccessorImpl.invoke(DelegatingMethodAccessorImpl.java:43)
	at java.base/java.lang.reflect.Method.invoke(Method.java:568)
	at org.springframework.boot.devtools.restart.RestartLauncher.run(RestartLauncher.java:50)
Caused by: org.springframework.beans.BeanInstantiationException: Failed to instantiate [org.springframework.batch.item.file.FlatFileItemReader]: Factory method 'employeeCsvReader' threw exception with message: Path must not be null
	at org.springframework.beans.factory.support.SimpleInstantiationStrategy.lambda$instantiate$0(SimpleInstantiationStrategy.java:200)
	at org.springframework.beans.factory.support.SimpleInstantiationStrategy.instantiateWithFactoryMethod(SimpleInstantiationStrategy.java:89)
	at org.springframework.beans.factory.support.SimpleInstantiationStrategy.instantiate(SimpleInstantiationStrategy.java:169)
	at org.springframework.beans.factory.support.ConstructorResolver.instantiate(ConstructorResolver.java:653)
	... 55 common frames omitted
Caused by: java.lang.IllegalArgumentException: Path must not be null
	at org.springframework.util.Assert.notNull(Assert.java:181)
	at org.springframework.core.io.FileSystemResource.<init>(FileSystemResource.java:84)
	at com.aurionpro.papms.config.BatchConfig.employeeCsvReader(BatchConfig.java:315)
	at com.aurionpro.papms.config.BatchConfig$$SpringCGLIB$$0.CGLIB$employeeCsvReader$6(<generated>)
	at com.aurionpro.papms.config.BatchConfig$$SpringCGLIB$$FastClass$$1.invoke(<generated>)
	at org.springframework.cglib.proxy.MethodProxy.invokeSuper(MethodProxy.java:258)
	at org.springframework.context.annotation.ConfigurationClassEnhancer$BeanMethodInterceptor.intercept(ConfigurationClassEnhancer.java:400)
	at com.aurionpro.papms.config.BatchConfig$$SpringCGLIB$$0.employeeCsvReader(<generated>)
	at java.base/jdk.internal.reflect.NativeMethodAccessorImpl.invoke0(Native Method)
	at java.base/jdk.internal.reflect.NativeMethodAccessorImpl.invoke(NativeMethodAccessorImpl.java:77)
	at java.base/jdk.internal.reflect.DelegatingMethodAccessorImpl.invoke(DelegatingMethodAccessorImpl.java:43)
	at java.base/java.lang.reflect.Method.invoke(Method.java:568)
	at org.springframework.beans.factory.support.SimpleInstantiationStrategy.lambda$instantiate$0(SimpleInstantiationStrategy.java:172)
	... 58 common frames omitted
2025-10-12 22:10:21.883 [restartedMain] INFO  o.s.batch.core.step.AbstractStep - Step: [employeeCsvImportStep] executed in 149ms
2025-10-12 22:10:21.890 [restartedMain] DEBUG o.s.b.c.r.dao.JdbcStepExecutionDao - Truncating long message before update of StepExecution, original message is: org.springframework.beans.factory.BeanCreationException: Error creating bean with name 'scopedTarget.employeeCsvReader' defined in class path resource [com/aurionpro/papms/config/BatchConfig.class]: Failed to instantiate [org.springframework.batch.item.file.FlatFileItemReader]: Factory method 'employeeCsvReader' threw exception with message: Path must not be null
	at org.springframework.beans.factory.support.ConstructorResolver.instantiate(ConstructorResolver.java:657)
	at org.springframework.beans.factory.support.ConstructorResolver.instantiateUsingFactoryMethod(ConstructorResolver.java:645)
	at org.springframework.beans.factory.support.AbstractAutowireCapableBeanFactory.instantiateUsingFactoryMethod(AbstractAutowireCapableBeanFactory.java:1375)
	at org.springframework.beans.factory.support.AbstractAutowireCapableBeanFactory.createBeanInstance(AbstractAutowireCapableBeanFactory.java:1205)
	at org.springframework.beans.factory.support.AbstractAutowireCapableBeanFactory.doCreateBean(AbstractAutowireCapableBeanFactory.java:569)
	at org.springframework.beans.factory.support.AbstractAutowireCapableBeanFactory.createBean(AbstractAutowireCapableBeanFactory.java:529)
	at org.springframework.beans.factory.support.AbstractBeanFactory.lambda$doGetBean$1(AbstractBeanFactory.java:378)
	at org.springframework.batch.core.scope.StepScope.get(StepScope.java:112)
	at org.springframework.beans.factory.support.AbstractBeanFactory.doGetBean(AbstractBeanFactory.java:375)
	at org.springframework.beans.factory.support.AbstractBeanFactory.getBean(AbstractBeanFactory.java:202)
	at org.springframework.aop.target.SimpleBeanTargetSource.getTarget(SimpleBeanTargetSource.java:35)
	at org.springframework.aop.framework.CglibAopProxy$DynamicAdvisedInterceptor.intercept(CglibAopProxy.java:712)
	at org.springframework.batch.item.file.FlatFileItemReader$$SpringCGLIB$$0.open(<generated>)
	at org.springframework.batch.item.support.CompositeItemStream.open(CompositeItemStream.java:138)
	at org.springframework.batch.core.step.tasklet.TaskletStep.open(TaskletStep.java:287)
	at org.springframework.batch.core.step.AbstractStep.execute(AbstractStep.java:227)
	at org.springframework.batch.core.job.SimpleStepHandler.handleStep(SimpleStepHandler.java:153)
	at org.springframework.batch.core.job.flow.JobFlowExecutor.executeStep(JobFlowExecutor.java:68)
	at org.springframework.batch.core.job.flow.support.state.StepState.handle(StepState.java:68)
	at org.springframework.batch.core.job.flow.support.SimpleFlow.resume(SimpleFlow.java:165)
	at org.springframework.batch.core.job.flow.support.SimpleFlow.start(SimpleFlow.java:140)
	at org.springframework.batch.core.job.flow.FlowJob.doExecute(FlowJob.java:132)
	at org.springframework.batch.core.job.AbstractJob.execute(AbstractJob.java:307)
	at org.springframework.batch.core.launch.support.TaskExecutorJobLauncher$1.run(TaskExecutorJobLauncher.java:155)
	at org.springframework.core.task.SyncTaskExecutor.execute(SyncTaskExecutor.java:50)
	at org.springframework.batch.core.launch.support.TaskExecutorJobLauncher.run(TaskExecutorJobLauncher.java:146)
	at org.springframework.boot.autoconfigure.batch.JobLauncherApplicationRunner.execute(JobLauncherApplicationRunner.java:210)
	at org.springframework.boot.autoconfigure.batch.JobLauncherApplicationRunner.executeLocalJobs(JobLauncherApplicationRunner.java:194)
	at org.springframework.boot.autoconfigure.batch.JobLauncherApplicationRunner.launchJobFromProperties(JobLauncherApplicationRunner.java:174)
	at org.springframework.boot.autoconfigure.batch.JobLauncherApplicationRunner.run(JobLauncherApplicationRunner.java:169)
	at org.springframework.boot.autoconfigure.batch.JobLauncherApplicationRunner.run(JobLauncherApplicationRunner.java:164)
	at org.springframework.boot.SpringApplication.lambda$callRunner$4(SpringApplication.java:784)
	at org.springframework.util.function.ThrowingConsumer$1.acceptWithException(ThrowingConsumer.java:82)
	at org.springframework.util.function.ThrowingConsumer.accept(ThrowingConsumer.java:60)
	at org.springframework.util.function.ThrowingConsumer$1.accept(ThrowingConsumer.java:86)
	at org.springframework.boot.SpringApplication.callRunner(SpringApplication.java:796)
	at org.springframework.boot.SpringApplication.callRunner(SpringApplication.java:784)
	at org.springframework.boot.SpringApplication.lambda$callRunners$3(SpringApplication.java:772)
	at java.base/java.util.stream.ForEachOps$ForEachOp$OfRef.accept(ForEachOps.java:183)
	at java.base/java.util.stream.SortedOps$SizedRefSortingSink.end(SortedOps.java:357)
	at java.base/java.util.stream.AbstractPipeline.copyInto(AbstractPipeline.java:510)
	at java.base/java.util.stream.AbstractPipeline.wrapAndCopyInto(AbstractPipeline.java:499)
	at java.base/java.util.stream.ForEachOps$ForEachOp.evaluateSequential(ForEachOps.java:150)
	at java.base/java.util.stream.ForEachOps$ForEachOp$OfRef.evaluateSequential(ForEachOps.java:173)
	at java.base/java.util.stream.AbstractPipeline.evaluate(AbstractPipeline.java:234)
	at java.base/java.util.stream.ReferencePipeline.forEach(ReferencePipeline.java:596)
	at org.springframework.boot.SpringApplication.callRunners(SpringApplication.java:772)
	at org.springframework.boot.SpringApplication.run(SpringApplication.java:325)
	at org.springframework.boot.SpringApplication.run(SpringApplication.java:1361)
	at org.springframework.boot.SpringApplication.run(SpringApplication.java:1350)
	at com.aurionpro.papms.PaPmsApplication.main(PaPmsApplication.java:14)
	at java.base/jdk.internal.reflect.NativeMethodAccessorImpl.invoke0(Native Method)
	at java.base/jdk.internal.reflect.NativeMethodAccessorImpl.invoke(NativeMethodAccessorImpl.java:77)
	at java.base/jdk.internal.reflect.DelegatingMethodAccessorImpl.invoke(DelegatingMethodAccessorImpl.java:43)
	at java.base/java.lang.reflect.Method.invoke(Method.java:568)
	at org.springframework.boot.devtools.restart.RestartLauncher.run(RestartLauncher.java:50)
Caused by: org.springframework.beans.BeanInstantiationException: Failed to instantiate [org.springframework.batch.item.file.FlatFileItemReader]: Factory method 'employeeCsvReader' threw exception with message: Path must not be null
	at org.springframework.beans.factory.support.SimpleInstantiationStrategy.lambda$instantiate$0(SimpleInstantiationStrategy.java:200)
	at org.springframework.beans.factory.support.SimpleInstantiationStrategy.instantiateWithFactoryMethod(SimpleInstantiationStrategy.java:89)
	at org.springframework.beans.factory.support.SimpleInstantiationStrategy.instantiate(SimpleInstantiationStrategy.java:169)
	at org.springframework.beans.factory.support.ConstructorResolver.instantiate(ConstructorResolver.java:653)
	... 55 more
Caused by: java.lang.IllegalArgumentException: Path must not be null
	at org.springframework.util.Assert.notNull(Assert.java:181)
	at org.springframework.core.io.FileSystemResource.<init>(FileSystemResource.java:84)
	at com.aurionpro.papms.config.BatchConfig.employeeCsvReader(BatchConfig.java:315)
	at com.aurionpro.papms.config.BatchConfig$$SpringCGLIB$$0.CGLIB$employeeCsvReader$6(<generated>)
	at com.aurionpro.papms.config.BatchConfig$$SpringCGLIB$$FastClass$$1.invoke(<generated>)
	at org.springframework.cglib.proxy.MethodProxy.invokeSuper(MethodProxy.java:258)
	at org.springframework.context.annotation.ConfigurationClassEnhancer$BeanMethodInterceptor.intercept(ConfigurationClassEnhancer.java:400)
	at com.aurionpro.papms.config.BatchConfig$$SpringCGLIB$$0.employeeCsvReader(<generated>)
	at java.base/jdk.internal.reflect.NativeMethodAccessorImpl.invoke0(Native Method)
	at java.base/jdk.internal.reflect.NativeMethodAccessorImpl.invoke(NativeMethodAccessorImpl.java:77)
	at java.base/jdk.internal.reflect.DelegatingMethodAccessorImpl.invoke(DelegatingMethodAccessorImpl.java:43)
	at java.base/java.lang.reflect.Method.invoke(Method.java:568)
	at org.springframework.beans.factory.support.SimpleInstantiationStrategy.lambda$instantiate$0(SimpleInstantiationStrategy.java:172)
	... 58 more

2025-10-12 22:10:21.900 [restartedMain] DEBUG o.s.batch.core.scope.StepScope - Creating object in scope=step, name=scopedTarget.employeeCsvReader
2025-10-12 22:10:21.901 [restartedMain] ERROR o.s.batch.core.step.AbstractStep - Exception while closing step execution resources in step employeeCsvImportStep in job employeeCsvImportJob
org.springframework.batch.item.ItemStreamException: Failed to close 1 delegate(s) due to exceptions
	at org.springframework.batch.item.support.CompositeItemStream.close(CompositeItemStream.java:123)
	at org.springframework.batch.core.step.tasklet.TaskletStep.close(TaskletStep.java:282)
	at org.springframework.batch.core.step.AbstractStep.execute(AbstractStep.java:313)
	at org.springframework.batch.core.job.SimpleStepHandler.handleStep(SimpleStepHandler.java:153)
	at org.springframework.batch.core.job.flow.JobFlowExecutor.executeStep(JobFlowExecutor.java:68)
	at org.springframework.batch.core.job.flow.support.state.StepState.handle(StepState.java:68)
	at org.springframework.batch.core.job.flow.support.SimpleFlow.resume(SimpleFlow.java:165)
	at org.springframework.batch.core.job.flow.support.SimpleFlow.start(SimpleFlow.java:140)
	at org.springframework.batch.core.job.flow.FlowJob.doExecute(FlowJob.java:132)
	at org.springframework.batch.core.job.AbstractJob.execute(AbstractJob.java:307)
	at org.springframework.batch.core.launch.support.TaskExecutorJobLauncher$1.run(TaskExecutorJobLauncher.java:155)
	at org.springframework.core.task.SyncTaskExecutor.execute(SyncTaskExecutor.java:50)
	at org.springframework.batch.core.launch.support.TaskExecutorJobLauncher.run(TaskExecutorJobLauncher.java:146)
	at org.springframework.boot.autoconfigure.batch.JobLauncherApplicationRunner.execute(JobLauncherApplicationRunner.java:210)
	at org.springframework.boot.autoconfigure.batch.JobLauncherApplicationRunner.executeLocalJobs(JobLauncherApplicationRunner.java:194)
	at org.springframework.boot.autoconfigure.batch.JobLauncherApplicationRunner.launchJobFromProperties(JobLauncherApplicationRunner.java:174)
	at org.springframework.boot.autoconfigure.batch.JobLauncherApplicationRunner.run(JobLauncherApplicationRunner.java:169)
	at org.springframework.boot.autoconfigure.batch.JobLauncherApplicationRunner.run(JobLauncherApplicationRunner.java:164)
	at org.springframework.boot.SpringApplication.lambda$callRunner$4(SpringApplication.java:784)
	at org.springframework.util.function.ThrowingConsumer$1.acceptWithException(ThrowingConsumer.java:82)
	at org.springframework.util.function.ThrowingConsumer.accept(ThrowingConsumer.java:60)
	at org.springframework.util.function.ThrowingConsumer$1.accept(ThrowingConsumer.java:86)
	at org.springframework.boot.SpringApplication.callRunner(SpringApplication.java:796)
	at org.springframework.boot.SpringApplication.callRunner(SpringApplication.java:784)
	at org.springframework.boot.SpringApplication.lambda$callRunners$3(SpringApplication.java:772)
	at java.base/java.util.stream.ForEachOps$ForEachOp$OfRef.accept(ForEachOps.java:183)
	at java.base/java.util.stream.SortedOps$SizedRefSortingSink.end(SortedOps.java:357)
	at java.base/java.util.stream.AbstractPipeline.copyInto(AbstractPipeline.java:510)
	at java.base/java.util.stream.AbstractPipeline.wrapAndCopyInto(AbstractPipeline.java:499)
	at java.base/java.util.stream.ForEachOps$ForEachOp.evaluateSequential(ForEachOps.java:150)
	at java.base/java.util.stream.ForEachOps$ForEachOp$OfRef.evaluateSequential(ForEachOps.java:173)
	at java.base/java.util.stream.AbstractPipeline.evaluate(AbstractPipeline.java:234)
	at java.base/java.util.stream.ReferencePipeline.forEach(ReferencePipeline.java:596)
	at org.springframework.boot.SpringApplication.callRunners(SpringApplication.java:772)
	at org.springframework.boot.SpringApplication.run(SpringApplication.java:325)
	at org.springframework.boot.SpringApplication.run(SpringApplication.java:1361)
	at org.springframework.boot.SpringApplication.run(SpringApplication.java:1350)
	at com.aurionpro.papms.PaPmsApplication.main(PaPmsApplication.java:14)
	at java.base/jdk.internal.reflect.NativeMethodAccessorImpl.invoke0(Native Method)
	at java.base/jdk.internal.reflect.NativeMethodAccessorImpl.invoke(NativeMethodAccessorImpl.java:77)
	at java.base/jdk.internal.reflect.DelegatingMethodAccessorImpl.invoke(DelegatingMethodAccessorImpl.java:43)
	at java.base/java.lang.reflect.Method.invoke(Method.java:568)
	at org.springframework.boot.devtools.restart.RestartLauncher.run(RestartLauncher.java:50)
	Suppressed: org.springframework.beans.factory.BeanCreationException: Error creating bean with name 'scopedTarget.employeeCsvReader' defined in class path resource [com/aurionpro/papms/config/BatchConfig.class]: Failed to instantiate [org.springframework.batch.item.file.FlatFileItemReader]: Factory method 'employeeCsvReader' threw exception with message: Path must not be null
		at org.springframework.beans.factory.support.ConstructorResolver.instantiate(ConstructorResolver.java:657)
		at org.springframework.beans.factory.support.ConstructorResolver.instantiateUsingFactoryMethod(ConstructorResolver.java:645)
		at org.springframework.beans.factory.support.AbstractAutowireCapableBeanFactory.instantiateUsingFactoryMethod(AbstractAutowireCapableBeanFactory.java:1375)
		at org.springframework.beans.factory.support.AbstractAutowireCapableBeanFactory.createBeanInstance(AbstractAutowireCapableBeanFactory.java:1205)
		at org.springframework.beans.factory.support.AbstractAutowireCapableBeanFactory.doCreateBean(AbstractAutowireCapableBeanFactory.java:569)
		at org.springframework.beans.factory.support.AbstractAutowireCapableBeanFactory.createBean(AbstractAutowireCapableBeanFactory.java:529)
		at org.springframework.beans.factory.support.AbstractBeanFactory.lambda$doGetBean$1(AbstractBeanFactory.java:378)
		at org.springframework.batch.core.scope.StepScope.get(StepScope.java:112)
		at org.springframework.beans.factory.support.AbstractBeanFactory.doGetBean(AbstractBeanFactory.java:375)
		at org.springframework.beans.factory.support.AbstractBeanFactory.getBean(AbstractBeanFactory.java:202)
		at org.springframework.aop.target.SimpleBeanTargetSource.getTarget(SimpleBeanTargetSource.java:35)
		at org.springframework.aop.framework.CglibAopProxy$DynamicAdvisedInterceptor.intercept(CglibAopProxy.java:712)
		at org.springframework.batch.item.file.FlatFileItemReader$$SpringCGLIB$$0.close(<generated>)
		at org.springframework.batch.item.support.CompositeItemStream.close(CompositeItemStream.java:114)
		... 42 common frames omitted
	Caused by: org.springframework.beans.BeanInstantiationException: Failed to instantiate [org.springframework.batch.item.file.FlatFileItemReader]: Factory method 'employeeCsvReader' threw exception with message: Path must not be null
		at org.springframework.beans.factory.support.SimpleInstantiationStrategy.lambda$instantiate$0(SimpleInstantiationStrategy.java:200)
		at org.springframework.beans.factory.support.SimpleInstantiationStrategy.instantiateWithFactoryMethod(SimpleInstantiationStrategy.java:89)
		at org.springframework.beans.factory.support.SimpleInstantiationStrategy.instantiate(SimpleInstantiationStrategy.java:169)
		at org.springframework.beans.factory.support.ConstructorResolver.instantiate(ConstructorResolver.java:653)
		... 55 common frames omitted
	Caused by: java.lang.IllegalArgumentException: Path must not be null
		at org.springframework.util.Assert.notNull(Assert.java:181)
		at org.springframework.core.io.FileSystemResource.<init>(FileSystemResource.java:84)
		at com.aurionpro.papms.config.BatchConfig.employeeCsvReader(BatchConfig.java:315)
		at com.aurionpro.papms.config.BatchConfig$$SpringCGLIB$$0.CGLIB$employeeCsvReader$6(<generated>)
		at com.aurionpro.papms.config.BatchConfig$$SpringCGLIB$$FastClass$$1.invoke(<generated>)
		at org.springframework.cglib.proxy.MethodProxy.invokeSuper(MethodProxy.java:258)
		at org.springframework.context.annotation.ConfigurationClassEnhancer$BeanMethodInterceptor.intercept(ConfigurationClassEnhancer.java:400)
		at com.aurionpro.papms.config.BatchConfig$$SpringCGLIB$$0.employeeCsvReader(<generated>)
		at java.base/jdk.internal.reflect.NativeMethodAccessorImpl.invoke0(Native Method)
		at java.base/jdk.internal.reflect.NativeMethodAccessorImpl.invoke(NativeMethodAccessorImpl.java:77)
		at java.base/jdk.internal.reflect.DelegatingMethodAccessorImpl.invoke(DelegatingMethodAccessorImpl.java:43)
		at java.base/java.lang.reflect.Method.invoke(Method.java:568)
		at org.springframework.beans.factory.support.SimpleInstantiationStrategy.lambda$instantiate$0(SimpleInstantiationStrategy.java:172)
		... 58 common frames omitted
2025-10-12 22:10:21.901 [restartedMain] DEBUG o.s.batch.core.step.AbstractStep - Step execution complete: StepExecution: id=1, version=2, name=employeeCsvImportStep, status=FAILED, exitStatus=FAILED, readCount=0, filterCount=0, writeCount=0 readSkipCount=0, writeSkipCount=0, processSkipCount=0, commitCount=0, rollbackCount=0
2025-10-12 22:10:21.910 [restartedMain] DEBUG o.s.b.c.job.flow.support.SimpleFlow - Completed state=employeeCsvImportJob.step0 with status=FAILED
2025-10-12 22:10:21.910 [restartedMain] DEBUG o.s.b.c.job.flow.support.SimpleFlow - Handling state=employeeCsvImportJob.FAILED
2025-10-12 22:10:21.910 [restartedMain] DEBUG o.s.b.c.job.flow.support.SimpleFlow - Completed state=employeeCsvImportJob.FAILED with status=FAILED
2025-10-12 22:10:21.911 [restartedMain] DEBUG o.s.batch.core.job.AbstractJob - Job execution complete: JobExecution: id=1, version=1, startTime=2025-10-12T22:10:21.703624300, endTime=null, lastUpdated=2025-10-12T22:10:21.704630700, status=FAILED, exitStatus=exitCode=FAILED;exitDescription=, job=[JobInstance: id=1, version=0, Job=[employeeCsvImportJob]], jobParameters=[{'run.id':'{value=1, type=class java.lang.Long, identifying=true}'}]
2025-10-12 22:10:21.911 [restartedMain] ERROR c.a.p.b.JobCompletionNotificationListener - !!! EMPLOYEE IMPORT JOB FAILED! Check logs for details.
2025-10-12 22:10:21.923 [restartedMain] INFO  o.s.b.c.l.s.TaskExecutorJobLauncher - Job: [FlowJob: [name=employeeCsvImportJob]] completed with the following parameters: [{'run.id':'{value=1, type=class java.lang.Long, identifying=true}'}] and the following status: [FAILED] in 208ms
2025-10-12 22:10:21.923 [restartedMain] INFO  c.aurionpro.papms.config.DataSeeder - DataSeeder running...
2025-10-12 22:10:21.936 [restartedMain] DEBUG org.hibernate.SQL - 
    select
        count(u1_0.id) 
    from
        users u1_0 
    where
        u1_0.role=?
2025-10-12 22:10:21.936 [restartedMain] TRACE org.hibernate.orm.jdbc.bind - binding parameter (1:ENUM) <- [BANK_ADMIN]
2025-10-12 22:10:21.938 [restartedMain] INFO  c.aurionpro.papms.config.DataSeeder - No BANK_ADMIN found. Creating default BANK_ADMIN user.
2025-10-12 22:10:22.033 [restartedMain] DEBUG org.hibernate.SQL - 
    insert 
    into
        users
        (created_at, email, full_name, is_active, organization_id, password, requires_password_change, role, updated_at, username) 
    values
        (?, ?, ?, ?, ?, ?, ?, ?, ?, ?)
2025-10-12 22:10:22.035 [restartedMain] TRACE org.hibernate.orm.jdbc.bind - binding parameter (1:TIMESTAMP) <- [2025-10-12T22:10:22.027960]
2025-10-12 22:10:22.035 [restartedMain] TRACE org.hibernate.orm.jdbc.bind - binding parameter (2:VARCHAR) <- [opaniketgupta@gmail.com]
2025-10-12 22:10:22.035 [restartedMain] TRACE org.hibernate.orm.jdbc.bind - binding parameter (3:VARCHAR) <- [Ani]
2025-10-12 22:10:22.035 [restartedMain] TRACE org.hibernate.orm.jdbc.bind - binding parameter (4:BOOLEAN) <- [true]
2025-10-12 22:10:22.035 [restartedMain] TRACE org.hibernate.orm.jdbc.bind - binding parameter (5:INTEGER) <- [null]
2025-10-12 22:10:22.035 [restartedMain] TRACE org.hibernate.orm.jdbc.bind - binding parameter (6:VARCHAR) <- [$2a$10$P.OZvnarCtgf2jJohw8uhOUSd3AnLqKHYCD02WL87uekGiwVZXS.2]
2025-10-12 22:10:22.035 [restartedMain] TRACE org.hibernate.orm.jdbc.bind - binding parameter (7:BOOLEAN) <- [false]
2025-10-12 22:10:22.035 [restartedMain] TRACE org.hibernate.orm.jdbc.bind - binding parameter (8:ENUM) <- [BANK_ADMIN]
2025-10-12 22:10:22.035 [restartedMain] TRACE org.hibernate.orm.jdbc.bind - binding parameter (9:TIMESTAMP) <- [2025-10-12T22:10:22.027960]
2025-10-12 22:10:22.036 [restartedMain] TRACE org.hibernate.orm.jdbc.bind - binding parameter (10:VARCHAR) <- [Ani]
2025-10-12 22:10:22.051 [restartedMain] INFO  c.aurionpro.papms.config.DataSeeder - Default BANK_ADMIN user 'Ani' created successfully.
2025-10-12 22:10:22.063 [restartedMain] INFO  c.aurionpro.papms.PaPmsApplication - PaPmsApplication started successfully!
2025-10-12 22:32:52.409 [File Watcher] INFO  o.s.b.d.a.LocalDevToolsAutoConfiguration$RestartingClassPathChangeChangedEventListener - Restarting due to 1 class path change (0 additions, 1 deletion, 0 modifications)
2025-10-12 22:32:52.416 [Thread-5] INFO  o.s.b.w.e.tomcat.GracefulShutdown - Commencing graceful shutdown. Waiting for active requests to complete
2025-10-12 22:32:52.418 [tomcat-shutdown] INFO  o.a.coyote.http11.Http11NioProtocol - Pausing ProtocolHandler ["http-nio-8080"]
2025-10-12 22:32:53.165 [tomcat-shutdown] INFO  o.s.b.w.e.tomcat.GracefulShutdown - Graceful shutdown complete
2025-10-12 22:32:53.165 [Thread-5] INFO  o.a.coyote.http11.Http11NioProtocol - Stopping ProtocolHandler ["http-nio-8080"]
2025-10-12 22:32:53.171 [Thread-5] DEBUG o.s.b.c.c.s.JobRegistrySmartInitializingSingleton - Unregistering job: employeeCsvImportJob
2025-10-12 22:32:53.180 [Thread-5] INFO  o.s.o.j.LocalContainerEntityManagerFactoryBean - Closing JPA EntityManagerFactory for persistence unit 'default'
2025-10-12 22:32:53.185 [Thread-5] INFO  com.zaxxer.hikari.HikariDataSource - HikariPool-1 - Shutdown initiated...
2025-10-12 22:32:53.197 [Thread-5] INFO  com.zaxxer.hikari.HikariDataSource - HikariPool-1 - Shutdown completed.
2025-10-12 22:32:53.410 [restartedMain] INFO  c.aurionpro.papms.PaPmsApplication - Starting PaPmsApplication using Java 17.0.1 with PID 36232 (D:\Swabhav_Java_FullStack\Project\Project\PaPMS\target\classes started by aniket.gupta in D:\Swabhav_Java_FullStack\Project\Project\PaPMS)
2025-10-12 22:32:53.410 [restartedMain] DEBUG c.aurionpro.papms.PaPmsApplication - Running with Spring Boot v3.5.5, Spring v6.2.10
2025-10-12 22:32:53.410 [restartedMain] INFO  c.aurionpro.papms.PaPmsApplication - No active profile set, falling back to 1 default profile: "default"
2025-10-12 22:32:54.342 [restartedMain] INFO  o.s.d.r.c.RepositoryConfigurationDelegate - Bootstrapping Spring Data JPA repositories in DEFAULT mode.
2025-10-12 22:32:54.631 [restartedMain] INFO  o.s.d.r.c.RepositoryConfigurationDelegate - Finished Spring Data repository scanning in 285 ms. Found 17 JPA repository interfaces.
2025-10-12 22:32:54.927 [restartedMain] INFO  o.s.b.w.e.tomcat.TomcatWebServer - Tomcat initialized with port 8080 (http)
2025-10-12 22:32:54.929 [restartedMain] INFO  o.a.coyote.http11.Http11NioProtocol - Initializing ProtocolHandler ["http-nio-8080"]
2025-10-12 22:32:54.929 [restartedMain] INFO  o.a.catalina.core.StandardService - Starting service [Tomcat]
2025-10-12 22:32:54.929 [restartedMain] INFO  o.a.catalina.core.StandardEngine - Starting Servlet engine: [Apache Tomcat/10.1.44]
2025-10-12 22:32:54.971 [restartedMain] INFO  o.a.c.c.C.[Tomcat].[localhost].[/] - Initializing Spring embedded WebApplicationContext
2025-10-12 22:32:54.971 [restartedMain] INFO  o.s.b.w.s.c.ServletWebServerApplicationContext - Root WebApplicationContext: initialization completed in 1558 ms
2025-10-12 22:32:55.025 [restartedMain] INFO  com.zaxxer.hikari.HikariDataSource - HikariPool-2 - Starting...
2025-10-12 22:32:55.045 [restartedMain] INFO  com.zaxxer.hikari.pool.HikariPool - HikariPool-2 - Added connection com.mysql.cj.jdbc.ConnectionImpl@3145144f
2025-10-12 22:32:55.045 [restartedMain] INFO  com.zaxxer.hikari.HikariDataSource - HikariPool-2 - Start completed.
2025-10-12 22:32:55.104 [restartedMain] INFO  o.h.jpa.internal.util.LogHelper - HHH000204: Processing PersistenceUnitInfo [name: default]
2025-10-12 22:32:55.109 [restartedMain] INFO  o.h.c.i.RegionFactoryInitiator - HHH000026: Second-level cache disabled
2025-10-12 22:32:55.122 [restartedMain] INFO  o.s.o.j.p.SpringPersistenceUnitInfo - No LoadTimeWeaver setup: ignoring JPA class transformer
2025-10-12 22:32:55.126 [restartedMain] WARN  org.hibernate.orm.deprecation - HHH90000025: MySQLDialect does not need to be specified explicitly using 'hibernate.dialect' (remove the property setting and it will be selected by default)
2025-10-12 22:32:55.126 [restartedMain] INFO  o.hibernate.orm.connections.pooling - HHH10001005: Database info:
	Database JDBC URL [Connecting through datasource 'HikariDataSource (HikariPool-2)']
	Database driver: undefined/unknown
	Database version: 8.0.42
	Autocommit mode: undefined/unknown
	Isolation level: undefined/unknown
	Minimum pool size: undefined/unknown
	Maximum pool size: undefined/unknown
2025-10-12 22:32:55.478 [restartedMain] INFO  o.h.e.t.j.p.i.JtaPlatformInitiator - HHH000489: No JTA platform available (set 'hibernate.transaction.jta.platform' to enable JTA platform integration)
2025-10-12 22:32:55.832 [restartedMain] INFO  o.s.o.j.LocalContainerEntityManagerFactoryBean - Initialized JPA EntityManagerFactory for persistence unit 'default'
2025-10-12 22:32:55.923 [restartedMain] DEBUG c.a.p.security.filter.JwtAuthFilter - Filter 'jwtAuthFilter' configured for use
2025-10-12 22:32:56.098 [restartedMain] INFO  o.s.s.c.a.a.c.InitializeAuthenticationProviderBeanManagerConfigurer$InitializeAuthenticationProviderManagerConfigurer - Global AuthenticationManager configured with AuthenticationProvider bean with name authenticationProvider
2025-10-12 22:32:56.098 [restartedMain] WARN  o.s.s.c.a.a.c.InitializeUserDetailsBeanManagerConfigurer$InitializeUserDetailsManagerConfigurer - Global AuthenticationManager configured with an AuthenticationProvider bean. UserDetailsService beans will not be used by Spring Security for automatically configuring username/password login. Consider removing the AuthenticationProvider bean. Alternatively, consider using the UserDetailsService in a manually instantiated DaoAuthenticationProvider. If the current configuration is intentional, to turn off this warning, increase the logging level of 'org.springframework.security.config.annotation.authentication.configuration.InitializeUserDetailsBeanManagerConfigurer' to ERROR
2025-10-12 22:32:56.297 [restartedMain] WARN  o.s.b.w.s.c.AnnotationConfigServletWebServerApplicationContext - Exception encountered during context initialization - cancelling refresh attempt: org.springframework.beans.factory.UnsatisfiedDependencyException: Error creating bean with name 'clientController' defined in file [D:\Swabhav_Java_FullStack\Project\Project\PaPMS\target\classes\com\aurionpro\papms\controller\ClientController.class]: Unsatisfied dependency expressed through constructor parameter 0: Error creating bean with name 'clientServiceImpl' defined in file [D:\Swabhav_Java_FullStack\Project\Project\PaPMS\target\classes\com\aurionpro\papms\service\ClientServiceImpl.class]: Unsatisfied dependency expressed through constructor parameter 5: No qualifying bean of type 'com.aurionpro.papms.service.TransactionService' available: expected at least 1 bean which qualifies as autowire candidate. Dependency annotations: {}
2025-10-12 22:32:56.297 [restartedMain] INFO  o.s.o.j.LocalContainerEntityManagerFactoryBean - Closing JPA EntityManagerFactory for persistence unit 'default'
2025-10-12 22:32:56.298 [restartedMain] INFO  com.zaxxer.hikari.HikariDataSource - HikariPool-2 - Shutdown initiated...
2025-10-12 22:32:56.302 [restartedMain] INFO  com.zaxxer.hikari.HikariDataSource - HikariPool-2 - Shutdown completed.
2025-10-12 22:32:56.304 [restartedMain] INFO  o.a.catalina.core.StandardService - Stopping service [Tomcat]
2025-10-12 22:32:56.312 [restartedMain] INFO  o.s.b.a.l.ConditionEvaluationReportLogger - 

Error starting ApplicationContext. To display the condition evaluation report re-run your application with 'debug' enabled.
2025-10-12 22:32:56.339 [restartedMain] ERROR o.s.b.d.LoggingFailureAnalysisReporter - 

***************************
APPLICATION FAILED TO START
***************************

Description:

Parameter 5 of constructor in com.aurionpro.papms.service.ClientServiceImpl required a bean of type 'com.aurionpro.papms.service.TransactionService' that could not be found.


Action:

Consider defining a bean of type 'com.aurionpro.papms.service.TransactionService' in your configuration.

2025-10-12 22:32:57.835 [restartedMain] INFO  c.aurionpro.papms.PaPmsApplication - Starting PaPmsApplication using Java 17.0.1 with PID 36232 (D:\Swabhav_Java_FullStack\Project\Project\PaPMS\target\classes started by aniket.gupta in D:\Swabhav_Java_FullStack\Project\Project\PaPMS)
2025-10-12 22:32:57.835 [restartedMain] DEBUG c.aurionpro.papms.PaPmsApplication - Running with Spring Boot v3.5.5, Spring v6.2.10
2025-10-12 22:32:57.835 [restartedMain] INFO  c.aurionpro.papms.PaPmsApplication - No active profile set, falling back to 1 default profile: "default"
2025-10-12 22:32:58.360 [restartedMain] INFO  o.s.d.r.c.RepositoryConfigurationDelegate - Bootstrapping Spring Data JPA repositories in DEFAULT mode.
2025-10-12 22:32:58.504 [restartedMain] INFO  o.s.d.r.c.RepositoryConfigurationDelegate - Finished Spring Data repository scanning in 143 ms. Found 17 JPA repository interfaces.
2025-10-12 22:32:58.660 [restartedMain] INFO  o.s.b.w.e.tomcat.TomcatWebServer - Tomcat initialized with port 8080 (http)
2025-10-12 22:32:58.662 [restartedMain] INFO  o.a.coyote.http11.Http11NioProtocol - Initializing ProtocolHandler ["http-nio-8080"]
2025-10-12 22:32:58.662 [restartedMain] INFO  o.a.catalina.core.StandardService - Starting service [Tomcat]
2025-10-12 22:32:58.662 [restartedMain] INFO  o.a.catalina.core.StandardEngine - Starting Servlet engine: [Apache Tomcat/10.1.44]
2025-10-12 22:32:58.691 [restartedMain] INFO  o.a.c.c.C.[Tomcat-1].[localhost].[/] - Initializing Spring embedded WebApplicationContext
2025-10-12 22:32:58.691 [restartedMain] INFO  o.s.b.w.s.c.ServletWebServerApplicationContext - Root WebApplicationContext: initialization completed in 853 ms
2025-10-12 22:32:58.717 [restartedMain] INFO  com.zaxxer.hikari.HikariDataSource - HikariPool-3 - Starting...
2025-10-12 22:32:58.732 [restartedMain] INFO  com.zaxxer.hikari.pool.HikariPool - HikariPool-3 - Added connection com.mysql.cj.jdbc.ConnectionImpl@561c113c
2025-10-12 22:32:58.732 [restartedMain] INFO  com.zaxxer.hikari.HikariDataSource - HikariPool-3 - Start completed.
2025-10-12 22:32:58.767 [restartedMain] INFO  o.h.jpa.internal.util.LogHelper - HHH000204: Processing PersistenceUnitInfo [name: default]
2025-10-12 22:32:58.769 [restartedMain] INFO  o.h.c.i.RegionFactoryInitiator - HHH000026: Second-level cache disabled
2025-10-12 22:32:58.774 [restartedMain] INFO  o.s.o.j.p.SpringPersistenceUnitInfo - No LoadTimeWeaver setup: ignoring JPA class transformer
2025-10-12 22:32:58.776 [restartedMain] WARN  org.hibernate.orm.deprecation - HHH90000025: MySQLDialect does not need to be specified explicitly using 'hibernate.dialect' (remove the property setting and it will be selected by default)
2025-10-12 22:32:58.776 [restartedMain] INFO  o.hibernate.orm.connections.pooling - HHH10001005: Database info:
	Database JDBC URL [Connecting through datasource 'HikariDataSource (HikariPool-3)']
	Database driver: undefined/unknown
	Database version: 8.0.42
	Autocommit mode: undefined/unknown
	Isolation level: undefined/unknown
	Minimum pool size: undefined/unknown
	Maximum pool size: undefined/unknown
2025-10-12 22:32:58.998 [restartedMain] INFO  o.h.e.t.j.p.i.JtaPlatformInitiator - HHH000489: No JTA platform available (set 'hibernate.transaction.jta.platform' to enable JTA platform integration)
2025-10-12 22:32:59.097 [restartedMain] INFO  o.s.o.j.LocalContainerEntityManagerFactoryBean - Initialized JPA EntityManagerFactory for persistence unit 'default'
2025-10-12 22:32:59.154 [restartedMain] DEBUG c.a.p.security.filter.JwtAuthFilter - Filter 'jwtAuthFilter' configured for use
2025-10-12 22:32:59.270 [restartedMain] INFO  o.s.s.c.a.a.c.InitializeAuthenticationProviderBeanManagerConfigurer$InitializeAuthenticationProviderManagerConfigurer - Global AuthenticationManager configured with AuthenticationProvider bean with name authenticationProvider
2025-10-12 22:32:59.270 [restartedMain] WARN  o.s.s.c.a.a.c.InitializeUserDetailsBeanManagerConfigurer$InitializeUserDetailsManagerConfigurer - Global AuthenticationManager configured with an AuthenticationProvider bean. UserDetailsService beans will not be used by Spring Security for automatically configuring username/password login. Consider removing the AuthenticationProvider bean. Alternatively, consider using the UserDetailsService in a manually instantiated DaoAuthenticationProvider. If the current configuration is intentional, to turn off this warning, increase the logging level of 'org.springframework.security.config.annotation.authentication.configuration.InitializeUserDetailsBeanManagerConfigurer' to ERROR
2025-10-12 22:32:59.709 [restartedMain] WARN  o.s.b.a.o.j.JpaBaseConfiguration$JpaWebConfiguration - spring.jpa.open-in-view is enabled by default. Therefore, database queries may be performed during view rendering. Explicitly configure spring.jpa.open-in-view to disable this warning
2025-10-12 22:33:00.002 [restartedMain] INFO  o.s.b.d.a.OptionalLiveReloadServer - LiveReload server is running on port 35729
2025-10-12 22:33:00.012 [restartedMain] DEBUG o.s.b.c.c.s.JobRegistrySmartInitializingSingleton - Registering job: employeeCsvImportJob
2025-10-12 22:33:00.012 [restartedMain] INFO  o.a.coyote.http11.Http11NioProtocol - Starting ProtocolHandler ["http-nio-8080"]
2025-10-12 22:33:00.017 [restartedMain] INFO  o.s.b.w.e.tomcat.TomcatWebServer - Tomcat started on port 8080 (http) with context path '/'
2025-10-12 22:33:00.022 [restartedMain] INFO  c.aurionpro.papms.PaPmsApplication - Started PaPmsApplication in 2.213 seconds (process running for 1369.165)
2025-10-12 22:33:00.023 [restartedMain] INFO  o.s.b.a.b.JobLauncherApplicationRunner - Running default command line with: []
2025-10-12 22:33:00.156 [restartedMain] INFO  o.s.b.c.l.s.TaskExecutorJobLauncher - Job: [FlowJob: [name=employeeCsvImportJob]] launched with the following parameters: [{'run.id':'{value=2, type=class java.lang.Long, identifying=true}'}]
2025-10-12 22:33:00.156 [restartedMain] DEBUG o.s.batch.core.job.AbstractJob - Job execution starting: JobExecution: id=2, version=0, startTime=null, endTime=null, lastUpdated=2025-10-12T22:33:00.143640800, status=STARTING, exitStatus=exitCode=UNKNOWN;exitDescription=, job=[JobInstance: id=2, version=0, Job=[employeeCsvImportJob]], jobParameters=[{'run.id':'{value=2, type=class java.lang.Long, identifying=true}'}]
2025-10-12 22:33:00.162 [restartedMain] DEBUG o.s.b.c.job.flow.support.SimpleFlow - Resuming state=employeeCsvImportJob.step0 with status=UNKNOWN
2025-10-12 22:33:00.162 [restartedMain] DEBUG o.s.b.c.job.flow.support.SimpleFlow - Handling state=employeeCsvImportJob.step0
2025-10-12 22:33:00.179 [restartedMain] INFO  o.s.batch.core.job.SimpleStepHandler - Executing step: [employeeCsvImportStep]
2025-10-12 22:33:00.179 [restartedMain] DEBUG o.s.batch.core.step.AbstractStep - Executing: id=2
2025-10-12 22:33:00.185 [restartedMain] DEBUG o.s.batch.core.scope.StepScope - Creating object in scope=step, name=scopedTarget.employeeCsvProcessor
2025-10-12 22:33:00.185 [restartedMain] INFO  c.a.p.batch.EmployeeCsvItemProcessor - Pre-loading existing usernames and account numbers for validation.
2025-10-12 22:33:00.189 [restartedMain] DEBUG org.hibernate.SQL - 
    select
        u1_0.id,
        u1_0.created_at,
        u1_0.email,
        u1_0.full_name,
        u1_0.is_active,
        u1_0.organization_id,
        u1_0.password,
        u1_0.requires_password_change,
        u1_0.role,
        u1_0.updated_at,
        u1_0.username 
    from
        users u1_0
2025-10-12 22:33:00.193 [restartedMain] DEBUG org.hibernate.SQL - 
    select
        ba1_0.id,
        ba1_0.account_holder_name,
        ba1_0.account_number,
        ba1_0.bank_name,
        ba1_0.created_at,
        ba1_0.employee_id,
        ba1_0.ifsc_code,
        ba1_0.is_primary,
        ba1_0.owner_type,
        ba1_0.updated_at,
        ba1_0.vendor_id 
    from
        bank_accounts ba1_0
2025-10-12 22:33:00.195 [restartedMain] INFO  c.a.p.batch.EmployeeCsvItemProcessor - Pre-loading complete. Found 1 usernames and 0 account numbers.
2025-10-12 22:33:00.196 [restartedMain] DEBUG o.s.batch.core.scope.StepScope - Creating object in scope=step, name=scopedTarget.employeeCsvReader
2025-10-12 22:33:00.197 [restartedMain] ERROR o.s.batch.core.step.AbstractStep - Encountered an error executing step employeeCsvImportStep in job employeeCsvImportJob
org.springframework.beans.factory.BeanCreationException: Error creating bean with name 'scopedTarget.employeeCsvReader' defined in class path resource [com/aurionpro/papms/config/BatchConfig.class]: Failed to instantiate [org.springframework.batch.item.file.FlatFileItemReader]: Factory method 'employeeCsvReader' threw exception with message: Path must not be null
	at org.springframework.beans.factory.support.ConstructorResolver.instantiate(ConstructorResolver.java:657)
	at org.springframework.beans.factory.support.ConstructorResolver.instantiateUsingFactoryMethod(ConstructorResolver.java:645)
	at org.springframework.beans.factory.support.AbstractAutowireCapableBeanFactory.instantiateUsingFactoryMethod(AbstractAutowireCapableBeanFactory.java:1375)
	at org.springframework.beans.factory.support.AbstractAutowireCapableBeanFactory.createBeanInstance(AbstractAutowireCapableBeanFactory.java:1205)
	at org.springframework.beans.factory.support.AbstractAutowireCapableBeanFactory.doCreateBean(AbstractAutowireCapableBeanFactory.java:569)
	at org.springframework.beans.factory.support.AbstractAutowireCapableBeanFactory.createBean(AbstractAutowireCapableBeanFactory.java:529)
	at org.springframework.beans.factory.support.AbstractBeanFactory.lambda$doGetBean$1(AbstractBeanFactory.java:378)
	at org.springframework.batch.core.scope.StepScope.get(StepScope.java:112)
	at org.springframework.beans.factory.support.AbstractBeanFactory.doGetBean(AbstractBeanFactory.java:375)
	at org.springframework.beans.factory.support.AbstractBeanFactory.getBean(AbstractBeanFactory.java:202)
	at org.springframework.aop.target.SimpleBeanTargetSource.getTarget(SimpleBeanTargetSource.java:35)
	at org.springframework.aop.framework.CglibAopProxy$DynamicAdvisedInterceptor.intercept(CglibAopProxy.java:712)
	at org.springframework.batch.item.file.FlatFileItemReader$$SpringCGLIB$$0.open(<generated>)
	at org.springframework.batch.item.support.CompositeItemStream.open(CompositeItemStream.java:138)
	at org.springframework.batch.core.step.tasklet.TaskletStep.open(TaskletStep.java:287)
	at org.springframework.batch.core.step.AbstractStep.execute(AbstractStep.java:227)
	at org.springframework.batch.core.job.SimpleStepHandler.handleStep(SimpleStepHandler.java:153)
	at org.springframework.batch.core.job.flow.JobFlowExecutor.executeStep(JobFlowExecutor.java:68)
	at org.springframework.batch.core.job.flow.support.state.StepState.handle(StepState.java:68)
	at org.springframework.batch.core.job.flow.support.SimpleFlow.resume(SimpleFlow.java:165)
	at org.springframework.batch.core.job.flow.support.SimpleFlow.start(SimpleFlow.java:140)
	at org.springframework.batch.core.job.flow.FlowJob.doExecute(FlowJob.java:132)
	at org.springframework.batch.core.job.AbstractJob.execute(AbstractJob.java:307)
	at org.springframework.batch.core.launch.support.TaskExecutorJobLauncher$1.run(TaskExecutorJobLauncher.java:155)
	at org.springframework.core.task.SyncTaskExecutor.execute(SyncTaskExecutor.java:50)
	at org.springframework.batch.core.launch.support.TaskExecutorJobLauncher.run(TaskExecutorJobLauncher.java:146)
	at org.springframework.boot.autoconfigure.batch.JobLauncherApplicationRunner.execute(JobLauncherApplicationRunner.java:210)
	at org.springframework.boot.autoconfigure.batch.JobLauncherApplicationRunner.executeLocalJobs(JobLauncherApplicationRunner.java:194)
	at org.springframework.boot.autoconfigure.batch.JobLauncherApplicationRunner.launchJobFromProperties(JobLauncherApplicationRunner.java:174)
	at org.springframework.boot.autoconfigure.batch.JobLauncherApplicationRunner.run(JobLauncherApplicationRunner.java:169)
	at org.springframework.boot.autoconfigure.batch.JobLauncherApplicationRunner.run(JobLauncherApplicationRunner.java:164)
	at org.springframework.boot.SpringApplication.lambda$callRunner$4(SpringApplication.java:784)
	at org.springframework.util.function.ThrowingConsumer$1.acceptWithException(ThrowingConsumer.java:82)
	at org.springframework.util.function.ThrowingConsumer.accept(ThrowingConsumer.java:60)
	at org.springframework.util.function.ThrowingConsumer$1.accept(ThrowingConsumer.java:86)
	at org.springframework.boot.SpringApplication.callRunner(SpringApplication.java:796)
	at org.springframework.boot.SpringApplication.callRunner(SpringApplication.java:784)
	at org.springframework.boot.SpringApplication.lambda$callRunners$3(SpringApplication.java:772)
	at java.base/java.util.stream.ForEachOps$ForEachOp$OfRef.accept(ForEachOps.java:183)
	at java.base/java.util.stream.SortedOps$SizedRefSortingSink.end(SortedOps.java:357)
	at java.base/java.util.stream.AbstractPipeline.copyInto(AbstractPipeline.java:510)
	at java.base/java.util.stream.AbstractPipeline.wrapAndCopyInto(AbstractPipeline.java:499)
	at java.base/java.util.stream.ForEachOps$ForEachOp.evaluateSequential(ForEachOps.java:150)
	at java.base/java.util.stream.ForEachOps$ForEachOp$OfRef.evaluateSequential(ForEachOps.java:173)
	at java.base/java.util.stream.AbstractPipeline.evaluate(AbstractPipeline.java:234)
	at java.base/java.util.stream.ReferencePipeline.forEach(ReferencePipeline.java:596)
	at org.springframework.boot.SpringApplication.callRunners(SpringApplication.java:772)
	at org.springframework.boot.SpringApplication.run(SpringApplication.java:325)
	at org.springframework.boot.SpringApplication.run(SpringApplication.java:1361)
	at org.springframework.boot.SpringApplication.run(SpringApplication.java:1350)
	at com.aurionpro.papms.PaPmsApplication.main(PaPmsApplication.java:14)
	at java.base/jdk.internal.reflect.NativeMethodAccessorImpl.invoke0(Native Method)
	at java.base/jdk.internal.reflect.NativeMethodAccessorImpl.invoke(NativeMethodAccessorImpl.java:77)
	at java.base/jdk.internal.reflect.DelegatingMethodAccessorImpl.invoke(DelegatingMethodAccessorImpl.java:43)
	at java.base/java.lang.reflect.Method.invoke(Method.java:568)
	at org.springframework.boot.devtools.restart.RestartLauncher.run(RestartLauncher.java:50)
Caused by: org.springframework.beans.BeanInstantiationException: Failed to instantiate [org.springframework.batch.item.file.FlatFileItemReader]: Factory method 'employeeCsvReader' threw exception with message: Path must not be null
	at org.springframework.beans.factory.support.SimpleInstantiationStrategy.lambda$instantiate$0(SimpleInstantiationStrategy.java:200)
	at org.springframework.beans.factory.support.SimpleInstantiationStrategy.instantiateWithFactoryMethod(SimpleInstantiationStrategy.java:89)
	at org.springframework.beans.factory.support.SimpleInstantiationStrategy.instantiate(SimpleInstantiationStrategy.java:169)
	at org.springframework.beans.factory.support.ConstructorResolver.instantiate(ConstructorResolver.java:653)
	... 55 common frames omitted
Caused by: java.lang.IllegalArgumentException: Path must not be null
	at org.springframework.util.Assert.notNull(Assert.java:181)
	at org.springframework.core.io.FileSystemResource.<init>(FileSystemResource.java:84)
	at com.aurionpro.papms.config.BatchConfig.employeeCsvReader(BatchConfig.java:315)
	at com.aurionpro.papms.config.BatchConfig$$SpringCGLIB$$0.CGLIB$employeeCsvReader$6(<generated>)
	at com.aurionpro.papms.config.BatchConfig$$SpringCGLIB$$FastClass$$1.invoke(<generated>)
	at org.springframework.cglib.proxy.MethodProxy.invokeSuper(MethodProxy.java:258)
	at org.springframework.context.annotation.ConfigurationClassEnhancer$BeanMethodInterceptor.intercept(ConfigurationClassEnhancer.java:400)
	at com.aurionpro.papms.config.BatchConfig$$SpringCGLIB$$0.employeeCsvReader(<generated>)
	at java.base/jdk.internal.reflect.NativeMethodAccessorImpl.invoke0(Native Method)
	at java.base/jdk.internal.reflect.NativeMethodAccessorImpl.invoke(NativeMethodAccessorImpl.java:77)
	at java.base/jdk.internal.reflect.DelegatingMethodAccessorImpl.invoke(DelegatingMethodAccessorImpl.java:43)
	at java.base/java.lang.reflect.Method.invoke(Method.java:568)
	at org.springframework.beans.factory.support.SimpleInstantiationStrategy.lambda$instantiate$0(SimpleInstantiationStrategy.java:172)
	... 58 common frames omitted
2025-10-12 22:33:00.198 [restartedMain] INFO  o.s.batch.core.step.AbstractStep - Step: [employeeCsvImportStep] executed in 18ms
2025-10-12 22:33:00.203 [restartedMain] DEBUG o.s.b.c.r.dao.JdbcStepExecutionDao - Truncating long message before update of StepExecution, original message is: org.springframework.beans.factory.BeanCreationException: Error creating bean with name 'scopedTarget.employeeCsvReader' defined in class path resource [com/aurionpro/papms/config/BatchConfig.class]: Failed to instantiate [org.springframework.batch.item.file.FlatFileItemReader]: Factory method 'employeeCsvReader' threw exception with message: Path must not be null
	at org.springframework.beans.factory.support.ConstructorResolver.instantiate(ConstructorResolver.java:657)
	at org.springframework.beans.factory.support.ConstructorResolver.instantiateUsingFactoryMethod(ConstructorResolver.java:645)
	at org.springframework.beans.factory.support.AbstractAutowireCapableBeanFactory.instantiateUsingFactoryMethod(AbstractAutowireCapableBeanFactory.java:1375)
	at org.springframework.beans.factory.support.AbstractAutowireCapableBeanFactory.createBeanInstance(AbstractAutowireCapableBeanFactory.java:1205)
	at org.springframework.beans.factory.support.AbstractAutowireCapableBeanFactory.doCreateBean(AbstractAutowireCapableBeanFactory.java:569)
	at org.springframework.beans.factory.support.AbstractAutowireCapableBeanFactory.createBean(AbstractAutowireCapableBeanFactory.java:529)
	at org.springframework.beans.factory.support.AbstractBeanFactory.lambda$doGetBean$1(AbstractBeanFactory.java:378)
	at org.springframework.batch.core.scope.StepScope.get(StepScope.java:112)
	at org.springframework.beans.factory.support.AbstractBeanFactory.doGetBean(AbstractBeanFactory.java:375)
	at org.springframework.beans.factory.support.AbstractBeanFactory.getBean(AbstractBeanFactory.java:202)
	at org.springframework.aop.target.SimpleBeanTargetSource.getTarget(SimpleBeanTargetSource.java:35)
	at org.springframework.aop.framework.CglibAopProxy$DynamicAdvisedInterceptor.intercept(CglibAopProxy.java:712)
	at org.springframework.batch.item.file.FlatFileItemReader$$SpringCGLIB$$0.open(<generated>)
	at org.springframework.batch.item.support.CompositeItemStream.open(CompositeItemStream.java:138)
	at org.springframework.batch.core.step.tasklet.TaskletStep.open(TaskletStep.java:287)
	at org.springframework.batch.core.step.AbstractStep.execute(AbstractStep.java:227)
	at org.springframework.batch.core.job.SimpleStepHandler.handleStep(SimpleStepHandler.java:153)
	at org.springframework.batch.core.job.flow.JobFlowExecutor.executeStep(JobFlowExecutor.java:68)
	at org.springframework.batch.core.job.flow.support.state.StepState.handle(StepState.java:68)
	at org.springframework.batch.core.job.flow.support.SimpleFlow.resume(SimpleFlow.java:165)
	at org.springframework.batch.core.job.flow.support.SimpleFlow.start(SimpleFlow.java:140)
	at org.springframework.batch.core.job.flow.FlowJob.doExecute(FlowJob.java:132)
	at org.springframework.batch.core.job.AbstractJob.execute(AbstractJob.java:307)
	at org.springframework.batch.core.launch.support.TaskExecutorJobLauncher$1.run(TaskExecutorJobLauncher.java:155)
	at org.springframework.core.task.SyncTaskExecutor.execute(SyncTaskExecutor.java:50)
	at org.springframework.batch.core.launch.support.TaskExecutorJobLauncher.run(TaskExecutorJobLauncher.java:146)
	at org.springframework.boot.autoconfigure.batch.JobLauncherApplicationRunner.execute(JobLauncherApplicationRunner.java:210)
	at org.springframework.boot.autoconfigure.batch.JobLauncherApplicationRunner.executeLocalJobs(JobLauncherApplicationRunner.java:194)
	at org.springframework.boot.autoconfigure.batch.JobLauncherApplicationRunner.launchJobFromProperties(JobLauncherApplicationRunner.java:174)
	at org.springframework.boot.autoconfigure.batch.JobLauncherApplicationRunner.run(JobLauncherApplicationRunner.java:169)
	at org.springframework.boot.autoconfigure.batch.JobLauncherApplicationRunner.run(JobLauncherApplicationRunner.java:164)
	at org.springframework.boot.SpringApplication.lambda$callRunner$4(SpringApplication.java:784)
	at org.springframework.util.function.ThrowingConsumer$1.acceptWithException(ThrowingConsumer.java:82)
	at org.springframework.util.function.ThrowingConsumer.accept(ThrowingConsumer.java:60)
	at org.springframework.util.function.ThrowingConsumer$1.accept(ThrowingConsumer.java:86)
	at org.springframework.boot.SpringApplication.callRunner(SpringApplication.java:796)
	at org.springframework.boot.SpringApplication.callRunner(SpringApplication.java:784)
	at org.springframework.boot.SpringApplication.lambda$callRunners$3(SpringApplication.java:772)
	at java.base/java.util.stream.ForEachOps$ForEachOp$OfRef.accept(ForEachOps.java:183)
	at java.base/java.util.stream.SortedOps$SizedRefSortingSink.end(SortedOps.java:357)
	at java.base/java.util.stream.AbstractPipeline.copyInto(AbstractPipeline.java:510)
	at java.base/java.util.stream.AbstractPipeline.wrapAndCopyInto(AbstractPipeline.java:499)
	at java.base/java.util.stream.ForEachOps$ForEachOp.evaluateSequential(ForEachOps.java:150)
	at java.base/java.util.stream.ForEachOps$ForEachOp$OfRef.evaluateSequential(ForEachOps.java:173)
	at java.base/java.util.stream.AbstractPipeline.evaluate(AbstractPipeline.java:234)
	at java.base/java.util.stream.ReferencePipeline.forEach(ReferencePipeline.java:596)
	at org.springframework.boot.SpringApplication.callRunners(SpringApplication.java:772)
	at org.springframework.boot.SpringApplication.run(SpringApplication.java:325)
	at org.springframework.boot.SpringApplication.run(SpringApplication.java:1361)
	at org.springframework.boot.SpringApplication.run(SpringApplication.java:1350)
	at com.aurionpro.papms.PaPmsApplication.main(PaPmsApplication.java:14)
	at java.base/jdk.internal.reflect.NativeMethodAccessorImpl.invoke0(Native Method)
	at java.base/jdk.internal.reflect.NativeMethodAccessorImpl.invoke(NativeMethodAccessorImpl.java:77)
	at java.base/jdk.internal.reflect.DelegatingMethodAccessorImpl.invoke(DelegatingMethodAccessorImpl.java:43)
	at java.base/java.lang.reflect.Method.invoke(Method.java:568)
	at org.springframework.boot.devtools.restart.RestartLauncher.run(RestartLauncher.java:50)
Caused by: org.springframework.beans.BeanInstantiationException: Failed to instantiate [org.springframework.batch.item.file.FlatFileItemReader]: Factory method 'employeeCsvReader' threw exception with message: Path must not be null
	at org.springframework.beans.factory.support.SimpleInstantiationStrategy.lambda$instantiate$0(SimpleInstantiationStrategy.java:200)
	at org.springframework.beans.factory.support.SimpleInstantiationStrategy.instantiateWithFactoryMethod(SimpleInstantiationStrategy.java:89)
	at org.springframework.beans.factory.support.SimpleInstantiationStrategy.instantiate(SimpleInstantiationStrategy.java:169)
	at org.springframework.beans.factory.support.ConstructorResolver.instantiate(ConstructorResolver.java:653)
	... 55 more
Caused by: java.lang.IllegalArgumentException: Path must not be null
	at org.springframework.util.Assert.notNull(Assert.java:181)
	at org.springframework.core.io.FileSystemResource.<init>(FileSystemResource.java:84)
	at com.aurionpro.papms.config.BatchConfig.employeeCsvReader(BatchConfig.java:315)
	at com.aurionpro.papms.config.BatchConfig$$SpringCGLIB$$0.CGLIB$employeeCsvReader$6(<generated>)
	at com.aurionpro.papms.config.BatchConfig$$SpringCGLIB$$FastClass$$1.invoke(<generated>)
	at org.springframework.cglib.proxy.MethodProxy.invokeSuper(MethodProxy.java:258)
	at org.springframework.context.annotation.ConfigurationClassEnhancer$BeanMethodInterceptor.intercept(ConfigurationClassEnhancer.java:400)
	at com.aurionpro.papms.config.BatchConfig$$SpringCGLIB$$0.employeeCsvReader(<generated>)
	at java.base/jdk.internal.reflect.NativeMethodAccessorImpl.invoke0(Native Method)
	at java.base/jdk.internal.reflect.NativeMethodAccessorImpl.invoke(NativeMethodAccessorImpl.java:77)
	at java.base/jdk.internal.reflect.DelegatingMethodAccessorImpl.invoke(DelegatingMethodAccessorImpl.java:43)
	at java.base/java.lang.reflect.Method.invoke(Method.java:568)
	at org.springframework.beans.factory.support.SimpleInstantiationStrategy.lambda$instantiate$0(SimpleInstantiationStrategy.java:172)
	... 58 more

2025-10-12 22:33:00.209 [restartedMain] DEBUG o.s.batch.core.scope.StepScope - Creating object in scope=step, name=scopedTarget.employeeCsvReader
2025-10-12 22:33:00.209 [restartedMain] ERROR o.s.batch.core.step.AbstractStep - Exception while closing step execution resources in step employeeCsvImportStep in job employeeCsvImportJob
org.springframework.batch.item.ItemStreamException: Failed to close 1 delegate(s) due to exceptions
	at org.springframework.batch.item.support.CompositeItemStream.close(CompositeItemStream.java:123)
	at org.springframework.batch.core.step.tasklet.TaskletStep.close(TaskletStep.java:282)
	at org.springframework.batch.core.step.AbstractStep.execute(AbstractStep.java:313)
	at org.springframework.batch.core.job.SimpleStepHandler.handleStep(SimpleStepHandler.java:153)
	at org.springframework.batch.core.job.flow.JobFlowExecutor.executeStep(JobFlowExecutor.java:68)
	at org.springframework.batch.core.job.flow.support.state.StepState.handle(StepState.java:68)
	at org.springframework.batch.core.job.flow.support.SimpleFlow.resume(SimpleFlow.java:165)
	at org.springframework.batch.core.job.flow.support.SimpleFlow.start(SimpleFlow.java:140)
	at org.springframework.batch.core.job.flow.FlowJob.doExecute(FlowJob.java:132)
	at org.springframework.batch.core.job.AbstractJob.execute(AbstractJob.java:307)
	at org.springframework.batch.core.launch.support.TaskExecutorJobLauncher$1.run(TaskExecutorJobLauncher.java:155)
	at org.springframework.core.task.SyncTaskExecutor.execute(SyncTaskExecutor.java:50)
	at org.springframework.batch.core.launch.support.TaskExecutorJobLauncher.run(TaskExecutorJobLauncher.java:146)
	at org.springframework.boot.autoconfigure.batch.JobLauncherApplicationRunner.execute(JobLauncherApplicationRunner.java:210)
	at org.springframework.boot.autoconfigure.batch.JobLauncherApplicationRunner.executeLocalJobs(JobLauncherApplicationRunner.java:194)
	at org.springframework.boot.autoconfigure.batch.JobLauncherApplicationRunner.launchJobFromProperties(JobLauncherApplicationRunner.java:174)
	at org.springframework.boot.autoconfigure.batch.JobLauncherApplicationRunner.run(JobLauncherApplicationRunner.java:169)
	at org.springframework.boot.autoconfigure.batch.JobLauncherApplicationRunner.run(JobLauncherApplicationRunner.java:164)
	at org.springframework.boot.SpringApplication.lambda$callRunner$4(SpringApplication.java:784)
	at org.springframework.util.function.ThrowingConsumer$1.acceptWithException(ThrowingConsumer.java:82)
	at org.springframework.util.function.ThrowingConsumer.accept(ThrowingConsumer.java:60)
	at org.springframework.util.function.ThrowingConsumer$1.accept(ThrowingConsumer.java:86)
	at org.springframework.boot.SpringApplication.callRunner(SpringApplication.java:796)
	at org.springframework.boot.SpringApplication.callRunner(SpringApplication.java:784)
	at org.springframework.boot.SpringApplication.lambda$callRunners$3(SpringApplication.java:772)
	at java.base/java.util.stream.ForEachOps$ForEachOp$OfRef.accept(ForEachOps.java:183)
	at java.base/java.util.stream.SortedOps$SizedRefSortingSink.end(SortedOps.java:357)
	at java.base/java.util.stream.AbstractPipeline.copyInto(AbstractPipeline.java:510)
	at java.base/java.util.stream.AbstractPipeline.wrapAndCopyInto(AbstractPipeline.java:499)
	at java.base/java.util.stream.ForEachOps$ForEachOp.evaluateSequential(ForEachOps.java:150)
	at java.base/java.util.stream.ForEachOps$ForEachOp$OfRef.evaluateSequential(ForEachOps.java:173)
	at java.base/java.util.stream.AbstractPipeline.evaluate(AbstractPipeline.java:234)
	at java.base/java.util.stream.ReferencePipeline.forEach(ReferencePipeline.java:596)
	at org.springframework.boot.SpringApplication.callRunners(SpringApplication.java:772)
	at org.springframework.boot.SpringApplication.run(SpringApplication.java:325)
	at org.springframework.boot.SpringApplication.run(SpringApplication.java:1361)
	at org.springframework.boot.SpringApplication.run(SpringApplication.java:1350)
	at com.aurionpro.papms.PaPmsApplication.main(PaPmsApplication.java:14)
	at java.base/jdk.internal.reflect.NativeMethodAccessorImpl.invoke0(Native Method)
	at java.base/jdk.internal.reflect.NativeMethodAccessorImpl.invoke(NativeMethodAccessorImpl.java:77)
	at java.base/jdk.internal.reflect.DelegatingMethodAccessorImpl.invoke(DelegatingMethodAccessorImpl.java:43)
	at java.base/java.lang.reflect.Method.invoke(Method.java:568)
	at org.springframework.boot.devtools.restart.RestartLauncher.run(RestartLauncher.java:50)
	Suppressed: org.springframework.beans.factory.BeanCreationException: Error creating bean with name 'scopedTarget.employeeCsvReader' defined in class path resource [com/aurionpro/papms/config/BatchConfig.class]: Failed to instantiate [org.springframework.batch.item.file.FlatFileItemReader]: Factory method 'employeeCsvReader' threw exception with message: Path must not be null
		at org.springframework.beans.factory.support.ConstructorResolver.instantiate(ConstructorResolver.java:657)
		at org.springframework.beans.factory.support.ConstructorResolver.instantiateUsingFactoryMethod(ConstructorResolver.java:645)
		at org.springframework.beans.factory.support.AbstractAutowireCapableBeanFactory.instantiateUsingFactoryMethod(AbstractAutowireCapableBeanFactory.java:1375)
		at org.springframework.beans.factory.support.AbstractAutowireCapableBeanFactory.createBeanInstance(AbstractAutowireCapableBeanFactory.java:1205)
		at org.springframework.beans.factory.support.AbstractAutowireCapableBeanFactory.doCreateBean(AbstractAutowireCapableBeanFactory.java:569)
		at org.springframework.beans.factory.support.AbstractAutowireCapableBeanFactory.createBean(AbstractAutowireCapableBeanFactory.java:529)
		at org.springframework.beans.factory.support.AbstractBeanFactory.lambda$doGetBean$1(AbstractBeanFactory.java:378)
		at org.springframework.batch.core.scope.StepScope.get(StepScope.java:112)
		at org.springframework.beans.factory.support.AbstractBeanFactory.doGetBean(AbstractBeanFactory.java:375)
		at org.springframework.beans.factory.support.AbstractBeanFactory.getBean(AbstractBeanFactory.java:202)
		at org.springframework.aop.target.SimpleBeanTargetSource.getTarget(SimpleBeanTargetSource.java:35)
		at org.springframework.aop.framework.CglibAopProxy$DynamicAdvisedInterceptor.intercept(CglibAopProxy.java:712)
		at org.springframework.batch.item.file.FlatFileItemReader$$SpringCGLIB$$0.close(<generated>)
		at org.springframework.batch.item.support.CompositeItemStream.close(CompositeItemStream.java:114)
		... 42 common frames omitted
	Caused by: org.springframework.beans.BeanInstantiationException: Failed to instantiate [org.springframework.batch.item.file.FlatFileItemReader]: Factory method 'employeeCsvReader' threw exception with message: Path must not be null
		at org.springframework.beans.factory.support.SimpleInstantiationStrategy.lambda$instantiate$0(SimpleInstantiationStrategy.java:200)
		at org.springframework.beans.factory.support.SimpleInstantiationStrategy.instantiateWithFactoryMethod(SimpleInstantiationStrategy.java:89)
		at org.springframework.beans.factory.support.SimpleInstantiationStrategy.instantiate(SimpleInstantiationStrategy.java:169)
		at org.springframework.beans.factory.support.ConstructorResolver.instantiate(ConstructorResolver.java:653)
		... 55 common frames omitted
	Caused by: java.lang.IllegalArgumentException: Path must not be null
		at org.springframework.util.Assert.notNull(Assert.java:181)
		at org.springframework.core.io.FileSystemResource.<init>(FileSystemResource.java:84)
		at com.aurionpro.papms.config.BatchConfig.employeeCsvReader(BatchConfig.java:315)
		at com.aurionpro.papms.config.BatchConfig$$SpringCGLIB$$0.CGLIB$employeeCsvReader$6(<generated>)
		at com.aurionpro.papms.config.BatchConfig$$SpringCGLIB$$FastClass$$1.invoke(<generated>)
		at org.springframework.cglib.proxy.MethodProxy.invokeSuper(MethodProxy.java:258)
		at org.springframework.context.annotation.ConfigurationClassEnhancer$BeanMethodInterceptor.intercept(ConfigurationClassEnhancer.java:400)
		at com.aurionpro.papms.config.BatchConfig$$SpringCGLIB$$0.employeeCsvReader(<generated>)
		at java.base/jdk.internal.reflect.NativeMethodAccessorImpl.invoke0(Native Method)
		at java.base/jdk.internal.reflect.NativeMethodAccessorImpl.invoke(NativeMethodAccessorImpl.java:77)
		at java.base/jdk.internal.reflect.DelegatingMethodAccessorImpl.invoke(DelegatingMethodAccessorImpl.java:43)
		at java.base/java.lang.reflect.Method.invoke(Method.java:568)
		at org.springframework.beans.factory.support.SimpleInstantiationStrategy.lambda$instantiate$0(SimpleInstantiationStrategy.java:172)
		... 58 common frames omitted
2025-10-12 22:33:00.210 [restartedMain] DEBUG o.s.batch.core.step.AbstractStep - Step execution complete: StepExecution: id=2, version=2, name=employeeCsvImportStep, status=FAILED, exitStatus=FAILED, readCount=0, filterCount=0, writeCount=0 readSkipCount=0, writeSkipCount=0, processSkipCount=0, commitCount=0, rollbackCount=0
2025-10-12 22:33:00.214 [restartedMain] DEBUG o.s.b.c.job.flow.support.SimpleFlow - Completed state=employeeCsvImportJob.step0 with status=FAILED
2025-10-12 22:33:00.214 [restartedMain] DEBUG o.s.b.c.job.flow.support.SimpleFlow - Handling state=employeeCsvImportJob.FAILED
2025-10-12 22:33:00.215 [restartedMain] DEBUG o.s.b.c.job.flow.support.SimpleFlow - Completed state=employeeCsvImportJob.FAILED with status=FAILED
2025-10-12 22:33:00.215 [restartedMain] DEBUG o.s.batch.core.job.AbstractJob - Job execution complete: JobExecution: id=2, version=1, startTime=2025-10-12T22:33:00.156078100, endTime=null, lastUpdated=2025-10-12T22:33:00.156078100, status=FAILED, exitStatus=exitCode=FAILED;exitDescription=, job=[JobInstance: id=2, version=0, Job=[employeeCsvImportJob]], jobParameters=[{'run.id':'{value=2, type=class java.lang.Long, identifying=true}'}]
2025-10-12 22:33:00.215 [restartedMain] ERROR c.a.p.b.JobCompletionNotificationListener - !!! EMPLOYEE IMPORT JOB FAILED! Check logs for details.
2025-10-12 22:33:00.222 [restartedMain] INFO  o.s.b.c.l.s.TaskExecutorJobLauncher - Job: [FlowJob: [name=employeeCsvImportJob]] completed with the following parameters: [{'run.id':'{value=2, type=class java.lang.Long, identifying=true}'}] and the following status: [FAILED] in 59ms
2025-10-12 22:33:00.223 [restartedMain] INFO  c.aurionpro.papms.config.DataSeeder - DataSeeder running...
2025-10-12 22:33:00.225 [restartedMain] DEBUG org.hibernate.SQL - 
    select
        count(u1_0.id) 
    from
        users u1_0 
    where
        u1_0.role=?
2025-10-12 22:33:00.225 [restartedMain] TRACE org.hibernate.orm.jdbc.bind - binding parameter (1:ENUM) <- [BANK_ADMIN]
2025-10-12 22:33:00.225 [restartedMain] INFO  c.aurionpro.papms.config.DataSeeder - BANK_ADMIN user already exists. Skipping creation.
2025-10-12 22:33:00.227 [restartedMain] INFO  o.s.b.d.a.ConditionEvaluationDeltaLoggingListener - Condition evaluation unchanged
2025-10-12 22:33:00.227 [restartedMain] INFO  c.aurionpro.papms.PaPmsApplication - PaPmsApplication started successfully!
2025-10-12 22:35:53.237 [File Watcher] INFO  o.s.b.d.a.LocalDevToolsAutoConfiguration$RestartingClassPathChangeChangedEventListener - Restarting due to 1 class path change (0 additions, 0 deletions, 1 modification)
2025-10-12 22:35:53.238 [Thread-7] INFO  o.s.b.w.e.tomcat.GracefulShutdown - Commencing graceful shutdown. Waiting for active requests to complete
2025-10-12 22:35:53.239 [tomcat-shutdown] INFO  o.a.coyote.http11.Http11NioProtocol - Pausing ProtocolHandler ["http-nio-8080"]
2025-10-12 22:35:53.650 [tomcat-shutdown] INFO  o.s.b.w.e.tomcat.GracefulShutdown - Graceful shutdown complete
2025-10-12 22:35:53.650 [Thread-7] INFO  o.a.coyote.http11.Http11NioProtocol - Stopping ProtocolHandler ["http-nio-8080"]
2025-10-12 22:35:53.652 [Thread-7] DEBUG o.s.b.c.c.s.JobRegistrySmartInitializingSingleton - Unregistering job: employeeCsvImportJob
2025-10-12 22:35:53.654 [Thread-7] INFO  o.s.o.j.LocalContainerEntityManagerFactoryBean - Closing JPA EntityManagerFactory for persistence unit 'default'
2025-10-12 22:35:53.655 [Thread-7] INFO  com.zaxxer.hikari.HikariDataSource - HikariPool-3 - Shutdown initiated...
2025-10-12 22:35:53.659 [Thread-7] INFO  com.zaxxer.hikari.HikariDataSource - HikariPool-3 - Shutdown completed.
2025-10-12 22:35:53.766 [restartedMain] INFO  c.aurionpro.papms.PaPmsApplication - Starting PaPmsApplication using Java 17.0.1 with PID 36232 (D:\Swabhav_Java_FullStack\Project\Project\PaPMS\target\classes started by aniket.gupta in D:\Swabhav_Java_FullStack\Project\Project\PaPMS)
2025-10-12 22:35:53.766 [restartedMain] DEBUG c.aurionpro.papms.PaPmsApplication - Running with Spring Boot v3.5.5, Spring v6.2.10
2025-10-12 22:35:53.766 [restartedMain] INFO  c.aurionpro.papms.PaPmsApplication - No active profile set, falling back to 1 default profile: "default"
2025-10-12 22:35:54.319 [restartedMain] INFO  o.s.d.r.c.RepositoryConfigurationDelegate - Bootstrapping Spring Data JPA repositories in DEFAULT mode.
2025-10-12 22:35:54.444 [restartedMain] INFO  o.s.d.r.c.RepositoryConfigurationDelegate - Finished Spring Data repository scanning in 123 ms. Found 17 JPA repository interfaces.
2025-10-12 22:35:54.567 [restartedMain] INFO  o.s.b.w.e.tomcat.TomcatWebServer - Tomcat initialized with port 8080 (http)
2025-10-12 22:35:54.567 [restartedMain] INFO  o.a.coyote.http11.Http11NioProtocol - Initializing ProtocolHandler ["http-nio-8080"]
2025-10-12 22:35:54.567 [restartedMain] INFO  o.a.catalina.core.StandardService - Starting service [Tomcat]
2025-10-12 22:35:54.567 [restartedMain] INFO  o.a.catalina.core.StandardEngine - Starting Servlet engine: [Apache Tomcat/10.1.44]
2025-10-12 22:35:54.595 [restartedMain] INFO  o.a.c.c.C.[Tomcat-1].[localhost].[/] - Initializing Spring embedded WebApplicationContext
2025-10-12 22:35:54.595 [restartedMain] INFO  o.s.b.w.s.c.ServletWebServerApplicationContext - Root WebApplicationContext: initialization completed in 828 ms
2025-10-12 22:35:54.617 [restartedMain] INFO  com.zaxxer.hikari.HikariDataSource - HikariPool-4 - Starting...
2025-10-12 22:35:54.629 [restartedMain] INFO  com.zaxxer.hikari.pool.HikariPool - HikariPool-4 - Added connection com.mysql.cj.jdbc.ConnectionImpl@25aaa1c8
2025-10-12 22:35:54.629 [restartedMain] INFO  com.zaxxer.hikari.HikariDataSource - HikariPool-4 - Start completed.
2025-10-12 22:35:54.662 [restartedMain] INFO  o.h.jpa.internal.util.LogHelper - HHH000204: Processing PersistenceUnitInfo [name: default]
2025-10-12 22:35:54.664 [restartedMain] INFO  o.h.c.i.RegionFactoryInitiator - HHH000026: Second-level cache disabled
2025-10-12 22:35:54.669 [restartedMain] INFO  o.s.o.j.p.SpringPersistenceUnitInfo - No LoadTimeWeaver setup: ignoring JPA class transformer
2025-10-12 22:35:54.671 [restartedMain] WARN  org.hibernate.orm.deprecation - HHH90000025: MySQLDialect does not need to be specified explicitly using 'hibernate.dialect' (remove the property setting and it will be selected by default)
2025-10-12 22:35:54.671 [restartedMain] INFO  o.hibernate.orm.connections.pooling - HHH10001005: Database info:
	Database JDBC URL [Connecting through datasource 'HikariDataSource (HikariPool-4)']
	Database driver: undefined/unknown
	Database version: 8.0.42
	Autocommit mode: undefined/unknown
	Isolation level: undefined/unknown
	Minimum pool size: undefined/unknown
	Maximum pool size: undefined/unknown
2025-10-12 22:35:54.863 [restartedMain] INFO  o.h.e.t.j.p.i.JtaPlatformInitiator - HHH000489: No JTA platform available (set 'hibernate.transaction.jta.platform' to enable JTA platform integration)
2025-10-12 22:35:54.963 [restartedMain] INFO  o.s.o.j.LocalContainerEntityManagerFactoryBean - Initialized JPA EntityManagerFactory for persistence unit 'default'
2025-10-12 22:35:55.024 [restartedMain] DEBUG c.a.p.security.filter.JwtAuthFilter - Filter 'jwtAuthFilter' configured for use
2025-10-12 22:35:55.160 [restartedMain] INFO  o.s.s.c.a.a.c.InitializeAuthenticationProviderBeanManagerConfigurer$InitializeAuthenticationProviderManagerConfigurer - Global AuthenticationManager configured with AuthenticationProvider bean with name authenticationProvider
2025-10-12 22:35:55.160 [restartedMain] WARN  o.s.s.c.a.a.c.InitializeUserDetailsBeanManagerConfigurer$InitializeUserDetailsManagerConfigurer - Global AuthenticationManager configured with an AuthenticationProvider bean. UserDetailsService beans will not be used by Spring Security for automatically configuring username/password login. Consider removing the AuthenticationProvider bean. Alternatively, consider using the UserDetailsService in a manually instantiated DaoAuthenticationProvider. If the current configuration is intentional, to turn off this warning, increase the logging level of 'org.springframework.security.config.annotation.authentication.configuration.InitializeUserDetailsBeanManagerConfigurer' to ERROR
2025-10-12 22:35:55.522 [restartedMain] WARN  o.s.b.a.o.j.JpaBaseConfiguration$JpaWebConfiguration - spring.jpa.open-in-view is enabled by default. Therefore, database queries may be performed during view rendering. Explicitly configure spring.jpa.open-in-view to disable this warning
2025-10-12 22:35:55.759 [restartedMain] INFO  o.s.b.d.a.OptionalLiveReloadServer - LiveReload server is running on port 35729
2025-10-12 22:35:55.772 [restartedMain] DEBUG o.s.b.c.c.s.JobRegistrySmartInitializingSingleton - Registering job: employeeCsvImportJob
2025-10-12 22:35:55.773 [restartedMain] INFO  o.a.coyote.http11.Http11NioProtocol - Starting ProtocolHandler ["http-nio-8080"]
2025-10-12 22:35:55.777 [restartedMain] INFO  o.s.b.w.e.tomcat.TomcatWebServer - Tomcat started on port 8080 (http) with context path '/'
2025-10-12 22:35:55.781 [restartedMain] INFO  c.aurionpro.papms.PaPmsApplication - Started PaPmsApplication in 2.058 seconds (process running for 1544.914)
2025-10-12 22:35:55.781 [restartedMain] INFO  o.s.b.a.b.JobLauncherApplicationRunner - Running default command line with: []
2025-10-12 22:35:55.812 [restartedMain] INFO  o.s.b.c.l.s.TaskExecutorJobLauncher - Job: [FlowJob: [name=employeeCsvImportJob]] launched with the following parameters: [{'run.id':'{value=3, type=class java.lang.Long, identifying=true}'}]
2025-10-12 22:35:55.812 [restartedMain] DEBUG o.s.batch.core.job.AbstractJob - Job execution starting: JobExecution: id=3, version=0, startTime=null, endTime=null, lastUpdated=2025-10-12T22:35:55.800573300, status=STARTING, exitStatus=exitCode=UNKNOWN;exitDescription=, job=[JobInstance: id=3, version=0, Job=[employeeCsvImportJob]], jobParameters=[{'run.id':'{value=3, type=class java.lang.Long, identifying=true}'}]
2025-10-12 22:35:55.817 [restartedMain] DEBUG o.s.b.c.job.flow.support.SimpleFlow - Resuming state=employeeCsvImportJob.step0 with status=UNKNOWN
2025-10-12 22:35:55.817 [restartedMain] DEBUG o.s.b.c.job.flow.support.SimpleFlow - Handling state=employeeCsvImportJob.step0
2025-10-12 22:35:55.833 [restartedMain] INFO  o.s.batch.core.job.SimpleStepHandler - Executing step: [employeeCsvImportStep]
2025-10-12 22:35:55.833 [restartedMain] DEBUG o.s.batch.core.step.AbstractStep - Executing: id=3
2025-10-12 22:35:55.840 [restartedMain] DEBUG o.s.batch.core.scope.StepScope - Creating object in scope=step, name=scopedTarget.employeeCsvProcessor
2025-10-12 22:35:55.840 [restartedMain] INFO  c.a.p.batch.EmployeeCsvItemProcessor - Pre-loading existing usernames and account numbers for validation.
2025-10-12 22:35:55.843 [restartedMain] DEBUG org.hibernate.SQL - 
    select
        u1_0.id,
        u1_0.created_at,
        u1_0.email,
        u1_0.full_name,
        u1_0.is_active,
        u1_0.organization_id,
        u1_0.password,
        u1_0.requires_password_change,
        u1_0.role,
        u1_0.updated_at,
        u1_0.username 
    from
        users u1_0
2025-10-12 22:35:55.846 [restartedMain] DEBUG org.hibernate.SQL - 
    select
        ba1_0.id,
        ba1_0.account_holder_name,
        ba1_0.account_number,
        ba1_0.bank_name,
        ba1_0.created_at,
        ba1_0.employee_id,
        ba1_0.ifsc_code,
        ba1_0.is_primary,
        ba1_0.owner_type,
        ba1_0.updated_at,
        ba1_0.vendor_id 
    from
        bank_accounts ba1_0
2025-10-12 22:35:55.848 [restartedMain] INFO  c.a.p.batch.EmployeeCsvItemProcessor - Pre-loading complete. Found 1 usernames and 0 account numbers.
2025-10-12 22:35:55.848 [restartedMain] DEBUG o.s.batch.core.scope.StepScope - Creating object in scope=step, name=scopedTarget.employeeCsvReader
2025-10-12 22:35:55.849 [restartedMain] ERROR o.s.batch.core.step.AbstractStep - Encountered an error executing step employeeCsvImportStep in job employeeCsvImportJob
org.springframework.beans.factory.BeanCreationException: Error creating bean with name 'scopedTarget.employeeCsvReader' defined in class path resource [com/aurionpro/papms/config/BatchConfig.class]: Failed to instantiate [org.springframework.batch.item.file.FlatFileItemReader]: Factory method 'employeeCsvReader' threw exception with message: Path must not be null
	at org.springframework.beans.factory.support.ConstructorResolver.instantiate(ConstructorResolver.java:657)
	at org.springframework.beans.factory.support.ConstructorResolver.instantiateUsingFactoryMethod(ConstructorResolver.java:645)
	at org.springframework.beans.factory.support.AbstractAutowireCapableBeanFactory.instantiateUsingFactoryMethod(AbstractAutowireCapableBeanFactory.java:1375)
	at org.springframework.beans.factory.support.AbstractAutowireCapableBeanFactory.createBeanInstance(AbstractAutowireCapableBeanFactory.java:1205)
	at org.springframework.beans.factory.support.AbstractAutowireCapableBeanFactory.doCreateBean(AbstractAutowireCapableBeanFactory.java:569)
	at org.springframework.beans.factory.support.AbstractAutowireCapableBeanFactory.createBean(AbstractAutowireCapableBeanFactory.java:529)
	at org.springframework.beans.factory.support.AbstractBeanFactory.lambda$doGetBean$1(AbstractBeanFactory.java:378)
	at org.springframework.batch.core.scope.StepScope.get(StepScope.java:112)
	at org.springframework.beans.factory.support.AbstractBeanFactory.doGetBean(AbstractBeanFactory.java:375)
	at org.springframework.beans.factory.support.AbstractBeanFactory.getBean(AbstractBeanFactory.java:202)
	at org.springframework.aop.target.SimpleBeanTargetSource.getTarget(SimpleBeanTargetSource.java:35)
	at org.springframework.aop.framework.CglibAopProxy$DynamicAdvisedInterceptor.intercept(CglibAopProxy.java:712)
	at org.springframework.batch.item.file.FlatFileItemReader$$SpringCGLIB$$0.open(<generated>)
	at org.springframework.batch.item.support.CompositeItemStream.open(CompositeItemStream.java:138)
	at org.springframework.batch.core.step.tasklet.TaskletStep.open(TaskletStep.java:287)
	at org.springframework.batch.core.step.AbstractStep.execute(AbstractStep.java:227)
	at org.springframework.batch.core.job.SimpleStepHandler.handleStep(SimpleStepHandler.java:153)
	at org.springframework.batch.core.job.flow.JobFlowExecutor.executeStep(JobFlowExecutor.java:68)
	at org.springframework.batch.core.job.flow.support.state.StepState.handle(StepState.java:68)
	at org.springframework.batch.core.job.flow.support.SimpleFlow.resume(SimpleFlow.java:165)
	at org.springframework.batch.core.job.flow.support.SimpleFlow.start(SimpleFlow.java:140)
	at org.springframework.batch.core.job.flow.FlowJob.doExecute(FlowJob.java:132)
	at org.springframework.batch.core.job.AbstractJob.execute(AbstractJob.java:307)
	at org.springframework.batch.core.launch.support.TaskExecutorJobLauncher$1.run(TaskExecutorJobLauncher.java:155)
	at org.springframework.core.task.SyncTaskExecutor.execute(SyncTaskExecutor.java:50)
	at org.springframework.batch.core.launch.support.TaskExecutorJobLauncher.run(TaskExecutorJobLauncher.java:146)
	at org.springframework.boot.autoconfigure.batch.JobLauncherApplicationRunner.execute(JobLauncherApplicationRunner.java:210)
	at org.springframework.boot.autoconfigure.batch.JobLauncherApplicationRunner.executeLocalJobs(JobLauncherApplicationRunner.java:194)
	at org.springframework.boot.autoconfigure.batch.JobLauncherApplicationRunner.launchJobFromProperties(JobLauncherApplicationRunner.java:174)
	at org.springframework.boot.autoconfigure.batch.JobLauncherApplicationRunner.run(JobLauncherApplicationRunner.java:169)
	at org.springframework.boot.autoconfigure.batch.JobLauncherApplicationRunner.run(JobLauncherApplicationRunner.java:164)
	at org.springframework.boot.SpringApplication.lambda$callRunner$4(SpringApplication.java:784)
	at org.springframework.util.function.ThrowingConsumer$1.acceptWithException(ThrowingConsumer.java:82)
	at org.springframework.util.function.ThrowingConsumer.accept(ThrowingConsumer.java:60)
	at org.springframework.util.function.ThrowingConsumer$1.accept(ThrowingConsumer.java:86)
	at org.springframework.boot.SpringApplication.callRunner(SpringApplication.java:796)
	at org.springframework.boot.SpringApplication.callRunner(SpringApplication.java:784)
	at org.springframework.boot.SpringApplication.lambda$callRunners$3(SpringApplication.java:772)
	at java.base/java.util.stream.ForEachOps$ForEachOp$OfRef.accept(ForEachOps.java:183)
	at java.base/java.util.stream.SortedOps$SizedRefSortingSink.end(SortedOps.java:357)
	at java.base/java.util.stream.AbstractPipeline.copyInto(AbstractPipeline.java:510)
	at java.base/java.util.stream.AbstractPipeline.wrapAndCopyInto(AbstractPipeline.java:499)
	at java.base/java.util.stream.ForEachOps$ForEachOp.evaluateSequential(ForEachOps.java:150)
	at java.base/java.util.stream.ForEachOps$ForEachOp$OfRef.evaluateSequential(ForEachOps.java:173)
	at java.base/java.util.stream.AbstractPipeline.evaluate(AbstractPipeline.java:234)
	at java.base/java.util.stream.ReferencePipeline.forEach(ReferencePipeline.java:596)
	at org.springframework.boot.SpringApplication.callRunners(SpringApplication.java:772)
	at org.springframework.boot.SpringApplication.run(SpringApplication.java:325)
	at org.springframework.boot.SpringApplication.run(SpringApplication.java:1361)
	at org.springframework.boot.SpringApplication.run(SpringApplication.java:1350)
	at com.aurionpro.papms.PaPmsApplication.main(PaPmsApplication.java:14)
	at java.base/jdk.internal.reflect.NativeMethodAccessorImpl.invoke0(Native Method)
	at java.base/jdk.internal.reflect.NativeMethodAccessorImpl.invoke(NativeMethodAccessorImpl.java:77)
	at java.base/jdk.internal.reflect.DelegatingMethodAccessorImpl.invoke(DelegatingMethodAccessorImpl.java:43)
	at java.base/java.lang.reflect.Method.invoke(Method.java:568)
	at org.springframework.boot.devtools.restart.RestartLauncher.run(RestartLauncher.java:50)
Caused by: org.springframework.beans.BeanInstantiationException: Failed to instantiate [org.springframework.batch.item.file.FlatFileItemReader]: Factory method 'employeeCsvReader' threw exception with message: Path must not be null
	at org.springframework.beans.factory.support.SimpleInstantiationStrategy.lambda$instantiate$0(SimpleInstantiationStrategy.java:200)
	at org.springframework.beans.factory.support.SimpleInstantiationStrategy.instantiateWithFactoryMethod(SimpleInstantiationStrategy.java:89)
	at org.springframework.beans.factory.support.SimpleInstantiationStrategy.instantiate(SimpleInstantiationStrategy.java:169)
	at org.springframework.beans.factory.support.ConstructorResolver.instantiate(ConstructorResolver.java:653)
	... 55 common frames omitted
Caused by: java.lang.IllegalArgumentException: Path must not be null
	at org.springframework.util.Assert.notNull(Assert.java:181)
	at org.springframework.core.io.FileSystemResource.<init>(FileSystemResource.java:84)
	at com.aurionpro.papms.config.BatchConfig.employeeCsvReader(BatchConfig.java:315)
	at com.aurionpro.papms.config.BatchConfig$$SpringCGLIB$$0.CGLIB$employeeCsvReader$6(<generated>)
	at com.aurionpro.papms.config.BatchConfig$$SpringCGLIB$$FastClass$$1.invoke(<generated>)
	at org.springframework.cglib.proxy.MethodProxy.invokeSuper(MethodProxy.java:258)
	at org.springframework.context.annotation.ConfigurationClassEnhancer$BeanMethodInterceptor.intercept(ConfigurationClassEnhancer.java:400)
	at com.aurionpro.papms.config.BatchConfig$$SpringCGLIB$$0.employeeCsvReader(<generated>)
	at java.base/jdk.internal.reflect.NativeMethodAccessorImpl.invoke0(Native Method)
	at java.base/jdk.internal.reflect.NativeMethodAccessorImpl.invoke(NativeMethodAccessorImpl.java:77)
	at java.base/jdk.internal.reflect.DelegatingMethodAccessorImpl.invoke(DelegatingMethodAccessorImpl.java:43)
	at java.base/java.lang.reflect.Method.invoke(Method.java:568)
	at org.springframework.beans.factory.support.SimpleInstantiationStrategy.lambda$instantiate$0(SimpleInstantiationStrategy.java:172)
	... 58 common frames omitted
2025-10-12 22:35:55.850 [restartedMain] INFO  o.s.batch.core.step.AbstractStep - Step: [employeeCsvImportStep] executed in 17ms
2025-10-12 22:35:55.855 [restartedMain] DEBUG o.s.b.c.r.dao.JdbcStepExecutionDao - Truncating long message before update of StepExecution, original message is: org.springframework.beans.factory.BeanCreationException: Error creating bean with name 'scopedTarget.employeeCsvReader' defined in class path resource [com/aurionpro/papms/config/BatchConfig.class]: Failed to instantiate [org.springframework.batch.item.file.FlatFileItemReader]: Factory method 'employeeCsvReader' threw exception with message: Path must not be null
	at org.springframework.beans.factory.support.ConstructorResolver.instantiate(ConstructorResolver.java:657)
	at org.springframework.beans.factory.support.ConstructorResolver.instantiateUsingFactoryMethod(ConstructorResolver.java:645)
	at org.springframework.beans.factory.support.AbstractAutowireCapableBeanFactory.instantiateUsingFactoryMethod(AbstractAutowireCapableBeanFactory.java:1375)
	at org.springframework.beans.factory.support.AbstractAutowireCapableBeanFactory.createBeanInstance(AbstractAutowireCapableBeanFactory.java:1205)
	at org.springframework.beans.factory.support.AbstractAutowireCapableBeanFactory.doCreateBean(AbstractAutowireCapableBeanFactory.java:569)
	at org.springframework.beans.factory.support.AbstractAutowireCapableBeanFactory.createBean(AbstractAutowireCapableBeanFactory.java:529)
	at org.springframework.beans.factory.support.AbstractBeanFactory.lambda$doGetBean$1(AbstractBeanFactory.java:378)
	at org.springframework.batch.core.scope.StepScope.get(StepScope.java:112)
	at org.springframework.beans.factory.support.AbstractBeanFactory.doGetBean(AbstractBeanFactory.java:375)
	at org.springframework.beans.factory.support.AbstractBeanFactory.getBean(AbstractBeanFactory.java:202)
	at org.springframework.aop.target.SimpleBeanTargetSource.getTarget(SimpleBeanTargetSource.java:35)
	at org.springframework.aop.framework.CglibAopProxy$DynamicAdvisedInterceptor.intercept(CglibAopProxy.java:712)
	at org.springframework.batch.item.file.FlatFileItemReader$$SpringCGLIB$$0.open(<generated>)
	at org.springframework.batch.item.support.CompositeItemStream.open(CompositeItemStream.java:138)
	at org.springframework.batch.core.step.tasklet.TaskletStep.open(TaskletStep.java:287)
	at org.springframework.batch.core.step.AbstractStep.execute(AbstractStep.java:227)
	at org.springframework.batch.core.job.SimpleStepHandler.handleStep(SimpleStepHandler.java:153)
	at org.springframework.batch.core.job.flow.JobFlowExecutor.executeStep(JobFlowExecutor.java:68)
	at org.springframework.batch.core.job.flow.support.state.StepState.handle(StepState.java:68)
	at org.springframework.batch.core.job.flow.support.SimpleFlow.resume(SimpleFlow.java:165)
	at org.springframework.batch.core.job.flow.support.SimpleFlow.start(SimpleFlow.java:140)
	at org.springframework.batch.core.job.flow.FlowJob.doExecute(FlowJob.java:132)
	at org.springframework.batch.core.job.AbstractJob.execute(AbstractJob.java:307)
	at org.springframework.batch.core.launch.support.TaskExecutorJobLauncher$1.run(TaskExecutorJobLauncher.java:155)
	at org.springframework.core.task.SyncTaskExecutor.execute(SyncTaskExecutor.java:50)
	at org.springframework.batch.core.launch.support.TaskExecutorJobLauncher.run(TaskExecutorJobLauncher.java:146)
	at org.springframework.boot.autoconfigure.batch.JobLauncherApplicationRunner.execute(JobLauncherApplicationRunner.java:210)
	at org.springframework.boot.autoconfigure.batch.JobLauncherApplicationRunner.executeLocalJobs(JobLauncherApplicationRunner.java:194)
	at org.springframework.boot.autoconfigure.batch.JobLauncherApplicationRunner.launchJobFromProperties(JobLauncherApplicationRunner.java:174)
	at org.springframework.boot.autoconfigure.batch.JobLauncherApplicationRunner.run(JobLauncherApplicationRunner.java:169)
	at org.springframework.boot.autoconfigure.batch.JobLauncherApplicationRunner.run(JobLauncherApplicationRunner.java:164)
	at org.springframework.boot.SpringApplication.lambda$callRunner$4(SpringApplication.java:784)
	at org.springframework.util.function.ThrowingConsumer$1.acceptWithException(ThrowingConsumer.java:82)
	at org.springframework.util.function.ThrowingConsumer.accept(ThrowingConsumer.java:60)
	at org.springframework.util.function.ThrowingConsumer$1.accept(ThrowingConsumer.java:86)
	at org.springframework.boot.SpringApplication.callRunner(SpringApplication.java:796)
	at org.springframework.boot.SpringApplication.callRunner(SpringApplication.java:784)
	at org.springframework.boot.SpringApplication.lambda$callRunners$3(SpringApplication.java:772)
	at java.base/java.util.stream.ForEachOps$ForEachOp$OfRef.accept(ForEachOps.java:183)
	at java.base/java.util.stream.SortedOps$SizedRefSortingSink.end(SortedOps.java:357)
	at java.base/java.util.stream.AbstractPipeline.copyInto(AbstractPipeline.java:510)
	at java.base/java.util.stream.AbstractPipeline.wrapAndCopyInto(AbstractPipeline.java:499)
	at java.base/java.util.stream.ForEachOps$ForEachOp.evaluateSequential(ForEachOps.java:150)
	at java.base/java.util.stream.ForEachOps$ForEachOp$OfRef.evaluateSequential(ForEachOps.java:173)
	at java.base/java.util.stream.AbstractPipeline.evaluate(AbstractPipeline.java:234)
	at java.base/java.util.stream.ReferencePipeline.forEach(ReferencePipeline.java:596)
	at org.springframework.boot.SpringApplication.callRunners(SpringApplication.java:772)
	at org.springframework.boot.SpringApplication.run(SpringApplication.java:325)
	at org.springframework.boot.SpringApplication.run(SpringApplication.java:1361)
	at org.springframework.boot.SpringApplication.run(SpringApplication.java:1350)
	at com.aurionpro.papms.PaPmsApplication.main(PaPmsApplication.java:14)
	at java.base/jdk.internal.reflect.NativeMethodAccessorImpl.invoke0(Native Method)
	at java.base/jdk.internal.reflect.NativeMethodAccessorImpl.invoke(NativeMethodAccessorImpl.java:77)
	at java.base/jdk.internal.reflect.DelegatingMethodAccessorImpl.invoke(DelegatingMethodAccessorImpl.java:43)
	at java.base/java.lang.reflect.Method.invoke(Method.java:568)
	at org.springframework.boot.devtools.restart.RestartLauncher.run(RestartLauncher.java:50)
Caused by: org.springframework.beans.BeanInstantiationException: Failed to instantiate [org.springframework.batch.item.file.FlatFileItemReader]: Factory method 'employeeCsvReader' threw exception with message: Path must not be null
	at org.springframework.beans.factory.support.SimpleInstantiationStrategy.lambda$instantiate$0(SimpleInstantiationStrategy.java:200)
	at org.springframework.beans.factory.support.SimpleInstantiationStrategy.instantiateWithFactoryMethod(SimpleInstantiationStrategy.java:89)
	at org.springframework.beans.factory.support.SimpleInstantiationStrategy.instantiate(SimpleInstantiationStrategy.java:169)
	at org.springframework.beans.factory.support.ConstructorResolver.instantiate(ConstructorResolver.java:653)
	... 55 more
Caused by: java.lang.IllegalArgumentException: Path must not be null
	at org.springframework.util.Assert.notNull(Assert.java:181)
	at org.springframework.core.io.FileSystemResource.<init>(FileSystemResource.java:84)
	at com.aurionpro.papms.config.BatchConfig.employeeCsvReader(BatchConfig.java:315)
	at com.aurionpro.papms.config.BatchConfig$$SpringCGLIB$$0.CGLIB$employeeCsvReader$6(<generated>)
	at com.aurionpro.papms.config.BatchConfig$$SpringCGLIB$$FastClass$$1.invoke(<generated>)
	at org.springframework.cglib.proxy.MethodProxy.invokeSuper(MethodProxy.java:258)
	at org.springframework.context.annotation.ConfigurationClassEnhancer$BeanMethodInterceptor.intercept(ConfigurationClassEnhancer.java:400)
	at com.aurionpro.papms.config.BatchConfig$$SpringCGLIB$$0.employeeCsvReader(<generated>)
	at java.base/jdk.internal.reflect.NativeMethodAccessorImpl.invoke0(Native Method)
	at java.base/jdk.internal.reflect.NativeMethodAccessorImpl.invoke(NativeMethodAccessorImpl.java:77)
	at java.base/jdk.internal.reflect.DelegatingMethodAccessorImpl.invoke(DelegatingMethodAccessorImpl.java:43)
	at java.base/java.lang.reflect.Method.invoke(Method.java:568)
	at org.springframework.beans.factory.support.SimpleInstantiationStrategy.lambda$instantiate$0(SimpleInstantiationStrategy.java:172)
	... 58 more

2025-10-12 22:35:55.861 [restartedMain] DEBUG o.s.batch.core.scope.StepScope - Creating object in scope=step, name=scopedTarget.employeeCsvReader
2025-10-12 22:35:55.861 [restartedMain] ERROR o.s.batch.core.step.AbstractStep - Exception while closing step execution resources in step employeeCsvImportStep in job employeeCsvImportJob
org.springframework.batch.item.ItemStreamException: Failed to close 1 delegate(s) due to exceptions
	at org.springframework.batch.item.support.CompositeItemStream.close(CompositeItemStream.java:123)
	at org.springframework.batch.core.step.tasklet.TaskletStep.close(TaskletStep.java:282)
	at org.springframework.batch.core.step.AbstractStep.execute(AbstractStep.java:313)
	at org.springframework.batch.core.job.SimpleStepHandler.handleStep(SimpleStepHandler.java:153)
	at org.springframework.batch.core.job.flow.JobFlowExecutor.executeStep(JobFlowExecutor.java:68)
	at org.springframework.batch.core.job.flow.support.state.StepState.handle(StepState.java:68)
	at org.springframework.batch.core.job.flow.support.SimpleFlow.resume(SimpleFlow.java:165)
	at org.springframework.batch.core.job.flow.support.SimpleFlow.start(SimpleFlow.java:140)
	at org.springframework.batch.core.job.flow.FlowJob.doExecute(FlowJob.java:132)
	at org.springframework.batch.core.job.AbstractJob.execute(AbstractJob.java:307)
	at org.springframework.batch.core.launch.support.TaskExecutorJobLauncher$1.run(TaskExecutorJobLauncher.java:155)
	at org.springframework.core.task.SyncTaskExecutor.execute(SyncTaskExecutor.java:50)
	at org.springframework.batch.core.launch.support.TaskExecutorJobLauncher.run(TaskExecutorJobLauncher.java:146)
	at org.springframework.boot.autoconfigure.batch.JobLauncherApplicationRunner.execute(JobLauncherApplicationRunner.java:210)
	at org.springframework.boot.autoconfigure.batch.JobLauncherApplicationRunner.executeLocalJobs(JobLauncherApplicationRunner.java:194)
	at org.springframework.boot.autoconfigure.batch.JobLauncherApplicationRunner.launchJobFromProperties(JobLauncherApplicationRunner.java:174)
	at org.springframework.boot.autoconfigure.batch.JobLauncherApplicationRunner.run(JobLauncherApplicationRunner.java:169)
	at org.springframework.boot.autoconfigure.batch.JobLauncherApplicationRunner.run(JobLauncherApplicationRunner.java:164)
	at org.springframework.boot.SpringApplication.lambda$callRunner$4(SpringApplication.java:784)
	at org.springframework.util.function.ThrowingConsumer$1.acceptWithException(ThrowingConsumer.java:82)
	at org.springframework.util.function.ThrowingConsumer.accept(ThrowingConsumer.java:60)
	at org.springframework.util.function.ThrowingConsumer$1.accept(ThrowingConsumer.java:86)
	at org.springframework.boot.SpringApplication.callRunner(SpringApplication.java:796)
	at org.springframework.boot.SpringApplication.callRunner(SpringApplication.java:784)
	at org.springframework.boot.SpringApplication.lambda$callRunners$3(SpringApplication.java:772)
	at java.base/java.util.stream.ForEachOps$ForEachOp$OfRef.accept(ForEachOps.java:183)
	at java.base/java.util.stream.SortedOps$SizedRefSortingSink.end(SortedOps.java:357)
	at java.base/java.util.stream.AbstractPipeline.copyInto(AbstractPipeline.java:510)
	at java.base/java.util.stream.AbstractPipeline.wrapAndCopyInto(AbstractPipeline.java:499)
	at java.base/java.util.stream.ForEachOps$ForEachOp.evaluateSequential(ForEachOps.java:150)
	at java.base/java.util.stream.ForEachOps$ForEachOp$OfRef.evaluateSequential(ForEachOps.java:173)
	at java.base/java.util.stream.AbstractPipeline.evaluate(AbstractPipeline.java:234)
	at java.base/java.util.stream.ReferencePipeline.forEach(ReferencePipeline.java:596)
	at org.springframework.boot.SpringApplication.callRunners(SpringApplication.java:772)
	at org.springframework.boot.SpringApplication.run(SpringApplication.java:325)
	at org.springframework.boot.SpringApplication.run(SpringApplication.java:1361)
	at org.springframework.boot.SpringApplication.run(SpringApplication.java:1350)
	at com.aurionpro.papms.PaPmsApplication.main(PaPmsApplication.java:14)
	at java.base/jdk.internal.reflect.NativeMethodAccessorImpl.invoke0(Native Method)
	at java.base/jdk.internal.reflect.NativeMethodAccessorImpl.invoke(NativeMethodAccessorImpl.java:77)
	at java.base/jdk.internal.reflect.DelegatingMethodAccessorImpl.invoke(DelegatingMethodAccessorImpl.java:43)
	at java.base/java.lang.reflect.Method.invoke(Method.java:568)
	at org.springframework.boot.devtools.restart.RestartLauncher.run(RestartLauncher.java:50)
	Suppressed: org.springframework.beans.factory.BeanCreationException: Error creating bean with name 'scopedTarget.employeeCsvReader' defined in class path resource [com/aurionpro/papms/config/BatchConfig.class]: Failed to instantiate [org.springframework.batch.item.file.FlatFileItemReader]: Factory method 'employeeCsvReader' threw exception with message: Path must not be null
		at org.springframework.beans.factory.support.ConstructorResolver.instantiate(ConstructorResolver.java:657)
		at org.springframework.beans.factory.support.ConstructorResolver.instantiateUsingFactoryMethod(ConstructorResolver.java:645)
		at org.springframework.beans.factory.support.AbstractAutowireCapableBeanFactory.instantiateUsingFactoryMethod(AbstractAutowireCapableBeanFactory.java:1375)
		at org.springframework.beans.factory.support.AbstractAutowireCapableBeanFactory.createBeanInstance(AbstractAutowireCapableBeanFactory.java:1205)
		at org.springframework.beans.factory.support.AbstractAutowireCapableBeanFactory.doCreateBean(AbstractAutowireCapableBeanFactory.java:569)
		at org.springframework.beans.factory.support.AbstractAutowireCapableBeanFactory.createBean(AbstractAutowireCapableBeanFactory.java:529)
		at org.springframework.beans.factory.support.AbstractBeanFactory.lambda$doGetBean$1(AbstractBeanFactory.java:378)
		at org.springframework.batch.core.scope.StepScope.get(StepScope.java:112)
		at org.springframework.beans.factory.support.AbstractBeanFactory.doGetBean(AbstractBeanFactory.java:375)
		at org.springframework.beans.factory.support.AbstractBeanFactory.getBean(AbstractBeanFactory.java:202)
		at org.springframework.aop.target.SimpleBeanTargetSource.getTarget(SimpleBeanTargetSource.java:35)
		at org.springframework.aop.framework.CglibAopProxy$DynamicAdvisedInterceptor.intercept(CglibAopProxy.java:712)
		at org.springframework.batch.item.file.FlatFileItemReader$$SpringCGLIB$$0.close(<generated>)
		at org.springframework.batch.item.support.CompositeItemStream.close(CompositeItemStream.java:114)
		... 42 common frames omitted
	Caused by: org.springframework.beans.BeanInstantiationException: Failed to instantiate [org.springframework.batch.item.file.FlatFileItemReader]: Factory method 'employeeCsvReader' threw exception with message: Path must not be null
		at org.springframework.beans.factory.support.SimpleInstantiationStrategy.lambda$instantiate$0(SimpleInstantiationStrategy.java:200)
		at org.springframework.beans.factory.support.SimpleInstantiationStrategy.instantiateWithFactoryMethod(SimpleInstantiationStrategy.java:89)
		at org.springframework.beans.factory.support.SimpleInstantiationStrategy.instantiate(SimpleInstantiationStrategy.java:169)
		at org.springframework.beans.factory.support.ConstructorResolver.instantiate(ConstructorResolver.java:653)
		... 55 common frames omitted
	Caused by: java.lang.IllegalArgumentException: Path must not be null
		at org.springframework.util.Assert.notNull(Assert.java:181)
		at org.springframework.core.io.FileSystemResource.<init>(FileSystemResource.java:84)
		at com.aurionpro.papms.config.BatchConfig.employeeCsvReader(BatchConfig.java:315)
		at com.aurionpro.papms.config.BatchConfig$$SpringCGLIB$$0.CGLIB$employeeCsvReader$6(<generated>)
		at com.aurionpro.papms.config.BatchConfig$$SpringCGLIB$$FastClass$$1.invoke(<generated>)
		at org.springframework.cglib.proxy.MethodProxy.invokeSuper(MethodProxy.java:258)
		at org.springframework.context.annotation.ConfigurationClassEnhancer$BeanMethodInterceptor.intercept(ConfigurationClassEnhancer.java:400)
		at com.aurionpro.papms.config.BatchConfig$$SpringCGLIB$$0.employeeCsvReader(<generated>)
		at java.base/jdk.internal.reflect.NativeMethodAccessorImpl.invoke0(Native Method)
		at java.base/jdk.internal.reflect.NativeMethodAccessorImpl.invoke(NativeMethodAccessorImpl.java:77)
		at java.base/jdk.internal.reflect.DelegatingMethodAccessorImpl.invoke(DelegatingMethodAccessorImpl.java:43)
		at java.base/java.lang.reflect.Method.invoke(Method.java:568)
		at org.springframework.beans.factory.support.SimpleInstantiationStrategy.lambda$instantiate$0(SimpleInstantiationStrategy.java:172)
		... 58 common frames omitted
2025-10-12 22:35:55.861 [restartedMain] DEBUG o.s.batch.core.step.AbstractStep - Step execution complete: StepExecution: id=3, version=2, name=employeeCsvImportStep, status=FAILED, exitStatus=FAILED, readCount=0, filterCount=0, writeCount=0 readSkipCount=0, writeSkipCount=0, processSkipCount=0, commitCount=0, rollbackCount=0
2025-10-12 22:35:55.867 [restartedMain] DEBUG o.s.b.c.job.flow.support.SimpleFlow - Completed state=employeeCsvImportJob.step0 with status=FAILED
2025-10-12 22:35:55.867 [restartedMain] DEBUG o.s.b.c.job.flow.support.SimpleFlow - Handling state=employeeCsvImportJob.FAILED
2025-10-12 22:35:55.867 [restartedMain] DEBUG o.s.b.c.job.flow.support.SimpleFlow - Completed state=employeeCsvImportJob.FAILED with status=FAILED
2025-10-12 22:35:55.867 [restartedMain] DEBUG o.s.batch.core.job.AbstractJob - Job execution complete: JobExecution: id=3, version=1, startTime=2025-10-12T22:35:55.812234300, endTime=null, lastUpdated=2025-10-12T22:35:55.813276200, status=FAILED, exitStatus=exitCode=FAILED;exitDescription=, job=[JobInstance: id=3, version=0, Job=[employeeCsvImportJob]], jobParameters=[{'run.id':'{value=3, type=class java.lang.Long, identifying=true}'}]
2025-10-12 22:35:55.867 [restartedMain] ERROR c.a.p.b.JobCompletionNotificationListener - !!! EMPLOYEE IMPORT JOB FAILED! Check logs for details.
2025-10-12 22:35:55.873 [restartedMain] INFO  o.s.b.c.l.s.TaskExecutorJobLauncher - Job: [FlowJob: [name=employeeCsvImportJob]] completed with the following parameters: [{'run.id':'{value=3, type=class java.lang.Long, identifying=true}'}] and the following status: [FAILED] in 55ms
2025-10-12 22:35:55.874 [restartedMain] INFO  c.aurionpro.papms.config.DataSeeder - DataSeeder running...
2025-10-12 22:35:55.875 [restartedMain] DEBUG org.hibernate.SQL - 
    select
        count(u1_0.id) 
    from
        users u1_0 
    where
        u1_0.role=?
2025-10-12 22:35:55.875 [restartedMain] TRACE org.hibernate.orm.jdbc.bind - binding parameter (1:ENUM) <- [BANK_ADMIN]
2025-10-12 22:35:55.876 [restartedMain] INFO  c.aurionpro.papms.config.DataSeeder - BANK_ADMIN user already exists. Skipping creation.
2025-10-12 22:35:55.877 [restartedMain] INFO  o.s.b.d.a.ConditionEvaluationDeltaLoggingListener - Condition evaluation unchanged
2025-10-12 22:35:55.877 [restartedMain] INFO  c.aurionpro.papms.PaPmsApplication - PaPmsApplication started successfully!
2025-10-12 22:36:28.204 [SpringApplicationShutdownHook] INFO  o.s.b.w.e.tomcat.GracefulShutdown - Commencing graceful shutdown. Waiting for active requests to complete
2025-10-12 22:36:28.506 [tomcat-shutdown] INFO  o.s.b.w.e.tomcat.GracefulShutdown - Graceful shutdown complete
2025-10-12 22:36:28.507 [SpringApplicationShutdownHook] DEBUG o.s.b.c.c.s.JobRegistrySmartInitializingSingleton - Unregistering job: employeeCsvImportJob
2025-10-12 22:36:28.509 [SpringApplicationShutdownHook] INFO  o.s.o.j.LocalContainerEntityManagerFactoryBean - Closing JPA EntityManagerFactory for persistence unit 'default'
2025-10-12 22:36:28.509 [SpringApplicationShutdownHook] INFO  com.zaxxer.hikari.HikariDataSource - HikariPool-4 - Shutdown initiated...
2025-10-12 22:36:28.513 [SpringApplicationShutdownHook] INFO  com.zaxxer.hikari.HikariDataSource - HikariPool-4 - Shutdown completed.
2025-10-12 22:36:32.900 [background-preinit] INFO  o.h.validator.internal.util.Version - HV000001: Hibernate Validator 8.0.3.Final
2025-10-12 22:36:32.945 [restartedMain] INFO  c.aurionpro.papms.PaPmsApplication - Starting PaPmsApplication using Java 17.0.1 with PID 39016 (D:\Swabhav_Java_FullStack\Project\Project\PaPMS\target\classes started by aniket.gupta in D:\Swabhav_Java_FullStack\Project\Project\PaPMS)
2025-10-12 22:36:32.945 [restartedMain] DEBUG c.aurionpro.papms.PaPmsApplication - Running with Spring Boot v3.5.5, Spring v6.2.10
2025-10-12 22:36:32.946 [restartedMain] INFO  c.aurionpro.papms.PaPmsApplication - No active profile set, falling back to 1 default profile: "default"
2025-10-12 22:36:32.988 [restartedMain] INFO  o.s.b.d.e.DevToolsPropertyDefaultsPostProcessor - Devtools property defaults active! Set 'spring.devtools.add-properties' to 'false' to disable
2025-10-12 22:36:32.989 [restartedMain] INFO  o.s.b.d.e.DevToolsPropertyDefaultsPostProcessor - For additional web related logging consider setting the 'logging.level.web' property to 'DEBUG'
2025-10-12 22:36:34.073 [restartedMain] INFO  o.s.d.r.c.RepositoryConfigurationDelegate - Bootstrapping Spring Data JPA repositories in DEFAULT mode.
2025-10-12 22:36:34.242 [restartedMain] INFO  o.s.d.r.c.RepositoryConfigurationDelegate - Finished Spring Data repository scanning in 161 ms. Found 17 JPA repository interfaces.
2025-10-12 22:36:35.036 [restartedMain] INFO  o.s.b.w.e.tomcat.TomcatWebServer - Tomcat initialized with port 8080 (http)
2025-10-12 22:36:35.047 [restartedMain] INFO  o.a.coyote.http11.Http11NioProtocol - Initializing ProtocolHandler ["http-nio-8080"]
2025-10-12 22:36:35.049 [restartedMain] INFO  o.a.catalina.core.StandardService - Starting service [Tomcat]
2025-10-12 22:36:35.049 [restartedMain] INFO  o.a.catalina.core.StandardEngine - Starting Servlet engine: [Apache Tomcat/10.1.44]
2025-10-12 22:36:35.108 [restartedMain] INFO  o.a.c.c.C.[Tomcat].[localhost].[/] - Initializing Spring embedded WebApplicationContext
2025-10-12 22:36:35.108 [restartedMain] INFO  o.s.b.w.s.c.ServletWebServerApplicationContext - Root WebApplicationContext: initialization completed in 2119 ms
2025-10-12 22:36:35.168 [restartedMain] INFO  com.zaxxer.hikari.HikariDataSource - HikariPool-1 - Starting...
2025-10-12 22:36:35.409 [restartedMain] INFO  com.zaxxer.hikari.pool.HikariPool - HikariPool-1 - Added connection com.mysql.cj.jdbc.ConnectionImpl@6ad2d20
2025-10-12 22:36:35.411 [restartedMain] INFO  com.zaxxer.hikari.HikariDataSource - HikariPool-1 - Start completed.
2025-10-12 22:36:35.528 [restartedMain] INFO  o.h.jpa.internal.util.LogHelper - HHH000204: Processing PersistenceUnitInfo [name: default]
2025-10-12 22:36:35.568 [restartedMain] INFO  org.hibernate.Version - HHH000412: Hibernate ORM core version 6.6.26.Final
2025-10-12 22:36:35.597 [restartedMain] INFO  o.h.c.i.RegionFactoryInitiator - HHH000026: Second-level cache disabled
2025-10-12 22:36:35.806 [restartedMain] INFO  o.s.o.j.p.SpringPersistenceUnitInfo - No LoadTimeWeaver setup: ignoring JPA class transformer
2025-10-12 22:36:35.874 [restartedMain] WARN  org.hibernate.orm.deprecation - HHH90000025: MySQLDialect does not need to be specified explicitly using 'hibernate.dialect' (remove the property setting and it will be selected by default)
2025-10-12 22:36:35.888 [restartedMain] INFO  o.hibernate.orm.connections.pooling - HHH10001005: Database info:
	Database JDBC URL [Connecting through datasource 'HikariDataSource (HikariPool-1)']
	Database driver: undefined/unknown
	Database version: 8.0.42
	Autocommit mode: undefined/unknown
	Isolation level: undefined/unknown
	Minimum pool size: undefined/unknown
	Maximum pool size: undefined/unknown
2025-10-12 22:36:36.926 [restartedMain] INFO  o.h.e.t.j.p.i.JtaPlatformInitiator - HHH000489: No JTA platform available (set 'hibernate.transaction.jta.platform' to enable JTA platform integration)
2025-10-12 22:36:37.080 [restartedMain] INFO  o.s.o.j.LocalContainerEntityManagerFactoryBean - Initialized JPA EntityManagerFactory for persistence unit 'default'
2025-10-12 22:36:37.289 [restartedMain] INFO  o.s.d.j.r.query.QueryEnhancerFactory - Hibernate is in classpath; If applicable, HQL parser will be used.
2025-10-12 22:36:37.608 [restartedMain] DEBUG c.a.p.security.filter.JwtAuthFilter - Filter 'jwtAuthFilter' configured for use
2025-10-12 22:36:37.817 [restartedMain] INFO  o.s.s.c.a.a.c.InitializeAuthenticationProviderBeanManagerConfigurer$InitializeAuthenticationProviderManagerConfigurer - Global AuthenticationManager configured with AuthenticationProvider bean with name authenticationProvider
2025-10-12 22:36:37.817 [restartedMain] WARN  o.s.s.c.a.a.c.InitializeUserDetailsBeanManagerConfigurer$InitializeUserDetailsManagerConfigurer - Global AuthenticationManager configured with an AuthenticationProvider bean. UserDetailsService beans will not be used by Spring Security for automatically configuring username/password login. Consider removing the AuthenticationProvider bean. Alternatively, consider using the UserDetailsService in a manually instantiated DaoAuthenticationProvider. If the current configuration is intentional, to turn off this warning, increase the logging level of 'org.springframework.security.config.annotation.authentication.configuration.InitializeUserDetailsBeanManagerConfigurer' to ERROR
2025-10-12 22:36:38.534 [restartedMain] WARN  o.s.b.a.o.j.JpaBaseConfiguration$JpaWebConfiguration - spring.jpa.open-in-view is enabled by default. Therefore, database queries may be performed during view rendering. Explicitly configure spring.jpa.open-in-view to disable this warning
2025-10-12 22:36:39.086 [restartedMain] INFO  o.s.b.d.a.OptionalLiveReloadServer - LiveReload server is running on port 35729
2025-10-12 22:36:39.104 [restartedMain] DEBUG o.s.b.c.c.s.JobRegistrySmartInitializingSingleton - Registering job: employeeCsvImportJob
2025-10-12 22:36:39.110 [restartedMain] INFO  o.a.coyote.http11.Http11NioProtocol - Starting ProtocolHandler ["http-nio-8080"]
2025-10-12 22:36:39.130 [restartedMain] INFO  o.s.b.w.e.tomcat.TomcatWebServer - Tomcat started on port 8080 (http) with context path '/'
2025-10-12 22:36:39.147 [restartedMain] INFO  c.aurionpro.papms.PaPmsApplication - Started PaPmsApplication in 6.715 seconds (process running for 7.66)
2025-10-12 22:36:39.150 [restartedMain] INFO  o.s.b.a.b.JobLauncherApplicationRunner - Running default command line with: []
2025-10-12 22:36:39.213 [restartedMain] INFO  o.s.b.c.l.s.TaskExecutorJobLauncher - Job: [FlowJob: [name=employeeCsvImportJob]] launched with the following parameters: [{'run.id':'{value=4, type=class java.lang.Long, identifying=true}'}]
2025-10-12 22:36:39.215 [restartedMain] DEBUG o.s.batch.core.job.AbstractJob - Job execution starting: JobExecution: id=4, version=0, startTime=null, endTime=null, lastUpdated=2025-10-12T22:36:39.196550800, status=STARTING, exitStatus=exitCode=UNKNOWN;exitDescription=, job=[JobInstance: id=4, version=0, Job=[employeeCsvImportJob]], jobParameters=[{'run.id':'{value=4, type=class java.lang.Long, identifying=true}'}]
2025-10-12 22:36:39.232 [restartedMain] DEBUG o.s.b.c.job.flow.support.SimpleFlow - Resuming state=employeeCsvImportJob.step0 with status=UNKNOWN
2025-10-12 22:36:39.232 [restartedMain] DEBUG o.s.b.c.job.flow.support.SimpleFlow - Handling state=employeeCsvImportJob.step0
2025-10-12 22:36:39.250 [restartedMain] INFO  o.s.batch.core.job.SimpleStepHandler - Executing step: [employeeCsvImportStep]
2025-10-12 22:36:39.250 [restartedMain] DEBUG o.s.batch.core.step.AbstractStep - Executing: id=4
2025-10-12 22:36:39.259 [restartedMain] DEBUG o.s.batch.core.scope.StepScope - Creating object in scope=step, name=scopedTarget.employeeCsvProcessor
2025-10-12 22:36:39.260 [restartedMain] INFO  c.a.p.batch.EmployeeCsvItemProcessor - Pre-loading existing usernames and account numbers for validation.
2025-10-12 22:36:39.333 [restartedMain] DEBUG org.hibernate.SQL - 
    select
        u1_0.id,
        u1_0.created_at,
        u1_0.email,
        u1_0.full_name,
        u1_0.is_active,
        u1_0.organization_id,
        u1_0.password,
        u1_0.requires_password_change,
        u1_0.role,
        u1_0.updated_at,
        u1_0.username 
    from
        users u1_0
2025-10-12 22:36:39.379 [restartedMain] DEBUG org.hibernate.SQL - 
    select
        ba1_0.id,
        ba1_0.account_holder_name,
        ba1_0.account_number,
        ba1_0.bank_name,
        ba1_0.created_at,
        ba1_0.employee_id,
        ba1_0.ifsc_code,
        ba1_0.is_primary,
        ba1_0.owner_type,
        ba1_0.updated_at,
        ba1_0.vendor_id 
    from
        bank_accounts ba1_0
2025-10-12 22:36:39.388 [restartedMain] INFO  c.a.p.batch.EmployeeCsvItemProcessor - Pre-loading complete. Found 1 usernames and 0 account numbers.
2025-10-12 22:36:39.389 [restartedMain] DEBUG o.s.batch.core.scope.StepScope - Creating object in scope=step, name=scopedTarget.employeeCsvReader
2025-10-12 22:36:39.398 [restartedMain] ERROR o.s.batch.core.step.AbstractStep - Encountered an error executing step employeeCsvImportStep in job employeeCsvImportJob
org.springframework.beans.factory.BeanCreationException: Error creating bean with name 'scopedTarget.employeeCsvReader' defined in class path resource [com/aurionpro/papms/config/BatchConfig.class]: Failed to instantiate [org.springframework.batch.item.file.FlatFileItemReader]: Factory method 'employeeCsvReader' threw exception with message: Path must not be null
	at org.springframework.beans.factory.support.ConstructorResolver.instantiate(ConstructorResolver.java:657)
	at org.springframework.beans.factory.support.ConstructorResolver.instantiateUsingFactoryMethod(ConstructorResolver.java:645)
	at org.springframework.beans.factory.support.AbstractAutowireCapableBeanFactory.instantiateUsingFactoryMethod(AbstractAutowireCapableBeanFactory.java:1375)
	at org.springframework.beans.factory.support.AbstractAutowireCapableBeanFactory.createBeanInstance(AbstractAutowireCapableBeanFactory.java:1205)
	at org.springframework.beans.factory.support.AbstractAutowireCapableBeanFactory.doCreateBean(AbstractAutowireCapableBeanFactory.java:569)
	at org.springframework.beans.factory.support.AbstractAutowireCapableBeanFactory.createBean(AbstractAutowireCapableBeanFactory.java:529)
	at org.springframework.beans.factory.support.AbstractBeanFactory.lambda$doGetBean$1(AbstractBeanFactory.java:378)
	at org.springframework.batch.core.scope.StepScope.get(StepScope.java:112)
	at org.springframework.beans.factory.support.AbstractBeanFactory.doGetBean(AbstractBeanFactory.java:375)
	at org.springframework.beans.factory.support.AbstractBeanFactory.getBean(AbstractBeanFactory.java:202)
	at org.springframework.aop.target.SimpleBeanTargetSource.getTarget(SimpleBeanTargetSource.java:35)
	at org.springframework.aop.framework.CglibAopProxy$DynamicAdvisedInterceptor.intercept(CglibAopProxy.java:712)
	at org.springframework.batch.item.file.FlatFileItemReader$$SpringCGLIB$$0.open(<generated>)
	at org.springframework.batch.item.support.CompositeItemStream.open(CompositeItemStream.java:138)
	at org.springframework.batch.core.step.tasklet.TaskletStep.open(TaskletStep.java:287)
	at org.springframework.batch.core.step.AbstractStep.execute(AbstractStep.java:227)
	at org.springframework.batch.core.job.SimpleStepHandler.handleStep(SimpleStepHandler.java:153)
	at org.springframework.batch.core.job.flow.JobFlowExecutor.executeStep(JobFlowExecutor.java:68)
	at org.springframework.batch.core.job.flow.support.state.StepState.handle(StepState.java:68)
	at org.springframework.batch.core.job.flow.support.SimpleFlow.resume(SimpleFlow.java:165)
	at org.springframework.batch.core.job.flow.support.SimpleFlow.start(SimpleFlow.java:140)
	at org.springframework.batch.core.job.flow.FlowJob.doExecute(FlowJob.java:132)
	at org.springframework.batch.core.job.AbstractJob.execute(AbstractJob.java:307)
	at org.springframework.batch.core.launch.support.TaskExecutorJobLauncher$1.run(TaskExecutorJobLauncher.java:155)
	at org.springframework.core.task.SyncTaskExecutor.execute(SyncTaskExecutor.java:50)
	at org.springframework.batch.core.launch.support.TaskExecutorJobLauncher.run(TaskExecutorJobLauncher.java:146)
	at org.springframework.boot.autoconfigure.batch.JobLauncherApplicationRunner.execute(JobLauncherApplicationRunner.java:210)
	at org.springframework.boot.autoconfigure.batch.JobLauncherApplicationRunner.executeLocalJobs(JobLauncherApplicationRunner.java:194)
	at org.springframework.boot.autoconfigure.batch.JobLauncherApplicationRunner.launchJobFromProperties(JobLauncherApplicationRunner.java:174)
	at org.springframework.boot.autoconfigure.batch.JobLauncherApplicationRunner.run(JobLauncherApplicationRunner.java:169)
	at org.springframework.boot.autoconfigure.batch.JobLauncherApplicationRunner.run(JobLauncherApplicationRunner.java:164)
	at org.springframework.boot.SpringApplication.lambda$callRunner$4(SpringApplication.java:784)
	at org.springframework.util.function.ThrowingConsumer$1.acceptWithException(ThrowingConsumer.java:82)
	at org.springframework.util.function.ThrowingConsumer.accept(ThrowingConsumer.java:60)
	at org.springframework.util.function.ThrowingConsumer$1.accept(ThrowingConsumer.java:86)
	at org.springframework.boot.SpringApplication.callRunner(SpringApplication.java:796)
	at org.springframework.boot.SpringApplication.callRunner(SpringApplication.java:784)
	at org.springframework.boot.SpringApplication.lambda$callRunners$3(SpringApplication.java:772)
	at java.base/java.util.stream.ForEachOps$ForEachOp$OfRef.accept(ForEachOps.java:183)
	at java.base/java.util.stream.SortedOps$SizedRefSortingSink.end(SortedOps.java:357)
	at java.base/java.util.stream.AbstractPipeline.copyInto(AbstractPipeline.java:510)
	at java.base/java.util.stream.AbstractPipeline.wrapAndCopyInto(AbstractPipeline.java:499)
	at java.base/java.util.stream.ForEachOps$ForEachOp.evaluateSequential(ForEachOps.java:150)
	at java.base/java.util.stream.ForEachOps$ForEachOp$OfRef.evaluateSequential(ForEachOps.java:173)
	at java.base/java.util.stream.AbstractPipeline.evaluate(AbstractPipeline.java:234)
	at java.base/java.util.stream.ReferencePipeline.forEach(ReferencePipeline.java:596)
	at org.springframework.boot.SpringApplication.callRunners(SpringApplication.java:772)
	at org.springframework.boot.SpringApplication.run(SpringApplication.java:325)
	at org.springframework.boot.SpringApplication.run(SpringApplication.java:1361)
	at org.springframework.boot.SpringApplication.run(SpringApplication.java:1350)
	at com.aurionpro.papms.PaPmsApplication.main(PaPmsApplication.java:14)
	at java.base/jdk.internal.reflect.NativeMethodAccessorImpl.invoke0(Native Method)
	at java.base/jdk.internal.reflect.NativeMethodAccessorImpl.invoke(NativeMethodAccessorImpl.java:77)
	at java.base/jdk.internal.reflect.DelegatingMethodAccessorImpl.invoke(DelegatingMethodAccessorImpl.java:43)
	at java.base/java.lang.reflect.Method.invoke(Method.java:568)
	at org.springframework.boot.devtools.restart.RestartLauncher.run(RestartLauncher.java:50)
Caused by: org.springframework.beans.BeanInstantiationException: Failed to instantiate [org.springframework.batch.item.file.FlatFileItemReader]: Factory method 'employeeCsvReader' threw exception with message: Path must not be null
	at org.springframework.beans.factory.support.SimpleInstantiationStrategy.lambda$instantiate$0(SimpleInstantiationStrategy.java:200)
	at org.springframework.beans.factory.support.SimpleInstantiationStrategy.instantiateWithFactoryMethod(SimpleInstantiationStrategy.java:89)
	at org.springframework.beans.factory.support.SimpleInstantiationStrategy.instantiate(SimpleInstantiationStrategy.java:169)
	at org.springframework.beans.factory.support.ConstructorResolver.instantiate(ConstructorResolver.java:653)
	... 55 common frames omitted
Caused by: java.lang.IllegalArgumentException: Path must not be null
	at org.springframework.util.Assert.notNull(Assert.java:181)
	at org.springframework.core.io.FileSystemResource.<init>(FileSystemResource.java:84)
	at com.aurionpro.papms.config.BatchConfig.employeeCsvReader(BatchConfig.java:315)
	at com.aurionpro.papms.config.BatchConfig$$SpringCGLIB$$0.CGLIB$employeeCsvReader$0(<generated>)
	at com.aurionpro.papms.config.BatchConfig$$SpringCGLIB$$FastClass$$1.invoke(<generated>)
	at org.springframework.cglib.proxy.MethodProxy.invokeSuper(MethodProxy.java:258)
	at org.springframework.context.annotation.ConfigurationClassEnhancer$BeanMethodInterceptor.intercept(ConfigurationClassEnhancer.java:400)
	at com.aurionpro.papms.config.BatchConfig$$SpringCGLIB$$0.employeeCsvReader(<generated>)
	at java.base/jdk.internal.reflect.NativeMethodAccessorImpl.invoke0(Native Method)
	at java.base/jdk.internal.reflect.NativeMethodAccessorImpl.invoke(NativeMethodAccessorImpl.java:77)
	at java.base/jdk.internal.reflect.DelegatingMethodAccessorImpl.invoke(DelegatingMethodAccessorImpl.java:43)
	at java.base/java.lang.reflect.Method.invoke(Method.java:568)
	at org.springframework.beans.factory.support.SimpleInstantiationStrategy.lambda$instantiate$0(SimpleInstantiationStrategy.java:172)
	... 58 common frames omitted
2025-10-12 22:36:39.400 [restartedMain] INFO  o.s.batch.core.step.AbstractStep - Step: [employeeCsvImportStep] executed in 149ms
2025-10-12 22:36:39.411 [restartedMain] DEBUG o.s.b.c.r.dao.JdbcStepExecutionDao - Truncating long message before update of StepExecution, original message is: org.springframework.beans.factory.BeanCreationException: Error creating bean with name 'scopedTarget.employeeCsvReader' defined in class path resource [com/aurionpro/papms/config/BatchConfig.class]: Failed to instantiate [org.springframework.batch.item.file.FlatFileItemReader]: Factory method 'employeeCsvReader' threw exception with message: Path must not be null
	at org.springframework.beans.factory.support.ConstructorResolver.instantiate(ConstructorResolver.java:657)
	at org.springframework.beans.factory.support.ConstructorResolver.instantiateUsingFactoryMethod(ConstructorResolver.java:645)
	at org.springframework.beans.factory.support.AbstractAutowireCapableBeanFactory.instantiateUsingFactoryMethod(AbstractAutowireCapableBeanFactory.java:1375)
	at org.springframework.beans.factory.support.AbstractAutowireCapableBeanFactory.createBeanInstance(AbstractAutowireCapableBeanFactory.java:1205)
	at org.springframework.beans.factory.support.AbstractAutowireCapableBeanFactory.doCreateBean(AbstractAutowireCapableBeanFactory.java:569)
	at org.springframework.beans.factory.support.AbstractAutowireCapableBeanFactory.createBean(AbstractAutowireCapableBeanFactory.java:529)
	at org.springframework.beans.factory.support.AbstractBeanFactory.lambda$doGetBean$1(AbstractBeanFactory.java:378)
	at org.springframework.batch.core.scope.StepScope.get(StepScope.java:112)
	at org.springframework.beans.factory.support.AbstractBeanFactory.doGetBean(AbstractBeanFactory.java:375)
	at org.springframework.beans.factory.support.AbstractBeanFactory.getBean(AbstractBeanFactory.java:202)
	at org.springframework.aop.target.SimpleBeanTargetSource.getTarget(SimpleBeanTargetSource.java:35)
	at org.springframework.aop.framework.CglibAopProxy$DynamicAdvisedInterceptor.intercept(CglibAopProxy.java:712)
	at org.springframework.batch.item.file.FlatFileItemReader$$SpringCGLIB$$0.open(<generated>)
	at org.springframework.batch.item.support.CompositeItemStream.open(CompositeItemStream.java:138)
	at org.springframework.batch.core.step.tasklet.TaskletStep.open(TaskletStep.java:287)
	at org.springframework.batch.core.step.AbstractStep.execute(AbstractStep.java:227)
	at org.springframework.batch.core.job.SimpleStepHandler.handleStep(SimpleStepHandler.java:153)
	at org.springframework.batch.core.job.flow.JobFlowExecutor.executeStep(JobFlowExecutor.java:68)
	at org.springframework.batch.core.job.flow.support.state.StepState.handle(StepState.java:68)
	at org.springframework.batch.core.job.flow.support.SimpleFlow.resume(SimpleFlow.java:165)
	at org.springframework.batch.core.job.flow.support.SimpleFlow.start(SimpleFlow.java:140)
	at org.springframework.batch.core.job.flow.FlowJob.doExecute(FlowJob.java:132)
	at org.springframework.batch.core.job.AbstractJob.execute(AbstractJob.java:307)
	at org.springframework.batch.core.launch.support.TaskExecutorJobLauncher$1.run(TaskExecutorJobLauncher.java:155)
	at org.springframework.core.task.SyncTaskExecutor.execute(SyncTaskExecutor.java:50)
	at org.springframework.batch.core.launch.support.TaskExecutorJobLauncher.run(TaskExecutorJobLauncher.java:146)
	at org.springframework.boot.autoconfigure.batch.JobLauncherApplicationRunner.execute(JobLauncherApplicationRunner.java:210)
	at org.springframework.boot.autoconfigure.batch.JobLauncherApplicationRunner.executeLocalJobs(JobLauncherApplicationRunner.java:194)
	at org.springframework.boot.autoconfigure.batch.JobLauncherApplicationRunner.launchJobFromProperties(JobLauncherApplicationRunner.java:174)
	at org.springframework.boot.autoconfigure.batch.JobLauncherApplicationRunner.run(JobLauncherApplicationRunner.java:169)
	at org.springframework.boot.autoconfigure.batch.JobLauncherApplicationRunner.run(JobLauncherApplicationRunner.java:164)
	at org.springframework.boot.SpringApplication.lambda$callRunner$4(SpringApplication.java:784)
	at org.springframework.util.function.ThrowingConsumer$1.acceptWithException(ThrowingConsumer.java:82)
	at org.springframework.util.function.ThrowingConsumer.accept(ThrowingConsumer.java:60)
	at org.springframework.util.function.ThrowingConsumer$1.accept(ThrowingConsumer.java:86)
	at org.springframework.boot.SpringApplication.callRunner(SpringApplication.java:796)
	at org.springframework.boot.SpringApplication.callRunner(SpringApplication.java:784)
	at org.springframework.boot.SpringApplication.lambda$callRunners$3(SpringApplication.java:772)
	at java.base/java.util.stream.ForEachOps$ForEachOp$OfRef.accept(ForEachOps.java:183)
	at java.base/java.util.stream.SortedOps$SizedRefSortingSink.end(SortedOps.java:357)
	at java.base/java.util.stream.AbstractPipeline.copyInto(AbstractPipeline.java:510)
	at java.base/java.util.stream.AbstractPipeline.wrapAndCopyInto(AbstractPipeline.java:499)
	at java.base/java.util.stream.ForEachOps$ForEachOp.evaluateSequential(ForEachOps.java:150)
	at java.base/java.util.stream.ForEachOps$ForEachOp$OfRef.evaluateSequential(ForEachOps.java:173)
	at java.base/java.util.stream.AbstractPipeline.evaluate(AbstractPipeline.java:234)
	at java.base/java.util.stream.ReferencePipeline.forEach(ReferencePipeline.java:596)
	at org.springframework.boot.SpringApplication.callRunners(SpringApplication.java:772)
	at org.springframework.boot.SpringApplication.run(SpringApplication.java:325)
	at org.springframework.boot.SpringApplication.run(SpringApplication.java:1361)
	at org.springframework.boot.SpringApplication.run(SpringApplication.java:1350)
	at com.aurionpro.papms.PaPmsApplication.main(PaPmsApplication.java:14)
	at java.base/jdk.internal.reflect.NativeMethodAccessorImpl.invoke0(Native Method)
	at java.base/jdk.internal.reflect.NativeMethodAccessorImpl.invoke(NativeMethodAccessorImpl.java:77)
	at java.base/jdk.internal.reflect.DelegatingMethodAccessorImpl.invoke(DelegatingMethodAccessorImpl.java:43)
	at java.base/java.lang.reflect.Method.invoke(Method.java:568)
	at org.springframework.boot.devtools.restart.RestartLauncher.run(RestartLauncher.java:50)
Caused by: org.springframework.beans.BeanInstantiationException: Failed to instantiate [org.springframework.batch.item.file.FlatFileItemReader]: Factory method 'employeeCsvReader' threw exception with message: Path must not be null
	at org.springframework.beans.factory.support.SimpleInstantiationStrategy.lambda$instantiate$0(SimpleInstantiationStrategy.java:200)
	at org.springframework.beans.factory.support.SimpleInstantiationStrategy.instantiateWithFactoryMethod(SimpleInstantiationStrategy.java:89)
	at org.springframework.beans.factory.support.SimpleInstantiationStrategy.instantiate(SimpleInstantiationStrategy.java:169)
	at org.springframework.beans.factory.support.ConstructorResolver.instantiate(ConstructorResolver.java:653)
	... 55 more
Caused by: java.lang.IllegalArgumentException: Path must not be null
	at org.springframework.util.Assert.notNull(Assert.java:181)
	at org.springframework.core.io.FileSystemResource.<init>(FileSystemResource.java:84)
	at com.aurionpro.papms.config.BatchConfig.employeeCsvReader(BatchConfig.java:315)
	at com.aurionpro.papms.config.BatchConfig$$SpringCGLIB$$0.CGLIB$employeeCsvReader$0(<generated>)
	at com.aurionpro.papms.config.BatchConfig$$SpringCGLIB$$FastClass$$1.invoke(<generated>)
	at org.springframework.cglib.proxy.MethodProxy.invokeSuper(MethodProxy.java:258)
	at org.springframework.context.annotation.ConfigurationClassEnhancer$BeanMethodInterceptor.intercept(ConfigurationClassEnhancer.java:400)
	at com.aurionpro.papms.config.BatchConfig$$SpringCGLIB$$0.employeeCsvReader(<generated>)
	at java.base/jdk.internal.reflect.NativeMethodAccessorImpl.invoke0(Native Method)
	at java.base/jdk.internal.reflect.NativeMethodAccessorImpl.invoke(NativeMethodAccessorImpl.java:77)
	at java.base/jdk.internal.reflect.DelegatingMethodAccessorImpl.invoke(DelegatingMethodAccessorImpl.java:43)
	at java.base/java.lang.reflect.Method.invoke(Method.java:568)
	at org.springframework.beans.factory.support.SimpleInstantiationStrategy.lambda$instantiate$0(SimpleInstantiationStrategy.java:172)
	... 58 more

2025-10-12 22:36:39.420 [restartedMain] DEBUG o.s.batch.core.scope.StepScope - Creating object in scope=step, name=scopedTarget.employeeCsvReader
2025-10-12 22:36:39.422 [restartedMain] ERROR o.s.batch.core.step.AbstractStep - Exception while closing step execution resources in step employeeCsvImportStep in job employeeCsvImportJob
org.springframework.batch.item.ItemStreamException: Failed to close 1 delegate(s) due to exceptions
	at org.springframework.batch.item.support.CompositeItemStream.close(CompositeItemStream.java:123)
	at org.springframework.batch.core.step.tasklet.TaskletStep.close(TaskletStep.java:282)
	at org.springframework.batch.core.step.AbstractStep.execute(AbstractStep.java:313)
	at org.springframework.batch.core.job.SimpleStepHandler.handleStep(SimpleStepHandler.java:153)
	at org.springframework.batch.core.job.flow.JobFlowExecutor.executeStep(JobFlowExecutor.java:68)
	at org.springframework.batch.core.job.flow.support.state.StepState.handle(StepState.java:68)
	at org.springframework.batch.core.job.flow.support.SimpleFlow.resume(SimpleFlow.java:165)
	at org.springframework.batch.core.job.flow.support.SimpleFlow.start(SimpleFlow.java:140)
	at org.springframework.batch.core.job.flow.FlowJob.doExecute(FlowJob.java:132)
	at org.springframework.batch.core.job.AbstractJob.execute(AbstractJob.java:307)
	at org.springframework.batch.core.launch.support.TaskExecutorJobLauncher$1.run(TaskExecutorJobLauncher.java:155)
	at org.springframework.core.task.SyncTaskExecutor.execute(SyncTaskExecutor.java:50)
	at org.springframework.batch.core.launch.support.TaskExecutorJobLauncher.run(TaskExecutorJobLauncher.java:146)
	at org.springframework.boot.autoconfigure.batch.JobLauncherApplicationRunner.execute(JobLauncherApplicationRunner.java:210)
	at org.springframework.boot.autoconfigure.batch.JobLauncherApplicationRunner.executeLocalJobs(JobLauncherApplicationRunner.java:194)
	at org.springframework.boot.autoconfigure.batch.JobLauncherApplicationRunner.launchJobFromProperties(JobLauncherApplicationRunner.java:174)
	at org.springframework.boot.autoconfigure.batch.JobLauncherApplicationRunner.run(JobLauncherApplicationRunner.java:169)
	at org.springframework.boot.autoconfigure.batch.JobLauncherApplicationRunner.run(JobLauncherApplicationRunner.java:164)
	at org.springframework.boot.SpringApplication.lambda$callRunner$4(SpringApplication.java:784)
	at org.springframework.util.function.ThrowingConsumer$1.acceptWithException(ThrowingConsumer.java:82)
	at org.springframework.util.function.ThrowingConsumer.accept(ThrowingConsumer.java:60)
	at org.springframework.util.function.ThrowingConsumer$1.accept(ThrowingConsumer.java:86)
	at org.springframework.boot.SpringApplication.callRunner(SpringApplication.java:796)
	at org.springframework.boot.SpringApplication.callRunner(SpringApplication.java:784)
	at org.springframework.boot.SpringApplication.lambda$callRunners$3(SpringApplication.java:772)
	at java.base/java.util.stream.ForEachOps$ForEachOp$OfRef.accept(ForEachOps.java:183)
	at java.base/java.util.stream.SortedOps$SizedRefSortingSink.end(SortedOps.java:357)
	at java.base/java.util.stream.AbstractPipeline.copyInto(AbstractPipeline.java:510)
	at java.base/java.util.stream.AbstractPipeline.wrapAndCopyInto(AbstractPipeline.java:499)
	at java.base/java.util.stream.ForEachOps$ForEachOp.evaluateSequential(ForEachOps.java:150)
	at java.base/java.util.stream.ForEachOps$ForEachOp$OfRef.evaluateSequential(ForEachOps.java:173)
	at java.base/java.util.stream.AbstractPipeline.evaluate(AbstractPipeline.java:234)
	at java.base/java.util.stream.ReferencePipeline.forEach(ReferencePipeline.java:596)
	at org.springframework.boot.SpringApplication.callRunners(SpringApplication.java:772)
	at org.springframework.boot.SpringApplication.run(SpringApplication.java:325)
	at org.springframework.boot.SpringApplication.run(SpringApplication.java:1361)
	at org.springframework.boot.SpringApplication.run(SpringApplication.java:1350)
	at com.aurionpro.papms.PaPmsApplication.main(PaPmsApplication.java:14)
	at java.base/jdk.internal.reflect.NativeMethodAccessorImpl.invoke0(Native Method)
	at java.base/jdk.internal.reflect.NativeMethodAccessorImpl.invoke(NativeMethodAccessorImpl.java:77)
	at java.base/jdk.internal.reflect.DelegatingMethodAccessorImpl.invoke(DelegatingMethodAccessorImpl.java:43)
	at java.base/java.lang.reflect.Method.invoke(Method.java:568)
	at org.springframework.boot.devtools.restart.RestartLauncher.run(RestartLauncher.java:50)
	Suppressed: org.springframework.beans.factory.BeanCreationException: Error creating bean with name 'scopedTarget.employeeCsvReader' defined in class path resource [com/aurionpro/papms/config/BatchConfig.class]: Failed to instantiate [org.springframework.batch.item.file.FlatFileItemReader]: Factory method 'employeeCsvReader' threw exception with message: Path must not be null
		at org.springframework.beans.factory.support.ConstructorResolver.instantiate(ConstructorResolver.java:657)
		at org.springframework.beans.factory.support.ConstructorResolver.instantiateUsingFactoryMethod(ConstructorResolver.java:645)
		at org.springframework.beans.factory.support.AbstractAutowireCapableBeanFactory.instantiateUsingFactoryMethod(AbstractAutowireCapableBeanFactory.java:1375)
		at org.springframework.beans.factory.support.AbstractAutowireCapableBeanFactory.createBeanInstance(AbstractAutowireCapableBeanFactory.java:1205)
		at org.springframework.beans.factory.support.AbstractAutowireCapableBeanFactory.doCreateBean(AbstractAutowireCapableBeanFactory.java:569)
		at org.springframework.beans.factory.support.AbstractAutowireCapableBeanFactory.createBean(AbstractAutowireCapableBeanFactory.java:529)
		at org.springframework.beans.factory.support.AbstractBeanFactory.lambda$doGetBean$1(AbstractBeanFactory.java:378)
		at org.springframework.batch.core.scope.StepScope.get(StepScope.java:112)
		at org.springframework.beans.factory.support.AbstractBeanFactory.doGetBean(AbstractBeanFactory.java:375)
		at org.springframework.beans.factory.support.AbstractBeanFactory.getBean(AbstractBeanFactory.java:202)
		at org.springframework.aop.target.SimpleBeanTargetSource.getTarget(SimpleBeanTargetSource.java:35)
		at org.springframework.aop.framework.CglibAopProxy$DynamicAdvisedInterceptor.intercept(CglibAopProxy.java:712)
		at org.springframework.batch.item.file.FlatFileItemReader$$SpringCGLIB$$0.close(<generated>)
		at org.springframework.batch.item.support.CompositeItemStream.close(CompositeItemStream.java:114)
		... 42 common frames omitted
	Caused by: org.springframework.beans.BeanInstantiationException: Failed to instantiate [org.springframework.batch.item.file.FlatFileItemReader]: Factory method 'employeeCsvReader' threw exception with message: Path must not be null
		at org.springframework.beans.factory.support.SimpleInstantiationStrategy.lambda$instantiate$0(SimpleInstantiationStrategy.java:200)
		at org.springframework.beans.factory.support.SimpleInstantiationStrategy.instantiateWithFactoryMethod(SimpleInstantiationStrategy.java:89)
		at org.springframework.beans.factory.support.SimpleInstantiationStrategy.instantiate(SimpleInstantiationStrategy.java:169)
		at org.springframework.beans.factory.support.ConstructorResolver.instantiate(ConstructorResolver.java:653)
		... 55 common frames omitted
	Caused by: java.lang.IllegalArgumentException: Path must not be null
		at org.springframework.util.Assert.notNull(Assert.java:181)
		at org.springframework.core.io.FileSystemResource.<init>(FileSystemResource.java:84)
		at com.aurionpro.papms.config.BatchConfig.employeeCsvReader(BatchConfig.java:315)
		at com.aurionpro.papms.config.BatchConfig$$SpringCGLIB$$0.CGLIB$employeeCsvReader$0(<generated>)
		at com.aurionpro.papms.config.BatchConfig$$SpringCGLIB$$FastClass$$1.invoke(<generated>)
		at org.springframework.cglib.proxy.MethodProxy.invokeSuper(MethodProxy.java:258)
		at org.springframework.context.annotation.ConfigurationClassEnhancer$BeanMethodInterceptor.intercept(ConfigurationClassEnhancer.java:400)
		at com.aurionpro.papms.config.BatchConfig$$SpringCGLIB$$0.employeeCsvReader(<generated>)
		at java.base/jdk.internal.reflect.NativeMethodAccessorImpl.invoke0(Native Method)
		at java.base/jdk.internal.reflect.NativeMethodAccessorImpl.invoke(NativeMethodAccessorImpl.java:77)
		at java.base/jdk.internal.reflect.DelegatingMethodAccessorImpl.invoke(DelegatingMethodAccessorImpl.java:43)
		at java.base/java.lang.reflect.Method.invoke(Method.java:568)
		at org.springframework.beans.factory.support.SimpleInstantiationStrategy.lambda$instantiate$0(SimpleInstantiationStrategy.java:172)
		... 58 common frames omitted
2025-10-12 22:36:39.424 [restartedMain] DEBUG o.s.batch.core.step.AbstractStep - Step execution complete: StepExecution: id=4, version=2, name=employeeCsvImportStep, status=FAILED, exitStatus=FAILED, readCount=0, filterCount=0, writeCount=0 readSkipCount=0, writeSkipCount=0, processSkipCount=0, commitCount=0, rollbackCount=0
2025-10-12 22:36:39.433 [restartedMain] DEBUG o.s.b.c.job.flow.support.SimpleFlow - Completed state=employeeCsvImportJob.step0 with status=FAILED
2025-10-12 22:36:39.434 [restartedMain] DEBUG o.s.b.c.job.flow.support.SimpleFlow - Handling state=employeeCsvImportJob.FAILED
2025-10-12 22:36:39.434 [restartedMain] DEBUG o.s.b.c.job.flow.support.SimpleFlow - Completed state=employeeCsvImportJob.FAILED with status=FAILED
2025-10-12 22:36:39.435 [restartedMain] DEBUG o.s.batch.core.job.AbstractJob - Job execution complete: JobExecution: id=4, version=1, startTime=2025-10-12T22:36:39.223135800, endTime=null, lastUpdated=2025-10-12T22:36:39.224132300, status=FAILED, exitStatus=exitCode=FAILED;exitDescription=, job=[JobInstance: id=4, version=0, Job=[employeeCsvImportJob]], jobParameters=[{'run.id':'{value=4, type=class java.lang.Long, identifying=true}'}]
2025-10-12 22:36:39.435 [restartedMain] ERROR c.a.p.b.JobCompletionNotificationListener - !!! EMPLOYEE IMPORT JOB FAILED! Check logs for details.
2025-10-12 22:36:39.444 [restartedMain] INFO  o.s.b.c.l.s.TaskExecutorJobLauncher - Job: [FlowJob: [name=employeeCsvImportJob]] completed with the following parameters: [{'run.id':'{value=4, type=class java.lang.Long, identifying=true}'}] and the following status: [FAILED] in 212ms
2025-10-12 22:36:39.445 [restartedMain] INFO  c.aurionpro.papms.config.DataSeeder - DataSeeder running...
2025-10-12 22:36:39.461 [restartedMain] DEBUG org.hibernate.SQL - 
    select
        count(u1_0.id) 
    from
        users u1_0 
    where
        u1_0.role=?
2025-10-12 22:36:39.462 [restartedMain] TRACE org.hibernate.orm.jdbc.bind - binding parameter (1:ENUM) <- [BANK_ADMIN]
2025-10-12 22:36:39.462 [restartedMain] INFO  c.aurionpro.papms.config.DataSeeder - BANK_ADMIN user already exists. Skipping creation.
2025-10-12 22:36:39.466 [restartedMain] INFO  c.aurionpro.papms.PaPmsApplication - PaPmsApplication started successfully!
2025-10-12 22:39:22.109 [SpringApplicationShutdownHook] INFO  o.s.b.w.e.tomcat.GracefulShutdown - Commencing graceful shutdown. Waiting for active requests to complete
2025-10-12 22:39:22.452 [tomcat-shutdown] INFO  o.s.b.w.e.tomcat.GracefulShutdown - Graceful shutdown complete
2025-10-12 22:39:22.456 [SpringApplicationShutdownHook] DEBUG o.s.b.c.c.s.JobRegistrySmartInitializingSingleton - Unregistering job: employeeCsvImportJob
2025-10-12 22:39:22.460 [SpringApplicationShutdownHook] INFO  o.s.o.j.LocalContainerEntityManagerFactoryBean - Closing JPA EntityManagerFactory for persistence unit 'default'
2025-10-12 22:39:22.463 [SpringApplicationShutdownHook] INFO  com.zaxxer.hikari.HikariDataSource - HikariPool-1 - Shutdown initiated...
2025-10-12 22:39:22.469 [SpringApplicationShutdownHook] INFO  com.zaxxer.hikari.HikariDataSource - HikariPool-1 - Shutdown completed.
2025-10-12 22:39:34.897 [background-preinit] INFO  o.h.validator.internal.util.Version - HV000001: Hibernate Validator 8.0.3.Final
2025-10-12 22:39:34.944 [restartedMain] INFO  c.aurionpro.papms.PaPmsApplication - Starting PaPmsApplication using Java 17.0.1 with PID 37540 (D:\Swabhav_Java_FullStack\Project\Project\PaPMS\target\classes started by aniket.gupta in D:\Swabhav_Java_FullStack\Project\Project\PaPMS)
2025-10-12 22:39:34.944 [restartedMain] DEBUG c.aurionpro.papms.PaPmsApplication - Running with Spring Boot v3.5.5, Spring v6.2.10
2025-10-12 22:39:34.945 [restartedMain] INFO  c.aurionpro.papms.PaPmsApplication - No active profile set, falling back to 1 default profile: "default"
2025-10-12 22:39:34.986 [restartedMain] INFO  o.s.b.d.e.DevToolsPropertyDefaultsPostProcessor - Devtools property defaults active! Set 'spring.devtools.add-properties' to 'false' to disable
2025-10-12 22:39:34.986 [restartedMain] INFO  o.s.b.d.e.DevToolsPropertyDefaultsPostProcessor - For additional web related logging consider setting the 'logging.level.web' property to 'DEBUG'
2025-10-12 22:39:36.031 [restartedMain] INFO  o.s.d.r.c.RepositoryConfigurationDelegate - Bootstrapping Spring Data JPA repositories in DEFAULT mode.
2025-10-12 22:39:36.207 [restartedMain] INFO  o.s.d.r.c.RepositoryConfigurationDelegate - Finished Spring Data repository scanning in 169 ms. Found 17 JPA repository interfaces.
2025-10-12 22:39:36.846 [restartedMain] INFO  o.s.b.w.e.tomcat.TomcatWebServer - Tomcat initialized with port 8080 (http)
2025-10-12 22:39:36.855 [restartedMain] INFO  o.a.coyote.http11.Http11NioProtocol - Initializing ProtocolHandler ["http-nio-8080"]
2025-10-12 22:39:36.856 [restartedMain] INFO  o.a.catalina.core.StandardService - Starting service [Tomcat]
2025-10-12 22:39:36.856 [restartedMain] INFO  o.a.catalina.core.StandardEngine - Starting Servlet engine: [Apache Tomcat/10.1.44]
2025-10-12 22:39:36.906 [restartedMain] INFO  o.a.c.c.C.[Tomcat].[localhost].[/] - Initializing Spring embedded WebApplicationContext
2025-10-12 22:39:36.907 [restartedMain] INFO  o.s.b.w.s.c.ServletWebServerApplicationContext - Root WebApplicationContext: initialization completed in 1921 ms
2025-10-12 22:39:36.966 [restartedMain] INFO  com.zaxxer.hikari.HikariDataSource - HikariPool-1 - Starting...
2025-10-12 22:39:37.219 [restartedMain] INFO  com.zaxxer.hikari.pool.HikariPool - HikariPool-1 - Added connection com.mysql.cj.jdbc.ConnectionImpl@595c8940
2025-10-12 22:39:37.220 [restartedMain] INFO  com.zaxxer.hikari.HikariDataSource - HikariPool-1 - Start completed.
2025-10-12 22:39:37.598 [restartedMain] INFO  o.h.jpa.internal.util.LogHelper - HHH000204: Processing PersistenceUnitInfo [name: default]
2025-10-12 22:39:37.642 [restartedMain] INFO  org.hibernate.Version - HHH000412: Hibernate ORM core version 6.6.26.Final
2025-10-12 22:39:37.670 [restartedMain] INFO  o.h.c.i.RegionFactoryInitiator - HHH000026: Second-level cache disabled
2025-10-12 22:39:37.875 [restartedMain] INFO  o.s.o.j.p.SpringPersistenceUnitInfo - No LoadTimeWeaver setup: ignoring JPA class transformer
2025-10-12 22:39:37.931 [restartedMain] WARN  org.hibernate.orm.deprecation - HHH90000025: MySQLDialect does not need to be specified explicitly using 'hibernate.dialect' (remove the property setting and it will be selected by default)
2025-10-12 22:39:37.953 [restartedMain] INFO  o.hibernate.orm.connections.pooling - HHH10001005: Database info:
	Database JDBC URL [Connecting through datasource 'HikariDataSource (HikariPool-1)']
	Database driver: undefined/unknown
	Database version: 8.0.42
	Autocommit mode: undefined/unknown
	Isolation level: undefined/unknown
	Minimum pool size: undefined/unknown
	Maximum pool size: undefined/unknown
2025-10-12 22:39:38.989 [restartedMain] INFO  o.h.e.t.j.p.i.JtaPlatformInitiator - HHH000489: No JTA platform available (set 'hibernate.transaction.jta.platform' to enable JTA platform integration)
2025-10-12 22:39:39.039 [restartedMain] DEBUG org.hibernate.SQL - 
    create table bank_accounts (
        id bigint not null auto_increment,
        account_holder_name varchar(255) not null,
        account_number varchar(50) not null,
        bank_name varchar(255) not null,
        created_at datetime(6) not null,
        ifsc_code varchar(11) not null,
        is_primary bit,
        owner_type enum ('EMPLOYEE','VENDOR') not null,
        updated_at datetime(6) not null,
        employee_id bigint,
        vendor_id bigint,
        primary key (id)
    ) engine=InnoDB
2025-10-12 22:39:39.074 [restartedMain] DEBUG org.hibernate.SQL - 
    create table clients (
        id integer not null auto_increment,
        company_name varchar(255),
        contact_person varchar(255),
        created_at datetime(6) not null,
        is_active bit,
        updated_at datetime(6) not null,
        organization_id integer not null,
        user_id bigint not null,
        primary key (id)
    ) engine=InnoDB
2025-10-12 22:39:39.099 [restartedMain] DEBUG org.hibernate.SQL - 
    create table deposits (
        id bigint not null auto_increment,
        amount decimal(38,2) not null,
        created_at datetime(6),
        deposit_date datetime(6) not null,
        transaction_id bigint,
        updated_at datetime(6),
        organization_id integer not null,
        primary key (id)
    ) engine=InnoDB
2025-10-12 22:39:39.124 [restartedMain] DEBUG org.hibernate.SQL - 
    create table documents (
        id integer not null auto_increment,
        cloudinary_public_id varchar(255) not null,
        cloudinary_url varchar(512) not null,
        file_name varchar(255) not null,
        related_entity_type enum ('EMPLOYEE_PAYROLL','EMPLOYEE_VERIFICATION','ORGANIZATION_VERIFICATION') not null,
        status enum ('Approved','Pending','Rejected') not null,
        uploaded_at datetime(6) not null,
        related_entity_id integer,
        primary key (id)
    ) engine=InnoDB
2025-10-12 22:39:39.152 [restartedMain] DEBUG org.hibernate.SQL - 
    create table employees (
        id bigint not null auto_increment,
        created_at datetime(6),
        date_of_joining date,
        department varchar(255),
        employee_code varchar(255) not null,
        is_active bit,
        job_title varchar(255),
        profile_picture_url varchar(512),
        updated_at datetime(6),
        organization_id integer not null,
        user_id bigint not null,
        primary key (id)
    ) engine=InnoDB
2025-10-12 22:39:39.180 [restartedMain] DEBUG org.hibernate.SQL - 
    create table invoices (
        id integer not null auto_increment,
        amount decimal(12,2) not null,
        created_at datetime(6) not null,
        due_date date not null,
        invoice_number varchar(50) not null,
        issue_date date not null,
        paid_at datetime(6),
        status enum ('CANCELLED','OVERDUE','PAID','SENT') not null,
        updated_at datetime(6) not null,
        client_id integer not null,
        organization_id integer not null,
        primary key (id)
    ) engine=InnoDB
2025-10-12 22:39:39.207 [restartedMain] DEBUG org.hibernate.SQL - 
    create table notifications (
        id bigint not null auto_increment,
        created_at datetime(6),
        is_read bit,
        link varchar(255),
        message varchar(512) not null,
        user_id bigint not null,
        primary key (id)
    ) engine=InnoDB
2025-10-12 22:39:39.235 [restartedMain] DEBUG org.hibernate.SQL - 
    create table organizations (
        id integer not null auto_increment,
        address TEXT,
        bank_assigned_account_number varchar(50),
        company_name varchar(255) not null,
        contact_email varchar(255) not null,
        contact_phone varchar(255),
        created_at datetime(6) not null,
        internal_balance decimal(38,2) not null,
        logo_url varchar(512),
        rejection_reason TEXT,
        status enum ('ACTIVE','PENDING_APPROVAL','REJECTED','SUSPENDED') not null,
        updated_at datetime(6) not null,
        primary key (id)
    ) engine=InnoDB
2025-10-12 22:39:39.266 [restartedMain] DEBUG org.hibernate.SQL - 
    create table password_reset_tokens (
        id bigint not null auto_increment,
        expiry_date datetime(6) not null,
        token varchar(255) not null,
        user_id bigint not null,
        primary key (id)
    ) engine=InnoDB
2025-10-12 22:39:39.292 [restartedMain] DEBUG org.hibernate.SQL - 
    create table payroll_batches (
        id bigint not null auto_increment,
        created_at datetime(6),
        payroll_month integer not null,
        payroll_year integer not null,
        rejection_reason TEXT,
        status enum ('APPROVED','COMPLETED','PENDING_APPROVAL','PROCESSING','REJECTED') not null,
        total_amount decimal(15,2) not null,
        total_employees integer not null,
        transaction_id bigint,
        updated_at datetime(6),
        approved_by_user_id bigint,
        organization_id integer not null,
        submitted_by_user_id bigint,
        primary key (id)
    ) engine=InnoDB
2025-10-12 22:39:39.323 [restartedMain] DEBUG org.hibernate.SQL - 
    create table payroll_payments (
        id bigint not null auto_increment,
        basic_salary decimal(10,2),
        created_at datetime(6),
        da decimal(10,2),
        hra decimal(10,2),
        net_salary_paid decimal(10,2) not null,
        other_allowances decimal(10,2),
        pf_contribution decimal(10,2),
        processed_at datetime(6),
        status enum ('FAILED','PENDING','PROCESSED') not null,
        employee_id bigint not null,
        payroll_batch_id bigint not null,
        primary key (id)
    ) engine=InnoDB
2025-10-12 22:39:39.350 [restartedMain] DEBUG org.hibernate.SQL - 
    create table salary_structures (
        id bigint not null auto_increment,
        basic_salary decimal(10,2) not null,
        created_at datetime(6),
        da decimal(10,2),
        effective_from_date date not null,
        hra decimal(10,2),
        is_active bit,
        other_allowances decimal(10,2),
        pf_contribution decimal(10,2),
        employee_id bigint not null,
        primary key (id)
    ) engine=InnoDB
2025-10-12 22:39:39.376 [restartedMain] DEBUG org.hibernate.SQL - 
    create table transactions (
        id bigint not null auto_increment,
        amount decimal(38,2) not null,
        balance_after_transaction decimal(38,2) not null,
        description varchar(255) not null,
        source_id bigint not null,
        source_type enum ('INVOICE','MANUAL_ADJUSTMENT','PAYROLL_PAYMENT','VENDOR_PAYMENT') not null,
        transaction_date datetime(6),
        transaction_type enum ('CREDIT','DEBIT') not null,
        organization_id integer not null,
        primary key (id)
    ) engine=InnoDB
2025-10-12 22:39:39.402 [restartedMain] DEBUG org.hibernate.SQL - 
    create table users (
        id bigint not null auto_increment,
        created_at datetime(6),
        email varchar(255) not null,
        full_name varchar(255) not null,
        is_active bit,
        organization_id integer,
        password varchar(255) not null,
        requires_password_change bit,
        role enum ('BANK_ADMIN','CLIENT','EMPLOYEE','ORG_ADMIN') not null,
        updated_at datetime(6),
        username varchar(255) not null,
        primary key (id)
    ) engine=InnoDB
2025-10-12 22:39:39.430 [restartedMain] DEBUG org.hibernate.SQL - 
    create table vendor_bills (
        id bigint not null auto_increment,
        amount decimal(38,2) not null,
        bill_date date not null,
        bill_number varchar(255) not null,
        created_at datetime(6),
        updated_at datetime(6),
        organization_id integer not null,
        vendor_id bigint not null,
        vendor_payment_id bigint not null,
        primary key (id)
    ) engine=InnoDB
2025-10-12 22:39:39.458 [restartedMain] DEBUG org.hibernate.SQL - 
    create table vendor_payments (
        id bigint not null auto_increment,
        amount decimal(38,2) not null,
        created_at datetime(6),
        description varchar(255),
        payment_date date not null,
        status enum ('FAILED','PENDING','PROCESSED') not null,
        transaction_id bigint,
        updated_at datetime(6),
        organization_id integer not null,
        vendor_id bigint not null,
        primary key (id)
    ) engine=InnoDB
2025-10-12 22:39:39.489 [restartedMain] DEBUG org.hibernate.SQL - 
    create table vendors (
        id bigint not null auto_increment,
        address TEXT,
        contact_email varchar(255),
        contact_phone varchar(255),
        created_at datetime(6),
        is_active bit,
        updated_at datetime(6),
        vendor_name varchar(255) not null,
        organization_id integer not null,
        primary key (id)
    ) engine=InnoDB
2025-10-12 22:39:39.518 [restartedMain] DEBUG org.hibernate.SQL - 
    alter table bank_accounts 
       drop index UKiqqtyol47i7e5cpv6d55td9ob
2025-10-12 22:39:39.524 [restartedMain] DEBUG org.hibernate.SQL - 
    alter table bank_accounts 
       add constraint UKiqqtyol47i7e5cpv6d55td9ob unique (employee_id)
2025-10-12 22:39:39.552 [restartedMain] DEBUG org.hibernate.SQL - 
    alter table clients 
       drop index UKsmrp6gi0tckq1w5rnd7boyowu
2025-10-12 22:39:39.554 [restartedMain] DEBUG org.hibernate.SQL - 
    alter table clients 
       add constraint UKsmrp6gi0tckq1w5rnd7boyowu unique (user_id)
2025-10-12 22:39:39.580 [restartedMain] DEBUG org.hibernate.SQL - 
    alter table deposits 
       drop index UK3gp528llfn6dhm5h4tg6r83uj
2025-10-12 22:39:39.582 [restartedMain] DEBUG org.hibernate.SQL - 
    alter table deposits 
       add constraint UK3gp528llfn6dhm5h4tg6r83uj unique (transaction_id)
2025-10-12 22:39:39.607 [restartedMain] DEBUG org.hibernate.SQL - 
    alter table employees 
       drop index UKa7bdqjnt9y7x74s8jsdbym0e1
2025-10-12 22:39:39.609 [restartedMain] DEBUG org.hibernate.SQL - 
    alter table employees 
       add constraint UKa7bdqjnt9y7x74s8jsdbym0e1 unique (organization_id, employee_code)
2025-10-12 22:39:39.634 [restartedMain] DEBUG org.hibernate.SQL - 
    alter table employees 
       drop index UKj2dmgsma6pont6kf7nic9elpd
2025-10-12 22:39:39.637 [restartedMain] DEBUG org.hibernate.SQL - 
    alter table employees 
       add constraint UKj2dmgsma6pont6kf7nic9elpd unique (user_id)
2025-10-12 22:39:39.658 [restartedMain] DEBUG org.hibernate.SQL - 
    alter table invoices 
       drop index UK4xbj1e2ar33fekfkhyfmmj7qs
2025-10-12 22:39:39.663 [restartedMain] DEBUG org.hibernate.SQL - 
    alter table invoices 
       add constraint UK4xbj1e2ar33fekfkhyfmmj7qs unique (organization_id, invoice_number)
2025-10-12 22:39:39.693 [restartedMain] DEBUG org.hibernate.SQL - 
    alter table organizations 
       drop index UKcv8bvkfl9h41e2bjc4w9t9sc6
2025-10-12 22:39:39.697 [restartedMain] DEBUG org.hibernate.SQL - 
    alter table organizations 
       add constraint UKcv8bvkfl9h41e2bjc4w9t9sc6 unique (bank_assigned_account_number)
2025-10-12 22:39:39.737 [restartedMain] DEBUG org.hibernate.SQL - 
    alter table organizations 
       drop index UKg29raxussl8gvofid5ujgxuuu
2025-10-12 22:39:39.738 [restartedMain] DEBUG org.hibernate.SQL - 
    alter table organizations 
       add constraint UKg29raxussl8gvofid5ujgxuuu unique (company_name)
2025-10-12 22:39:39.759 [restartedMain] DEBUG org.hibernate.SQL - 
    alter table password_reset_tokens 
       drop index UK71lqwbwtklmljk3qlsugr1mig
2025-10-12 22:39:39.761 [restartedMain] DEBUG org.hibernate.SQL - 
    alter table password_reset_tokens 
       add constraint UK71lqwbwtklmljk3qlsugr1mig unique (token)
2025-10-12 22:39:39.784 [restartedMain] DEBUG org.hibernate.SQL - 
    alter table password_reset_tokens 
       drop index UKla2ts67g4oh2sreayswhox1i6
2025-10-12 22:39:39.787 [restartedMain] DEBUG org.hibernate.SQL - 
    alter table password_reset_tokens 
       add constraint UKla2ts67g4oh2sreayswhox1i6 unique (user_id)
2025-10-12 22:39:39.806 [restartedMain] DEBUG org.hibernate.SQL - 
    alter table users 
       drop index UK6dotkott2kjsp8vw4d0m25fb7
2025-10-12 22:39:39.808 [restartedMain] DEBUG org.hibernate.SQL - 
    alter table users 
       add constraint UK6dotkott2kjsp8vw4d0m25fb7 unique (email)
2025-10-12 22:39:39.843 [restartedMain] DEBUG org.hibernate.SQL - 
    alter table users 
       drop index UKr43af9ap4edm43mmtq01oddj6
2025-10-12 22:39:39.845 [restartedMain] DEBUG org.hibernate.SQL - 
    alter table users 
       add constraint UKr43af9ap4edm43mmtq01oddj6 unique (username)
2025-10-12 22:39:39.872 [restartedMain] DEBUG org.hibernate.SQL - 
    alter table vendor_bills 
       drop index UKtlwiwx9ox314r07ul9524o8uj
2025-10-12 22:39:39.875 [restartedMain] DEBUG org.hibernate.SQL - 
    alter table vendor_bills 
       add constraint UKtlwiwx9ox314r07ul9524o8uj unique (bill_number)
2025-10-12 22:39:39.912 [restartedMain] DEBUG org.hibernate.SQL - 
    alter table vendor_bills 
       drop index UKrjam9j7yatenj6ho2bro7qla2
2025-10-12 22:39:39.914 [restartedMain] DEBUG org.hibernate.SQL - 
    alter table vendor_bills 
       add constraint UKrjam9j7yatenj6ho2bro7qla2 unique (vendor_payment_id)
2025-10-12 22:39:39.941 [restartedMain] DEBUG org.hibernate.SQL - 
    alter table vendor_payments 
       drop index UKm81wet0puj5k2hn19wdfxgylm
2025-10-12 22:39:39.945 [restartedMain] DEBUG org.hibernate.SQL - 
    alter table vendor_payments 
       add constraint UKm81wet0puj5k2hn19wdfxgylm unique (transaction_id)
2025-10-12 22:39:39.978 [restartedMain] DEBUG org.hibernate.SQL - 
    alter table bank_accounts 
       add constraint FKlj5q7h1lhmktlhn5o0gkspgrr 
       foreign key (employee_id) 
       references employees (id)
2025-10-12 22:39:40.054 [restartedMain] DEBUG org.hibernate.SQL - 
    alter table bank_accounts 
       add constraint FKje02p14u2sbvlb1q5xyfobw18 
       foreign key (vendor_id) 
       references vendors (id)
2025-10-12 22:39:40.143 [restartedMain] DEBUG org.hibernate.SQL - 
    alter table clients 
       add constraint FKqtabsk1bran5vu6akf0t5im81 
       foreign key (organization_id) 
       references organizations (id)
2025-10-12 22:39:40.226 [restartedMain] DEBUG org.hibernate.SQL - 
    alter table clients 
       add constraint FKtiuqdledq2lybrds2k3rfqrv4 
       foreign key (user_id) 
       references users (id)
2025-10-12 22:39:40.344 [restartedMain] DEBUG org.hibernate.SQL - 
    alter table deposits 
       add constraint FKml0jtqyc0veo1kkpkf5iovs42 
       foreign key (organization_id) 
       references organizations (id)
2025-10-12 22:39:40.428 [restartedMain] DEBUG org.hibernate.SQL - 
    alter table documents 
       add constraint FKr51wph1cxind8iock0jnhh1s5 
       foreign key (related_entity_id) 
       references organizations (id)
2025-10-12 22:39:40.521 [restartedMain] DEBUG org.hibernate.SQL - 
    alter table employees 
       add constraint FKh62l7gpgesex8wjd6himtb3e1 
       foreign key (organization_id) 
       references organizations (id)
2025-10-12 22:39:40.630 [restartedMain] DEBUG org.hibernate.SQL - 
    alter table employees 
       add constraint FK69x3vjuy1t5p18a5llb8h2fjx 
       foreign key (user_id) 
       references users (id)
2025-10-12 22:39:40.718 [restartedMain] DEBUG org.hibernate.SQL - 
    alter table invoices 
       add constraint FK9ioqm804urbgy986pdtwqtl0x 
       foreign key (client_id) 
       references clients (id)
2025-10-12 22:39:40.802 [restartedMain] DEBUG org.hibernate.SQL - 
    alter table invoices 
       add constraint FKjxvtmkdg1rgjdqnoqho4q9a5l 
       foreign key (organization_id) 
       references organizations (id)
2025-10-12 22:39:40.895 [restartedMain] DEBUG org.hibernate.SQL - 
    alter table notifications 
       add constraint FK9y21adhxn0ayjhfocscqox7bh 
       foreign key (user_id) 
       references users (id)
2025-10-12 22:39:40.975 [restartedMain] DEBUG org.hibernate.SQL - 
    alter table password_reset_tokens 
       add constraint FKk3ndxg5xp6v7wd4gjyusp15gq 
       foreign key (user_id) 
       references users (id)
2025-10-12 22:39:41.053 [restartedMain] DEBUG org.hibernate.SQL - 
    alter table payroll_batches 
       add constraint FKfra1t8bgo580b59hxwt89hbww 
       foreign key (approved_by_user_id) 
       references users (id)
2025-10-12 22:39:41.127 [restartedMain] DEBUG org.hibernate.SQL - 
    alter table payroll_batches 
       add constraint FK7rlqwo8df0qesmcj8thoxs7i1 
       foreign key (organization_id) 
       references organizations (id)
2025-10-12 22:39:41.223 [restartedMain] DEBUG org.hibernate.SQL - 
    alter table payroll_batches 
       add constraint FK59fall7wpsbwxpbhnubqjb5vw 
       foreign key (submitted_by_user_id) 
       references users (id)
2025-10-12 22:39:41.316 [restartedMain] DEBUG org.hibernate.SQL - 
    alter table payroll_payments 
       add constraint FKn8ob490yf682u8ee0y7cn2430 
       foreign key (employee_id) 
       references employees (id)
2025-10-12 22:39:41.396 [restartedMain] DEBUG org.hibernate.SQL - 
    alter table payroll_payments 
       add constraint FK633k2cbkknxlfi2k58gr3pl3d 
       foreign key (payroll_batch_id) 
       references payroll_batches (id)
2025-10-12 22:39:41.486 [restartedMain] DEBUG org.hibernate.SQL - 
    alter table salary_structures 
       add constraint FKmf930tso3vpkjjbb14lc3yy1y 
       foreign key (employee_id) 
       references employees (id)
2025-10-12 22:39:41.564 [restartedMain] DEBUG org.hibernate.SQL - 
    alter table transactions 
       add constraint FKdern1k9mj7u7j22pfowogecmy 
       foreign key (organization_id) 
       references organizations (id)
2025-10-12 22:39:41.671 [restartedMain] DEBUG org.hibernate.SQL - 
    alter table vendor_bills 
       add constraint FKn04uj7jkvg0g1li6kplyrq95n 
       foreign key (organization_id) 
       references organizations (id)
2025-10-12 22:39:41.756 [restartedMain] DEBUG org.hibernate.SQL - 
    alter table vendor_bills 
       add constraint FKgb141j1rkke3tnj7l5db2lu7j 
       foreign key (vendor_id) 
       references vendors (id)
2025-10-12 22:39:41.848 [restartedMain] DEBUG org.hibernate.SQL - 
    alter table vendor_bills 
       add constraint FKgqpfih8n9wxa98fxiqmrc44r3 
       foreign key (vendor_payment_id) 
       references vendor_payments (id)
2025-10-12 22:39:41.941 [restartedMain] DEBUG org.hibernate.SQL - 
    alter table vendor_payments 
       add constraint FKaqf9m13ynrphfgnvab6gwhqtq 
       foreign key (organization_id) 
       references organizations (id)
2025-10-12 22:39:42.025 [restartedMain] DEBUG org.hibernate.SQL - 
    alter table vendor_payments 
       add constraint FKta0ckdv8pqbryr862w11ycy70 
       foreign key (vendor_id) 
       references vendors (id)
2025-10-12 22:39:42.111 [restartedMain] DEBUG org.hibernate.SQL - 
    alter table vendors 
       add constraint FKftbosscin8e0jlxehx8hci34p 
       foreign key (organization_id) 
       references organizations (id)
2025-10-12 22:39:42.198 [restartedMain] INFO  o.s.o.j.LocalContainerEntityManagerFactoryBean - Initialized JPA EntityManagerFactory for persistence unit 'default'
2025-10-12 22:39:42.418 [restartedMain] INFO  o.s.d.j.r.query.QueryEnhancerFactory - Hibernate is in classpath; If applicable, HQL parser will be used.
2025-10-12 22:39:42.746 [restartedMain] DEBUG c.a.p.security.filter.JwtAuthFilter - Filter 'jwtAuthFilter' configured for use
2025-10-12 22:39:42.972 [restartedMain] INFO  o.s.s.c.a.a.c.InitializeAuthenticationProviderBeanManagerConfigurer$InitializeAuthenticationProviderManagerConfigurer - Global AuthenticationManager configured with AuthenticationProvider bean with name authenticationProvider
2025-10-12 22:39:42.973 [restartedMain] WARN  o.s.s.c.a.a.c.InitializeUserDetailsBeanManagerConfigurer$InitializeUserDetailsManagerConfigurer - Global AuthenticationManager configured with an AuthenticationProvider bean. UserDetailsService beans will not be used by Spring Security for automatically configuring username/password login. Consider removing the AuthenticationProvider bean. Alternatively, consider using the UserDetailsService in a manually instantiated DaoAuthenticationProvider. If the current configuration is intentional, to turn off this warning, increase the logging level of 'org.springframework.security.config.annotation.authentication.configuration.InitializeUserDetailsBeanManagerConfigurer' to ERROR
2025-10-12 22:39:43.608 [restartedMain] WARN  o.s.b.a.o.j.JpaBaseConfiguration$JpaWebConfiguration - spring.jpa.open-in-view is enabled by default. Therefore, database queries may be performed during view rendering. Explicitly configure spring.jpa.open-in-view to disable this warning
2025-10-12 22:39:44.155 [restartedMain] INFO  o.s.b.d.a.OptionalLiveReloadServer - LiveReload server is running on port 35729
2025-10-12 22:39:44.172 [restartedMain] DEBUG o.s.b.c.c.s.JobRegistrySmartInitializingSingleton - Registering job: employeeCsvImportJob
2025-10-12 22:39:44.176 [restartedMain] INFO  o.a.coyote.http11.Http11NioProtocol - Starting ProtocolHandler ["http-nio-8080"]
2025-10-12 22:39:44.203 [restartedMain] INFO  o.s.b.w.e.tomcat.TomcatWebServer - Tomcat started on port 8080 (http) with context path '/'
2025-10-12 22:39:44.213 [restartedMain] INFO  c.aurionpro.papms.PaPmsApplication - Started PaPmsApplication in 9.834 seconds (process running for 10.756)
2025-10-12 22:39:44.216 [restartedMain] INFO  o.s.b.a.b.JobLauncherApplicationRunner - Running default command line with: []
2025-10-12 22:39:44.271 [restartedMain] INFO  o.s.b.c.l.s.TaskExecutorJobLauncher - Job: [FlowJob: [name=employeeCsvImportJob]] launched with the following parameters: [{'run.id':'{value=1, type=class java.lang.Long, identifying=true}'}]
2025-10-12 22:39:44.271 [restartedMain] DEBUG o.s.batch.core.job.AbstractJob - Job execution starting: JobExecution: id=1, version=0, startTime=null, endTime=null, lastUpdated=2025-10-12T22:39:44.251418500, status=STARTING, exitStatus=exitCode=UNKNOWN;exitDescription=, job=[JobInstance: id=1, version=0, Job=[employeeCsvImportJob]], jobParameters=[{'run.id':'{value=1, type=class java.lang.Long, identifying=true}'}]
2025-10-12 22:39:44.288 [restartedMain] DEBUG o.s.b.c.job.flow.support.SimpleFlow - Resuming state=employeeCsvImportJob.step0 with status=UNKNOWN
2025-10-12 22:39:44.288 [restartedMain] DEBUG o.s.b.c.job.flow.support.SimpleFlow - Handling state=employeeCsvImportJob.step0
2025-10-12 22:39:44.307 [restartedMain] INFO  o.s.batch.core.job.SimpleStepHandler - Executing step: [employeeCsvImportStep]
2025-10-12 22:39:44.307 [restartedMain] DEBUG o.s.batch.core.step.AbstractStep - Executing: id=1
2025-10-12 22:39:44.315 [restartedMain] DEBUG o.s.batch.core.scope.StepScope - Creating object in scope=step, name=scopedTarget.employeeCsvProcessor
2025-10-12 22:39:44.316 [restartedMain] INFO  c.a.p.batch.EmployeeCsvItemProcessor - Pre-loading existing usernames and account numbers for validation.
2025-10-12 22:39:44.368 [restartedMain] DEBUG org.hibernate.SQL - 
    select
        u1_0.id,
        u1_0.created_at,
        u1_0.email,
        u1_0.full_name,
        u1_0.is_active,
        u1_0.organization_id,
        u1_0.password,
        u1_0.requires_password_change,
        u1_0.role,
        u1_0.updated_at,
        u1_0.username 
    from
        users u1_0
2025-10-12 22:39:44.395 [restartedMain] DEBUG org.hibernate.SQL - 
    select
        ba1_0.id,
        ba1_0.account_holder_name,
        ba1_0.account_number,
        ba1_0.bank_name,
        ba1_0.created_at,
        ba1_0.employee_id,
        ba1_0.ifsc_code,
        ba1_0.is_primary,
        ba1_0.owner_type,
        ba1_0.updated_at,
        ba1_0.vendor_id 
    from
        bank_accounts ba1_0
2025-10-12 22:39:44.400 [restartedMain] INFO  c.a.p.batch.EmployeeCsvItemProcessor - Pre-loading complete. Found 0 usernames and 0 account numbers.
2025-10-12 22:39:44.401 [restartedMain] DEBUG o.s.batch.core.scope.StepScope - Creating object in scope=step, name=scopedTarget.employeeCsvReader
2025-10-12 22:39:44.410 [restartedMain] ERROR o.s.batch.core.step.AbstractStep - Encountered an error executing step employeeCsvImportStep in job employeeCsvImportJob
org.springframework.beans.factory.BeanCreationException: Error creating bean with name 'scopedTarget.employeeCsvReader' defined in class path resource [com/aurionpro/papms/config/BatchConfig.class]: Failed to instantiate [org.springframework.batch.item.file.FlatFileItemReader]: Factory method 'employeeCsvReader' threw exception with message: Path must not be null
	at org.springframework.beans.factory.support.ConstructorResolver.instantiate(ConstructorResolver.java:657)
	at org.springframework.beans.factory.support.ConstructorResolver.instantiateUsingFactoryMethod(ConstructorResolver.java:645)
	at org.springframework.beans.factory.support.AbstractAutowireCapableBeanFactory.instantiateUsingFactoryMethod(AbstractAutowireCapableBeanFactory.java:1375)
	at org.springframework.beans.factory.support.AbstractAutowireCapableBeanFactory.createBeanInstance(AbstractAutowireCapableBeanFactory.java:1205)
	at org.springframework.beans.factory.support.AbstractAutowireCapableBeanFactory.doCreateBean(AbstractAutowireCapableBeanFactory.java:569)
	at org.springframework.beans.factory.support.AbstractAutowireCapableBeanFactory.createBean(AbstractAutowireCapableBeanFactory.java:529)
	at org.springframework.beans.factory.support.AbstractBeanFactory.lambda$doGetBean$1(AbstractBeanFactory.java:378)
	at org.springframework.batch.core.scope.StepScope.get(StepScope.java:112)
	at org.springframework.beans.factory.support.AbstractBeanFactory.doGetBean(AbstractBeanFactory.java:375)
	at org.springframework.beans.factory.support.AbstractBeanFactory.getBean(AbstractBeanFactory.java:202)
	at org.springframework.aop.target.SimpleBeanTargetSource.getTarget(SimpleBeanTargetSource.java:35)
	at org.springframework.aop.framework.CglibAopProxy$DynamicAdvisedInterceptor.intercept(CglibAopProxy.java:712)
	at org.springframework.batch.item.file.FlatFileItemReader$$SpringCGLIB$$0.open(<generated>)
	at org.springframework.batch.item.support.CompositeItemStream.open(CompositeItemStream.java:138)
	at org.springframework.batch.core.step.tasklet.TaskletStep.open(TaskletStep.java:287)
	at org.springframework.batch.core.step.AbstractStep.execute(AbstractStep.java:227)
	at org.springframework.batch.core.job.SimpleStepHandler.handleStep(SimpleStepHandler.java:153)
	at org.springframework.batch.core.job.flow.JobFlowExecutor.executeStep(JobFlowExecutor.java:68)
	at org.springframework.batch.core.job.flow.support.state.StepState.handle(StepState.java:68)
	at org.springframework.batch.core.job.flow.support.SimpleFlow.resume(SimpleFlow.java:165)
	at org.springframework.batch.core.job.flow.support.SimpleFlow.start(SimpleFlow.java:140)
	at org.springframework.batch.core.job.flow.FlowJob.doExecute(FlowJob.java:132)
	at org.springframework.batch.core.job.AbstractJob.execute(AbstractJob.java:307)
	at org.springframework.batch.core.launch.support.TaskExecutorJobLauncher$1.run(TaskExecutorJobLauncher.java:155)
	at org.springframework.core.task.SyncTaskExecutor.execute(SyncTaskExecutor.java:50)
	at org.springframework.batch.core.launch.support.TaskExecutorJobLauncher.run(TaskExecutorJobLauncher.java:146)
	at org.springframework.boot.autoconfigure.batch.JobLauncherApplicationRunner.execute(JobLauncherApplicationRunner.java:210)
	at org.springframework.boot.autoconfigure.batch.JobLauncherApplicationRunner.executeLocalJobs(JobLauncherApplicationRunner.java:194)
	at org.springframework.boot.autoconfigure.batch.JobLauncherApplicationRunner.launchJobFromProperties(JobLauncherApplicationRunner.java:174)
	at org.springframework.boot.autoconfigure.batch.JobLauncherApplicationRunner.run(JobLauncherApplicationRunner.java:169)
	at org.springframework.boot.autoconfigure.batch.JobLauncherApplicationRunner.run(JobLauncherApplicationRunner.java:164)
	at org.springframework.boot.SpringApplication.lambda$callRunner$4(SpringApplication.java:784)
	at org.springframework.util.function.ThrowingConsumer$1.acceptWithException(ThrowingConsumer.java:82)
	at org.springframework.util.function.ThrowingConsumer.accept(ThrowingConsumer.java:60)
	at org.springframework.util.function.ThrowingConsumer$1.accept(ThrowingConsumer.java:86)
	at org.springframework.boot.SpringApplication.callRunner(SpringApplication.java:796)
	at org.springframework.boot.SpringApplication.callRunner(SpringApplication.java:784)
	at org.springframework.boot.SpringApplication.lambda$callRunners$3(SpringApplication.java:772)
	at java.base/java.util.stream.ForEachOps$ForEachOp$OfRef.accept(ForEachOps.java:183)
	at java.base/java.util.stream.SortedOps$SizedRefSortingSink.end(SortedOps.java:357)
	at java.base/java.util.stream.AbstractPipeline.copyInto(AbstractPipeline.java:510)
	at java.base/java.util.stream.AbstractPipeline.wrapAndCopyInto(AbstractPipeline.java:499)
	at java.base/java.util.stream.ForEachOps$ForEachOp.evaluateSequential(ForEachOps.java:150)
	at java.base/java.util.stream.ForEachOps$ForEachOp$OfRef.evaluateSequential(ForEachOps.java:173)
	at java.base/java.util.stream.AbstractPipeline.evaluate(AbstractPipeline.java:234)
	at java.base/java.util.stream.ReferencePipeline.forEach(ReferencePipeline.java:596)
	at org.springframework.boot.SpringApplication.callRunners(SpringApplication.java:772)
	at org.springframework.boot.SpringApplication.run(SpringApplication.java:325)
	at org.springframework.boot.SpringApplication.run(SpringApplication.java:1361)
	at org.springframework.boot.SpringApplication.run(SpringApplication.java:1350)
	at com.aurionpro.papms.PaPmsApplication.main(PaPmsApplication.java:14)
	at java.base/jdk.internal.reflect.NativeMethodAccessorImpl.invoke0(Native Method)
	at java.base/jdk.internal.reflect.NativeMethodAccessorImpl.invoke(NativeMethodAccessorImpl.java:77)
	at java.base/jdk.internal.reflect.DelegatingMethodAccessorImpl.invoke(DelegatingMethodAccessorImpl.java:43)
	at java.base/java.lang.reflect.Method.invoke(Method.java:568)
	at org.springframework.boot.devtools.restart.RestartLauncher.run(RestartLauncher.java:50)
Caused by: org.springframework.beans.BeanInstantiationException: Failed to instantiate [org.springframework.batch.item.file.FlatFileItemReader]: Factory method 'employeeCsvReader' threw exception with message: Path must not be null
	at org.springframework.beans.factory.support.SimpleInstantiationStrategy.lambda$instantiate$0(SimpleInstantiationStrategy.java:200)
	at org.springframework.beans.factory.support.SimpleInstantiationStrategy.instantiateWithFactoryMethod(SimpleInstantiationStrategy.java:89)
	at org.springframework.beans.factory.support.SimpleInstantiationStrategy.instantiate(SimpleInstantiationStrategy.java:169)
	at org.springframework.beans.factory.support.ConstructorResolver.instantiate(ConstructorResolver.java:653)
	... 55 common frames omitted
Caused by: java.lang.IllegalArgumentException: Path must not be null
	at org.springframework.util.Assert.notNull(Assert.java:181)
	at org.springframework.core.io.FileSystemResource.<init>(FileSystemResource.java:84)
	at com.aurionpro.papms.config.BatchConfig.employeeCsvReader(BatchConfig.java:315)
	at com.aurionpro.papms.config.BatchConfig$$SpringCGLIB$$0.CGLIB$employeeCsvReader$1(<generated>)
	at com.aurionpro.papms.config.BatchConfig$$SpringCGLIB$$FastClass$$1.invoke(<generated>)
	at org.springframework.cglib.proxy.MethodProxy.invokeSuper(MethodProxy.java:258)
	at org.springframework.context.annotation.ConfigurationClassEnhancer$BeanMethodInterceptor.intercept(ConfigurationClassEnhancer.java:400)
	at com.aurionpro.papms.config.BatchConfig$$SpringCGLIB$$0.employeeCsvReader(<generated>)
	at java.base/jdk.internal.reflect.NativeMethodAccessorImpl.invoke0(Native Method)
	at java.base/jdk.internal.reflect.NativeMethodAccessorImpl.invoke(NativeMethodAccessorImpl.java:77)
	at java.base/jdk.internal.reflect.DelegatingMethodAccessorImpl.invoke(DelegatingMethodAccessorImpl.java:43)
	at java.base/java.lang.reflect.Method.invoke(Method.java:568)
	at org.springframework.beans.factory.support.SimpleInstantiationStrategy.lambda$instantiate$0(SimpleInstantiationStrategy.java:172)
	... 58 common frames omitted
2025-10-12 22:39:44.412 [restartedMain] INFO  o.s.batch.core.step.AbstractStep - Step: [employeeCsvImportStep] executed in 104ms
2025-10-12 22:39:44.419 [restartedMain] DEBUG o.s.b.c.r.dao.JdbcStepExecutionDao - Truncating long message before update of StepExecution, original message is: org.springframework.beans.factory.BeanCreationException: Error creating bean with name 'scopedTarget.employeeCsvReader' defined in class path resource [com/aurionpro/papms/config/BatchConfig.class]: Failed to instantiate [org.springframework.batch.item.file.FlatFileItemReader]: Factory method 'employeeCsvReader' threw exception with message: Path must not be null
	at org.springframework.beans.factory.support.ConstructorResolver.instantiate(ConstructorResolver.java:657)
	at org.springframework.beans.factory.support.ConstructorResolver.instantiateUsingFactoryMethod(ConstructorResolver.java:645)
	at org.springframework.beans.factory.support.AbstractAutowireCapableBeanFactory.instantiateUsingFactoryMethod(AbstractAutowireCapableBeanFactory.java:1375)
	at org.springframework.beans.factory.support.AbstractAutowireCapableBeanFactory.createBeanInstance(AbstractAutowireCapableBeanFactory.java:1205)
	at org.springframework.beans.factory.support.AbstractAutowireCapableBeanFactory.doCreateBean(AbstractAutowireCapableBeanFactory.java:569)
	at org.springframework.beans.factory.support.AbstractAutowireCapableBeanFactory.createBean(AbstractAutowireCapableBeanFactory.java:529)
	at org.springframework.beans.factory.support.AbstractBeanFactory.lambda$doGetBean$1(AbstractBeanFactory.java:378)
	at org.springframework.batch.core.scope.StepScope.get(StepScope.java:112)
	at org.springframework.beans.factory.support.AbstractBeanFactory.doGetBean(AbstractBeanFactory.java:375)
	at org.springframework.beans.factory.support.AbstractBeanFactory.getBean(AbstractBeanFactory.java:202)
	at org.springframework.aop.target.SimpleBeanTargetSource.getTarget(SimpleBeanTargetSource.java:35)
	at org.springframework.aop.framework.CglibAopProxy$DynamicAdvisedInterceptor.intercept(CglibAopProxy.java:712)
	at org.springframework.batch.item.file.FlatFileItemReader$$SpringCGLIB$$0.open(<generated>)
	at org.springframework.batch.item.support.CompositeItemStream.open(CompositeItemStream.java:138)
	at org.springframework.batch.core.step.tasklet.TaskletStep.open(TaskletStep.java:287)
	at org.springframework.batch.core.step.AbstractStep.execute(AbstractStep.java:227)
	at org.springframework.batch.core.job.SimpleStepHandler.handleStep(SimpleStepHandler.java:153)
	at org.springframework.batch.core.job.flow.JobFlowExecutor.executeStep(JobFlowExecutor.java:68)
	at org.springframework.batch.core.job.flow.support.state.StepState.handle(StepState.java:68)
	at org.springframework.batch.core.job.flow.support.SimpleFlow.resume(SimpleFlow.java:165)
	at org.springframework.batch.core.job.flow.support.SimpleFlow.start(SimpleFlow.java:140)
	at org.springframework.batch.core.job.flow.FlowJob.doExecute(FlowJob.java:132)
	at org.springframework.batch.core.job.AbstractJob.execute(AbstractJob.java:307)
	at org.springframework.batch.core.launch.support.TaskExecutorJobLauncher$1.run(TaskExecutorJobLauncher.java:155)
	at org.springframework.core.task.SyncTaskExecutor.execute(SyncTaskExecutor.java:50)
	at org.springframework.batch.core.launch.support.TaskExecutorJobLauncher.run(TaskExecutorJobLauncher.java:146)
	at org.springframework.boot.autoconfigure.batch.JobLauncherApplicationRunner.execute(JobLauncherApplicationRunner.java:210)
	at org.springframework.boot.autoconfigure.batch.JobLauncherApplicationRunner.executeLocalJobs(JobLauncherApplicationRunner.java:194)
	at org.springframework.boot.autoconfigure.batch.JobLauncherApplicationRunner.launchJobFromProperties(JobLauncherApplicationRunner.java:174)
	at org.springframework.boot.autoconfigure.batch.JobLauncherApplicationRunner.run(JobLauncherApplicationRunner.java:169)
	at org.springframework.boot.autoconfigure.batch.JobLauncherApplicationRunner.run(JobLauncherApplicationRunner.java:164)
	at org.springframework.boot.SpringApplication.lambda$callRunner$4(SpringApplication.java:784)
	at org.springframework.util.function.ThrowingConsumer$1.acceptWithException(ThrowingConsumer.java:82)
	at org.springframework.util.function.ThrowingConsumer.accept(ThrowingConsumer.java:60)
	at org.springframework.util.function.ThrowingConsumer$1.accept(ThrowingConsumer.java:86)
	at org.springframework.boot.SpringApplication.callRunner(SpringApplication.java:796)
	at org.springframework.boot.SpringApplication.callRunner(SpringApplication.java:784)
	at org.springframework.boot.SpringApplication.lambda$callRunners$3(SpringApplication.java:772)
	at java.base/java.util.stream.ForEachOps$ForEachOp$OfRef.accept(ForEachOps.java:183)
	at java.base/java.util.stream.SortedOps$SizedRefSortingSink.end(SortedOps.java:357)
	at java.base/java.util.stream.AbstractPipeline.copyInto(AbstractPipeline.java:510)
	at java.base/java.util.stream.AbstractPipeline.wrapAndCopyInto(AbstractPipeline.java:499)
	at java.base/java.util.stream.ForEachOps$ForEachOp.evaluateSequential(ForEachOps.java:150)
	at java.base/java.util.stream.ForEachOps$ForEachOp$OfRef.evaluateSequential(ForEachOps.java:173)
	at java.base/java.util.stream.AbstractPipeline.evaluate(AbstractPipeline.java:234)
	at java.base/java.util.stream.ReferencePipeline.forEach(ReferencePipeline.java:596)
	at org.springframework.boot.SpringApplication.callRunners(SpringApplication.java:772)
	at org.springframework.boot.SpringApplication.run(SpringApplication.java:325)
	at org.springframework.boot.SpringApplication.run(SpringApplication.java:1361)
	at org.springframework.boot.SpringApplication.run(SpringApplication.java:1350)
	at com.aurionpro.papms.PaPmsApplication.main(PaPmsApplication.java:14)
	at java.base/jdk.internal.reflect.NativeMethodAccessorImpl.invoke0(Native Method)
	at java.base/jdk.internal.reflect.NativeMethodAccessorImpl.invoke(NativeMethodAccessorImpl.java:77)
	at java.base/jdk.internal.reflect.DelegatingMethodAccessorImpl.invoke(DelegatingMethodAccessorImpl.java:43)
	at java.base/java.lang.reflect.Method.invoke(Method.java:568)
	at org.springframework.boot.devtools.restart.RestartLauncher.run(RestartLauncher.java:50)
Caused by: org.springframework.beans.BeanInstantiationException: Failed to instantiate [org.springframework.batch.item.file.FlatFileItemReader]: Factory method 'employeeCsvReader' threw exception with message: Path must not be null
	at org.springframework.beans.factory.support.SimpleInstantiationStrategy.lambda$instantiate$0(SimpleInstantiationStrategy.java:200)
	at org.springframework.beans.factory.support.SimpleInstantiationStrategy.instantiateWithFactoryMethod(SimpleInstantiationStrategy.java:89)
	at org.springframework.beans.factory.support.SimpleInstantiationStrategy.instantiate(SimpleInstantiationStrategy.java:169)
	at org.springframework.beans.factory.support.ConstructorResolver.instantiate(ConstructorResolver.java:653)
	... 55 more
Caused by: java.lang.IllegalArgumentException: Path must not be null
	at org.springframework.util.Assert.notNull(Assert.java:181)
	at org.springframework.core.io.FileSystemResource.<init>(FileSystemResource.java:84)
	at com.aurionpro.papms.config.BatchConfig.employeeCsvReader(BatchConfig.java:315)
	at com.aurionpro.papms.config.BatchConfig$$SpringCGLIB$$0.CGLIB$employeeCsvReader$1(<generated>)
	at com.aurionpro.papms.config.BatchConfig$$SpringCGLIB$$FastClass$$1.invoke(<generated>)
	at org.springframework.cglib.proxy.MethodProxy.invokeSuper(MethodProxy.java:258)
	at org.springframework.context.annotation.ConfigurationClassEnhancer$BeanMethodInterceptor.intercept(ConfigurationClassEnhancer.java:400)
	at com.aurionpro.papms.config.BatchConfig$$SpringCGLIB$$0.employeeCsvReader(<generated>)
	at java.base/jdk.internal.reflect.NativeMethodAccessorImpl.invoke0(Native Method)
	at java.base/jdk.internal.reflect.NativeMethodAccessorImpl.invoke(NativeMethodAccessorImpl.java:77)
	at java.base/jdk.internal.reflect.DelegatingMethodAccessorImpl.invoke(DelegatingMethodAccessorImpl.java:43)
	at java.base/java.lang.reflect.Method.invoke(Method.java:568)
	at org.springframework.beans.factory.support.SimpleInstantiationStrategy.lambda$instantiate$0(SimpleInstantiationStrategy.java:172)
	... 58 more

2025-10-12 22:39:44.426 [restartedMain] DEBUG o.s.batch.core.scope.StepScope - Creating object in scope=step, name=scopedTarget.employeeCsvReader
2025-10-12 22:39:44.427 [restartedMain] ERROR o.s.batch.core.step.AbstractStep - Exception while closing step execution resources in step employeeCsvImportStep in job employeeCsvImportJob
org.springframework.batch.item.ItemStreamException: Failed to close 1 delegate(s) due to exceptions
	at org.springframework.batch.item.support.CompositeItemStream.close(CompositeItemStream.java:123)
	at org.springframework.batch.core.step.tasklet.TaskletStep.close(TaskletStep.java:282)
	at org.springframework.batch.core.step.AbstractStep.execute(AbstractStep.java:313)
	at org.springframework.batch.core.job.SimpleStepHandler.handleStep(SimpleStepHandler.java:153)
	at org.springframework.batch.core.job.flow.JobFlowExecutor.executeStep(JobFlowExecutor.java:68)
	at org.springframework.batch.core.job.flow.support.state.StepState.handle(StepState.java:68)
	at org.springframework.batch.core.job.flow.support.SimpleFlow.resume(SimpleFlow.java:165)
	at org.springframework.batch.core.job.flow.support.SimpleFlow.start(SimpleFlow.java:140)
	at org.springframework.batch.core.job.flow.FlowJob.doExecute(FlowJob.java:132)
	at org.springframework.batch.core.job.AbstractJob.execute(AbstractJob.java:307)
	at org.springframework.batch.core.launch.support.TaskExecutorJobLauncher$1.run(TaskExecutorJobLauncher.java:155)
	at org.springframework.core.task.SyncTaskExecutor.execute(SyncTaskExecutor.java:50)
	at org.springframework.batch.core.launch.support.TaskExecutorJobLauncher.run(TaskExecutorJobLauncher.java:146)
	at org.springframework.boot.autoconfigure.batch.JobLauncherApplicationRunner.execute(JobLauncherApplicationRunner.java:210)
	at org.springframework.boot.autoconfigure.batch.JobLauncherApplicationRunner.executeLocalJobs(JobLauncherApplicationRunner.java:194)
	at org.springframework.boot.autoconfigure.batch.JobLauncherApplicationRunner.launchJobFromProperties(JobLauncherApplicationRunner.java:174)
	at org.springframework.boot.autoconfigure.batch.JobLauncherApplicationRunner.run(JobLauncherApplicationRunner.java:169)
	at org.springframework.boot.autoconfigure.batch.JobLauncherApplicationRunner.run(JobLauncherApplicationRunner.java:164)
	at org.springframework.boot.SpringApplication.lambda$callRunner$4(SpringApplication.java:784)
	at org.springframework.util.function.ThrowingConsumer$1.acceptWithException(ThrowingConsumer.java:82)
	at org.springframework.util.function.ThrowingConsumer.accept(ThrowingConsumer.java:60)
	at org.springframework.util.function.ThrowingConsumer$1.accept(ThrowingConsumer.java:86)
	at org.springframework.boot.SpringApplication.callRunner(SpringApplication.java:796)
	at org.springframework.boot.SpringApplication.callRunner(SpringApplication.java:784)
	at org.springframework.boot.SpringApplication.lambda$callRunners$3(SpringApplication.java:772)
	at java.base/java.util.stream.ForEachOps$ForEachOp$OfRef.accept(ForEachOps.java:183)
	at java.base/java.util.stream.SortedOps$SizedRefSortingSink.end(SortedOps.java:357)
	at java.base/java.util.stream.AbstractPipeline.copyInto(AbstractPipeline.java:510)
	at java.base/java.util.stream.AbstractPipeline.wrapAndCopyInto(AbstractPipeline.java:499)
	at java.base/java.util.stream.ForEachOps$ForEachOp.evaluateSequential(ForEachOps.java:150)
	at java.base/java.util.stream.ForEachOps$ForEachOp$OfRef.evaluateSequential(ForEachOps.java:173)
	at java.base/java.util.stream.AbstractPipeline.evaluate(AbstractPipeline.java:234)
	at java.base/java.util.stream.ReferencePipeline.forEach(ReferencePipeline.java:596)
	at org.springframework.boot.SpringApplication.callRunners(SpringApplication.java:772)
	at org.springframework.boot.SpringApplication.run(SpringApplication.java:325)
	at org.springframework.boot.SpringApplication.run(SpringApplication.java:1361)
	at org.springframework.boot.SpringApplication.run(SpringApplication.java:1350)
	at com.aurionpro.papms.PaPmsApplication.main(PaPmsApplication.java:14)
	at java.base/jdk.internal.reflect.NativeMethodAccessorImpl.invoke0(Native Method)
	at java.base/jdk.internal.reflect.NativeMethodAccessorImpl.invoke(NativeMethodAccessorImpl.java:77)
	at java.base/jdk.internal.reflect.DelegatingMethodAccessorImpl.invoke(DelegatingMethodAccessorImpl.java:43)
	at java.base/java.lang.reflect.Method.invoke(Method.java:568)
	at org.springframework.boot.devtools.restart.RestartLauncher.run(RestartLauncher.java:50)
	Suppressed: org.springframework.beans.factory.BeanCreationException: Error creating bean with name 'scopedTarget.employeeCsvReader' defined in class path resource [com/aurionpro/papms/config/BatchConfig.class]: Failed to instantiate [org.springframework.batch.item.file.FlatFileItemReader]: Factory method 'employeeCsvReader' threw exception with message: Path must not be null
		at org.springframework.beans.factory.support.ConstructorResolver.instantiate(ConstructorResolver.java:657)
		at org.springframework.beans.factory.support.ConstructorResolver.instantiateUsingFactoryMethod(ConstructorResolver.java:645)
		at org.springframework.beans.factory.support.AbstractAutowireCapableBeanFactory.instantiateUsingFactoryMethod(AbstractAutowireCapableBeanFactory.java:1375)
		at org.springframework.beans.factory.support.AbstractAutowireCapableBeanFactory.createBeanInstance(AbstractAutowireCapableBeanFactory.java:1205)
		at org.springframework.beans.factory.support.AbstractAutowireCapableBeanFactory.doCreateBean(AbstractAutowireCapableBeanFactory.java:569)
		at org.springframework.beans.factory.support.AbstractAutowireCapableBeanFactory.createBean(AbstractAutowireCapableBeanFactory.java:529)
		at org.springframework.beans.factory.support.AbstractBeanFactory.lambda$doGetBean$1(AbstractBeanFactory.java:378)
		at org.springframework.batch.core.scope.StepScope.get(StepScope.java:112)
		at org.springframework.beans.factory.support.AbstractBeanFactory.doGetBean(AbstractBeanFactory.java:375)
		at org.springframework.beans.factory.support.AbstractBeanFactory.getBean(AbstractBeanFactory.java:202)
		at org.springframework.aop.target.SimpleBeanTargetSource.getTarget(SimpleBeanTargetSource.java:35)
		at org.springframework.aop.framework.CglibAopProxy$DynamicAdvisedInterceptor.intercept(CglibAopProxy.java:712)
		at org.springframework.batch.item.file.FlatFileItemReader$$SpringCGLIB$$0.close(<generated>)
		at org.springframework.batch.item.support.CompositeItemStream.close(CompositeItemStream.java:114)
		... 42 common frames omitted
	Caused by: org.springframework.beans.BeanInstantiationException: Failed to instantiate [org.springframework.batch.item.file.FlatFileItemReader]: Factory method 'employeeCsvReader' threw exception with message: Path must not be null
		at org.springframework.beans.factory.support.SimpleInstantiationStrategy.lambda$instantiate$0(SimpleInstantiationStrategy.java:200)
		at org.springframework.beans.factory.support.SimpleInstantiationStrategy.instantiateWithFactoryMethod(SimpleInstantiationStrategy.java:89)
		at org.springframework.beans.factory.support.SimpleInstantiationStrategy.instantiate(SimpleInstantiationStrategy.java:169)
		at org.springframework.beans.factory.support.ConstructorResolver.instantiate(ConstructorResolver.java:653)
		... 55 common frames omitted
	Caused by: java.lang.IllegalArgumentException: Path must not be null
		at org.springframework.util.Assert.notNull(Assert.java:181)
		at org.springframework.core.io.FileSystemResource.<init>(FileSystemResource.java:84)
		at com.aurionpro.papms.config.BatchConfig.employeeCsvReader(BatchConfig.java:315)
		at com.aurionpro.papms.config.BatchConfig$$SpringCGLIB$$0.CGLIB$employeeCsvReader$1(<generated>)
		at com.aurionpro.papms.config.BatchConfig$$SpringCGLIB$$FastClass$$1.invoke(<generated>)
		at org.springframework.cglib.proxy.MethodProxy.invokeSuper(MethodProxy.java:258)
		at org.springframework.context.annotation.ConfigurationClassEnhancer$BeanMethodInterceptor.intercept(ConfigurationClassEnhancer.java:400)
		at com.aurionpro.papms.config.BatchConfig$$SpringCGLIB$$0.employeeCsvReader(<generated>)
		at java.base/jdk.internal.reflect.NativeMethodAccessorImpl.invoke0(Native Method)
		at java.base/jdk.internal.reflect.NativeMethodAccessorImpl.invoke(NativeMethodAccessorImpl.java:77)
		at java.base/jdk.internal.reflect.DelegatingMethodAccessorImpl.invoke(DelegatingMethodAccessorImpl.java:43)
		at java.base/java.lang.reflect.Method.invoke(Method.java:568)
		at org.springframework.beans.factory.support.SimpleInstantiationStrategy.lambda$instantiate$0(SimpleInstantiationStrategy.java:172)
		... 58 common frames omitted
2025-10-12 22:39:44.429 [restartedMain] DEBUG o.s.batch.core.step.AbstractStep - Step execution complete: StepExecution: id=1, version=2, name=employeeCsvImportStep, status=FAILED, exitStatus=FAILED, readCount=0, filterCount=0, writeCount=0 readSkipCount=0, writeSkipCount=0, processSkipCount=0, commitCount=0, rollbackCount=0
2025-10-12 22:39:44.435 [restartedMain] DEBUG o.s.b.c.job.flow.support.SimpleFlow - Completed state=employeeCsvImportJob.step0 with status=FAILED
2025-10-12 22:39:44.436 [restartedMain] DEBUG o.s.b.c.job.flow.support.SimpleFlow - Handling state=employeeCsvImportJob.FAILED
2025-10-12 22:39:44.436 [restartedMain] DEBUG o.s.b.c.job.flow.support.SimpleFlow - Completed state=employeeCsvImportJob.FAILED with status=FAILED
2025-10-12 22:39:44.437 [restartedMain] DEBUG o.s.batch.core.job.AbstractJob - Job execution complete: JobExecution: id=1, version=1, startTime=2025-10-12T22:39:44.279612500, endTime=null, lastUpdated=2025-10-12T22:39:44.279612500, status=FAILED, exitStatus=exitCode=FAILED;exitDescription=, job=[JobInstance: id=1, version=0, Job=[employeeCsvImportJob]], jobParameters=[{'run.id':'{value=1, type=class java.lang.Long, identifying=true}'}]
2025-10-12 22:39:44.438 [restartedMain] ERROR c.a.p.b.JobCompletionNotificationListener - !!! EMPLOYEE IMPORT JOB FAILED! Check logs for details.
2025-10-12 22:39:44.446 [restartedMain] INFO  o.s.b.c.l.s.TaskExecutorJobLauncher - Job: [FlowJob: [name=employeeCsvImportJob]] completed with the following parameters: [{'run.id':'{value=1, type=class java.lang.Long, identifying=true}'}] and the following status: [FAILED] in 158ms
2025-10-12 22:39:44.448 [restartedMain] INFO  c.aurionpro.papms.config.DataSeeder - DataSeeder running...
2025-10-12 22:39:44.464 [restartedMain] DEBUG org.hibernate.SQL - 
    select
        count(u1_0.id) 
    from
        users u1_0 
    where
        u1_0.role=?
2025-10-12 22:39:44.464 [restartedMain] TRACE org.hibernate.orm.jdbc.bind - binding parameter (1:ENUM) <- [BANK_ADMIN]
2025-10-12 22:39:44.467 [restartedMain] INFO  c.aurionpro.papms.config.DataSeeder - No BANK_ADMIN found. Creating default BANK_ADMIN user.
2025-10-12 22:39:44.566 [restartedMain] DEBUG org.hibernate.SQL - 
    insert 
    into
        users
        (created_at, email, full_name, is_active, organization_id, password, requires_password_change, role, updated_at, username) 
    values
        (?, ?, ?, ?, ?, ?, ?, ?, ?, ?)
2025-10-12 22:39:44.568 [restartedMain] TRACE org.hibernate.orm.jdbc.bind - binding parameter (1:TIMESTAMP) <- [2025-10-12T22:39:44.562245]
2025-10-12 22:39:44.568 [restartedMain] TRACE org.hibernate.orm.jdbc.bind - binding parameter (2:VARCHAR) <- [opaniketgupta@gmail.com]
2025-10-12 22:39:44.568 [restartedMain] TRACE org.hibernate.orm.jdbc.bind - binding parameter (3:VARCHAR) <- [Ani]
2025-10-12 22:39:44.568 [restartedMain] TRACE org.hibernate.orm.jdbc.bind - binding parameter (4:BOOLEAN) <- [true]
2025-10-12 22:39:44.568 [restartedMain] TRACE org.hibernate.orm.jdbc.bind - binding parameter (5:INTEGER) <- [null]
2025-10-12 22:39:44.568 [restartedMain] TRACE org.hibernate.orm.jdbc.bind - binding parameter (6:VARCHAR) <- [$2a$10$Jngc4hFuGzFWKRm2tRCXPuY7l6YwHeWgEfXpnXVvNlPCWk.d3D2p.]
2025-10-12 22:39:44.568 [restartedMain] TRACE org.hibernate.orm.jdbc.bind - binding parameter (7:BOOLEAN) <- [false]
2025-10-12 22:39:44.568 [restartedMain] TRACE org.hibernate.orm.jdbc.bind - binding parameter (8:ENUM) <- [BANK_ADMIN]
2025-10-12 22:39:44.568 [restartedMain] TRACE org.hibernate.orm.jdbc.bind - binding parameter (9:TIMESTAMP) <- [2025-10-12T22:39:44.562245]
2025-10-12 22:39:44.568 [restartedMain] TRACE org.hibernate.orm.jdbc.bind - binding parameter (10:VARCHAR) <- [Ani]
2025-10-12 22:39:44.581 [restartedMain] INFO  c.aurionpro.papms.config.DataSeeder - Default BANK_ADMIN user 'Ani' created successfully.
2025-10-12 22:39:44.595 [restartedMain] INFO  c.aurionpro.papms.PaPmsApplication - PaPmsApplication started successfully!
2025-10-12 22:58:31.299 [File Watcher] INFO  o.s.b.d.a.LocalDevToolsAutoConfiguration$RestartingClassPathChangeChangedEventListener - Restarting due to 1 class path change (0 additions, 0 deletions, 1 modification)
2025-10-12 22:58:31.304 [Thread-5] INFO  o.s.b.w.e.tomcat.GracefulShutdown - Commencing graceful shutdown. Waiting for active requests to complete
2025-10-12 22:58:31.305 [tomcat-shutdown] INFO  o.a.coyote.http11.Http11NioProtocol - Pausing ProtocolHandler ["http-nio-8080"]
2025-10-12 22:58:31.981 [tomcat-shutdown] INFO  o.s.b.w.e.tomcat.GracefulShutdown - Graceful shutdown complete
2025-10-12 22:58:31.983 [Thread-5] INFO  o.a.coyote.http11.Http11NioProtocol - Stopping ProtocolHandler ["http-nio-8080"]
2025-10-12 22:58:31.985 [Thread-5] DEBUG o.s.b.c.c.s.JobRegistrySmartInitializingSingleton - Unregistering job: employeeCsvImportJob
2025-10-12 22:58:31.989 [Thread-5] INFO  o.s.o.j.LocalContainerEntityManagerFactoryBean - Closing JPA EntityManagerFactory for persistence unit 'default'
2025-10-12 22:58:31.993 [Thread-5] INFO  com.zaxxer.hikari.HikariDataSource - HikariPool-1 - Shutdown initiated...
2025-10-12 22:58:32.001 [Thread-5] INFO  com.zaxxer.hikari.HikariDataSource - HikariPool-1 - Shutdown completed.
2025-10-12 22:58:32.136 [restartedMain] INFO  c.aurionpro.papms.PaPmsApplication - Starting PaPmsApplication using Java 17.0.1 with PID 37540 (D:\Swabhav_Java_FullStack\Project\Project\PaPMS\target\classes started by aniket.gupta in D:\Swabhav_Java_FullStack\Project\Project\PaPMS)
2025-10-12 22:58:32.136 [restartedMain] DEBUG c.aurionpro.papms.PaPmsApplication - Running with Spring Boot v3.5.5, Spring v6.2.10
2025-10-12 22:58:32.136 [restartedMain] INFO  c.aurionpro.papms.PaPmsApplication - No active profile set, falling back to 1 default profile: "default"
2025-10-12 22:58:32.914 [restartedMain] INFO  o.s.d.r.c.RepositoryConfigurationDelegate - Bootstrapping Spring Data JPA repositories in DEFAULT mode.
2025-10-12 22:58:33.107 [restartedMain] INFO  o.s.d.r.c.RepositoryConfigurationDelegate - Finished Spring Data repository scanning in 192 ms. Found 17 JPA repository interfaces.
2025-10-12 22:58:33.359 [restartedMain] INFO  o.s.b.w.e.tomcat.TomcatWebServer - Tomcat initialized with port 8080 (http)
2025-10-12 22:58:33.360 [restartedMain] INFO  o.a.coyote.http11.Http11NioProtocol - Initializing ProtocolHandler ["http-nio-8080"]
2025-10-12 22:58:33.360 [restartedMain] INFO  o.a.catalina.core.StandardService - Starting service [Tomcat]
2025-10-12 22:58:33.360 [restartedMain] INFO  o.a.catalina.core.StandardEngine - Starting Servlet engine: [Apache Tomcat/10.1.44]
2025-10-12 22:58:33.405 [restartedMain] INFO  o.a.c.c.C.[Tomcat].[localhost].[/] - Initializing Spring embedded WebApplicationContext
2025-10-12 22:58:33.406 [restartedMain] INFO  o.s.b.w.s.c.ServletWebServerApplicationContext - Root WebApplicationContext: initialization completed in 1268 ms
2025-10-12 22:58:33.462 [restartedMain] INFO  com.zaxxer.hikari.HikariDataSource - HikariPool-2 - Starting...
2025-10-12 22:58:33.482 [restartedMain] INFO  com.zaxxer.hikari.pool.HikariPool - HikariPool-2 - Added connection com.mysql.cj.jdbc.ConnectionImpl@6b617689
2025-10-12 22:58:33.482 [restartedMain] INFO  com.zaxxer.hikari.HikariDataSource - HikariPool-2 - Start completed.
2025-10-12 22:58:33.546 [restartedMain] INFO  o.h.jpa.internal.util.LogHelper - HHH000204: Processing PersistenceUnitInfo [name: default]
2025-10-12 22:58:33.549 [restartedMain] INFO  o.h.c.i.RegionFactoryInitiator - HHH000026: Second-level cache disabled
2025-10-12 22:58:33.562 [restartedMain] INFO  o.s.o.j.p.SpringPersistenceUnitInfo - No LoadTimeWeaver setup: ignoring JPA class transformer
2025-10-12 22:58:33.566 [restartedMain] WARN  org.hibernate.orm.deprecation - HHH90000025: MySQLDialect does not need to be specified explicitly using 'hibernate.dialect' (remove the property setting and it will be selected by default)
2025-10-12 22:58:33.566 [restartedMain] INFO  o.hibernate.orm.connections.pooling - HHH10001005: Database info:
	Database JDBC URL [Connecting through datasource 'HikariDataSource (HikariPool-2)']
	Database driver: undefined/unknown
	Database version: 8.0.42
	Autocommit mode: undefined/unknown
	Isolation level: undefined/unknown
	Minimum pool size: undefined/unknown
	Maximum pool size: undefined/unknown
2025-10-12 22:58:33.890 [restartedMain] INFO  o.h.e.t.j.p.i.JtaPlatformInitiator - HHH000489: No JTA platform available (set 'hibernate.transaction.jta.platform' to enable JTA platform integration)
2025-10-12 22:58:34.079 [restartedMain] INFO  o.s.o.j.LocalContainerEntityManagerFactoryBean - Initialized JPA EntityManagerFactory for persistence unit 'default'
2025-10-12 22:58:34.145 [restartedMain] DEBUG c.a.p.security.filter.JwtAuthFilter - Filter 'jwtAuthFilter' configured for use
2025-10-12 22:58:34.256 [restartedMain] INFO  o.s.s.c.a.a.c.InitializeAuthenticationProviderBeanManagerConfigurer$InitializeAuthenticationProviderManagerConfigurer - Global AuthenticationManager configured with AuthenticationProvider bean with name authenticationProvider
2025-10-12 22:58:34.256 [restartedMain] WARN  o.s.s.c.a.a.c.InitializeUserDetailsBeanManagerConfigurer$InitializeUserDetailsManagerConfigurer - Global AuthenticationManager configured with an AuthenticationProvider bean. UserDetailsService beans will not be used by Spring Security for automatically configuring username/password login. Consider removing the AuthenticationProvider bean. Alternatively, consider using the UserDetailsService in a manually instantiated DaoAuthenticationProvider. If the current configuration is intentional, to turn off this warning, increase the logging level of 'org.springframework.security.config.annotation.authentication.configuration.InitializeUserDetailsBeanManagerConfigurer' to ERROR
2025-10-12 22:58:34.644 [restartedMain] WARN  o.s.b.a.o.j.JpaBaseConfiguration$JpaWebConfiguration - spring.jpa.open-in-view is enabled by default. Therefore, database queries may be performed during view rendering. Explicitly configure spring.jpa.open-in-view to disable this warning
2025-10-12 22:58:35.161 [restartedMain] INFO  o.s.b.d.a.OptionalLiveReloadServer - LiveReload server is running on port 35729
2025-10-12 22:58:35.203 [restartedMain] DEBUG o.s.b.c.c.s.JobRegistrySmartInitializingSingleton - Registering job: employeeCsvImportJob
2025-10-12 22:58:35.206 [restartedMain] INFO  o.a.coyote.http11.Http11NioProtocol - Starting ProtocolHandler ["http-nio-8080"]
2025-10-12 22:58:35.216 [restartedMain] INFO  o.s.b.w.e.tomcat.TomcatWebServer - Tomcat started on port 8080 (http) with context path '/'
2025-10-12 22:58:35.230 [restartedMain] INFO  c.aurionpro.papms.PaPmsApplication - Started PaPmsApplication in 3.166 seconds (process running for 1141.709)
2025-10-12 22:58:35.234 [restartedMain] INFO  c.aurionpro.papms.config.DataSeeder - DataSeeder running...
2025-10-12 22:58:35.236 [restartedMain] DEBUG org.hibernate.SQL - 
    select
        count(u1_0.id) 
    from
        users u1_0 
    where
        u1_0.role=?
2025-10-12 22:58:35.236 [restartedMain] TRACE org.hibernate.orm.jdbc.bind - binding parameter (1:ENUM) <- [BANK_ADMIN]
2025-10-12 22:58:35.238 [restartedMain] INFO  c.aurionpro.papms.config.DataSeeder - BANK_ADMIN user already exists. Skipping creation.
2025-10-12 22:58:35.245 [restartedMain] INFO  o.s.b.d.a.ConditionEvaluationDeltaLoggingListener - Condition evaluation delta:


==========================
CONDITION EVALUATION DELTA
==========================


Positive matches:
-----------------

    None


Negative matches:
-----------------

   BatchAutoConfiguration#jobLauncherApplicationRunner:
      Did not match:
         - @ConditionalOnBooleanProperty (spring.batch.job.enabled=true) found different value in property 'spring.batch.job.enabled' (OnPropertyCondition)


Exclusions:
-----------

    None


Unconditional classes:
----------------------

    None



2025-10-12 22:58:35.245 [restartedMain] INFO  c.aurionpro.papms.PaPmsApplication - PaPmsApplication started successfully!
2025-10-12 22:58:36.637 [File Watcher] INFO  o.s.b.d.a.LocalDevToolsAutoConfiguration$RestartingClassPathChangeChangedEventListener - Restarting due to 1 class path change (0 additions, 0 deletions, 1 modification)
2025-10-12 22:58:36.639 [Thread-7] INFO  o.s.b.w.e.tomcat.GracefulShutdown - Commencing graceful shutdown. Waiting for active requests to complete
2025-10-12 22:58:36.639 [tomcat-shutdown] INFO  o.a.coyote.http11.Http11NioProtocol - Pausing ProtocolHandler ["http-nio-8080"]
2025-10-12 22:58:37.227 [tomcat-shutdown] INFO  o.s.b.w.e.tomcat.GracefulShutdown - Graceful shutdown complete
2025-10-12 22:58:37.228 [Thread-7] INFO  o.a.coyote.http11.Http11NioProtocol - Stopping ProtocolHandler ["http-nio-8080"]
2025-10-12 22:58:37.230 [Thread-7] DEBUG o.s.b.c.c.s.JobRegistrySmartInitializingSingleton - Unregistering job: employeeCsvImportJob
2025-10-12 22:58:37.233 [Thread-7] INFO  o.s.o.j.LocalContainerEntityManagerFactoryBean - Closing JPA EntityManagerFactory for persistence unit 'default'
2025-10-12 22:58:37.234 [Thread-7] INFO  com.zaxxer.hikari.HikariDataSource - HikariPool-2 - Shutdown initiated...
2025-10-12 22:58:37.238 [Thread-7] INFO  com.zaxxer.hikari.HikariDataSource - HikariPool-2 - Shutdown completed.
2025-10-12 22:58:37.379 [restartedMain] INFO  c.aurionpro.papms.PaPmsApplication - Starting PaPmsApplication using Java 17.0.1 with PID 37540 (D:\Swabhav_Java_FullStack\Project\Project\PaPMS\target\classes started by aniket.gupta in D:\Swabhav_Java_FullStack\Project\Project\PaPMS)
2025-10-12 22:58:37.379 [restartedMain] DEBUG c.aurionpro.papms.PaPmsApplication - Running with Spring Boot v3.5.5, Spring v6.2.10
2025-10-12 22:58:37.380 [restartedMain] INFO  c.aurionpro.papms.PaPmsApplication - No active profile set, falling back to 1 default profile: "default"
2025-10-12 22:58:38.070 [restartedMain] INFO  o.s.d.r.c.RepositoryConfigurationDelegate - Bootstrapping Spring Data JPA repositories in DEFAULT mode.
2025-10-12 22:58:38.239 [restartedMain] INFO  o.s.d.r.c.RepositoryConfigurationDelegate - Finished Spring Data repository scanning in 169 ms. Found 17 JPA repository interfaces.
2025-10-12 22:58:38.497 [restartedMain] INFO  o.s.b.w.e.tomcat.TomcatWebServer - Tomcat initialized with port 8080 (http)
2025-10-12 22:58:38.497 [restartedMain] INFO  o.a.coyote.http11.Http11NioProtocol - Initializing ProtocolHandler ["http-nio-8080"]
2025-10-12 22:58:38.497 [restartedMain] INFO  o.a.catalina.core.StandardService - Starting service [Tomcat]
2025-10-12 22:58:38.497 [restartedMain] INFO  o.a.catalina.core.StandardEngine - Starting Servlet engine: [Apache Tomcat/10.1.44]
2025-10-12 22:58:38.546 [restartedMain] INFO  o.a.c.c.C.[Tomcat].[localhost].[/] - Initializing Spring embedded WebApplicationContext
2025-10-12 22:58:38.546 [restartedMain] INFO  o.s.b.w.s.c.ServletWebServerApplicationContext - Root WebApplicationContext: initialization completed in 1164 ms
2025-10-12 22:58:38.586 [restartedMain] INFO  com.zaxxer.hikari.HikariDataSource - HikariPool-3 - Starting...
2025-10-12 22:58:38.610 [restartedMain] INFO  com.zaxxer.hikari.pool.HikariPool - HikariPool-3 - Added connection com.mysql.cj.jdbc.ConnectionImpl@5d117275
2025-10-12 22:58:38.610 [restartedMain] INFO  com.zaxxer.hikari.HikariDataSource - HikariPool-3 - Start completed.
2025-10-12 22:58:38.659 [restartedMain] INFO  o.h.jpa.internal.util.LogHelper - HHH000204: Processing PersistenceUnitInfo [name: default]
2025-10-12 22:58:38.663 [restartedMain] INFO  o.h.c.i.RegionFactoryInitiator - HHH000026: Second-level cache disabled
2025-10-12 22:58:38.674 [restartedMain] INFO  o.s.o.j.p.SpringPersistenceUnitInfo - No LoadTimeWeaver setup: ignoring JPA class transformer
2025-10-12 22:58:38.676 [restartedMain] WARN  org.hibernate.orm.deprecation - HHH90000025: MySQLDialect does not need to be specified explicitly using 'hibernate.dialect' (remove the property setting and it will be selected by default)
2025-10-12 22:58:38.676 [restartedMain] INFO  o.hibernate.orm.connections.pooling - HHH10001005: Database info:
	Database JDBC URL [Connecting through datasource 'HikariDataSource (HikariPool-3)']
	Database driver: undefined/unknown
	Database version: 8.0.42
	Autocommit mode: undefined/unknown
	Isolation level: undefined/unknown
	Minimum pool size: undefined/unknown
	Maximum pool size: undefined/unknown
2025-10-12 22:58:39.033 [restartedMain] INFO  o.h.e.t.j.p.i.JtaPlatformInitiator - HHH000489: No JTA platform available (set 'hibernate.transaction.jta.platform' to enable JTA platform integration)
2025-10-12 22:58:39.151 [restartedMain] INFO  o.s.o.j.LocalContainerEntityManagerFactoryBean - Initialized JPA EntityManagerFactory for persistence unit 'default'
2025-10-12 22:58:39.263 [restartedMain] DEBUG c.a.p.security.filter.JwtAuthFilter - Filter 'jwtAuthFilter' configured for use
2025-10-12 22:58:39.452 [restartedMain] INFO  o.s.s.c.a.a.c.InitializeAuthenticationProviderBeanManagerConfigurer$InitializeAuthenticationProviderManagerConfigurer - Global AuthenticationManager configured with AuthenticationProvider bean with name authenticationProvider
2025-10-12 22:58:39.452 [restartedMain] WARN  o.s.s.c.a.a.c.InitializeUserDetailsBeanManagerConfigurer$InitializeUserDetailsManagerConfigurer - Global AuthenticationManager configured with an AuthenticationProvider bean. UserDetailsService beans will not be used by Spring Security for automatically configuring username/password login. Consider removing the AuthenticationProvider bean. Alternatively, consider using the UserDetailsService in a manually instantiated DaoAuthenticationProvider. If the current configuration is intentional, to turn off this warning, increase the logging level of 'org.springframework.security.config.annotation.authentication.configuration.InitializeUserDetailsBeanManagerConfigurer' to ERROR
2025-10-12 22:58:40.096 [restartedMain] WARN  o.s.b.a.o.j.JpaBaseConfiguration$JpaWebConfiguration - spring.jpa.open-in-view is enabled by default. Therefore, database queries may be performed during view rendering. Explicitly configure spring.jpa.open-in-view to disable this warning
2025-10-12 22:58:40.549 [restartedMain] INFO  o.s.b.d.a.OptionalLiveReloadServer - LiveReload server is running on port 35729
2025-10-12 22:58:40.570 [restartedMain] DEBUG o.s.b.c.c.s.JobRegistrySmartInitializingSingleton - Registering job: employeeCsvImportJob
2025-10-12 22:58:40.570 [restartedMain] INFO  o.a.coyote.http11.Http11NioProtocol - Starting ProtocolHandler ["http-nio-8080"]
2025-10-12 22:58:40.578 [restartedMain] INFO  o.s.b.w.e.tomcat.TomcatWebServer - Tomcat started on port 8080 (http) with context path '/'
2025-10-12 22:58:40.586 [restartedMain] INFO  c.aurionpro.papms.PaPmsApplication - Started PaPmsApplication in 3.257 seconds (process running for 1147.064)
2025-10-12 22:58:40.587 [restartedMain] INFO  c.aurionpro.papms.config.DataSeeder - DataSeeder running...
2025-10-12 22:58:40.588 [restartedMain] DEBUG org.hibernate.SQL - 
    select
        count(u1_0.id) 
    from
        users u1_0 
    where
        u1_0.role=?
2025-10-12 22:58:40.589 [restartedMain] TRACE org.hibernate.orm.jdbc.bind - binding parameter (1:ENUM) <- [BANK_ADMIN]
2025-10-12 22:58:40.589 [restartedMain] INFO  c.aurionpro.papms.config.DataSeeder - BANK_ADMIN user already exists. Skipping creation.
2025-10-12 22:58:40.592 [restartedMain] INFO  o.s.b.d.a.ConditionEvaluationDeltaLoggingListener - Condition evaluation unchanged
2025-10-12 22:58:40.592 [restartedMain] INFO  c.aurionpro.papms.PaPmsApplication - PaPmsApplication started successfully!
2025-10-12 22:59:00.358 [SpringApplicationShutdownHook] INFO  o.s.b.w.e.tomcat.GracefulShutdown - Commencing graceful shutdown. Waiting for active requests to complete
2025-10-12 22:59:00.662 [tomcat-shutdown] INFO  o.s.b.w.e.tomcat.GracefulShutdown - Graceful shutdown complete
2025-10-12 22:59:00.665 [SpringApplicationShutdownHook] DEBUG o.s.b.c.c.s.JobRegistrySmartInitializingSingleton - Unregistering job: employeeCsvImportJob
2025-10-12 22:59:00.667 [SpringApplicationShutdownHook] INFO  o.s.o.j.LocalContainerEntityManagerFactoryBean - Closing JPA EntityManagerFactory for persistence unit 'default'
2025-10-12 22:59:00.668 [SpringApplicationShutdownHook] INFO  com.zaxxer.hikari.HikariDataSource - HikariPool-3 - Shutdown initiated...
2025-10-12 22:59:00.671 [SpringApplicationShutdownHook] INFO  com.zaxxer.hikari.HikariDataSource - HikariPool-3 - Shutdown completed.
2025-10-12 22:59:16.631 [background-preinit] INFO  o.h.validator.internal.util.Version - HV000001: Hibernate Validator 8.0.3.Final
2025-10-12 22:59:16.690 [restartedMain] INFO  c.aurionpro.papms.PaPmsApplication - Starting PaPmsApplication using Java 17.0.1 with PID 40360 (D:\Swabhav_Java_FullStack\Project\Project\PaPMS\target\classes started by aniket.gupta in D:\Swabhav_Java_FullStack\Project\Project\PaPMS)
2025-10-12 22:59:16.691 [restartedMain] DEBUG c.aurionpro.papms.PaPmsApplication - Running with Spring Boot v3.5.5, Spring v6.2.10
2025-10-12 22:59:16.692 [restartedMain] INFO  c.aurionpro.papms.PaPmsApplication - No active profile set, falling back to 1 default profile: "default"
2025-10-12 22:59:16.743 [restartedMain] INFO  o.s.b.d.e.DevToolsPropertyDefaultsPostProcessor - Devtools property defaults active! Set 'spring.devtools.add-properties' to 'false' to disable
2025-10-12 22:59:16.744 [restartedMain] INFO  o.s.b.d.e.DevToolsPropertyDefaultsPostProcessor - For additional web related logging consider setting the 'logging.level.web' property to 'DEBUG'
2025-10-12 22:59:17.822 [restartedMain] INFO  o.s.d.r.c.RepositoryConfigurationDelegate - Bootstrapping Spring Data JPA repositories in DEFAULT mode.
2025-10-12 22:59:17.990 [restartedMain] INFO  o.s.d.r.c.RepositoryConfigurationDelegate - Finished Spring Data repository scanning in 161 ms. Found 17 JPA repository interfaces.
2025-10-12 22:59:18.629 [restartedMain] INFO  o.s.b.w.e.tomcat.TomcatWebServer - Tomcat initialized with port 8080 (http)
2025-10-12 22:59:18.637 [restartedMain] INFO  o.a.coyote.http11.Http11NioProtocol - Initializing ProtocolHandler ["http-nio-8080"]
2025-10-12 22:59:18.638 [restartedMain] INFO  o.a.catalina.core.StandardService - Starting service [Tomcat]
2025-10-12 22:59:18.638 [restartedMain] INFO  o.a.catalina.core.StandardEngine - Starting Servlet engine: [Apache Tomcat/10.1.44]
2025-10-12 22:59:18.688 [restartedMain] INFO  o.a.c.c.C.[Tomcat].[localhost].[/] - Initializing Spring embedded WebApplicationContext
2025-10-12 22:59:18.689 [restartedMain] INFO  o.s.b.w.s.c.ServletWebServerApplicationContext - Root WebApplicationContext: initialization completed in 1945 ms
2025-10-12 22:59:18.746 [restartedMain] INFO  com.zaxxer.hikari.HikariDataSource - HikariPool-1 - Starting...
2025-10-12 22:59:18.986 [restartedMain] INFO  com.zaxxer.hikari.pool.HikariPool - HikariPool-1 - Added connection com.mysql.cj.jdbc.ConnectionImpl@39138ca2
2025-10-12 22:59:18.988 [restartedMain] INFO  com.zaxxer.hikari.HikariDataSource - HikariPool-1 - Start completed.
2025-10-12 22:59:19.108 [restartedMain] INFO  o.h.jpa.internal.util.LogHelper - HHH000204: Processing PersistenceUnitInfo [name: default]
2025-10-12 22:59:19.148 [restartedMain] INFO  org.hibernate.Version - HHH000412: Hibernate ORM core version 6.6.26.Final
2025-10-12 22:59:19.175 [restartedMain] INFO  o.h.c.i.RegionFactoryInitiator - HHH000026: Second-level cache disabled
2025-10-12 22:59:19.392 [restartedMain] INFO  o.s.o.j.p.SpringPersistenceUnitInfo - No LoadTimeWeaver setup: ignoring JPA class transformer
2025-10-12 22:59:19.447 [restartedMain] WARN  org.hibernate.orm.deprecation - HHH90000025: MySQLDialect does not need to be specified explicitly using 'hibernate.dialect' (remove the property setting and it will be selected by default)
2025-10-12 22:59:19.458 [restartedMain] INFO  o.hibernate.orm.connections.pooling - HHH10001005: Database info:
	Database JDBC URL [Connecting through datasource 'HikariDataSource (HikariPool-1)']
	Database driver: undefined/unknown
	Database version: 8.0.42
	Autocommit mode: undefined/unknown
	Isolation level: undefined/unknown
	Minimum pool size: undefined/unknown
	Maximum pool size: undefined/unknown
2025-10-12 22:59:20.440 [restartedMain] INFO  o.h.e.t.j.p.i.JtaPlatformInitiator - HHH000489: No JTA platform available (set 'hibernate.transaction.jta.platform' to enable JTA platform integration)
2025-10-12 22:59:20.596 [restartedMain] INFO  o.s.o.j.LocalContainerEntityManagerFactoryBean - Initialized JPA EntityManagerFactory for persistence unit 'default'
2025-10-12 22:59:20.805 [restartedMain] INFO  o.s.d.j.r.query.QueryEnhancerFactory - Hibernate is in classpath; If applicable, HQL parser will be used.
2025-10-12 22:59:21.125 [restartedMain] DEBUG c.a.p.security.filter.JwtAuthFilter - Filter 'jwtAuthFilter' configured for use
2025-10-12 22:59:21.372 [restartedMain] INFO  o.s.s.c.a.a.c.InitializeAuthenticationProviderBeanManagerConfigurer$InitializeAuthenticationProviderManagerConfigurer - Global AuthenticationManager configured with AuthenticationProvider bean with name authenticationProvider
2025-10-12 22:59:21.372 [restartedMain] WARN  o.s.s.c.a.a.c.InitializeUserDetailsBeanManagerConfigurer$InitializeUserDetailsManagerConfigurer - Global AuthenticationManager configured with an AuthenticationProvider bean. UserDetailsService beans will not be used by Spring Security for automatically configuring username/password login. Consider removing the AuthenticationProvider bean. Alternatively, consider using the UserDetailsService in a manually instantiated DaoAuthenticationProvider. If the current configuration is intentional, to turn off this warning, increase the logging level of 'org.springframework.security.config.annotation.authentication.configuration.InitializeUserDetailsBeanManagerConfigurer' to ERROR
2025-10-12 22:59:22.041 [restartedMain] WARN  o.s.b.a.o.j.JpaBaseConfiguration$JpaWebConfiguration - spring.jpa.open-in-view is enabled by default. Therefore, database queries may be performed during view rendering. Explicitly configure spring.jpa.open-in-view to disable this warning
2025-10-12 22:59:22.594 [restartedMain] INFO  o.s.b.d.a.OptionalLiveReloadServer - LiveReload server is running on port 35729
2025-10-12 22:59:22.612 [restartedMain] DEBUG o.s.b.c.c.s.JobRegistrySmartInitializingSingleton - Registering job: employeeCsvImportJob
2025-10-12 22:59:22.618 [restartedMain] INFO  o.a.coyote.http11.Http11NioProtocol - Starting ProtocolHandler ["http-nio-8080"]
2025-10-12 22:59:22.638 [restartedMain] INFO  o.s.b.w.e.tomcat.TomcatWebServer - Tomcat started on port 8080 (http) with context path '/'
2025-10-12 22:59:22.649 [restartedMain] INFO  c.aurionpro.papms.PaPmsApplication - Started PaPmsApplication in 6.461 seconds (process running for 7.366)
2025-10-12 22:59:22.659 [restartedMain] INFO  c.aurionpro.papms.config.DataSeeder - DataSeeder running...
2025-10-12 22:59:22.709 [restartedMain] DEBUG org.hibernate.SQL - 
    select
        count(u1_0.id) 
    from
        users u1_0 
    where
        u1_0.role=?
2025-10-12 22:59:22.710 [restartedMain] TRACE org.hibernate.orm.jdbc.bind - binding parameter (1:ENUM) <- [BANK_ADMIN]
2025-10-12 22:59:22.720 [restartedMain] INFO  c.aurionpro.papms.config.DataSeeder - BANK_ADMIN user already exists. Skipping creation.
2025-10-12 22:59:22.724 [restartedMain] INFO  c.aurionpro.papms.PaPmsApplication - PaPmsApplication started successfully!
2025-10-12 22:59:40.900 [SpringApplicationShutdownHook] INFO  o.s.b.w.e.tomcat.GracefulShutdown - Commencing graceful shutdown. Waiting for active requests to complete
2025-10-12 22:59:41.248 [tomcat-shutdown] INFO  o.s.b.w.e.tomcat.GracefulShutdown - Graceful shutdown complete
2025-10-12 22:59:41.251 [SpringApplicationShutdownHook] DEBUG o.s.b.c.c.s.JobRegistrySmartInitializingSingleton - Unregistering job: employeeCsvImportJob
2025-10-12 22:59:41.255 [SpringApplicationShutdownHook] INFO  o.s.o.j.LocalContainerEntityManagerFactoryBean - Closing JPA EntityManagerFactory for persistence unit 'default'
2025-10-12 22:59:41.257 [SpringApplicationShutdownHook] INFO  com.zaxxer.hikari.HikariDataSource - HikariPool-1 - Shutdown initiated...
2025-10-12 22:59:41.263 [SpringApplicationShutdownHook] INFO  com.zaxxer.hikari.HikariDataSource - HikariPool-1 - Shutdown completed.
