2025-12-18 00:08:38.205 [restartedMain] INFO  c.aurionpro.papms.PaPmsApplication - Starting PaPmsApplication using Java 17.0.1 with PID 2896 (D:\Swabhav_Java_FullStack\Project\Project\PaPMS\target\classes started by aniket.gupta in D:\Swabhav_Java_FullStack\Project\Project\PaPMS)
2025-12-18 00:08:38.209 [restartedMain] DEBUG c.aurionpro.papms.PaPmsApplication - Running with Spring Boot v3.5.5, Spring v6.2.10
2025-12-18 00:08:38.209 [restartedMain] INFO  c.aurionpro.papms.PaPmsApplication - No active profile set, falling back to 1 default profile: "default"
2025-12-18 00:08:39.954 [restartedMain] WARN  o.s.b.w.s.c.AnnotationConfigServletWebServerApplicationContext - Exception encountered during context initialization - cancelling refresh attempt: java.lang.IllegalStateException: Error processing condition on org.springframework.boot.autoconfigure.batch.BatchAutoConfiguration
2025-12-18 00:08:39.961 [restartedMain] INFO  o.s.b.a.l.ConditionEvaluationReportLogger - 

Error starting ApplicationContext. To display the condition evaluation report re-run your application with 'debug' enabled.
2025-12-18 00:08:39.964 [restartedMain] ERROR o.s.boot.SpringApplication - Application run failed
java.lang.IllegalStateException: Error processing condition on org.springframework.boot.autoconfigure.batch.BatchAutoConfiguration
	at org.springframework.boot.autoconfigure.condition.SpringBootCondition.matches(SpringBootCondition.java:60)
	at org.springframework.context.annotation.ConditionEvaluator.shouldSkip(ConditionEvaluator.java:99)
	at org.springframework.context.annotation.ConfigurationClassBeanDefinitionReader$TrackedConditionEvaluator.shouldSkip(ConfigurationClassBeanDefinitionReader.java:495)
	at org.springframework.context.annotation.ConfigurationClassBeanDefinitionReader$TrackedConditionEvaluator.shouldSkip(ConfigurationClassBeanDefinitionReader.java:484)
	at org.springframework.context.annotation.ConfigurationClassBeanDefinitionReader.loadBeanDefinitionsForConfigurationClass(ConfigurationClassBeanDefinitionReader.java:131)
	at org.springframework.context.annotation.ConfigurationClassBeanDefinitionReader.loadBeanDefinitions(ConfigurationClassBeanDefinitionReader.java:120)
	at org.springframework.context.annotation.ConfigurationClassPostProcessor.processConfigBeanDefinitions(ConfigurationClassPostProcessor.java:430)
	at org.springframework.context.annotation.ConfigurationClassPostProcessor.postProcessBeanDefinitionRegistry(ConfigurationClassPostProcessor.java:290)
	at org.springframework.context.support.PostProcessorRegistrationDelegate.invokeBeanDefinitionRegistryPostProcessors(PostProcessorRegistrationDelegate.java:349)
	at org.springframework.context.support.PostProcessorRegistrationDelegate.invokeBeanFactoryPostProcessors(PostProcessorRegistrationDelegate.java:118)
	at org.springframework.context.support.AbstractApplicationContext.invokeBeanFactoryPostProcessors(AbstractApplicationContext.java:791)
	at org.springframework.context.support.AbstractApplicationContext.refresh(AbstractApplicationContext.java:609)
	at org.springframework.boot.web.servlet.context.ServletWebServerApplicationContext.refresh(ServletWebServerApplicationContext.java:146)
	at org.springframework.boot.SpringApplication.refresh(SpringApplication.java:752)
	at org.springframework.boot.SpringApplication.refreshContext(SpringApplication.java:439)
	at org.springframework.boot.SpringApplication.run(SpringApplication.java:318)
	at org.springframework.boot.SpringApplication.run(SpringApplication.java:1361)
	at org.springframework.boot.SpringApplication.run(SpringApplication.java:1350)
	at com.aurionpro.papms.PaPmsApplication.main(PaPmsApplication.java:16)
	at java.base/jdk.internal.reflect.NativeMethodAccessorImpl.invoke0(Native Method)
	at java.base/jdk.internal.reflect.NativeMethodAccessorImpl.invoke(NativeMethodAccessorImpl.java:77)
	at java.base/jdk.internal.reflect.DelegatingMethodAccessorImpl.invoke(DelegatingMethodAccessorImpl.java:43)
	at java.base/java.lang.reflect.Method.invoke(Method.java:568)
	at org.springframework.boot.devtools.restart.RestartLauncher.run(RestartLauncher.java:50)
Caused by: org.springframework.beans.factory.CannotLoadBeanClassException: Error loading class [com.aurionpro.papms.service.client.ClientPortalServiceImpl] for bean with name 'clientPortalServiceImpl' defined in file [D:\Swabhav_Java_FullStack\Project\Project\PaPMS\target\classes\com\aurionpro\papms\service\client\ClientPortalServiceImpl.class]: problem with class file or dependent class
	at org.springframework.beans.factory.support.AbstractBeanFactory.resolveBeanClass(AbstractBeanFactory.java:1588)
	at org.springframework.beans.factory.support.AbstractAutowireCapableBeanFactory.determineTargetType(AbstractAutowireCapableBeanFactory.java:692)
	at org.springframework.beans.factory.support.AbstractAutowireCapableBeanFactory.predictBeanType(AbstractAutowireCapableBeanFactory.java:660)
	at org.springframework.beans.factory.support.AbstractBeanFactory.getType(AbstractBeanFactory.java:738)
	at org.springframework.beans.factory.support.DefaultListableBeanFactory.findAnnotationOnBean(DefaultListableBeanFactory.java:817)
	at org.springframework.boot.autoconfigure.condition.OnBeanCondition.getBeanNamesForAnnotation(OnBeanCondition.java:379)
	at org.springframework.boot.autoconfigure.condition.OnBeanCondition.collectBeanDefinitionsForAnnotation(OnBeanCondition.java:358)
	at org.springframework.boot.autoconfigure.condition.OnBeanCondition.getBeanDefinitionsForAnnotation(OnBeanCondition.java:341)
	at org.springframework.boot.autoconfigure.condition.OnBeanCondition.getMatchingBeans(OnBeanCondition.java:227)
	at org.springframework.boot.autoconfigure.condition.OnBeanCondition.evaluateConditionalOnMissingBean(OnBeanCondition.java:197)
	at org.springframework.boot.autoconfigure.condition.OnBeanCondition.getMatchOutcome(OnBeanCondition.java:144)
	at org.springframework.boot.autoconfigure.condition.SpringBootCondition.matches(SpringBootCondition.java:47)
	... 23 common frames omitted
Caused by: java.lang.ClassFormatError: Duplicate method name "getMyProfile" with signature "()LClientDto;" in class file com/aurionpro/papms/service/client/ClientPortalServiceImpl
	at java.base/java.lang.ClassLoader.defineClass1(Native Method)
	at java.base/java.lang.ClassLoader.defineClass(ClassLoader.java:1012)
	at java.base/java.security.SecureClassLoader.defineClass(SecureClassLoader.java:150)
	at java.base/java.net.URLClassLoader.defineClass(URLClassLoader.java:524)
	at java.base/java.net.URLClassLoader$1.run(URLClassLoader.java:427)
	at java.base/java.net.URLClassLoader$1.run(URLClassLoader.java:421)
	at java.base/java.security.AccessController.doPrivileged(AccessController.java:712)
	at java.base/java.net.URLClassLoader.findClass(URLClassLoader.java:420)
	at org.springframework.boot.devtools.restart.classloader.RestartClassLoader.findClass(RestartClassLoader.java:136)
	at org.springframework.boot.devtools.restart.classloader.RestartClassLoader.loadClass(RestartClassLoader.java:118)
	at java.base/java.lang.ClassLoader.loadClass(ClassLoader.java:520)
	at java.base/java.lang.Class.forName0(Native Method)
	at java.base/java.lang.Class.forName(Class.java:467)
	at org.springframework.util.ClassUtils.forName(ClassUtils.java:321)
	at org.springframework.beans.factory.support.AbstractBeanDefinition.resolveBeanClass(AbstractBeanDefinition.java:503)
	at org.springframework.beans.factory.support.AbstractBeanFactory.doResolveBeanClass(AbstractBeanFactory.java:1653)
	at org.springframework.beans.factory.support.AbstractBeanFactory.resolveBeanClass(AbstractBeanFactory.java:1578)
	... 34 common frames omitted
2025-12-18 00:09:05.086 [restartedMain] INFO  c.aurionpro.papms.PaPmsApplication - Starting PaPmsApplication using Java 17.0.1 with PID 2896 (D:\Swabhav_Java_FullStack\Project\Project\PaPMS\target\classes started by aniket.gupta in D:\Swabhav_Java_FullStack\Project\Project\PaPMS)
2025-12-18 00:09:05.086 [restartedMain] DEBUG c.aurionpro.papms.PaPmsApplication - Running with Spring Boot v3.5.5, Spring v6.2.10
2025-12-18 00:09:05.086 [restartedMain] INFO  c.aurionpro.papms.PaPmsApplication - No active profile set, falling back to 1 default profile: "default"
2025-12-18 00:09:06.714 [restartedMain] WARN  o.s.b.w.s.c.AnnotationConfigServletWebServerApplicationContext - Exception encountered during context initialization - cancelling refresh attempt: java.lang.IllegalStateException: Error processing condition on org.springframework.boot.autoconfigure.batch.BatchAutoConfiguration
2025-12-18 00:09:06.719 [restartedMain] INFO  o.s.b.a.l.ConditionEvaluationReportLogger - 

Error starting ApplicationContext. To display the condition evaluation report re-run your application with 'debug' enabled.
2025-12-18 00:09:06.723 [restartedMain] ERROR o.s.boot.SpringApplication - Application run failed
java.lang.IllegalStateException: Error processing condition on org.springframework.boot.autoconfigure.batch.BatchAutoConfiguration
	at org.springframework.boot.autoconfigure.condition.SpringBootCondition.matches(SpringBootCondition.java:60)
	at org.springframework.context.annotation.ConditionEvaluator.shouldSkip(ConditionEvaluator.java:99)
	at org.springframework.context.annotation.ConfigurationClassBeanDefinitionReader$TrackedConditionEvaluator.shouldSkip(ConfigurationClassBeanDefinitionReader.java:495)
	at org.springframework.context.annotation.ConfigurationClassBeanDefinitionReader$TrackedConditionEvaluator.shouldSkip(ConfigurationClassBeanDefinitionReader.java:484)
	at org.springframework.context.annotation.ConfigurationClassBeanDefinitionReader.loadBeanDefinitionsForConfigurationClass(ConfigurationClassBeanDefinitionReader.java:131)
	at org.springframework.context.annotation.ConfigurationClassBeanDefinitionReader.loadBeanDefinitions(ConfigurationClassBeanDefinitionReader.java:120)
	at org.springframework.context.annotation.ConfigurationClassPostProcessor.processConfigBeanDefinitions(ConfigurationClassPostProcessor.java:430)
	at org.springframework.context.annotation.ConfigurationClassPostProcessor.postProcessBeanDefinitionRegistry(ConfigurationClassPostProcessor.java:290)
	at org.springframework.context.support.PostProcessorRegistrationDelegate.invokeBeanDefinitionRegistryPostProcessors(PostProcessorRegistrationDelegate.java:349)
	at org.springframework.context.support.PostProcessorRegistrationDelegate.invokeBeanFactoryPostProcessors(PostProcessorRegistrationDelegate.java:118)
	at org.springframework.context.support.AbstractApplicationContext.invokeBeanFactoryPostProcessors(AbstractApplicationContext.java:791)
	at org.springframework.context.support.AbstractApplicationContext.refresh(AbstractApplicationContext.java:609)
	at org.springframework.boot.web.servlet.context.ServletWebServerApplicationContext.refresh(ServletWebServerApplicationContext.java:146)
	at org.springframework.boot.SpringApplication.refresh(SpringApplication.java:752)
	at org.springframework.boot.SpringApplication.refreshContext(SpringApplication.java:439)
	at org.springframework.boot.SpringApplication.run(SpringApplication.java:318)
	at org.springframework.boot.SpringApplication.run(SpringApplication.java:1361)
	at org.springframework.boot.SpringApplication.run(SpringApplication.java:1350)
	at com.aurionpro.papms.PaPmsApplication.main(PaPmsApplication.java:16)
	at java.base/jdk.internal.reflect.NativeMethodAccessorImpl.invoke0(Native Method)
	at java.base/jdk.internal.reflect.NativeMethodAccessorImpl.invoke(NativeMethodAccessorImpl.java:77)
	at java.base/jdk.internal.reflect.DelegatingMethodAccessorImpl.invoke(DelegatingMethodAccessorImpl.java:43)
	at java.base/java.lang.reflect.Method.invoke(Method.java:568)
	at org.springframework.boot.devtools.restart.RestartLauncher.run(RestartLauncher.java:50)
Caused by: org.springframework.beans.factory.CannotLoadBeanClassException: Error loading class [com.aurionpro.papms.service.client.ClientPortalServiceImpl] for bean with name 'clientPortalServiceImpl' defined in file [D:\Swabhav_Java_FullStack\Project\Project\PaPMS\target\classes\com\aurionpro\papms\service\client\ClientPortalServiceImpl.class]: problem with class file or dependent class
	at org.springframework.beans.factory.support.AbstractBeanFactory.resolveBeanClass(AbstractBeanFactory.java:1588)
	at org.springframework.beans.factory.support.AbstractAutowireCapableBeanFactory.determineTargetType(AbstractAutowireCapableBeanFactory.java:692)
	at org.springframework.beans.factory.support.AbstractAutowireCapableBeanFactory.predictBeanType(AbstractAutowireCapableBeanFactory.java:660)
	at org.springframework.beans.factory.support.AbstractBeanFactory.getType(AbstractBeanFactory.java:738)
	at org.springframework.beans.factory.support.DefaultListableBeanFactory.findAnnotationOnBean(DefaultListableBeanFactory.java:817)
	at org.springframework.boot.autoconfigure.condition.OnBeanCondition.getBeanNamesForAnnotation(OnBeanCondition.java:379)
	at org.springframework.boot.autoconfigure.condition.OnBeanCondition.collectBeanDefinitionsForAnnotation(OnBeanCondition.java:358)
	at org.springframework.boot.autoconfigure.condition.OnBeanCondition.getBeanDefinitionsForAnnotation(OnBeanCondition.java:341)
	at org.springframework.boot.autoconfigure.condition.OnBeanCondition.getMatchingBeans(OnBeanCondition.java:227)
	at org.springframework.boot.autoconfigure.condition.OnBeanCondition.evaluateConditionalOnMissingBean(OnBeanCondition.java:197)
	at org.springframework.boot.autoconfigure.condition.OnBeanCondition.getMatchOutcome(OnBeanCondition.java:144)
	at org.springframework.boot.autoconfigure.condition.SpringBootCondition.matches(SpringBootCondition.java:47)
	... 23 common frames omitted
Caused by: java.lang.ClassFormatError: Duplicate method name "getMyProfile" with signature "()LClientDto;" in class file com/aurionpro/papms/service/client/ClientPortalServiceImpl
	at java.base/java.lang.ClassLoader.defineClass1(Native Method)
	at java.base/java.lang.ClassLoader.defineClass(ClassLoader.java:1012)
	at java.base/java.security.SecureClassLoader.defineClass(SecureClassLoader.java:150)
	at java.base/java.net.URLClassLoader.defineClass(URLClassLoader.java:524)
	at java.base/java.net.URLClassLoader$1.run(URLClassLoader.java:427)
	at java.base/java.net.URLClassLoader$1.run(URLClassLoader.java:421)
	at java.base/java.security.AccessController.doPrivileged(AccessController.java:712)
	at java.base/java.net.URLClassLoader.findClass(URLClassLoader.java:420)
	at org.springframework.boot.devtools.restart.classloader.RestartClassLoader.findClass(RestartClassLoader.java:136)
	at org.springframework.boot.devtools.restart.classloader.RestartClassLoader.loadClass(RestartClassLoader.java:118)
	at java.base/java.lang.ClassLoader.loadClass(ClassLoader.java:520)
	at java.base/java.lang.Class.forName0(Native Method)
	at java.base/java.lang.Class.forName(Class.java:467)
	at org.springframework.util.ClassUtils.forName(ClassUtils.java:321)
	at org.springframework.beans.factory.support.AbstractBeanDefinition.resolveBeanClass(AbstractBeanDefinition.java:503)
	at org.springframework.beans.factory.support.AbstractBeanFactory.doResolveBeanClass(AbstractBeanFactory.java:1653)
	at org.springframework.beans.factory.support.AbstractBeanFactory.resolveBeanClass(AbstractBeanFactory.java:1578)
	... 34 common frames omitted
2025-12-18 00:09:40.148 [restartedMain] INFO  c.aurionpro.papms.PaPmsApplication - Starting PaPmsApplication using Java 17.0.1 with PID 2896 (D:\Swabhav_Java_FullStack\Project\Project\PaPMS\target\classes started by aniket.gupta in D:\Swabhav_Java_FullStack\Project\Project\PaPMS)
2025-12-18 00:09:40.148 [restartedMain] DEBUG c.aurionpro.papms.PaPmsApplication - Running with Spring Boot v3.5.5, Spring v6.2.10
2025-12-18 00:09:40.148 [restartedMain] INFO  c.aurionpro.papms.PaPmsApplication - No active profile set, falling back to 1 default profile: "default"
2025-12-18 00:09:41.941 [restartedMain] WARN  o.s.b.w.s.c.AnnotationConfigServletWebServerApplicationContext - Exception encountered during context initialization - cancelling refresh attempt: java.lang.IllegalStateException: Error processing condition on org.springframework.boot.autoconfigure.batch.BatchAutoConfiguration
2025-12-18 00:09:41.946 [restartedMain] INFO  o.s.b.a.l.ConditionEvaluationReportLogger - 

Error starting ApplicationContext. To display the condition evaluation report re-run your application with 'debug' enabled.
2025-12-18 00:09:41.948 [restartedMain] ERROR o.s.boot.SpringApplication - Application run failed
java.lang.IllegalStateException: Error processing condition on org.springframework.boot.autoconfigure.batch.BatchAutoConfiguration
	at org.springframework.boot.autoconfigure.condition.SpringBootCondition.matches(SpringBootCondition.java:60)
	at org.springframework.context.annotation.ConditionEvaluator.shouldSkip(ConditionEvaluator.java:99)
	at org.springframework.context.annotation.ConfigurationClassBeanDefinitionReader$TrackedConditionEvaluator.shouldSkip(ConfigurationClassBeanDefinitionReader.java:495)
	at org.springframework.context.annotation.ConfigurationClassBeanDefinitionReader$TrackedConditionEvaluator.shouldSkip(ConfigurationClassBeanDefinitionReader.java:484)
	at org.springframework.context.annotation.ConfigurationClassBeanDefinitionReader.loadBeanDefinitionsForConfigurationClass(ConfigurationClassBeanDefinitionReader.java:131)
	at org.springframework.context.annotation.ConfigurationClassBeanDefinitionReader.loadBeanDefinitions(ConfigurationClassBeanDefinitionReader.java:120)
	at org.springframework.context.annotation.ConfigurationClassPostProcessor.processConfigBeanDefinitions(ConfigurationClassPostProcessor.java:430)
	at org.springframework.context.annotation.ConfigurationClassPostProcessor.postProcessBeanDefinitionRegistry(ConfigurationClassPostProcessor.java:290)
	at org.springframework.context.support.PostProcessorRegistrationDelegate.invokeBeanDefinitionRegistryPostProcessors(PostProcessorRegistrationDelegate.java:349)
	at org.springframework.context.support.PostProcessorRegistrationDelegate.invokeBeanFactoryPostProcessors(PostProcessorRegistrationDelegate.java:118)
	at org.springframework.context.support.AbstractApplicationContext.invokeBeanFactoryPostProcessors(AbstractApplicationContext.java:791)
	at org.springframework.context.support.AbstractApplicationContext.refresh(AbstractApplicationContext.java:609)
	at org.springframework.boot.web.servlet.context.ServletWebServerApplicationContext.refresh(ServletWebServerApplicationContext.java:146)
	at org.springframework.boot.SpringApplication.refresh(SpringApplication.java:752)
	at org.springframework.boot.SpringApplication.refreshContext(SpringApplication.java:439)
	at org.springframework.boot.SpringApplication.run(SpringApplication.java:318)
	at org.springframework.boot.SpringApplication.run(SpringApplication.java:1361)
	at org.springframework.boot.SpringApplication.run(SpringApplication.java:1350)
	at com.aurionpro.papms.PaPmsApplication.main(PaPmsApplication.java:16)
	at java.base/jdk.internal.reflect.NativeMethodAccessorImpl.invoke0(Native Method)
	at java.base/jdk.internal.reflect.NativeMethodAccessorImpl.invoke(NativeMethodAccessorImpl.java:77)
	at java.base/jdk.internal.reflect.DelegatingMethodAccessorImpl.invoke(DelegatingMethodAccessorImpl.java:43)
	at java.base/java.lang.reflect.Method.invoke(Method.java:568)
	at org.springframework.boot.devtools.restart.RestartLauncher.run(RestartLauncher.java:50)
Caused by: org.springframework.beans.factory.CannotLoadBeanClassException: Error loading class [com.aurionpro.papms.service.client.ClientPortalServiceImpl] for bean with name 'clientPortalServiceImpl' defined in file [D:\Swabhav_Java_FullStack\Project\Project\PaPMS\target\classes\com\aurionpro\papms\service\client\ClientPortalServiceImpl.class]: problem with class file or dependent class
	at org.springframework.beans.factory.support.AbstractBeanFactory.resolveBeanClass(AbstractBeanFactory.java:1588)
	at org.springframework.beans.factory.support.AbstractAutowireCapableBeanFactory.determineTargetType(AbstractAutowireCapableBeanFactory.java:692)
	at org.springframework.beans.factory.support.AbstractAutowireCapableBeanFactory.predictBeanType(AbstractAutowireCapableBeanFactory.java:660)
	at org.springframework.beans.factory.support.AbstractBeanFactory.getType(AbstractBeanFactory.java:738)
	at org.springframework.beans.factory.support.DefaultListableBeanFactory.findAnnotationOnBean(DefaultListableBeanFactory.java:817)
	at org.springframework.boot.autoconfigure.condition.OnBeanCondition.getBeanNamesForAnnotation(OnBeanCondition.java:379)
	at org.springframework.boot.autoconfigure.condition.OnBeanCondition.collectBeanDefinitionsForAnnotation(OnBeanCondition.java:358)
	at org.springframework.boot.autoconfigure.condition.OnBeanCondition.getBeanDefinitionsForAnnotation(OnBeanCondition.java:341)
	at org.springframework.boot.autoconfigure.condition.OnBeanCondition.getMatchingBeans(OnBeanCondition.java:227)
	at org.springframework.boot.autoconfigure.condition.OnBeanCondition.evaluateConditionalOnMissingBean(OnBeanCondition.java:197)
	at org.springframework.boot.autoconfigure.condition.OnBeanCondition.getMatchOutcome(OnBeanCondition.java:144)
	at org.springframework.boot.autoconfigure.condition.SpringBootCondition.matches(SpringBootCondition.java:47)
	... 23 common frames omitted
Caused by: java.lang.ClassFormatError: Duplicate method name "getMyProfile" with signature "()LClientDto;" in class file com/aurionpro/papms/service/client/ClientPortalServiceImpl
	at java.base/java.lang.ClassLoader.defineClass1(Native Method)
	at java.base/java.lang.ClassLoader.defineClass(ClassLoader.java:1012)
	at java.base/java.security.SecureClassLoader.defineClass(SecureClassLoader.java:150)
	at java.base/java.net.URLClassLoader.defineClass(URLClassLoader.java:524)
	at java.base/java.net.URLClassLoader$1.run(URLClassLoader.java:427)
	at java.base/java.net.URLClassLoader$1.run(URLClassLoader.java:421)
	at java.base/java.security.AccessController.doPrivileged(AccessController.java:712)
	at java.base/java.net.URLClassLoader.findClass(URLClassLoader.java:420)
	at org.springframework.boot.devtools.restart.classloader.RestartClassLoader.findClass(RestartClassLoader.java:136)
	at org.springframework.boot.devtools.restart.classloader.RestartClassLoader.loadClass(RestartClassLoader.java:118)
	at java.base/java.lang.ClassLoader.loadClass(ClassLoader.java:520)
	at java.base/java.lang.Class.forName0(Native Method)
	at java.base/java.lang.Class.forName(Class.java:467)
	at org.springframework.util.ClassUtils.forName(ClassUtils.java:321)
	at org.springframework.beans.factory.support.AbstractBeanDefinition.resolveBeanClass(AbstractBeanDefinition.java:503)
	at org.springframework.beans.factory.support.AbstractBeanFactory.doResolveBeanClass(AbstractBeanFactory.java:1653)
	at org.springframework.beans.factory.support.AbstractBeanFactory.resolveBeanClass(AbstractBeanFactory.java:1578)
	... 34 common frames omitted
2025-12-18 00:10:14.387 [restartedMain] INFO  c.aurionpro.papms.PaPmsApplication - Starting PaPmsApplication using Java 17.0.1 with PID 2896 (D:\Swabhav_Java_FullStack\Project\Project\PaPMS\target\classes started by aniket.gupta in D:\Swabhav_Java_FullStack\Project\Project\PaPMS)
2025-12-18 00:10:14.389 [restartedMain] DEBUG c.aurionpro.papms.PaPmsApplication - Running with Spring Boot v3.5.5, Spring v6.2.10
2025-12-18 00:10:14.389 [restartedMain] INFO  c.aurionpro.papms.PaPmsApplication - No active profile set, falling back to 1 default profile: "default"
2025-12-18 00:10:15.836 [restartedMain] WARN  o.s.b.w.s.c.AnnotationConfigServletWebServerApplicationContext - Exception encountered during context initialization - cancelling refresh attempt: java.lang.IllegalStateException: Error processing condition on org.springframework.boot.autoconfigure.batch.BatchAutoConfiguration
2025-12-18 00:10:15.843 [restartedMain] INFO  o.s.b.a.l.ConditionEvaluationReportLogger - 

Error starting ApplicationContext. To display the condition evaluation report re-run your application with 'debug' enabled.
2025-12-18 00:10:15.847 [restartedMain] ERROR o.s.boot.SpringApplication - Application run failed
java.lang.IllegalStateException: Error processing condition on org.springframework.boot.autoconfigure.batch.BatchAutoConfiguration
	at org.springframework.boot.autoconfigure.condition.SpringBootCondition.matches(SpringBootCondition.java:60)
	at org.springframework.context.annotation.ConditionEvaluator.shouldSkip(ConditionEvaluator.java:99)
	at org.springframework.context.annotation.ConfigurationClassBeanDefinitionReader$TrackedConditionEvaluator.shouldSkip(ConfigurationClassBeanDefinitionReader.java:495)
	at org.springframework.context.annotation.ConfigurationClassBeanDefinitionReader$TrackedConditionEvaluator.shouldSkip(ConfigurationClassBeanDefinitionReader.java:484)
	at org.springframework.context.annotation.ConfigurationClassBeanDefinitionReader.loadBeanDefinitionsForConfigurationClass(ConfigurationClassBeanDefinitionReader.java:131)
	at org.springframework.context.annotation.ConfigurationClassBeanDefinitionReader.loadBeanDefinitions(ConfigurationClassBeanDefinitionReader.java:120)
	at org.springframework.context.annotation.ConfigurationClassPostProcessor.processConfigBeanDefinitions(ConfigurationClassPostProcessor.java:430)
	at org.springframework.context.annotation.ConfigurationClassPostProcessor.postProcessBeanDefinitionRegistry(ConfigurationClassPostProcessor.java:290)
	at org.springframework.context.support.PostProcessorRegistrationDelegate.invokeBeanDefinitionRegistryPostProcessors(PostProcessorRegistrationDelegate.java:349)
	at org.springframework.context.support.PostProcessorRegistrationDelegate.invokeBeanFactoryPostProcessors(PostProcessorRegistrationDelegate.java:118)
	at org.springframework.context.support.AbstractApplicationContext.invokeBeanFactoryPostProcessors(AbstractApplicationContext.java:791)
	at org.springframework.context.support.AbstractApplicationContext.refresh(AbstractApplicationContext.java:609)
	at org.springframework.boot.web.servlet.context.ServletWebServerApplicationContext.refresh(ServletWebServerApplicationContext.java:146)
	at org.springframework.boot.SpringApplication.refresh(SpringApplication.java:752)
	at org.springframework.boot.SpringApplication.refreshContext(SpringApplication.java:439)
	at org.springframework.boot.SpringApplication.run(SpringApplication.java:318)
	at org.springframework.boot.SpringApplication.run(SpringApplication.java:1361)
	at org.springframework.boot.SpringApplication.run(SpringApplication.java:1350)
	at com.aurionpro.papms.PaPmsApplication.main(PaPmsApplication.java:16)
	at java.base/jdk.internal.reflect.NativeMethodAccessorImpl.invoke0(Native Method)
	at java.base/jdk.internal.reflect.NativeMethodAccessorImpl.invoke(NativeMethodAccessorImpl.java:77)
	at java.base/jdk.internal.reflect.DelegatingMethodAccessorImpl.invoke(DelegatingMethodAccessorImpl.java:43)
	at java.base/java.lang.reflect.Method.invoke(Method.java:568)
	at org.springframework.boot.devtools.restart.RestartLauncher.run(RestartLauncher.java:50)
Caused by: org.springframework.beans.factory.CannotLoadBeanClassException: Error loading class [com.aurionpro.papms.service.client.ClientPortalServiceImpl] for bean with name 'clientPortalServiceImpl' defined in file [D:\Swabhav_Java_FullStack\Project\Project\PaPMS\target\classes\com\aurionpro\papms\service\client\ClientPortalServiceImpl.class]: problem with class file or dependent class
	at org.springframework.beans.factory.support.AbstractBeanFactory.resolveBeanClass(AbstractBeanFactory.java:1588)
	at org.springframework.beans.factory.support.AbstractAutowireCapableBeanFactory.determineTargetType(AbstractAutowireCapableBeanFactory.java:692)
	at org.springframework.beans.factory.support.AbstractAutowireCapableBeanFactory.predictBeanType(AbstractAutowireCapableBeanFactory.java:660)
	at org.springframework.beans.factory.support.AbstractBeanFactory.getType(AbstractBeanFactory.java:738)
	at org.springframework.beans.factory.support.DefaultListableBeanFactory.findAnnotationOnBean(DefaultListableBeanFactory.java:817)
	at org.springframework.boot.autoconfigure.condition.OnBeanCondition.getBeanNamesForAnnotation(OnBeanCondition.java:379)
	at org.springframework.boot.autoconfigure.condition.OnBeanCondition.collectBeanDefinitionsForAnnotation(OnBeanCondition.java:358)
	at org.springframework.boot.autoconfigure.condition.OnBeanCondition.getBeanDefinitionsForAnnotation(OnBeanCondition.java:341)
	at org.springframework.boot.autoconfigure.condition.OnBeanCondition.getMatchingBeans(OnBeanCondition.java:227)
	at org.springframework.boot.autoconfigure.condition.OnBeanCondition.evaluateConditionalOnMissingBean(OnBeanCondition.java:197)
	at org.springframework.boot.autoconfigure.condition.OnBeanCondition.getMatchOutcome(OnBeanCondition.java:144)
	at org.springframework.boot.autoconfigure.condition.SpringBootCondition.matches(SpringBootCondition.java:47)
	... 23 common frames omitted
Caused by: java.lang.ClassFormatError: Duplicate method name "getMyProfile" with signature "()LClientDto;" in class file com/aurionpro/papms/service/client/ClientPortalServiceImpl
	at java.base/java.lang.ClassLoader.defineClass1(Native Method)
	at java.base/java.lang.ClassLoader.defineClass(ClassLoader.java:1012)
	at java.base/java.security.SecureClassLoader.defineClass(SecureClassLoader.java:150)
	at java.base/java.net.URLClassLoader.defineClass(URLClassLoader.java:524)
	at java.base/java.net.URLClassLoader$1.run(URLClassLoader.java:427)
	at java.base/java.net.URLClassLoader$1.run(URLClassLoader.java:421)
	at java.base/java.security.AccessController.doPrivileged(AccessController.java:712)
	at java.base/java.net.URLClassLoader.findClass(URLClassLoader.java:420)
	at org.springframework.boot.devtools.restart.classloader.RestartClassLoader.findClass(RestartClassLoader.java:136)
	at org.springframework.boot.devtools.restart.classloader.RestartClassLoader.loadClass(RestartClassLoader.java:118)
	at java.base/java.lang.ClassLoader.loadClass(ClassLoader.java:520)
	at java.base/java.lang.Class.forName0(Native Method)
	at java.base/java.lang.Class.forName(Class.java:467)
	at org.springframework.util.ClassUtils.forName(ClassUtils.java:321)
	at org.springframework.beans.factory.support.AbstractBeanDefinition.resolveBeanClass(AbstractBeanDefinition.java:503)
	at org.springframework.beans.factory.support.AbstractBeanFactory.doResolveBeanClass(AbstractBeanFactory.java:1653)
	at org.springframework.beans.factory.support.AbstractBeanFactory.resolveBeanClass(AbstractBeanFactory.java:1578)
	... 34 common frames omitted
2025-12-18 00:10:50.545 [restartedMain] INFO  c.aurionpro.papms.PaPmsApplication - Starting PaPmsApplication using Java 17.0.1 with PID 2896 (D:\Swabhav_Java_FullStack\Project\Project\PaPMS\target\classes started by aniket.gupta in D:\Swabhav_Java_FullStack\Project\Project\PaPMS)
2025-12-18 00:10:50.545 [restartedMain] DEBUG c.aurionpro.papms.PaPmsApplication - Running with Spring Boot v3.5.5, Spring v6.2.10
2025-12-18 00:10:50.545 [restartedMain] INFO  c.aurionpro.papms.PaPmsApplication - No active profile set, falling back to 1 default profile: "default"
2025-12-18 00:10:51.834 [restartedMain] WARN  o.s.b.w.s.c.AnnotationConfigServletWebServerApplicationContext - Exception encountered during context initialization - cancelling refresh attempt: java.lang.IllegalStateException: Error processing condition on org.springframework.boot.autoconfigure.batch.BatchAutoConfiguration
2025-12-18 00:10:51.839 [restartedMain] INFO  o.s.b.a.l.ConditionEvaluationReportLogger - 

Error starting ApplicationContext. To display the condition evaluation report re-run your application with 'debug' enabled.
2025-12-18 00:10:51.843 [restartedMain] ERROR o.s.boot.SpringApplication - Application run failed
java.lang.IllegalStateException: Error processing condition on org.springframework.boot.autoconfigure.batch.BatchAutoConfiguration
	at org.springframework.boot.autoconfigure.condition.SpringBootCondition.matches(SpringBootCondition.java:60)
	at org.springframework.context.annotation.ConditionEvaluator.shouldSkip(ConditionEvaluator.java:99)
	at org.springframework.context.annotation.ConfigurationClassBeanDefinitionReader$TrackedConditionEvaluator.shouldSkip(ConfigurationClassBeanDefinitionReader.java:495)
	at org.springframework.context.annotation.ConfigurationClassBeanDefinitionReader$TrackedConditionEvaluator.shouldSkip(ConfigurationClassBeanDefinitionReader.java:484)
	at org.springframework.context.annotation.ConfigurationClassBeanDefinitionReader.loadBeanDefinitionsForConfigurationClass(ConfigurationClassBeanDefinitionReader.java:131)
	at org.springframework.context.annotation.ConfigurationClassBeanDefinitionReader.loadBeanDefinitions(ConfigurationClassBeanDefinitionReader.java:120)
	at org.springframework.context.annotation.ConfigurationClassPostProcessor.processConfigBeanDefinitions(ConfigurationClassPostProcessor.java:430)
	at org.springframework.context.annotation.ConfigurationClassPostProcessor.postProcessBeanDefinitionRegistry(ConfigurationClassPostProcessor.java:290)
	at org.springframework.context.support.PostProcessorRegistrationDelegate.invokeBeanDefinitionRegistryPostProcessors(PostProcessorRegistrationDelegate.java:349)
	at org.springframework.context.support.PostProcessorRegistrationDelegate.invokeBeanFactoryPostProcessors(PostProcessorRegistrationDelegate.java:118)
	at org.springframework.context.support.AbstractApplicationContext.invokeBeanFactoryPostProcessors(AbstractApplicationContext.java:791)
	at org.springframework.context.support.AbstractApplicationContext.refresh(AbstractApplicationContext.java:609)
	at org.springframework.boot.web.servlet.context.ServletWebServerApplicationContext.refresh(ServletWebServerApplicationContext.java:146)
	at org.springframework.boot.SpringApplication.refresh(SpringApplication.java:752)
	at org.springframework.boot.SpringApplication.refreshContext(SpringApplication.java:439)
	at org.springframework.boot.SpringApplication.run(SpringApplication.java:318)
	at org.springframework.boot.SpringApplication.run(SpringApplication.java:1361)
	at org.springframework.boot.SpringApplication.run(SpringApplication.java:1350)
	at com.aurionpro.papms.PaPmsApplication.main(PaPmsApplication.java:16)
	at java.base/jdk.internal.reflect.NativeMethodAccessorImpl.invoke0(Native Method)
	at java.base/jdk.internal.reflect.NativeMethodAccessorImpl.invoke(NativeMethodAccessorImpl.java:77)
	at java.base/jdk.internal.reflect.DelegatingMethodAccessorImpl.invoke(DelegatingMethodAccessorImpl.java:43)
	at java.base/java.lang.reflect.Method.invoke(Method.java:568)
	at org.springframework.boot.devtools.restart.RestartLauncher.run(RestartLauncher.java:50)
Caused by: org.springframework.beans.factory.CannotLoadBeanClassException: Error loading class [com.aurionpro.papms.service.client.ClientPortalServiceImpl] for bean with name 'clientPortalServiceImpl' defined in file [D:\Swabhav_Java_FullStack\Project\Project\PaPMS\target\classes\com\aurionpro\papms\service\client\ClientPortalServiceImpl.class]: problem with class file or dependent class
	at org.springframework.beans.factory.support.AbstractBeanFactory.resolveBeanClass(AbstractBeanFactory.java:1588)
	at org.springframework.beans.factory.support.AbstractAutowireCapableBeanFactory.determineTargetType(AbstractAutowireCapableBeanFactory.java:692)
	at org.springframework.beans.factory.support.AbstractAutowireCapableBeanFactory.predictBeanType(AbstractAutowireCapableBeanFactory.java:660)
	at org.springframework.beans.factory.support.AbstractBeanFactory.getType(AbstractBeanFactory.java:738)
	at org.springframework.beans.factory.support.DefaultListableBeanFactory.findAnnotationOnBean(DefaultListableBeanFactory.java:817)
	at org.springframework.boot.autoconfigure.condition.OnBeanCondition.getBeanNamesForAnnotation(OnBeanCondition.java:379)
	at org.springframework.boot.autoconfigure.condition.OnBeanCondition.collectBeanDefinitionsForAnnotation(OnBeanCondition.java:358)
	at org.springframework.boot.autoconfigure.condition.OnBeanCondition.getBeanDefinitionsForAnnotation(OnBeanCondition.java:341)
	at org.springframework.boot.autoconfigure.condition.OnBeanCondition.getMatchingBeans(OnBeanCondition.java:227)
	at org.springframework.boot.autoconfigure.condition.OnBeanCondition.evaluateConditionalOnMissingBean(OnBeanCondition.java:197)
	at org.springframework.boot.autoconfigure.condition.OnBeanCondition.getMatchOutcome(OnBeanCondition.java:144)
	at org.springframework.boot.autoconfigure.condition.SpringBootCondition.matches(SpringBootCondition.java:47)
	... 23 common frames omitted
Caused by: java.lang.ClassFormatError: Duplicate method name "getMyProfile" with signature "()LClientDto;" in class file com/aurionpro/papms/service/client/ClientPortalServiceImpl
	at java.base/java.lang.ClassLoader.defineClass1(Native Method)
	at java.base/java.lang.ClassLoader.defineClass(ClassLoader.java:1012)
	at java.base/java.security.SecureClassLoader.defineClass(SecureClassLoader.java:150)
	at java.base/java.net.URLClassLoader.defineClass(URLClassLoader.java:524)
	at java.base/java.net.URLClassLoader$1.run(URLClassLoader.java:427)
	at java.base/java.net.URLClassLoader$1.run(URLClassLoader.java:421)
	at java.base/java.security.AccessController.doPrivileged(AccessController.java:712)
	at java.base/java.net.URLClassLoader.findClass(URLClassLoader.java:420)
	at org.springframework.boot.devtools.restart.classloader.RestartClassLoader.findClass(RestartClassLoader.java:136)
	at org.springframework.boot.devtools.restart.classloader.RestartClassLoader.loadClass(RestartClassLoader.java:118)
	at java.base/java.lang.ClassLoader.loadClass(ClassLoader.java:520)
	at java.base/java.lang.Class.forName0(Native Method)
	at java.base/java.lang.Class.forName(Class.java:467)
	at org.springframework.util.ClassUtils.forName(ClassUtils.java:321)
	at org.springframework.beans.factory.support.AbstractBeanDefinition.resolveBeanClass(AbstractBeanDefinition.java:503)
	at org.springframework.beans.factory.support.AbstractBeanFactory.doResolveBeanClass(AbstractBeanFactory.java:1653)
	at org.springframework.beans.factory.support.AbstractBeanFactory.resolveBeanClass(AbstractBeanFactory.java:1578)
	... 34 common frames omitted
2025-12-18 00:11:55.259 [restartedMain] INFO  c.aurionpro.papms.PaPmsApplication - Starting PaPmsApplication using Java 17.0.1 with PID 2896 (D:\Swabhav_Java_FullStack\Project\Project\PaPMS\target\classes started by aniket.gupta in D:\Swabhav_Java_FullStack\Project\Project\PaPMS)
2025-12-18 00:11:55.259 [restartedMain] DEBUG c.aurionpro.papms.PaPmsApplication - Running with Spring Boot v3.5.5, Spring v6.2.10
2025-12-18 00:11:55.259 [restartedMain] INFO  c.aurionpro.papms.PaPmsApplication - No active profile set, falling back to 1 default profile: "default"
2025-12-18 00:11:56.829 [restartedMain] WARN  o.s.b.w.s.c.AnnotationConfigServletWebServerApplicationContext - Exception encountered during context initialization - cancelling refresh attempt: java.lang.IllegalStateException: Error processing condition on org.springframework.boot.autoconfigure.batch.BatchAutoConfiguration
2025-12-18 00:11:56.835 [restartedMain] INFO  o.s.b.a.l.ConditionEvaluationReportLogger - 

Error starting ApplicationContext. To display the condition evaluation report re-run your application with 'debug' enabled.
2025-12-18 00:11:56.839 [restartedMain] ERROR o.s.boot.SpringApplication - Application run failed
java.lang.IllegalStateException: Error processing condition on org.springframework.boot.autoconfigure.batch.BatchAutoConfiguration
	at org.springframework.boot.autoconfigure.condition.SpringBootCondition.matches(SpringBootCondition.java:60)
	at org.springframework.context.annotation.ConditionEvaluator.shouldSkip(ConditionEvaluator.java:99)
	at org.springframework.context.annotation.ConfigurationClassBeanDefinitionReader$TrackedConditionEvaluator.shouldSkip(ConfigurationClassBeanDefinitionReader.java:495)
	at org.springframework.context.annotation.ConfigurationClassBeanDefinitionReader$TrackedConditionEvaluator.shouldSkip(ConfigurationClassBeanDefinitionReader.java:484)
	at org.springframework.context.annotation.ConfigurationClassBeanDefinitionReader.loadBeanDefinitionsForConfigurationClass(ConfigurationClassBeanDefinitionReader.java:131)
	at org.springframework.context.annotation.ConfigurationClassBeanDefinitionReader.loadBeanDefinitions(ConfigurationClassBeanDefinitionReader.java:120)
	at org.springframework.context.annotation.ConfigurationClassPostProcessor.processConfigBeanDefinitions(ConfigurationClassPostProcessor.java:430)
	at org.springframework.context.annotation.ConfigurationClassPostProcessor.postProcessBeanDefinitionRegistry(ConfigurationClassPostProcessor.java:290)
	at org.springframework.context.support.PostProcessorRegistrationDelegate.invokeBeanDefinitionRegistryPostProcessors(PostProcessorRegistrationDelegate.java:349)
	at org.springframework.context.support.PostProcessorRegistrationDelegate.invokeBeanFactoryPostProcessors(PostProcessorRegistrationDelegate.java:118)
	at org.springframework.context.support.AbstractApplicationContext.invokeBeanFactoryPostProcessors(AbstractApplicationContext.java:791)
	at org.springframework.context.support.AbstractApplicationContext.refresh(AbstractApplicationContext.java:609)
	at org.springframework.boot.web.servlet.context.ServletWebServerApplicationContext.refresh(ServletWebServerApplicationContext.java:146)
	at org.springframework.boot.SpringApplication.refresh(SpringApplication.java:752)
	at org.springframework.boot.SpringApplication.refreshContext(SpringApplication.java:439)
	at org.springframework.boot.SpringApplication.run(SpringApplication.java:318)
	at org.springframework.boot.SpringApplication.run(SpringApplication.java:1361)
	at org.springframework.boot.SpringApplication.run(SpringApplication.java:1350)
	at com.aurionpro.papms.PaPmsApplication.main(PaPmsApplication.java:16)
	at java.base/jdk.internal.reflect.NativeMethodAccessorImpl.invoke0(Native Method)
	at java.base/jdk.internal.reflect.NativeMethodAccessorImpl.invoke(NativeMethodAccessorImpl.java:77)
	at java.base/jdk.internal.reflect.DelegatingMethodAccessorImpl.invoke(DelegatingMethodAccessorImpl.java:43)
	at java.base/java.lang.reflect.Method.invoke(Method.java:568)
	at org.springframework.boot.devtools.restart.RestartLauncher.run(RestartLauncher.java:50)
Caused by: org.springframework.beans.factory.CannotLoadBeanClassException: Error loading class [com.aurionpro.papms.service.client.ClientPortalServiceImpl] for bean with name 'clientPortalServiceImpl' defined in file [D:\Swabhav_Java_FullStack\Project\Project\PaPMS\target\classes\com\aurionpro\papms\service\client\ClientPortalServiceImpl.class]: problem with class file or dependent class
	at org.springframework.beans.factory.support.AbstractBeanFactory.resolveBeanClass(AbstractBeanFactory.java:1588)
	at org.springframework.beans.factory.support.AbstractAutowireCapableBeanFactory.determineTargetType(AbstractAutowireCapableBeanFactory.java:692)
	at org.springframework.beans.factory.support.AbstractAutowireCapableBeanFactory.predictBeanType(AbstractAutowireCapableBeanFactory.java:660)
	at org.springframework.beans.factory.support.AbstractBeanFactory.getType(AbstractBeanFactory.java:738)
	at org.springframework.beans.factory.support.DefaultListableBeanFactory.findAnnotationOnBean(DefaultListableBeanFactory.java:817)
	at org.springframework.boot.autoconfigure.condition.OnBeanCondition.getBeanNamesForAnnotation(OnBeanCondition.java:379)
	at org.springframework.boot.autoconfigure.condition.OnBeanCondition.collectBeanDefinitionsForAnnotation(OnBeanCondition.java:358)
	at org.springframework.boot.autoconfigure.condition.OnBeanCondition.getBeanDefinitionsForAnnotation(OnBeanCondition.java:341)
	at org.springframework.boot.autoconfigure.condition.OnBeanCondition.getMatchingBeans(OnBeanCondition.java:227)
	at org.springframework.boot.autoconfigure.condition.OnBeanCondition.evaluateConditionalOnMissingBean(OnBeanCondition.java:197)
	at org.springframework.boot.autoconfigure.condition.OnBeanCondition.getMatchOutcome(OnBeanCondition.java:144)
	at org.springframework.boot.autoconfigure.condition.SpringBootCondition.matches(SpringBootCondition.java:47)
	... 23 common frames omitted
Caused by: java.lang.ClassFormatError: Duplicate method name "getMyProfile" with signature "()LClientDto;" in class file com/aurionpro/papms/service/client/ClientPortalServiceImpl
	at java.base/java.lang.ClassLoader.defineClass1(Native Method)
	at java.base/java.lang.ClassLoader.defineClass(ClassLoader.java:1012)
	at java.base/java.security.SecureClassLoader.defineClass(SecureClassLoader.java:150)
	at java.base/java.net.URLClassLoader.defineClass(URLClassLoader.java:524)
	at java.base/java.net.URLClassLoader$1.run(URLClassLoader.java:427)
	at java.base/java.net.URLClassLoader$1.run(URLClassLoader.java:421)
	at java.base/java.security.AccessController.doPrivileged(AccessController.java:712)
	at java.base/java.net.URLClassLoader.findClass(URLClassLoader.java:420)
	at org.springframework.boot.devtools.restart.classloader.RestartClassLoader.findClass(RestartClassLoader.java:136)
	at org.springframework.boot.devtools.restart.classloader.RestartClassLoader.loadClass(RestartClassLoader.java:118)
	at java.base/java.lang.ClassLoader.loadClass(ClassLoader.java:520)
	at java.base/java.lang.Class.forName0(Native Method)
	at java.base/java.lang.Class.forName(Class.java:467)
	at org.springframework.util.ClassUtils.forName(ClassUtils.java:321)
	at org.springframework.beans.factory.support.AbstractBeanDefinition.resolveBeanClass(AbstractBeanDefinition.java:503)
	at org.springframework.beans.factory.support.AbstractBeanFactory.doResolveBeanClass(AbstractBeanFactory.java:1653)
	at org.springframework.beans.factory.support.AbstractBeanFactory.resolveBeanClass(AbstractBeanFactory.java:1578)
	... 34 common frames omitted
2025-12-18 00:12:17.573 [restartedMain] INFO  c.aurionpro.papms.PaPmsApplication - Starting PaPmsApplication using Java 17.0.1 with PID 2896 (D:\Swabhav_Java_FullStack\Project\Project\PaPMS\target\classes started by aniket.gupta in D:\Swabhav_Java_FullStack\Project\Project\PaPMS)
2025-12-18 00:12:17.573 [restartedMain] DEBUG c.aurionpro.papms.PaPmsApplication - Running with Spring Boot v3.5.5, Spring v6.2.10
2025-12-18 00:12:17.573 [restartedMain] INFO  c.aurionpro.papms.PaPmsApplication - No active profile set, falling back to 1 default profile: "default"
2025-12-18 00:12:19.021 [restartedMain] WARN  o.s.b.w.s.c.AnnotationConfigServletWebServerApplicationContext - Exception encountered during context initialization - cancelling refresh attempt: java.lang.IllegalStateException: Error processing condition on org.springframework.boot.autoconfigure.batch.BatchAutoConfiguration
2025-12-18 00:12:19.031 [restartedMain] INFO  o.s.b.a.l.ConditionEvaluationReportLogger - 

Error starting ApplicationContext. To display the condition evaluation report re-run your application with 'debug' enabled.
2025-12-18 00:12:19.034 [restartedMain] ERROR o.s.boot.SpringApplication - Application run failed
java.lang.IllegalStateException: Error processing condition on org.springframework.boot.autoconfigure.batch.BatchAutoConfiguration
	at org.springframework.boot.autoconfigure.condition.SpringBootCondition.matches(SpringBootCondition.java:60)
	at org.springframework.context.annotation.ConditionEvaluator.shouldSkip(ConditionEvaluator.java:99)
	at org.springframework.context.annotation.ConfigurationClassBeanDefinitionReader$TrackedConditionEvaluator.shouldSkip(ConfigurationClassBeanDefinitionReader.java:495)
	at org.springframework.context.annotation.ConfigurationClassBeanDefinitionReader$TrackedConditionEvaluator.shouldSkip(ConfigurationClassBeanDefinitionReader.java:484)
	at org.springframework.context.annotation.ConfigurationClassBeanDefinitionReader.loadBeanDefinitionsForConfigurationClass(ConfigurationClassBeanDefinitionReader.java:131)
	at org.springframework.context.annotation.ConfigurationClassBeanDefinitionReader.loadBeanDefinitions(ConfigurationClassBeanDefinitionReader.java:120)
	at org.springframework.context.annotation.ConfigurationClassPostProcessor.processConfigBeanDefinitions(ConfigurationClassPostProcessor.java:430)
	at org.springframework.context.annotation.ConfigurationClassPostProcessor.postProcessBeanDefinitionRegistry(ConfigurationClassPostProcessor.java:290)
	at org.springframework.context.support.PostProcessorRegistrationDelegate.invokeBeanDefinitionRegistryPostProcessors(PostProcessorRegistrationDelegate.java:349)
	at org.springframework.context.support.PostProcessorRegistrationDelegate.invokeBeanFactoryPostProcessors(PostProcessorRegistrationDelegate.java:118)
	at org.springframework.context.support.AbstractApplicationContext.invokeBeanFactoryPostProcessors(AbstractApplicationContext.java:791)
	at org.springframework.context.support.AbstractApplicationContext.refresh(AbstractApplicationContext.java:609)
	at org.springframework.boot.web.servlet.context.ServletWebServerApplicationContext.refresh(ServletWebServerApplicationContext.java:146)
	at org.springframework.boot.SpringApplication.refresh(SpringApplication.java:752)
	at org.springframework.boot.SpringApplication.refreshContext(SpringApplication.java:439)
	at org.springframework.boot.SpringApplication.run(SpringApplication.java:318)
	at org.springframework.boot.SpringApplication.run(SpringApplication.java:1361)
	at org.springframework.boot.SpringApplication.run(SpringApplication.java:1350)
	at com.aurionpro.papms.PaPmsApplication.main(PaPmsApplication.java:16)
	at java.base/jdk.internal.reflect.NativeMethodAccessorImpl.invoke0(Native Method)
	at java.base/jdk.internal.reflect.NativeMethodAccessorImpl.invoke(NativeMethodAccessorImpl.java:77)
	at java.base/jdk.internal.reflect.DelegatingMethodAccessorImpl.invoke(DelegatingMethodAccessorImpl.java:43)
	at java.base/java.lang.reflect.Method.invoke(Method.java:568)
	at org.springframework.boot.devtools.restart.RestartLauncher.run(RestartLauncher.java:50)
Caused by: org.springframework.beans.factory.CannotLoadBeanClassException: Error loading class [com.aurionpro.papms.service.client.ClientPortalServiceImpl] for bean with name 'clientPortalServiceImpl' defined in file [D:\Swabhav_Java_FullStack\Project\Project\PaPMS\target\classes\com\aurionpro\papms\service\client\ClientPortalServiceImpl.class]: problem with class file or dependent class
	at org.springframework.beans.factory.support.AbstractBeanFactory.resolveBeanClass(AbstractBeanFactory.java:1588)
	at org.springframework.beans.factory.support.AbstractAutowireCapableBeanFactory.determineTargetType(AbstractAutowireCapableBeanFactory.java:692)
	at org.springframework.beans.factory.support.AbstractAutowireCapableBeanFactory.predictBeanType(AbstractAutowireCapableBeanFactory.java:660)
	at org.springframework.beans.factory.support.AbstractBeanFactory.getType(AbstractBeanFactory.java:738)
	at org.springframework.beans.factory.support.DefaultListableBeanFactory.findAnnotationOnBean(DefaultListableBeanFactory.java:817)
	at org.springframework.boot.autoconfigure.condition.OnBeanCondition.getBeanNamesForAnnotation(OnBeanCondition.java:379)
	at org.springframework.boot.autoconfigure.condition.OnBeanCondition.collectBeanDefinitionsForAnnotation(OnBeanCondition.java:358)
	at org.springframework.boot.autoconfigure.condition.OnBeanCondition.getBeanDefinitionsForAnnotation(OnBeanCondition.java:341)
	at org.springframework.boot.autoconfigure.condition.OnBeanCondition.getMatchingBeans(OnBeanCondition.java:227)
	at org.springframework.boot.autoconfigure.condition.OnBeanCondition.evaluateConditionalOnMissingBean(OnBeanCondition.java:197)
	at org.springframework.boot.autoconfigure.condition.OnBeanCondition.getMatchOutcome(OnBeanCondition.java:144)
	at org.springframework.boot.autoconfigure.condition.SpringBootCondition.matches(SpringBootCondition.java:47)
	... 23 common frames omitted
Caused by: java.lang.ClassFormatError: Duplicate method name "getMyProfile" with signature "()LClientDto;" in class file com/aurionpro/papms/service/client/ClientPortalServiceImpl
	at java.base/java.lang.ClassLoader.defineClass1(Native Method)
	at java.base/java.lang.ClassLoader.defineClass(ClassLoader.java:1012)
	at java.base/java.security.SecureClassLoader.defineClass(SecureClassLoader.java:150)
	at java.base/java.net.URLClassLoader.defineClass(URLClassLoader.java:524)
	at java.base/java.net.URLClassLoader$1.run(URLClassLoader.java:427)
	at java.base/java.net.URLClassLoader$1.run(URLClassLoader.java:421)
	at java.base/java.security.AccessController.doPrivileged(AccessController.java:712)
	at java.base/java.net.URLClassLoader.findClass(URLClassLoader.java:420)
	at org.springframework.boot.devtools.restart.classloader.RestartClassLoader.findClass(RestartClassLoader.java:136)
	at org.springframework.boot.devtools.restart.classloader.RestartClassLoader.loadClass(RestartClassLoader.java:118)
	at java.base/java.lang.ClassLoader.loadClass(ClassLoader.java:520)
	at java.base/java.lang.Class.forName0(Native Method)
	at java.base/java.lang.Class.forName(Class.java:467)
	at org.springframework.util.ClassUtils.forName(ClassUtils.java:321)
	at org.springframework.beans.factory.support.AbstractBeanDefinition.resolveBeanClass(AbstractBeanDefinition.java:503)
	at org.springframework.beans.factory.support.AbstractBeanFactory.doResolveBeanClass(AbstractBeanFactory.java:1653)
	at org.springframework.beans.factory.support.AbstractBeanFactory.resolveBeanClass(AbstractBeanFactory.java:1578)
	... 34 common frames omitted
2025-12-18 00:16:54.678 [restartedMain] INFO  c.aurionpro.papms.PaPmsApplication - Starting PaPmsApplication using Java 17.0.1 with PID 2896 (D:\Swabhav_Java_FullStack\Project\Project\PaPMS\target\classes started by aniket.gupta in D:\Swabhav_Java_FullStack\Project\Project\PaPMS)
2025-12-18 00:16:54.678 [restartedMain] DEBUG c.aurionpro.papms.PaPmsApplication - Running with Spring Boot v3.5.5, Spring v6.2.10
2025-12-18 00:16:54.678 [restartedMain] INFO  c.aurionpro.papms.PaPmsApplication - No active profile set, falling back to 1 default profile: "default"
2025-12-18 00:16:56.041 [restartedMain] WARN  o.s.b.w.s.c.AnnotationConfigServletWebServerApplicationContext - Exception encountered during context initialization - cancelling refresh attempt: java.lang.IllegalStateException: Error processing condition on org.springframework.boot.autoconfigure.batch.BatchAutoConfiguration
2025-12-18 00:16:56.045 [restartedMain] INFO  o.s.b.a.l.ConditionEvaluationReportLogger - 

Error starting ApplicationContext. To display the condition evaluation report re-run your application with 'debug' enabled.
2025-12-18 00:16:56.048 [restartedMain] ERROR o.s.boot.SpringApplication - Application run failed
java.lang.IllegalStateException: Error processing condition on org.springframework.boot.autoconfigure.batch.BatchAutoConfiguration
	at org.springframework.boot.autoconfigure.condition.SpringBootCondition.matches(SpringBootCondition.java:60)
	at org.springframework.context.annotation.ConditionEvaluator.shouldSkip(ConditionEvaluator.java:99)
	at org.springframework.context.annotation.ConfigurationClassBeanDefinitionReader$TrackedConditionEvaluator.shouldSkip(ConfigurationClassBeanDefinitionReader.java:495)
	at org.springframework.context.annotation.ConfigurationClassBeanDefinitionReader$TrackedConditionEvaluator.shouldSkip(ConfigurationClassBeanDefinitionReader.java:484)
	at org.springframework.context.annotation.ConfigurationClassBeanDefinitionReader.loadBeanDefinitionsForConfigurationClass(ConfigurationClassBeanDefinitionReader.java:131)
	at org.springframework.context.annotation.ConfigurationClassBeanDefinitionReader.loadBeanDefinitions(ConfigurationClassBeanDefinitionReader.java:120)
	at org.springframework.context.annotation.ConfigurationClassPostProcessor.processConfigBeanDefinitions(ConfigurationClassPostProcessor.java:430)
	at org.springframework.context.annotation.ConfigurationClassPostProcessor.postProcessBeanDefinitionRegistry(ConfigurationClassPostProcessor.java:290)
	at org.springframework.context.support.PostProcessorRegistrationDelegate.invokeBeanDefinitionRegistryPostProcessors(PostProcessorRegistrationDelegate.java:349)
	at org.springframework.context.support.PostProcessorRegistrationDelegate.invokeBeanFactoryPostProcessors(PostProcessorRegistrationDelegate.java:118)
	at org.springframework.context.support.AbstractApplicationContext.invokeBeanFactoryPostProcessors(AbstractApplicationContext.java:791)
	at org.springframework.context.support.AbstractApplicationContext.refresh(AbstractApplicationContext.java:609)
	at org.springframework.boot.web.servlet.context.ServletWebServerApplicationContext.refresh(ServletWebServerApplicationContext.java:146)
	at org.springframework.boot.SpringApplication.refresh(SpringApplication.java:752)
	at org.springframework.boot.SpringApplication.refreshContext(SpringApplication.java:439)
	at org.springframework.boot.SpringApplication.run(SpringApplication.java:318)
	at org.springframework.boot.SpringApplication.run(SpringApplication.java:1361)
	at org.springframework.boot.SpringApplication.run(SpringApplication.java:1350)
	at com.aurionpro.papms.PaPmsApplication.main(PaPmsApplication.java:16)
	at java.base/jdk.internal.reflect.NativeMethodAccessorImpl.invoke0(Native Method)
	at java.base/jdk.internal.reflect.NativeMethodAccessorImpl.invoke(NativeMethodAccessorImpl.java:77)
	at java.base/jdk.internal.reflect.DelegatingMethodAccessorImpl.invoke(DelegatingMethodAccessorImpl.java:43)
	at java.base/java.lang.reflect.Method.invoke(Method.java:568)
	at org.springframework.boot.devtools.restart.RestartLauncher.run(RestartLauncher.java:50)
Caused by: org.springframework.beans.factory.CannotLoadBeanClassException: Error loading class [com.aurionpro.papms.service.client.ClientPortalServiceImpl] for bean with name 'clientPortalServiceImpl' defined in file [D:\Swabhav_Java_FullStack\Project\Project\PaPMS\target\classes\com\aurionpro\papms\service\client\ClientPortalServiceImpl.class]: problem with class file or dependent class
	at org.springframework.beans.factory.support.AbstractBeanFactory.resolveBeanClass(AbstractBeanFactory.java:1588)
	at org.springframework.beans.factory.support.AbstractAutowireCapableBeanFactory.determineTargetType(AbstractAutowireCapableBeanFactory.java:692)
	at org.springframework.beans.factory.support.AbstractAutowireCapableBeanFactory.predictBeanType(AbstractAutowireCapableBeanFactory.java:660)
	at org.springframework.beans.factory.support.AbstractBeanFactory.getType(AbstractBeanFactory.java:738)
	at org.springframework.beans.factory.support.DefaultListableBeanFactory.findAnnotationOnBean(DefaultListableBeanFactory.java:817)
	at org.springframework.boot.autoconfigure.condition.OnBeanCondition.getBeanNamesForAnnotation(OnBeanCondition.java:379)
	at org.springframework.boot.autoconfigure.condition.OnBeanCondition.collectBeanDefinitionsForAnnotation(OnBeanCondition.java:358)
	at org.springframework.boot.autoconfigure.condition.OnBeanCondition.getBeanDefinitionsForAnnotation(OnBeanCondition.java:341)
	at org.springframework.boot.autoconfigure.condition.OnBeanCondition.getMatchingBeans(OnBeanCondition.java:227)
	at org.springframework.boot.autoconfigure.condition.OnBeanCondition.evaluateConditionalOnMissingBean(OnBeanCondition.java:197)
	at org.springframework.boot.autoconfigure.condition.OnBeanCondition.getMatchOutcome(OnBeanCondition.java:144)
	at org.springframework.boot.autoconfigure.condition.SpringBootCondition.matches(SpringBootCondition.java:47)
	... 23 common frames omitted
Caused by: java.lang.ClassFormatError: Duplicate method name "getMyProfile" with signature "()LClientDto;" in class file com/aurionpro/papms/service/client/ClientPortalServiceImpl
	at java.base/java.lang.ClassLoader.defineClass1(Native Method)
	at java.base/java.lang.ClassLoader.defineClass(ClassLoader.java:1012)
	at java.base/java.security.SecureClassLoader.defineClass(SecureClassLoader.java:150)
	at java.base/java.net.URLClassLoader.defineClass(URLClassLoader.java:524)
	at java.base/java.net.URLClassLoader$1.run(URLClassLoader.java:427)
	at java.base/java.net.URLClassLoader$1.run(URLClassLoader.java:421)
	at java.base/java.security.AccessController.doPrivileged(AccessController.java:712)
	at java.base/java.net.URLClassLoader.findClass(URLClassLoader.java:420)
	at org.springframework.boot.devtools.restart.classloader.RestartClassLoader.findClass(RestartClassLoader.java:136)
	at org.springframework.boot.devtools.restart.classloader.RestartClassLoader.loadClass(RestartClassLoader.java:118)
	at java.base/java.lang.ClassLoader.loadClass(ClassLoader.java:520)
	at java.base/java.lang.Class.forName0(Native Method)
	at java.base/java.lang.Class.forName(Class.java:467)
	at org.springframework.util.ClassUtils.forName(ClassUtils.java:321)
	at org.springframework.beans.factory.support.AbstractBeanDefinition.resolveBeanClass(AbstractBeanDefinition.java:503)
	at org.springframework.beans.factory.support.AbstractBeanFactory.doResolveBeanClass(AbstractBeanFactory.java:1653)
	at org.springframework.beans.factory.support.AbstractBeanFactory.resolveBeanClass(AbstractBeanFactory.java:1578)
	... 34 common frames omitted
2025-12-18 00:17:15.683 [restartedMain] INFO  c.aurionpro.papms.PaPmsApplication - Starting PaPmsApplication using Java 17.0.1 with PID 2896 (D:\Swabhav_Java_FullStack\Project\Project\PaPMS\target\classes started by aniket.gupta in D:\Swabhav_Java_FullStack\Project\Project\PaPMS)
2025-12-18 00:17:15.683 [restartedMain] DEBUG c.aurionpro.papms.PaPmsApplication - Running with Spring Boot v3.5.5, Spring v6.2.10
2025-12-18 00:17:15.684 [restartedMain] INFO  c.aurionpro.papms.PaPmsApplication - No active profile set, falling back to 1 default profile: "default"
2025-12-18 00:17:17.009 [restartedMain] WARN  o.s.b.w.s.c.AnnotationConfigServletWebServerApplicationContext - Exception encountered during context initialization - cancelling refresh attempt: java.lang.IllegalStateException: Error processing condition on org.springframework.boot.autoconfigure.batch.BatchAutoConfiguration
2025-12-18 00:17:17.016 [restartedMain] INFO  o.s.b.a.l.ConditionEvaluationReportLogger - 

Error starting ApplicationContext. To display the condition evaluation report re-run your application with 'debug' enabled.
2025-12-18 00:17:17.019 [restartedMain] ERROR o.s.boot.SpringApplication - Application run failed
java.lang.IllegalStateException: Error processing condition on org.springframework.boot.autoconfigure.batch.BatchAutoConfiguration
	at org.springframework.boot.autoconfigure.condition.SpringBootCondition.matches(SpringBootCondition.java:60)
	at org.springframework.context.annotation.ConditionEvaluator.shouldSkip(ConditionEvaluator.java:99)
	at org.springframework.context.annotation.ConfigurationClassBeanDefinitionReader$TrackedConditionEvaluator.shouldSkip(ConfigurationClassBeanDefinitionReader.java:495)
	at org.springframework.context.annotation.ConfigurationClassBeanDefinitionReader$TrackedConditionEvaluator.shouldSkip(ConfigurationClassBeanDefinitionReader.java:484)
	at org.springframework.context.annotation.ConfigurationClassBeanDefinitionReader.loadBeanDefinitionsForConfigurationClass(ConfigurationClassBeanDefinitionReader.java:131)
	at org.springframework.context.annotation.ConfigurationClassBeanDefinitionReader.loadBeanDefinitions(ConfigurationClassBeanDefinitionReader.java:120)
	at org.springframework.context.annotation.ConfigurationClassPostProcessor.processConfigBeanDefinitions(ConfigurationClassPostProcessor.java:430)
	at org.springframework.context.annotation.ConfigurationClassPostProcessor.postProcessBeanDefinitionRegistry(ConfigurationClassPostProcessor.java:290)
	at org.springframework.context.support.PostProcessorRegistrationDelegate.invokeBeanDefinitionRegistryPostProcessors(PostProcessorRegistrationDelegate.java:349)
	at org.springframework.context.support.PostProcessorRegistrationDelegate.invokeBeanFactoryPostProcessors(PostProcessorRegistrationDelegate.java:118)
	at org.springframework.context.support.AbstractApplicationContext.invokeBeanFactoryPostProcessors(AbstractApplicationContext.java:791)
	at org.springframework.context.support.AbstractApplicationContext.refresh(AbstractApplicationContext.java:609)
	at org.springframework.boot.web.servlet.context.ServletWebServerApplicationContext.refresh(ServletWebServerApplicationContext.java:146)
	at org.springframework.boot.SpringApplication.refresh(SpringApplication.java:752)
	at org.springframework.boot.SpringApplication.refreshContext(SpringApplication.java:439)
	at org.springframework.boot.SpringApplication.run(SpringApplication.java:318)
	at org.springframework.boot.SpringApplication.run(SpringApplication.java:1361)
	at org.springframework.boot.SpringApplication.run(SpringApplication.java:1350)
	at com.aurionpro.papms.PaPmsApplication.main(PaPmsApplication.java:16)
	at java.base/jdk.internal.reflect.NativeMethodAccessorImpl.invoke0(Native Method)
	at java.base/jdk.internal.reflect.NativeMethodAccessorImpl.invoke(NativeMethodAccessorImpl.java:77)
	at java.base/jdk.internal.reflect.DelegatingMethodAccessorImpl.invoke(DelegatingMethodAccessorImpl.java:43)
	at java.base/java.lang.reflect.Method.invoke(Method.java:568)
	at org.springframework.boot.devtools.restart.RestartLauncher.run(RestartLauncher.java:50)
Caused by: org.springframework.beans.factory.CannotLoadBeanClassException: Error loading class [com.aurionpro.papms.service.client.ClientPortalServiceImpl] for bean with name 'clientPortalServiceImpl' defined in file [D:\Swabhav_Java_FullStack\Project\Project\PaPMS\target\classes\com\aurionpro\papms\service\client\ClientPortalServiceImpl.class]: problem with class file or dependent class
	at org.springframework.beans.factory.support.AbstractBeanFactory.resolveBeanClass(AbstractBeanFactory.java:1588)
	at org.springframework.beans.factory.support.AbstractAutowireCapableBeanFactory.determineTargetType(AbstractAutowireCapableBeanFactory.java:692)
	at org.springframework.beans.factory.support.AbstractAutowireCapableBeanFactory.predictBeanType(AbstractAutowireCapableBeanFactory.java:660)
	at org.springframework.beans.factory.support.AbstractBeanFactory.getType(AbstractBeanFactory.java:738)
	at org.springframework.beans.factory.support.DefaultListableBeanFactory.findAnnotationOnBean(DefaultListableBeanFactory.java:817)
	at org.springframework.boot.autoconfigure.condition.OnBeanCondition.getBeanNamesForAnnotation(OnBeanCondition.java:379)
	at org.springframework.boot.autoconfigure.condition.OnBeanCondition.collectBeanDefinitionsForAnnotation(OnBeanCondition.java:358)
	at org.springframework.boot.autoconfigure.condition.OnBeanCondition.getBeanDefinitionsForAnnotation(OnBeanCondition.java:341)
	at org.springframework.boot.autoconfigure.condition.OnBeanCondition.getMatchingBeans(OnBeanCondition.java:227)
	at org.springframework.boot.autoconfigure.condition.OnBeanCondition.evaluateConditionalOnMissingBean(OnBeanCondition.java:197)
	at org.springframework.boot.autoconfigure.condition.OnBeanCondition.getMatchOutcome(OnBeanCondition.java:144)
	at org.springframework.boot.autoconfigure.condition.SpringBootCondition.matches(SpringBootCondition.java:47)
	... 23 common frames omitted
Caused by: java.lang.ClassFormatError: Duplicate method name "getMyProfile" with signature "()LClientDto;" in class file com/aurionpro/papms/service/client/ClientPortalServiceImpl
	at java.base/java.lang.ClassLoader.defineClass1(Native Method)
	at java.base/java.lang.ClassLoader.defineClass(ClassLoader.java:1012)
	at java.base/java.security.SecureClassLoader.defineClass(SecureClassLoader.java:150)
	at java.base/java.net.URLClassLoader.defineClass(URLClassLoader.java:524)
	at java.base/java.net.URLClassLoader$1.run(URLClassLoader.java:427)
	at java.base/java.net.URLClassLoader$1.run(URLClassLoader.java:421)
	at java.base/java.security.AccessController.doPrivileged(AccessController.java:712)
	at java.base/java.net.URLClassLoader.findClass(URLClassLoader.java:420)
	at org.springframework.boot.devtools.restart.classloader.RestartClassLoader.findClass(RestartClassLoader.java:136)
	at org.springframework.boot.devtools.restart.classloader.RestartClassLoader.loadClass(RestartClassLoader.java:118)
	at java.base/java.lang.ClassLoader.loadClass(ClassLoader.java:520)
	at java.base/java.lang.Class.forName0(Native Method)
	at java.base/java.lang.Class.forName(Class.java:467)
	at org.springframework.util.ClassUtils.forName(ClassUtils.java:321)
	at org.springframework.beans.factory.support.AbstractBeanDefinition.resolveBeanClass(AbstractBeanDefinition.java:503)
	at org.springframework.beans.factory.support.AbstractBeanFactory.doResolveBeanClass(AbstractBeanFactory.java:1653)
	at org.springframework.beans.factory.support.AbstractBeanFactory.resolveBeanClass(AbstractBeanFactory.java:1578)
	... 34 common frames omitted
2025-12-18 00:24:52.368 [restartedMain] INFO  c.aurionpro.papms.PaPmsApplication - Starting PaPmsApplication using Java 17.0.1 with PID 2896 (D:\Swabhav_Java_FullStack\Project\Project\PaPMS\target\classes started by aniket.gupta in D:\Swabhav_Java_FullStack\Project\Project\PaPMS)
2025-12-18 00:24:52.368 [restartedMain] DEBUG c.aurionpro.papms.PaPmsApplication - Running with Spring Boot v3.5.5, Spring v6.2.10
2025-12-18 00:24:52.368 [restartedMain] INFO  c.aurionpro.papms.PaPmsApplication - No active profile set, falling back to 1 default profile: "default"
2025-12-18 00:24:54.287 [restartedMain] WARN  o.s.b.w.s.c.AnnotationConfigServletWebServerApplicationContext - Exception encountered during context initialization - cancelling refresh attempt: java.lang.IllegalStateException: Error processing condition on org.springframework.boot.autoconfigure.batch.BatchAutoConfiguration
2025-12-18 00:24:54.294 [restartedMain] INFO  o.s.b.a.l.ConditionEvaluationReportLogger - 

Error starting ApplicationContext. To display the condition evaluation report re-run your application with 'debug' enabled.
2025-12-18 00:24:54.298 [restartedMain] ERROR o.s.boot.SpringApplication - Application run failed
java.lang.IllegalStateException: Error processing condition on org.springframework.boot.autoconfigure.batch.BatchAutoConfiguration
	at org.springframework.boot.autoconfigure.condition.SpringBootCondition.matches(SpringBootCondition.java:60)
	at org.springframework.context.annotation.ConditionEvaluator.shouldSkip(ConditionEvaluator.java:99)
	at org.springframework.context.annotation.ConfigurationClassBeanDefinitionReader$TrackedConditionEvaluator.shouldSkip(ConfigurationClassBeanDefinitionReader.java:495)
	at org.springframework.context.annotation.ConfigurationClassBeanDefinitionReader$TrackedConditionEvaluator.shouldSkip(ConfigurationClassBeanDefinitionReader.java:484)
	at org.springframework.context.annotation.ConfigurationClassBeanDefinitionReader.loadBeanDefinitionsForConfigurationClass(ConfigurationClassBeanDefinitionReader.java:131)
	at org.springframework.context.annotation.ConfigurationClassBeanDefinitionReader.loadBeanDefinitions(ConfigurationClassBeanDefinitionReader.java:120)
	at org.springframework.context.annotation.ConfigurationClassPostProcessor.processConfigBeanDefinitions(ConfigurationClassPostProcessor.java:430)
	at org.springframework.context.annotation.ConfigurationClassPostProcessor.postProcessBeanDefinitionRegistry(ConfigurationClassPostProcessor.java:290)
	at org.springframework.context.support.PostProcessorRegistrationDelegate.invokeBeanDefinitionRegistryPostProcessors(PostProcessorRegistrationDelegate.java:349)
	at org.springframework.context.support.PostProcessorRegistrationDelegate.invokeBeanFactoryPostProcessors(PostProcessorRegistrationDelegate.java:118)
	at org.springframework.context.support.AbstractApplicationContext.invokeBeanFactoryPostProcessors(AbstractApplicationContext.java:791)
	at org.springframework.context.support.AbstractApplicationContext.refresh(AbstractApplicationContext.java:609)
	at org.springframework.boot.web.servlet.context.ServletWebServerApplicationContext.refresh(ServletWebServerApplicationContext.java:146)
	at org.springframework.boot.SpringApplication.refresh(SpringApplication.java:752)
	at org.springframework.boot.SpringApplication.refreshContext(SpringApplication.java:439)
	at org.springframework.boot.SpringApplication.run(SpringApplication.java:318)
	at org.springframework.boot.SpringApplication.run(SpringApplication.java:1361)
	at org.springframework.boot.SpringApplication.run(SpringApplication.java:1350)
	at com.aurionpro.papms.PaPmsApplication.main(PaPmsApplication.java:16)
	at java.base/jdk.internal.reflect.NativeMethodAccessorImpl.invoke0(Native Method)
	at java.base/jdk.internal.reflect.NativeMethodAccessorImpl.invoke(NativeMethodAccessorImpl.java:77)
	at java.base/jdk.internal.reflect.DelegatingMethodAccessorImpl.invoke(DelegatingMethodAccessorImpl.java:43)
	at java.base/java.lang.reflect.Method.invoke(Method.java:568)
	at org.springframework.boot.devtools.restart.RestartLauncher.run(RestartLauncher.java:50)
Caused by: org.springframework.beans.factory.CannotLoadBeanClassException: Error loading class [com.aurionpro.papms.service.client.ClientPortalServiceImpl] for bean with name 'clientPortalServiceImpl' defined in file [D:\Swabhav_Java_FullStack\Project\Project\PaPMS\target\classes\com\aurionpro\papms\service\client\ClientPortalServiceImpl.class]: problem with class file or dependent class
	at org.springframework.beans.factory.support.AbstractBeanFactory.resolveBeanClass(AbstractBeanFactory.java:1588)
	at org.springframework.beans.factory.support.AbstractAutowireCapableBeanFactory.determineTargetType(AbstractAutowireCapableBeanFactory.java:692)
	at org.springframework.beans.factory.support.AbstractAutowireCapableBeanFactory.predictBeanType(AbstractAutowireCapableBeanFactory.java:660)
	at org.springframework.beans.factory.support.AbstractBeanFactory.getType(AbstractBeanFactory.java:738)
	at org.springframework.beans.factory.support.DefaultListableBeanFactory.findAnnotationOnBean(DefaultListableBeanFactory.java:817)
	at org.springframework.boot.autoconfigure.condition.OnBeanCondition.getBeanNamesForAnnotation(OnBeanCondition.java:379)
	at org.springframework.boot.autoconfigure.condition.OnBeanCondition.collectBeanDefinitionsForAnnotation(OnBeanCondition.java:358)
	at org.springframework.boot.autoconfigure.condition.OnBeanCondition.getBeanDefinitionsForAnnotation(OnBeanCondition.java:341)
	at org.springframework.boot.autoconfigure.condition.OnBeanCondition.getMatchingBeans(OnBeanCondition.java:227)
	at org.springframework.boot.autoconfigure.condition.OnBeanCondition.evaluateConditionalOnMissingBean(OnBeanCondition.java:197)
	at org.springframework.boot.autoconfigure.condition.OnBeanCondition.getMatchOutcome(OnBeanCondition.java:144)
	at org.springframework.boot.autoconfigure.condition.SpringBootCondition.matches(SpringBootCondition.java:47)
	... 23 common frames omitted
Caused by: java.lang.ClassFormatError: Duplicate method name "getMyProfile" with signature "()LClientDto;" in class file com/aurionpro/papms/service/client/ClientPortalServiceImpl
	at java.base/java.lang.ClassLoader.defineClass1(Native Method)
	at java.base/java.lang.ClassLoader.defineClass(ClassLoader.java:1012)
	at java.base/java.security.SecureClassLoader.defineClass(SecureClassLoader.java:150)
	at java.base/java.net.URLClassLoader.defineClass(URLClassLoader.java:524)
	at java.base/java.net.URLClassLoader$1.run(URLClassLoader.java:427)
	at java.base/java.net.URLClassLoader$1.run(URLClassLoader.java:421)
	at java.base/java.security.AccessController.doPrivileged(AccessController.java:712)
	at java.base/java.net.URLClassLoader.findClass(URLClassLoader.java:420)
	at org.springframework.boot.devtools.restart.classloader.RestartClassLoader.findClass(RestartClassLoader.java:136)
	at org.springframework.boot.devtools.restart.classloader.RestartClassLoader.loadClass(RestartClassLoader.java:118)
	at java.base/java.lang.ClassLoader.loadClass(ClassLoader.java:520)
	at java.base/java.lang.Class.forName0(Native Method)
	at java.base/java.lang.Class.forName(Class.java:467)
	at org.springframework.util.ClassUtils.forName(ClassUtils.java:321)
	at org.springframework.beans.factory.support.AbstractBeanDefinition.resolveBeanClass(AbstractBeanDefinition.java:503)
	at org.springframework.beans.factory.support.AbstractBeanFactory.doResolveBeanClass(AbstractBeanFactory.java:1653)
	at org.springframework.beans.factory.support.AbstractBeanFactory.resolveBeanClass(AbstractBeanFactory.java:1578)
	... 34 common frames omitted
2025-12-18 00:25:26.566 [restartedMain] INFO  c.aurionpro.papms.PaPmsApplication - Starting PaPmsApplication using Java 17.0.1 with PID 2896 (D:\Swabhav_Java_FullStack\Project\Project\PaPMS\target\classes started by aniket.gupta in D:\Swabhav_Java_FullStack\Project\Project\PaPMS)
2025-12-18 00:25:26.566 [restartedMain] DEBUG c.aurionpro.papms.PaPmsApplication - Running with Spring Boot v3.5.5, Spring v6.2.10
2025-12-18 00:25:26.566 [restartedMain] INFO  c.aurionpro.papms.PaPmsApplication - No active profile set, falling back to 1 default profile: "default"
2025-12-18 00:25:29.287 [restartedMain] WARN  o.s.b.w.s.c.AnnotationConfigServletWebServerApplicationContext - Exception encountered during context initialization - cancelling refresh attempt: java.lang.IllegalStateException: Error processing condition on org.springframework.boot.autoconfigure.batch.BatchAutoConfiguration
2025-12-18 00:25:29.296 [restartedMain] INFO  o.s.b.a.l.ConditionEvaluationReportLogger - 

Error starting ApplicationContext. To display the condition evaluation report re-run your application with 'debug' enabled.
2025-12-18 00:25:29.303 [restartedMain] ERROR o.s.boot.SpringApplication - Application run failed
java.lang.IllegalStateException: Error processing condition on org.springframework.boot.autoconfigure.batch.BatchAutoConfiguration
	at org.springframework.boot.autoconfigure.condition.SpringBootCondition.matches(SpringBootCondition.java:60)
	at org.springframework.context.annotation.ConditionEvaluator.shouldSkip(ConditionEvaluator.java:99)
	at org.springframework.context.annotation.ConfigurationClassBeanDefinitionReader$TrackedConditionEvaluator.shouldSkip(ConfigurationClassBeanDefinitionReader.java:495)
	at org.springframework.context.annotation.ConfigurationClassBeanDefinitionReader$TrackedConditionEvaluator.shouldSkip(ConfigurationClassBeanDefinitionReader.java:484)
	at org.springframework.context.annotation.ConfigurationClassBeanDefinitionReader.loadBeanDefinitionsForConfigurationClass(ConfigurationClassBeanDefinitionReader.java:131)
	at org.springframework.context.annotation.ConfigurationClassBeanDefinitionReader.loadBeanDefinitions(ConfigurationClassBeanDefinitionReader.java:120)
	at org.springframework.context.annotation.ConfigurationClassPostProcessor.processConfigBeanDefinitions(ConfigurationClassPostProcessor.java:430)
	at org.springframework.context.annotation.ConfigurationClassPostProcessor.postProcessBeanDefinitionRegistry(ConfigurationClassPostProcessor.java:290)
	at org.springframework.context.support.PostProcessorRegistrationDelegate.invokeBeanDefinitionRegistryPostProcessors(PostProcessorRegistrationDelegate.java:349)
	at org.springframework.context.support.PostProcessorRegistrationDelegate.invokeBeanFactoryPostProcessors(PostProcessorRegistrationDelegate.java:118)
	at org.springframework.context.support.AbstractApplicationContext.invokeBeanFactoryPostProcessors(AbstractApplicationContext.java:791)
	at org.springframework.context.support.AbstractApplicationContext.refresh(AbstractApplicationContext.java:609)
	at org.springframework.boot.web.servlet.context.ServletWebServerApplicationContext.refresh(ServletWebServerApplicationContext.java:146)
	at org.springframework.boot.SpringApplication.refresh(SpringApplication.java:752)
	at org.springframework.boot.SpringApplication.refreshContext(SpringApplication.java:439)
	at org.springframework.boot.SpringApplication.run(SpringApplication.java:318)
	at org.springframework.boot.SpringApplication.run(SpringApplication.java:1361)
	at org.springframework.boot.SpringApplication.run(SpringApplication.java:1350)
	at com.aurionpro.papms.PaPmsApplication.main(PaPmsApplication.java:16)
	at java.base/jdk.internal.reflect.NativeMethodAccessorImpl.invoke0(Native Method)
	at java.base/jdk.internal.reflect.NativeMethodAccessorImpl.invoke(NativeMethodAccessorImpl.java:77)
	at java.base/jdk.internal.reflect.DelegatingMethodAccessorImpl.invoke(DelegatingMethodAccessorImpl.java:43)
	at java.base/java.lang.reflect.Method.invoke(Method.java:568)
	at org.springframework.boot.devtools.restart.RestartLauncher.run(RestartLauncher.java:50)
Caused by: org.springframework.beans.factory.CannotLoadBeanClassException: Error loading class [com.aurionpro.papms.service.client.ClientPortalServiceImpl] for bean with name 'clientPortalServiceImpl' defined in file [D:\Swabhav_Java_FullStack\Project\Project\PaPMS\target\classes\com\aurionpro\papms\service\client\ClientPortalServiceImpl.class]: problem with class file or dependent class
	at org.springframework.beans.factory.support.AbstractBeanFactory.resolveBeanClass(AbstractBeanFactory.java:1588)
	at org.springframework.beans.factory.support.AbstractAutowireCapableBeanFactory.determineTargetType(AbstractAutowireCapableBeanFactory.java:692)
	at org.springframework.beans.factory.support.AbstractAutowireCapableBeanFactory.predictBeanType(AbstractAutowireCapableBeanFactory.java:660)
	at org.springframework.beans.factory.support.AbstractBeanFactory.getType(AbstractBeanFactory.java:738)
	at org.springframework.beans.factory.support.DefaultListableBeanFactory.findAnnotationOnBean(DefaultListableBeanFactory.java:817)
	at org.springframework.boot.autoconfigure.condition.OnBeanCondition.getBeanNamesForAnnotation(OnBeanCondition.java:379)
	at org.springframework.boot.autoconfigure.condition.OnBeanCondition.collectBeanDefinitionsForAnnotation(OnBeanCondition.java:358)
	at org.springframework.boot.autoconfigure.condition.OnBeanCondition.getBeanDefinitionsForAnnotation(OnBeanCondition.java:341)
	at org.springframework.boot.autoconfigure.condition.OnBeanCondition.getMatchingBeans(OnBeanCondition.java:227)
	at org.springframework.boot.autoconfigure.condition.OnBeanCondition.evaluateConditionalOnMissingBean(OnBeanCondition.java:197)
	at org.springframework.boot.autoconfigure.condition.OnBeanCondition.getMatchOutcome(OnBeanCondition.java:144)
	at org.springframework.boot.autoconfigure.condition.SpringBootCondition.matches(SpringBootCondition.java:47)
	... 23 common frames omitted
Caused by: java.lang.ClassFormatError: Duplicate method name "getMyProfile" with signature "()LClientDto;" in class file com/aurionpro/papms/service/client/ClientPortalServiceImpl
	at java.base/java.lang.ClassLoader.defineClass1(Native Method)
	at java.base/java.lang.ClassLoader.defineClass(ClassLoader.java:1012)
	at java.base/java.security.SecureClassLoader.defineClass(SecureClassLoader.java:150)
	at java.base/java.net.URLClassLoader.defineClass(URLClassLoader.java:524)
	at java.base/java.net.URLClassLoader$1.run(URLClassLoader.java:427)
	at java.base/java.net.URLClassLoader$1.run(URLClassLoader.java:421)
	at java.base/java.security.AccessController.doPrivileged(AccessController.java:712)
	at java.base/java.net.URLClassLoader.findClass(URLClassLoader.java:420)
	at org.springframework.boot.devtools.restart.classloader.RestartClassLoader.findClass(RestartClassLoader.java:136)
	at org.springframework.boot.devtools.restart.classloader.RestartClassLoader.loadClass(RestartClassLoader.java:118)
	at java.base/java.lang.ClassLoader.loadClass(ClassLoader.java:520)
	at java.base/java.lang.Class.forName0(Native Method)
	at java.base/java.lang.Class.forName(Class.java:467)
	at org.springframework.util.ClassUtils.forName(ClassUtils.java:321)
	at org.springframework.beans.factory.support.AbstractBeanDefinition.resolveBeanClass(AbstractBeanDefinition.java:503)
	at org.springframework.beans.factory.support.AbstractBeanFactory.doResolveBeanClass(AbstractBeanFactory.java:1653)
	at org.springframework.beans.factory.support.AbstractBeanFactory.resolveBeanClass(AbstractBeanFactory.java:1578)
	... 34 common frames omitted
2025-12-18 00:26:00.071 [restartedMain] INFO  c.aurionpro.papms.PaPmsApplication - Starting PaPmsApplication using Java 17.0.1 with PID 2896 (D:\Swabhav_Java_FullStack\Project\Project\PaPMS\target\classes started by aniket.gupta in D:\Swabhav_Java_FullStack\Project\Project\PaPMS)
2025-12-18 00:26:00.071 [restartedMain] DEBUG c.aurionpro.papms.PaPmsApplication - Running with Spring Boot v3.5.5, Spring v6.2.10
2025-12-18 00:26:00.072 [restartedMain] INFO  c.aurionpro.papms.PaPmsApplication - No active profile set, falling back to 1 default profile: "default"
2025-12-18 00:26:01.919 [restartedMain] WARN  o.s.b.w.s.c.AnnotationConfigServletWebServerApplicationContext - Exception encountered during context initialization - cancelling refresh attempt: java.lang.IllegalStateException: Error processing condition on org.springframework.boot.autoconfigure.batch.BatchAutoConfiguration
2025-12-18 00:26:01.928 [restartedMain] INFO  o.s.b.a.l.ConditionEvaluationReportLogger - 

Error starting ApplicationContext. To display the condition evaluation report re-run your application with 'debug' enabled.
2025-12-18 00:26:01.931 [restartedMain] ERROR o.s.boot.SpringApplication - Application run failed
java.lang.IllegalStateException: Error processing condition on org.springframework.boot.autoconfigure.batch.BatchAutoConfiguration
	at org.springframework.boot.autoconfigure.condition.SpringBootCondition.matches(SpringBootCondition.java:60)
	at org.springframework.context.annotation.ConditionEvaluator.shouldSkip(ConditionEvaluator.java:99)
	at org.springframework.context.annotation.ConfigurationClassBeanDefinitionReader$TrackedConditionEvaluator.shouldSkip(ConfigurationClassBeanDefinitionReader.java:495)
	at org.springframework.context.annotation.ConfigurationClassBeanDefinitionReader$TrackedConditionEvaluator.shouldSkip(ConfigurationClassBeanDefinitionReader.java:484)
	at org.springframework.context.annotation.ConfigurationClassBeanDefinitionReader.loadBeanDefinitionsForConfigurationClass(ConfigurationClassBeanDefinitionReader.java:131)
	at org.springframework.context.annotation.ConfigurationClassBeanDefinitionReader.loadBeanDefinitions(ConfigurationClassBeanDefinitionReader.java:120)
	at org.springframework.context.annotation.ConfigurationClassPostProcessor.processConfigBeanDefinitions(ConfigurationClassPostProcessor.java:430)
	at org.springframework.context.annotation.ConfigurationClassPostProcessor.postProcessBeanDefinitionRegistry(ConfigurationClassPostProcessor.java:290)
	at org.springframework.context.support.PostProcessorRegistrationDelegate.invokeBeanDefinitionRegistryPostProcessors(PostProcessorRegistrationDelegate.java:349)
	at org.springframework.context.support.PostProcessorRegistrationDelegate.invokeBeanFactoryPostProcessors(PostProcessorRegistrationDelegate.java:118)
	at org.springframework.context.support.AbstractApplicationContext.invokeBeanFactoryPostProcessors(AbstractApplicationContext.java:791)
	at org.springframework.context.support.AbstractApplicationContext.refresh(AbstractApplicationContext.java:609)
	at org.springframework.boot.web.servlet.context.ServletWebServerApplicationContext.refresh(ServletWebServerApplicationContext.java:146)
	at org.springframework.boot.SpringApplication.refresh(SpringApplication.java:752)
	at org.springframework.boot.SpringApplication.refreshContext(SpringApplication.java:439)
	at org.springframework.boot.SpringApplication.run(SpringApplication.java:318)
	at org.springframework.boot.SpringApplication.run(SpringApplication.java:1361)
	at org.springframework.boot.SpringApplication.run(SpringApplication.java:1350)
	at com.aurionpro.papms.PaPmsApplication.main(PaPmsApplication.java:16)
	at java.base/jdk.internal.reflect.NativeMethodAccessorImpl.invoke0(Native Method)
	at java.base/jdk.internal.reflect.NativeMethodAccessorImpl.invoke(NativeMethodAccessorImpl.java:77)
	at java.base/jdk.internal.reflect.DelegatingMethodAccessorImpl.invoke(DelegatingMethodAccessorImpl.java:43)
	at java.base/java.lang.reflect.Method.invoke(Method.java:568)
	at org.springframework.boot.devtools.restart.RestartLauncher.run(RestartLauncher.java:50)
Caused by: org.springframework.beans.factory.CannotLoadBeanClassException: Error loading class [com.aurionpro.papms.service.client.ClientPortalServiceImpl] for bean with name 'clientPortalServiceImpl' defined in file [D:\Swabhav_Java_FullStack\Project\Project\PaPMS\target\classes\com\aurionpro\papms\service\client\ClientPortalServiceImpl.class]: problem with class file or dependent class
	at org.springframework.beans.factory.support.AbstractBeanFactory.resolveBeanClass(AbstractBeanFactory.java:1588)
	at org.springframework.beans.factory.support.AbstractAutowireCapableBeanFactory.determineTargetType(AbstractAutowireCapableBeanFactory.java:692)
	at org.springframework.beans.factory.support.AbstractAutowireCapableBeanFactory.predictBeanType(AbstractAutowireCapableBeanFactory.java:660)
	at org.springframework.beans.factory.support.AbstractBeanFactory.getType(AbstractBeanFactory.java:738)
	at org.springframework.beans.factory.support.DefaultListableBeanFactory.findAnnotationOnBean(DefaultListableBeanFactory.java:817)
	at org.springframework.boot.autoconfigure.condition.OnBeanCondition.getBeanNamesForAnnotation(OnBeanCondition.java:379)
	at org.springframework.boot.autoconfigure.condition.OnBeanCondition.collectBeanDefinitionsForAnnotation(OnBeanCondition.java:358)
	at org.springframework.boot.autoconfigure.condition.OnBeanCondition.getBeanDefinitionsForAnnotation(OnBeanCondition.java:341)
	at org.springframework.boot.autoconfigure.condition.OnBeanCondition.getMatchingBeans(OnBeanCondition.java:227)
	at org.springframework.boot.autoconfigure.condition.OnBeanCondition.evaluateConditionalOnMissingBean(OnBeanCondition.java:197)
	at org.springframework.boot.autoconfigure.condition.OnBeanCondition.getMatchOutcome(OnBeanCondition.java:144)
	at org.springframework.boot.autoconfigure.condition.SpringBootCondition.matches(SpringBootCondition.java:47)
	... 23 common frames omitted
Caused by: java.lang.ClassFormatError: Duplicate method name "getMyProfile" with signature "()LClientDto;" in class file com/aurionpro/papms/service/client/ClientPortalServiceImpl
	at java.base/java.lang.ClassLoader.defineClass1(Native Method)
	at java.base/java.lang.ClassLoader.defineClass(ClassLoader.java:1012)
	at java.base/java.security.SecureClassLoader.defineClass(SecureClassLoader.java:150)
	at java.base/java.net.URLClassLoader.defineClass(URLClassLoader.java:524)
	at java.base/java.net.URLClassLoader$1.run(URLClassLoader.java:427)
	at java.base/java.net.URLClassLoader$1.run(URLClassLoader.java:421)
	at java.base/java.security.AccessController.doPrivileged(AccessController.java:712)
	at java.base/java.net.URLClassLoader.findClass(URLClassLoader.java:420)
	at org.springframework.boot.devtools.restart.classloader.RestartClassLoader.findClass(RestartClassLoader.java:136)
	at org.springframework.boot.devtools.restart.classloader.RestartClassLoader.loadClass(RestartClassLoader.java:118)
	at java.base/java.lang.ClassLoader.loadClass(ClassLoader.java:520)
	at java.base/java.lang.Class.forName0(Native Method)
	at java.base/java.lang.Class.forName(Class.java:467)
	at org.springframework.util.ClassUtils.forName(ClassUtils.java:321)
	at org.springframework.beans.factory.support.AbstractBeanDefinition.resolveBeanClass(AbstractBeanDefinition.java:503)
	at org.springframework.beans.factory.support.AbstractBeanFactory.doResolveBeanClass(AbstractBeanFactory.java:1653)
	at org.springframework.beans.factory.support.AbstractBeanFactory.resolveBeanClass(AbstractBeanFactory.java:1578)
	... 34 common frames omitted
2025-12-18 00:29:24.469 [restartedMain] INFO  c.aurionpro.papms.PaPmsApplication - Starting PaPmsApplication using Java 17.0.1 with PID 2896 (D:\Swabhav_Java_FullStack\Project\Project\PaPMS\target\classes started by aniket.gupta in D:\Swabhav_Java_FullStack\Project\Project\PaPMS)
2025-12-18 00:29:24.469 [restartedMain] DEBUG c.aurionpro.papms.PaPmsApplication - Running with Spring Boot v3.5.5, Spring v6.2.10
2025-12-18 00:29:24.469 [restartedMain] INFO  c.aurionpro.papms.PaPmsApplication - No active profile set, falling back to 1 default profile: "default"
2025-12-18 00:29:26.034 [restartedMain] WARN  o.s.b.w.s.c.AnnotationConfigServletWebServerApplicationContext - Exception encountered during context initialization - cancelling refresh attempt: java.lang.IllegalStateException: Error processing condition on org.springframework.boot.autoconfigure.batch.BatchAutoConfiguration
2025-12-18 00:29:26.039 [restartedMain] INFO  o.s.b.a.l.ConditionEvaluationReportLogger - 

Error starting ApplicationContext. To display the condition evaluation report re-run your application with 'debug' enabled.
2025-12-18 00:29:26.042 [restartedMain] ERROR o.s.boot.SpringApplication - Application run failed
java.lang.IllegalStateException: Error processing condition on org.springframework.boot.autoconfigure.batch.BatchAutoConfiguration
	at org.springframework.boot.autoconfigure.condition.SpringBootCondition.matches(SpringBootCondition.java:60)
	at org.springframework.context.annotation.ConditionEvaluator.shouldSkip(ConditionEvaluator.java:99)
	at org.springframework.context.annotation.ConfigurationClassBeanDefinitionReader$TrackedConditionEvaluator.shouldSkip(ConfigurationClassBeanDefinitionReader.java:495)
	at org.springframework.context.annotation.ConfigurationClassBeanDefinitionReader$TrackedConditionEvaluator.shouldSkip(ConfigurationClassBeanDefinitionReader.java:484)
	at org.springframework.context.annotation.ConfigurationClassBeanDefinitionReader.loadBeanDefinitionsForConfigurationClass(ConfigurationClassBeanDefinitionReader.java:131)
	at org.springframework.context.annotation.ConfigurationClassBeanDefinitionReader.loadBeanDefinitions(ConfigurationClassBeanDefinitionReader.java:120)
	at org.springframework.context.annotation.ConfigurationClassPostProcessor.processConfigBeanDefinitions(ConfigurationClassPostProcessor.java:430)
	at org.springframework.context.annotation.ConfigurationClassPostProcessor.postProcessBeanDefinitionRegistry(ConfigurationClassPostProcessor.java:290)
	at org.springframework.context.support.PostProcessorRegistrationDelegate.invokeBeanDefinitionRegistryPostProcessors(PostProcessorRegistrationDelegate.java:349)
	at org.springframework.context.support.PostProcessorRegistrationDelegate.invokeBeanFactoryPostProcessors(PostProcessorRegistrationDelegate.java:118)
	at org.springframework.context.support.AbstractApplicationContext.invokeBeanFactoryPostProcessors(AbstractApplicationContext.java:791)
	at org.springframework.context.support.AbstractApplicationContext.refresh(AbstractApplicationContext.java:609)
	at org.springframework.boot.web.servlet.context.ServletWebServerApplicationContext.refresh(ServletWebServerApplicationContext.java:146)
	at org.springframework.boot.SpringApplication.refresh(SpringApplication.java:752)
	at org.springframework.boot.SpringApplication.refreshContext(SpringApplication.java:439)
	at org.springframework.boot.SpringApplication.run(SpringApplication.java:318)
	at org.springframework.boot.SpringApplication.run(SpringApplication.java:1361)
	at org.springframework.boot.SpringApplication.run(SpringApplication.java:1350)
	at com.aurionpro.papms.PaPmsApplication.main(PaPmsApplication.java:16)
	at java.base/jdk.internal.reflect.NativeMethodAccessorImpl.invoke0(Native Method)
	at java.base/jdk.internal.reflect.NativeMethodAccessorImpl.invoke(NativeMethodAccessorImpl.java:77)
	at java.base/jdk.internal.reflect.DelegatingMethodAccessorImpl.invoke(DelegatingMethodAccessorImpl.java:43)
	at java.base/java.lang.reflect.Method.invoke(Method.java:568)
	at org.springframework.boot.devtools.restart.RestartLauncher.run(RestartLauncher.java:50)
Caused by: org.springframework.beans.factory.CannotLoadBeanClassException: Error loading class [com.aurionpro.papms.service.client.ClientPortalServiceImpl] for bean with name 'clientPortalServiceImpl' defined in file [D:\Swabhav_Java_FullStack\Project\Project\PaPMS\target\classes\com\aurionpro\papms\service\client\ClientPortalServiceImpl.class]: problem with class file or dependent class
	at org.springframework.beans.factory.support.AbstractBeanFactory.resolveBeanClass(AbstractBeanFactory.java:1588)
	at org.springframework.beans.factory.support.AbstractAutowireCapableBeanFactory.determineTargetType(AbstractAutowireCapableBeanFactory.java:692)
	at org.springframework.beans.factory.support.AbstractAutowireCapableBeanFactory.predictBeanType(AbstractAutowireCapableBeanFactory.java:660)
	at org.springframework.beans.factory.support.AbstractBeanFactory.getType(AbstractBeanFactory.java:738)
	at org.springframework.beans.factory.support.DefaultListableBeanFactory.findAnnotationOnBean(DefaultListableBeanFactory.java:817)
	at org.springframework.boot.autoconfigure.condition.OnBeanCondition.getBeanNamesForAnnotation(OnBeanCondition.java:379)
	at org.springframework.boot.autoconfigure.condition.OnBeanCondition.collectBeanDefinitionsForAnnotation(OnBeanCondition.java:358)
	at org.springframework.boot.autoconfigure.condition.OnBeanCondition.getBeanDefinitionsForAnnotation(OnBeanCondition.java:341)
	at org.springframework.boot.autoconfigure.condition.OnBeanCondition.getMatchingBeans(OnBeanCondition.java:227)
	at org.springframework.boot.autoconfigure.condition.OnBeanCondition.evaluateConditionalOnMissingBean(OnBeanCondition.java:197)
	at org.springframework.boot.autoconfigure.condition.OnBeanCondition.getMatchOutcome(OnBeanCondition.java:144)
	at org.springframework.boot.autoconfigure.condition.SpringBootCondition.matches(SpringBootCondition.java:47)
	... 23 common frames omitted
Caused by: java.lang.ClassFormatError: Duplicate method name "getMyProfile" with signature "()LClientDto;" in class file com/aurionpro/papms/service/client/ClientPortalServiceImpl
	at java.base/java.lang.ClassLoader.defineClass1(Native Method)
	at java.base/java.lang.ClassLoader.defineClass(ClassLoader.java:1012)
	at java.base/java.security.SecureClassLoader.defineClass(SecureClassLoader.java:150)
	at java.base/java.net.URLClassLoader.defineClass(URLClassLoader.java:524)
	at java.base/java.net.URLClassLoader$1.run(URLClassLoader.java:427)
	at java.base/java.net.URLClassLoader$1.run(URLClassLoader.java:421)
	at java.base/java.security.AccessController.doPrivileged(AccessController.java:712)
	at java.base/java.net.URLClassLoader.findClass(URLClassLoader.java:420)
	at org.springframework.boot.devtools.restart.classloader.RestartClassLoader.findClass(RestartClassLoader.java:136)
	at org.springframework.boot.devtools.restart.classloader.RestartClassLoader.loadClass(RestartClassLoader.java:118)
	at java.base/java.lang.ClassLoader.loadClass(ClassLoader.java:520)
	at java.base/java.lang.Class.forName0(Native Method)
	at java.base/java.lang.Class.forName(Class.java:467)
	at org.springframework.util.ClassUtils.forName(ClassUtils.java:321)
	at org.springframework.beans.factory.support.AbstractBeanDefinition.resolveBeanClass(AbstractBeanDefinition.java:503)
	at org.springframework.beans.factory.support.AbstractBeanFactory.doResolveBeanClass(AbstractBeanFactory.java:1653)
	at org.springframework.beans.factory.support.AbstractBeanFactory.resolveBeanClass(AbstractBeanFactory.java:1578)
	... 34 common frames omitted
2025-12-18 00:29:53.468 [restartedMain] INFO  c.aurionpro.papms.PaPmsApplication - Starting PaPmsApplication using Java 17.0.1 with PID 2896 (D:\Swabhav_Java_FullStack\Project\Project\PaPMS\target\classes started by aniket.gupta in D:\Swabhav_Java_FullStack\Project\Project\PaPMS)
2025-12-18 00:29:53.468 [restartedMain] DEBUG c.aurionpro.papms.PaPmsApplication - Running with Spring Boot v3.5.5, Spring v6.2.10
2025-12-18 00:29:53.468 [restartedMain] INFO  c.aurionpro.papms.PaPmsApplication - No active profile set, falling back to 1 default profile: "default"
2025-12-18 00:29:55.101 [restartedMain] WARN  o.s.b.w.s.c.AnnotationConfigServletWebServerApplicationContext - Exception encountered during context initialization - cancelling refresh attempt: java.lang.IllegalStateException: Error processing condition on org.springframework.boot.autoconfigure.batch.BatchAutoConfiguration
2025-12-18 00:29:55.107 [restartedMain] INFO  o.s.b.a.l.ConditionEvaluationReportLogger - 

Error starting ApplicationContext. To display the condition evaluation report re-run your application with 'debug' enabled.
2025-12-18 00:29:55.111 [restartedMain] ERROR o.s.boot.SpringApplication - Application run failed
java.lang.IllegalStateException: Error processing condition on org.springframework.boot.autoconfigure.batch.BatchAutoConfiguration
	at org.springframework.boot.autoconfigure.condition.SpringBootCondition.matches(SpringBootCondition.java:60)
	at org.springframework.context.annotation.ConditionEvaluator.shouldSkip(ConditionEvaluator.java:99)
	at org.springframework.context.annotation.ConfigurationClassBeanDefinitionReader$TrackedConditionEvaluator.shouldSkip(ConfigurationClassBeanDefinitionReader.java:495)
	at org.springframework.context.annotation.ConfigurationClassBeanDefinitionReader$TrackedConditionEvaluator.shouldSkip(ConfigurationClassBeanDefinitionReader.java:484)
	at org.springframework.context.annotation.ConfigurationClassBeanDefinitionReader.loadBeanDefinitionsForConfigurationClass(ConfigurationClassBeanDefinitionReader.java:131)
	at org.springframework.context.annotation.ConfigurationClassBeanDefinitionReader.loadBeanDefinitions(ConfigurationClassBeanDefinitionReader.java:120)
	at org.springframework.context.annotation.ConfigurationClassPostProcessor.processConfigBeanDefinitions(ConfigurationClassPostProcessor.java:430)
	at org.springframework.context.annotation.ConfigurationClassPostProcessor.postProcessBeanDefinitionRegistry(ConfigurationClassPostProcessor.java:290)
	at org.springframework.context.support.PostProcessorRegistrationDelegate.invokeBeanDefinitionRegistryPostProcessors(PostProcessorRegistrationDelegate.java:349)
	at org.springframework.context.support.PostProcessorRegistrationDelegate.invokeBeanFactoryPostProcessors(PostProcessorRegistrationDelegate.java:118)
	at org.springframework.context.support.AbstractApplicationContext.invokeBeanFactoryPostProcessors(AbstractApplicationContext.java:791)
	at org.springframework.context.support.AbstractApplicationContext.refresh(AbstractApplicationContext.java:609)
	at org.springframework.boot.web.servlet.context.ServletWebServerApplicationContext.refresh(ServletWebServerApplicationContext.java:146)
	at org.springframework.boot.SpringApplication.refresh(SpringApplication.java:752)
	at org.springframework.boot.SpringApplication.refreshContext(SpringApplication.java:439)
	at org.springframework.boot.SpringApplication.run(SpringApplication.java:318)
	at org.springframework.boot.SpringApplication.run(SpringApplication.java:1361)
	at org.springframework.boot.SpringApplication.run(SpringApplication.java:1350)
	at com.aurionpro.papms.PaPmsApplication.main(PaPmsApplication.java:16)
	at java.base/jdk.internal.reflect.NativeMethodAccessorImpl.invoke0(Native Method)
	at java.base/jdk.internal.reflect.NativeMethodAccessorImpl.invoke(NativeMethodAccessorImpl.java:77)
	at java.base/jdk.internal.reflect.DelegatingMethodAccessorImpl.invoke(DelegatingMethodAccessorImpl.java:43)
	at java.base/java.lang.reflect.Method.invoke(Method.java:568)
	at org.springframework.boot.devtools.restart.RestartLauncher.run(RestartLauncher.java:50)
Caused by: org.springframework.beans.factory.CannotLoadBeanClassException: Error loading class [com.aurionpro.papms.service.client.ClientPortalServiceImpl] for bean with name 'clientPortalServiceImpl' defined in file [D:\Swabhav_Java_FullStack\Project\Project\PaPMS\target\classes\com\aurionpro\papms\service\client\ClientPortalServiceImpl.class]: problem with class file or dependent class
	at org.springframework.beans.factory.support.AbstractBeanFactory.resolveBeanClass(AbstractBeanFactory.java:1588)
	at org.springframework.beans.factory.support.AbstractAutowireCapableBeanFactory.determineTargetType(AbstractAutowireCapableBeanFactory.java:692)
	at org.springframework.beans.factory.support.AbstractAutowireCapableBeanFactory.predictBeanType(AbstractAutowireCapableBeanFactory.java:660)
	at org.springframework.beans.factory.support.AbstractBeanFactory.getType(AbstractBeanFactory.java:738)
	at org.springframework.beans.factory.support.DefaultListableBeanFactory.findAnnotationOnBean(DefaultListableBeanFactory.java:817)
	at org.springframework.boot.autoconfigure.condition.OnBeanCondition.getBeanNamesForAnnotation(OnBeanCondition.java:379)
	at org.springframework.boot.autoconfigure.condition.OnBeanCondition.collectBeanDefinitionsForAnnotation(OnBeanCondition.java:358)
	at org.springframework.boot.autoconfigure.condition.OnBeanCondition.getBeanDefinitionsForAnnotation(OnBeanCondition.java:341)
	at org.springframework.boot.autoconfigure.condition.OnBeanCondition.getMatchingBeans(OnBeanCondition.java:227)
	at org.springframework.boot.autoconfigure.condition.OnBeanCondition.evaluateConditionalOnMissingBean(OnBeanCondition.java:197)
	at org.springframework.boot.autoconfigure.condition.OnBeanCondition.getMatchOutcome(OnBeanCondition.java:144)
	at org.springframework.boot.autoconfigure.condition.SpringBootCondition.matches(SpringBootCondition.java:47)
	... 23 common frames omitted
Caused by: java.lang.ClassFormatError: Duplicate method name "getMyProfile" with signature "()LClientDto;" in class file com/aurionpro/papms/service/client/ClientPortalServiceImpl
	at java.base/java.lang.ClassLoader.defineClass1(Native Method)
	at java.base/java.lang.ClassLoader.defineClass(ClassLoader.java:1012)
	at java.base/java.security.SecureClassLoader.defineClass(SecureClassLoader.java:150)
	at java.base/java.net.URLClassLoader.defineClass(URLClassLoader.java:524)
	at java.base/java.net.URLClassLoader$1.run(URLClassLoader.java:427)
	at java.base/java.net.URLClassLoader$1.run(URLClassLoader.java:421)
	at java.base/java.security.AccessController.doPrivileged(AccessController.java:712)
	at java.base/java.net.URLClassLoader.findClass(URLClassLoader.java:420)
	at org.springframework.boot.devtools.restart.classloader.RestartClassLoader.findClass(RestartClassLoader.java:136)
	at org.springframework.boot.devtools.restart.classloader.RestartClassLoader.loadClass(RestartClassLoader.java:118)
	at java.base/java.lang.ClassLoader.loadClass(ClassLoader.java:520)
	at java.base/java.lang.Class.forName0(Native Method)
	at java.base/java.lang.Class.forName(Class.java:467)
	at org.springframework.util.ClassUtils.forName(ClassUtils.java:321)
	at org.springframework.beans.factory.support.AbstractBeanDefinition.resolveBeanClass(AbstractBeanDefinition.java:503)
	at org.springframework.beans.factory.support.AbstractBeanFactory.doResolveBeanClass(AbstractBeanFactory.java:1653)
	at org.springframework.beans.factory.support.AbstractBeanFactory.resolveBeanClass(AbstractBeanFactory.java:1578)
	... 34 common frames omitted
2025-12-18 00:46:46.901 [background-preinit] INFO  o.h.validator.internal.util.Version - HV000001: Hibernate Validator 8.0.3.Final
2025-12-18 00:46:46.956 [restartedMain] INFO  c.aurionpro.papms.PaPmsApplication - Starting PaPmsApplication using Java 17.0.1 with PID 5740 (D:\Swabhav_Java_FullStack\Project\Project\PaPMS\target\classes started by aniket.gupta in D:\Swabhav_Java_FullStack\Project\Project\PaPMS)
2025-12-18 00:46:46.957 [restartedMain] DEBUG c.aurionpro.papms.PaPmsApplication - Running with Spring Boot v3.5.5, Spring v6.2.10
2025-12-18 00:46:46.958 [restartedMain] INFO  c.aurionpro.papms.PaPmsApplication - No active profile set, falling back to 1 default profile: "default"
2025-12-18 00:46:47.005 [restartedMain] INFO  o.s.b.d.e.DevToolsPropertyDefaultsPostProcessor - Devtools property defaults active! Set 'spring.devtools.add-properties' to 'false' to disable
2025-12-18 00:46:47.006 [restartedMain] INFO  o.s.b.d.e.DevToolsPropertyDefaultsPostProcessor - For additional web related logging consider setting the 'logging.level.web' property to 'DEBUG'
2025-12-18 00:46:48.902 [restartedMain] INFO  o.s.d.r.c.RepositoryConfigurationDelegate - Bootstrapping Spring Data JPA repositories in DEFAULT mode.
2025-12-18 00:46:49.161 [restartedMain] INFO  o.s.d.r.c.RepositoryConfigurationDelegate - Finished Spring Data repository scanning in 246 ms. Found 21 JPA repository interfaces.
2025-12-18 00:46:50.252 [restartedMain] INFO  o.s.b.w.e.tomcat.TomcatWebServer - Tomcat initialized with port 8040 (http)
2025-12-18 00:46:50.261 [restartedMain] INFO  o.a.coyote.http11.Http11NioProtocol - Initializing ProtocolHandler ["http-nio-8040"]
2025-12-18 00:46:50.262 [restartedMain] INFO  o.a.catalina.core.StandardService - Starting service [Tomcat]
2025-12-18 00:46:50.262 [restartedMain] INFO  o.a.catalina.core.StandardEngine - Starting Servlet engine: [Apache Tomcat/10.1.44]
2025-12-18 00:46:50.322 [restartedMain] INFO  o.a.c.c.C.[Tomcat].[localhost].[/] - Initializing Spring embedded WebApplicationContext
2025-12-18 00:46:50.323 [restartedMain] INFO  o.s.b.w.s.c.ServletWebServerApplicationContext - Root WebApplicationContext: initialization completed in 3317 ms
2025-12-18 00:46:50.409 [restartedMain] INFO  com.zaxxer.hikari.HikariDataSource - HikariPool-1 - Starting...
2025-12-18 00:46:50.822 [restartedMain] INFO  com.zaxxer.hikari.pool.HikariPool - HikariPool-1 - Added connection com.mysql.cj.jdbc.ConnectionImpl@4638cd14
2025-12-18 00:46:50.825 [restartedMain] INFO  com.zaxxer.hikari.HikariDataSource - HikariPool-1 - Start completed.
2025-12-18 00:46:51.054 [restartedMain] INFO  o.h.jpa.internal.util.LogHelper - HHH000204: Processing PersistenceUnitInfo [name: default]
2025-12-18 00:46:51.127 [restartedMain] INFO  org.hibernate.Version - HHH000412: Hibernate ORM core version 6.6.26.Final
2025-12-18 00:46:51.171 [restartedMain] INFO  o.h.c.i.RegionFactoryInitiator - HHH000026: Second-level cache disabled
2025-12-18 00:46:51.484 [restartedMain] INFO  o.s.o.j.p.SpringPersistenceUnitInfo - No LoadTimeWeaver setup: ignoring JPA class transformer
2025-12-18 00:46:51.567 [restartedMain] WARN  org.hibernate.orm.deprecation - HHH90000025: MySQLDialect does not need to be specified explicitly using 'hibernate.dialect' (remove the property setting and it will be selected by default)
2025-12-18 00:46:51.580 [restartedMain] INFO  o.hibernate.orm.connections.pooling - HHH10001005: Database info:
	Database JDBC URL [Connecting through datasource 'HikariDataSource (HikariPool-1)']
	Database driver: undefined/unknown
	Database version: 8.0.42
	Autocommit mode: undefined/unknown
	Isolation level: undefined/unknown
	Minimum pool size: undefined/unknown
	Maximum pool size: undefined/unknown
2025-12-18 00:46:53.116 [restartedMain] INFO  o.h.e.t.j.p.i.JtaPlatformInitiator - HHH000489: No JTA platform available (set 'hibernate.transaction.jta.platform' to enable JTA platform integration)
2025-12-18 00:46:53.239 [restartedMain] DEBUG org.hibernate.SQL - 
    create table client_deposit_requests (
        id bigint not null auto_increment,
        amount decimal(15,2) not null,
        approved_by integer,
        created_at datetime(6),
        processed_at datetime(6),
        reference_number varchar(100),
        rejection_reason TEXT,
        remarks TEXT,
        status enum ('APPROVED','PENDING','REJECTED') not null,
        updated_at datetime(6),
        client_id bigint not null,
        organization_id integer not null,
        primary key (id)
    ) engine=InnoDB
2025-12-18 00:46:53.337 [restartedMain] DEBUG org.hibernate.SQL - 
    alter table clients 
       modify column status enum ('ACTIVE','INACTIVE','SUSPENDED') not null
2025-12-18 00:46:53.480 [restartedMain] DEBUG org.hibernate.SQL - 
    alter table invoices 
       add column paid_amount decimal(12,2) not null
2025-12-18 00:46:53.572 [restartedMain] DEBUG org.hibernate.SQL - 
    alter table transactions 
       modify column source_type enum ('DEPOSIT','INVOICE','MANUAL_ADJUSTMENT','PAYROLL_PAYMENT','VENDOR_PAYMENT') not null
2025-12-18 00:46:53.637 [restartedMain] DEBUG org.hibernate.SQL - 
    alter table client_deposit_requests 
       add constraint FKee36ap6mk6ufucvq4641l69bl 
       foreign key (client_id) 
       references clients (id)
2025-12-18 00:46:53.726 [restartedMain] DEBUG org.hibernate.SQL - 
    alter table client_deposit_requests 
       add constraint FKc768b1n93civfinhkcw7vme0x 
       foreign key (organization_id) 
       references organizations (id)
2025-12-18 00:46:53.959 [restartedMain] INFO  o.s.o.j.LocalContainerEntityManagerFactoryBean - Initialized JPA EntityManagerFactory for persistence unit 'default'
2025-12-18 00:46:54.929 [restartedMain] INFO  o.s.d.j.r.query.QueryEnhancerFactory - Hibernate is in classpath; If applicable, HQL parser will be used.
2025-12-18 00:46:55.385 [restartedMain] DEBUG c.a.p.security.filter.JwtAuthFilter - Filter 'jwtAuthFilter' configured for use
2025-12-18 00:46:56.427 [restartedMain] INFO  o.s.s.c.a.a.c.InitializeAuthenticationProviderBeanManagerConfigurer$InitializeAuthenticationProviderManagerConfigurer - Global AuthenticationManager configured with AuthenticationProvider bean with name authenticationProvider
2025-12-18 00:46:56.427 [restartedMain] WARN  o.s.s.c.a.a.c.InitializeUserDetailsBeanManagerConfigurer$InitializeUserDetailsManagerConfigurer - Global AuthenticationManager configured with an AuthenticationProvider bean. UserDetailsService beans will not be used by Spring Security for automatically configuring username/password login. Consider removing the AuthenticationProvider bean. Alternatively, consider using the UserDetailsService in a manually instantiated DaoAuthenticationProvider. If the current configuration is intentional, to turn off this warning, increase the logging level of 'org.springframework.security.config.annotation.authentication.configuration.InitializeUserDetailsBeanManagerConfigurer' to ERROR
2025-12-18 00:46:56.999 [restartedMain] WARN  o.s.b.w.s.c.AnnotationConfigServletWebServerApplicationContext - Exception encountered during context initialization - cancelling refresh attempt: org.springframework.beans.factory.UnsatisfiedDependencyException: Error creating bean with name 'clientController' defined in file [D:\Swabhav_Java_FullStack\Project\Project\PaPMS\target\classes\com\aurionpro\papms\controller\ClientController.class]: Unsatisfied dependency expressed through constructor parameter 0: Error creating bean with name 'clientServiceImpl' defined in file [D:\Swabhav_Java_FullStack\Project\Project\PaPMS\target\classes\com\aurionpro\papms\service\ClientServiceImpl.class]: Unsatisfied dependency expressed through constructor parameter 2: Error creating bean with name 'clientRepository' defined in com.aurionpro.papms.repository.ClientRepository defined in @EnableJpaRepositories declared on JpaRepositoriesRegistrar.EnableJpaRepositoriesConfiguration: Could not create query for public abstract boolean com.aurionpro.papms.repository.ClientRepository.existsByCompanyNameAndOrganizationId(java.lang.String,java.lang.Integer); Reason: Failed to create query for method public abstract boolean com.aurionpro.papms.repository.ClientRepository.existsByCompanyNameAndOrganizationId(java.lang.String,java.lang.Integer); No property 'companyName' found for type 'Client'
2025-12-18 00:46:57.000 [restartedMain] INFO  o.s.o.j.LocalContainerEntityManagerFactoryBean - Closing JPA EntityManagerFactory for persistence unit 'default'
2025-12-18 00:46:57.003 [restartedMain] INFO  com.zaxxer.hikari.HikariDataSource - HikariPool-1 - Shutdown initiated...
2025-12-18 00:46:57.011 [restartedMain] INFO  com.zaxxer.hikari.HikariDataSource - HikariPool-1 - Shutdown completed.
2025-12-18 00:46:57.014 [restartedMain] INFO  o.a.catalina.core.StandardService - Stopping service [Tomcat]
2025-12-18 00:46:57.026 [restartedMain] INFO  o.s.b.a.l.ConditionEvaluationReportLogger - 

Error starting ApplicationContext. To display the condition evaluation report re-run your application with 'debug' enabled.
2025-12-18 00:46:57.042 [restartedMain] ERROR o.s.boot.SpringApplication - Application run failed
org.springframework.beans.factory.UnsatisfiedDependencyException: Error creating bean with name 'clientController' defined in file [D:\Swabhav_Java_FullStack\Project\Project\PaPMS\target\classes\com\aurionpro\papms\controller\ClientController.class]: Unsatisfied dependency expressed through constructor parameter 0: Error creating bean with name 'clientServiceImpl' defined in file [D:\Swabhav_Java_FullStack\Project\Project\PaPMS\target\classes\com\aurionpro\papms\service\ClientServiceImpl.class]: Unsatisfied dependency expressed through constructor parameter 2: Error creating bean with name 'clientRepository' defined in com.aurionpro.papms.repository.ClientRepository defined in @EnableJpaRepositories declared on JpaRepositoriesRegistrar.EnableJpaRepositoriesConfiguration: Could not create query for public abstract boolean com.aurionpro.papms.repository.ClientRepository.existsByCompanyNameAndOrganizationId(java.lang.String,java.lang.Integer); Reason: Failed to create query for method public abstract boolean com.aurionpro.papms.repository.ClientRepository.existsByCompanyNameAndOrganizationId(java.lang.String,java.lang.Integer); No property 'companyName' found for type 'Client'
	at org.springframework.beans.factory.support.ConstructorResolver.createArgumentArray(ConstructorResolver.java:804)
	at org.springframework.beans.factory.support.ConstructorResolver.autowireConstructor(ConstructorResolver.java:240)
	at org.springframework.beans.factory.support.AbstractAutowireCapableBeanFactory.autowireConstructor(AbstractAutowireCapableBeanFactory.java:1395)
	at org.springframework.beans.factory.support.AbstractAutowireCapableBeanFactory.createBeanInstance(AbstractAutowireCapableBeanFactory.java:1232)
	at org.springframework.beans.factory.support.AbstractAutowireCapableBeanFactory.doCreateBean(AbstractAutowireCapableBeanFactory.java:569)
	at org.springframework.beans.factory.support.AbstractAutowireCapableBeanFactory.createBean(AbstractAutowireCapableBeanFactory.java:529)
	at org.springframework.beans.factory.support.AbstractBeanFactory.lambda$doGetBean$0(AbstractBeanFactory.java:339)
	at org.springframework.beans.factory.support.DefaultSingletonBeanRegistry.getSingleton(DefaultSingletonBeanRegistry.java:373)
	at org.springframework.beans.factory.support.AbstractBeanFactory.doGetBean(AbstractBeanFactory.java:337)
	at org.springframework.beans.factory.support.AbstractBeanFactory.getBean(AbstractBeanFactory.java:202)
	at org.springframework.beans.factory.support.DefaultListableBeanFactory.instantiateSingleton(DefaultListableBeanFactory.java:1222)
	at org.springframework.beans.factory.support.DefaultListableBeanFactory.preInstantiateSingleton(DefaultListableBeanFactory.java:1188)
	at org.springframework.beans.factory.support.DefaultListableBeanFactory.preInstantiateSingletons(DefaultListableBeanFactory.java:1123)
	at org.springframework.context.support.AbstractApplicationContext.finishBeanFactoryInitialization(AbstractApplicationContext.java:987)
	at org.springframework.context.support.AbstractApplicationContext.refresh(AbstractApplicationContext.java:627)
	at org.springframework.boot.web.servlet.context.ServletWebServerApplicationContext.refresh(ServletWebServerApplicationContext.java:146)
	at org.springframework.boot.SpringApplication.refresh(SpringApplication.java:752)
	at org.springframework.boot.SpringApplication.refreshContext(SpringApplication.java:439)
	at org.springframework.boot.SpringApplication.run(SpringApplication.java:318)
	at org.springframework.boot.SpringApplication.run(SpringApplication.java:1361)
	at org.springframework.boot.SpringApplication.run(SpringApplication.java:1350)
	at com.aurionpro.papms.PaPmsApplication.main(PaPmsApplication.java:16)
	at java.base/jdk.internal.reflect.NativeMethodAccessorImpl.invoke0(Native Method)
	at java.base/jdk.internal.reflect.NativeMethodAccessorImpl.invoke(NativeMethodAccessorImpl.java:77)
	at java.base/jdk.internal.reflect.DelegatingMethodAccessorImpl.invoke(DelegatingMethodAccessorImpl.java:43)
	at java.base/java.lang.reflect.Method.invoke(Method.java:568)
	at org.springframework.boot.devtools.restart.RestartLauncher.run(RestartLauncher.java:50)
Caused by: org.springframework.beans.factory.UnsatisfiedDependencyException: Error creating bean with name 'clientServiceImpl' defined in file [D:\Swabhav_Java_FullStack\Project\Project\PaPMS\target\classes\com\aurionpro\papms\service\ClientServiceImpl.class]: Unsatisfied dependency expressed through constructor parameter 2: Error creating bean with name 'clientRepository' defined in com.aurionpro.papms.repository.ClientRepository defined in @EnableJpaRepositories declared on JpaRepositoriesRegistrar.EnableJpaRepositoriesConfiguration: Could not create query for public abstract boolean com.aurionpro.papms.repository.ClientRepository.existsByCompanyNameAndOrganizationId(java.lang.String,java.lang.Integer); Reason: Failed to create query for method public abstract boolean com.aurionpro.papms.repository.ClientRepository.existsByCompanyNameAndOrganizationId(java.lang.String,java.lang.Integer); No property 'companyName' found for type 'Client'
	at org.springframework.beans.factory.support.ConstructorResolver.createArgumentArray(ConstructorResolver.java:804)
	at org.springframework.beans.factory.support.ConstructorResolver.autowireConstructor(ConstructorResolver.java:240)
	at org.springframework.beans.factory.support.AbstractAutowireCapableBeanFactory.autowireConstructor(AbstractAutowireCapableBeanFactory.java:1395)
	at org.springframework.beans.factory.support.AbstractAutowireCapableBeanFactory.createBeanInstance(AbstractAutowireCapableBeanFactory.java:1232)
	at org.springframework.beans.factory.support.AbstractAutowireCapableBeanFactory.doCreateBean(AbstractAutowireCapableBeanFactory.java:569)
	at org.springframework.beans.factory.support.AbstractAutowireCapableBeanFactory.createBean(AbstractAutowireCapableBeanFactory.java:529)
	at org.springframework.beans.factory.support.AbstractBeanFactory.lambda$doGetBean$0(AbstractBeanFactory.java:339)
	at org.springframework.beans.factory.support.DefaultSingletonBeanRegistry.getSingleton(DefaultSingletonBeanRegistry.java:373)
	at org.springframework.beans.factory.support.AbstractBeanFactory.doGetBean(AbstractBeanFactory.java:337)
	at org.springframework.beans.factory.support.AbstractBeanFactory.getBean(AbstractBeanFactory.java:202)
	at org.springframework.beans.factory.config.DependencyDescriptor.resolveCandidate(DependencyDescriptor.java:254)
	at org.springframework.beans.factory.support.DefaultListableBeanFactory.doResolveDependency(DefaultListableBeanFactory.java:1752)
	at org.springframework.beans.factory.support.DefaultListableBeanFactory.resolveDependency(DefaultListableBeanFactory.java:1635)
	at org.springframework.beans.factory.support.ConstructorResolver.resolveAutowiredArgument(ConstructorResolver.java:913)
	at org.springframework.beans.factory.support.ConstructorResolver.createArgumentArray(ConstructorResolver.java:791)
	... 26 common frames omitted
Caused by: org.springframework.beans.factory.BeanCreationException: Error creating bean with name 'clientRepository' defined in com.aurionpro.papms.repository.ClientRepository defined in @EnableJpaRepositories declared on JpaRepositoriesRegistrar.EnableJpaRepositoriesConfiguration: Could not create query for public abstract boolean com.aurionpro.papms.repository.ClientRepository.existsByCompanyNameAndOrganizationId(java.lang.String,java.lang.Integer); Reason: Failed to create query for method public abstract boolean com.aurionpro.papms.repository.ClientRepository.existsByCompanyNameAndOrganizationId(java.lang.String,java.lang.Integer); No property 'companyName' found for type 'Client'
	at org.springframework.beans.factory.support.AbstractAutowireCapableBeanFactory.initializeBean(AbstractAutowireCapableBeanFactory.java:1826)
	at org.springframework.beans.factory.support.AbstractAutowireCapableBeanFactory.doCreateBean(AbstractAutowireCapableBeanFactory.java:607)
	at org.springframework.beans.factory.support.AbstractAutowireCapableBeanFactory.createBean(AbstractAutowireCapableBeanFactory.java:529)
	at org.springframework.beans.factory.support.AbstractBeanFactory.lambda$doGetBean$0(AbstractBeanFactory.java:339)
	at org.springframework.beans.factory.support.DefaultSingletonBeanRegistry.getSingleton(DefaultSingletonBeanRegistry.java:373)
	at org.springframework.beans.factory.support.AbstractBeanFactory.doGetBean(AbstractBeanFactory.java:337)
	at org.springframework.beans.factory.support.AbstractBeanFactory.getBean(AbstractBeanFactory.java:202)
	at org.springframework.beans.factory.support.DefaultListableBeanFactory.doResolveDependency(DefaultListableBeanFactory.java:1690)
	at org.springframework.beans.factory.support.DefaultListableBeanFactory.resolveDependency(DefaultListableBeanFactory.java:1635)
	at org.springframework.beans.factory.support.ConstructorResolver.resolveAutowiredArgument(ConstructorResolver.java:913)
	at org.springframework.beans.factory.support.ConstructorResolver.createArgumentArray(ConstructorResolver.java:791)
	... 40 common frames omitted
Caused by: org.springframework.data.repository.query.QueryCreationException: Could not create query for public abstract boolean com.aurionpro.papms.repository.ClientRepository.existsByCompanyNameAndOrganizationId(java.lang.String,java.lang.Integer); Reason: Failed to create query for method public abstract boolean com.aurionpro.papms.repository.ClientRepository.existsByCompanyNameAndOrganizationId(java.lang.String,java.lang.Integer); No property 'companyName' found for type 'Client'
	at org.springframework.data.repository.query.QueryCreationException.create(QueryCreationException.java:101)
	at org.springframework.data.repository.core.support.QueryExecutorMethodInterceptor.lookupQuery(QueryExecutorMethodInterceptor.java:120)
	at org.springframework.data.repository.core.support.QueryExecutorMethodInterceptor.mapMethodsToQuery(QueryExecutorMethodInterceptor.java:104)
	at org.springframework.data.repository.core.support.QueryExecutorMethodInterceptor.lambda$new$0(QueryExecutorMethodInterceptor.java:92)
	at java.base/java.util.Optional.map(Optional.java:260)
	at org.springframework.data.repository.core.support.QueryExecutorMethodInterceptor.<init>(QueryExecutorMethodInterceptor.java:92)
	at org.springframework.data.repository.core.support.RepositoryFactorySupport.getRepository(RepositoryFactorySupport.java:434)
	at org.springframework.data.repository.core.support.RepositoryFactoryBeanSupport.lambda$afterPropertiesSet$4(RepositoryFactoryBeanSupport.java:350)
	at org.springframework.data.util.Lazy.getNullable(Lazy.java:135)
	at org.springframework.data.util.Lazy.get(Lazy.java:113)
	at org.springframework.data.repository.core.support.RepositoryFactoryBeanSupport.afterPropertiesSet(RepositoryFactoryBeanSupport.java:356)
	at org.springframework.data.jpa.repository.support.JpaRepositoryFactoryBean.afterPropertiesSet(JpaRepositoryFactoryBean.java:132)
	at org.springframework.beans.factory.support.AbstractAutowireCapableBeanFactory.invokeInitMethods(AbstractAutowireCapableBeanFactory.java:1873)
	at org.springframework.beans.factory.support.AbstractAutowireCapableBeanFactory.initializeBean(AbstractAutowireCapableBeanFactory.java:1822)
	... 50 common frames omitted
Caused by: java.lang.IllegalArgumentException: Failed to create query for method public abstract boolean com.aurionpro.papms.repository.ClientRepository.existsByCompanyNameAndOrganizationId(java.lang.String,java.lang.Integer); No property 'companyName' found for type 'Client'
	at org.springframework.data.jpa.repository.query.PartTreeJpaQuery.<init>(PartTreeJpaQuery.java:107)
	at org.springframework.data.jpa.repository.query.JpaQueryLookupStrategy$CreateQueryLookupStrategy.resolveQuery(JpaQueryLookupStrategy.java:128)
	at org.springframework.data.jpa.repository.query.JpaQueryLookupStrategy$CreateIfNotFoundQueryLookupStrategy.resolveQuery(JpaQueryLookupStrategy.java:260)
	at org.springframework.data.jpa.repository.query.JpaQueryLookupStrategy$AbstractQueryLookupStrategy.resolveQuery(JpaQueryLookupStrategy.java:99)
	at org.springframework.data.repository.core.support.QueryExecutorMethodInterceptor.lookupQuery(QueryExecutorMethodInterceptor.java:116)
	... 62 common frames omitted
Caused by: org.springframework.data.mapping.PropertyReferenceException: No property 'companyName' found for type 'Client'
	at org.springframework.data.mapping.PropertyPath.<init>(PropertyPath.java:94)
	at org.springframework.data.mapping.PropertyPath.create(PropertyPath.java:455)
	at org.springframework.data.mapping.PropertyPath.create(PropertyPath.java:431)
	at org.springframework.data.mapping.PropertyPath.lambda$from$0(PropertyPath.java:384)
	at java.base/java.util.concurrent.ConcurrentMap.computeIfAbsent(ConcurrentMap.java:330)
	at org.springframework.data.mapping.PropertyPath.from(PropertyPath.java:366)
	at org.springframework.data.mapping.PropertyPath.from(PropertyPath.java:344)
	at org.springframework.data.repository.query.parser.Part.<init>(Part.java:81)
	at org.springframework.data.repository.query.parser.PartTree$OrPart.lambda$new$0(PartTree.java:259)
	at java.base/java.util.stream.ReferencePipeline$3$1.accept(ReferencePipeline.java:197)
	at java.base/java.util.stream.ReferencePipeline$2$1.accept(ReferencePipeline.java:179)
	at java.base/java.util.Spliterators$ArraySpliterator.forEachRemaining(Spliterators.java:992)
	at java.base/java.util.stream.AbstractPipeline.copyInto(AbstractPipeline.java:509)
	at java.base/java.util.stream.AbstractPipeline.wrapAndCopyInto(AbstractPipeline.java:499)
	at java.base/java.util.stream.ReduceOps$ReduceOp.evaluateSequential(ReduceOps.java:921)
	at java.base/java.util.stream.AbstractPipeline.evaluate(AbstractPipeline.java:234)
	at java.base/java.util.stream.ReferencePipeline.collect(ReferencePipeline.java:682)
	at org.springframework.data.repository.query.parser.PartTree$OrPart.<init>(PartTree.java:260)
	at org.springframework.data.repository.query.parser.PartTree$Predicate.lambda$new$0(PartTree.java:389)
	at java.base/java.util.stream.ReferencePipeline$3$1.accept(ReferencePipeline.java:197)
	at java.base/java.util.stream.ReferencePipeline$2$1.accept(ReferencePipeline.java:179)
	at java.base/java.util.Spliterators$ArraySpliterator.forEachRemaining(Spliterators.java:992)
	at java.base/java.util.stream.AbstractPipeline.copyInto(AbstractPipeline.java:509)
	at java.base/java.util.stream.AbstractPipeline.wrapAndCopyInto(AbstractPipeline.java:499)
	at java.base/java.util.stream.ReduceOps$ReduceOp.evaluateSequential(ReduceOps.java:921)
	at java.base/java.util.stream.AbstractPipeline.evaluate(AbstractPipeline.java:234)
	at java.base/java.util.stream.ReferencePipeline.collect(ReferencePipeline.java:682)
	at org.springframework.data.repository.query.parser.PartTree$Predicate.<init>(PartTree.java:390)
	at org.springframework.data.repository.query.parser.PartTree.<init>(PartTree.java:103)
	at org.springframework.data.jpa.repository.query.PartTreeJpaQuery.<init>(PartTreeJpaQuery.java:101)
	... 66 common frames omitted
2025-12-18 00:51:54.525 [background-preinit] INFO  o.h.validator.internal.util.Version - HV000001: Hibernate Validator 8.0.3.Final
2025-12-18 00:51:54.622 [restartedMain] INFO  c.aurionpro.papms.PaPmsApplication - Starting PaPmsApplication using Java 17.0.1 with PID 59228 (D:\Swabhav_Java_FullStack\Project\Project\PaPMS\target\classes started by aniket.gupta in D:\Swabhav_Java_FullStack\Project\Project\PaPMS)
2025-12-18 00:51:54.623 [restartedMain] DEBUG c.aurionpro.papms.PaPmsApplication - Running with Spring Boot v3.5.5, Spring v6.2.10
2025-12-18 00:51:54.625 [restartedMain] INFO  c.aurionpro.papms.PaPmsApplication - No active profile set, falling back to 1 default profile: "default"
2025-12-18 00:51:54.717 [restartedMain] INFO  o.s.b.d.e.DevToolsPropertyDefaultsPostProcessor - Devtools property defaults active! Set 'spring.devtools.add-properties' to 'false' to disable
2025-12-18 00:51:54.718 [restartedMain] INFO  o.s.b.d.e.DevToolsPropertyDefaultsPostProcessor - For additional web related logging consider setting the 'logging.level.web' property to 'DEBUG'
2025-12-18 00:51:57.366 [restartedMain] INFO  o.s.d.r.c.RepositoryConfigurationDelegate - Bootstrapping Spring Data JPA repositories in DEFAULT mode.
2025-12-18 00:51:57.664 [restartedMain] INFO  o.s.d.r.c.RepositoryConfigurationDelegate - Finished Spring Data repository scanning in 289 ms. Found 21 JPA repository interfaces.
2025-12-18 00:51:58.535 [restartedMain] INFO  o.s.b.w.e.tomcat.TomcatWebServer - Tomcat initialized with port 8040 (http)
2025-12-18 00:51:58.549 [restartedMain] INFO  o.a.coyote.http11.Http11NioProtocol - Initializing ProtocolHandler ["http-nio-8040"]
2025-12-18 00:51:58.551 [restartedMain] INFO  o.a.catalina.core.StandardService - Starting service [Tomcat]
2025-12-18 00:51:58.551 [restartedMain] INFO  o.a.catalina.core.StandardEngine - Starting Servlet engine: [Apache Tomcat/10.1.44]
2025-12-18 00:51:58.646 [restartedMain] INFO  o.a.c.c.C.[Tomcat].[localhost].[/] - Initializing Spring embedded WebApplicationContext
2025-12-18 00:51:58.647 [restartedMain] INFO  o.s.b.w.s.c.ServletWebServerApplicationContext - Root WebApplicationContext: initialization completed in 3927 ms
2025-12-18 00:51:58.744 [restartedMain] INFO  com.zaxxer.hikari.HikariDataSource - HikariPool-1 - Starting...
2025-12-18 00:51:59.149 [restartedMain] INFO  com.zaxxer.hikari.pool.HikariPool - HikariPool-1 - Added connection com.mysql.cj.jdbc.ConnectionImpl@5bc1e401
2025-12-18 00:51:59.150 [restartedMain] INFO  com.zaxxer.hikari.HikariDataSource - HikariPool-1 - Start completed.
2025-12-18 00:51:59.314 [restartedMain] INFO  o.h.jpa.internal.util.LogHelper - HHH000204: Processing PersistenceUnitInfo [name: default]
2025-12-18 00:51:59.395 [restartedMain] INFO  org.hibernate.Version - HHH000412: Hibernate ORM core version 6.6.26.Final
2025-12-18 00:51:59.448 [restartedMain] INFO  o.h.c.i.RegionFactoryInitiator - HHH000026: Second-level cache disabled
2025-12-18 00:51:59.770 [restartedMain] INFO  o.s.o.j.p.SpringPersistenceUnitInfo - No LoadTimeWeaver setup: ignoring JPA class transformer
2025-12-18 00:51:59.833 [restartedMain] WARN  org.hibernate.orm.deprecation - HHH90000025: MySQLDialect does not need to be specified explicitly using 'hibernate.dialect' (remove the property setting and it will be selected by default)
2025-12-18 00:51:59.848 [restartedMain] INFO  o.hibernate.orm.connections.pooling - HHH10001005: Database info:
	Database JDBC URL [Connecting through datasource 'HikariDataSource (HikariPool-1)']
	Database driver: undefined/unknown
	Database version: 8.0.42
	Autocommit mode: undefined/unknown
	Isolation level: undefined/unknown
	Minimum pool size: undefined/unknown
	Maximum pool size: undefined/unknown
2025-12-18 00:52:01.334 [restartedMain] INFO  o.h.e.t.j.p.i.JtaPlatformInitiator - HHH000489: No JTA platform available (set 'hibernate.transaction.jta.platform' to enable JTA platform integration)
2025-12-18 00:52:01.420 [restartedMain] DEBUG org.hibernate.SQL - 
    alter table clients 
       modify column status enum ('ACTIVE','INACTIVE','SUSPENDED') not null
2025-12-18 00:52:01.460 [restartedMain] DEBUG org.hibernate.SQL - 
    alter table transactions 
       modify column source_type enum ('DEPOSIT','INVOICE','MANUAL_ADJUSTMENT','PAYROLL_PAYMENT','VENDOR_PAYMENT') not null
2025-12-18 00:52:01.665 [restartedMain] INFO  o.s.o.j.LocalContainerEntityManagerFactoryBean - Initialized JPA EntityManagerFactory for persistence unit 'default'
2025-12-18 00:52:01.968 [restartedMain] INFO  o.s.d.j.r.query.QueryEnhancerFactory - Hibernate is in classpath; If applicable, HQL parser will be used.
2025-12-18 00:52:02.347 [restartedMain] DEBUG c.a.p.security.filter.JwtAuthFilter - Filter 'jwtAuthFilter' configured for use
2025-12-18 00:52:03.101 [restartedMain] INFO  o.s.s.c.a.a.c.InitializeAuthenticationProviderBeanManagerConfigurer$InitializeAuthenticationProviderManagerConfigurer - Global AuthenticationManager configured with AuthenticationProvider bean with name authenticationProvider
2025-12-18 00:52:03.103 [restartedMain] WARN  o.s.s.c.a.a.c.InitializeUserDetailsBeanManagerConfigurer$InitializeUserDetailsManagerConfigurer - Global AuthenticationManager configured with an AuthenticationProvider bean. UserDetailsService beans will not be used by Spring Security for automatically configuring username/password login. Consider removing the AuthenticationProvider bean. Alternatively, consider using the UserDetailsService in a manually instantiated DaoAuthenticationProvider. If the current configuration is intentional, to turn off this warning, increase the logging level of 'org.springframework.security.config.annotation.authentication.configuration.InitializeUserDetailsBeanManagerConfigurer' to ERROR
2025-12-18 00:52:03.645 [restartedMain] WARN  o.s.b.w.s.c.AnnotationConfigServletWebServerApplicationContext - Exception encountered during context initialization - cancelling refresh attempt: org.springframework.beans.factory.UnsatisfiedDependencyException: Error creating bean with name 'clientController' defined in file [D:\Swabhav_Java_FullStack\Project\Project\PaPMS\target\classes\com\aurionpro\papms\controller\ClientController.class]: Unsatisfied dependency expressed through constructor parameter 0: Error creating bean with name 'clientServiceImpl' defined in file [D:\Swabhav_Java_FullStack\Project\Project\PaPMS\target\classes\com\aurionpro\papms\service\ClientServiceImpl.class]: Unsatisfied dependency expressed through constructor parameter 2: Error creating bean with name 'clientRepository' defined in com.aurionpro.papms.repository.ClientRepository defined in @EnableJpaRepositories declared on JpaRepositoriesRegistrar.EnableJpaRepositoriesConfiguration: Could not create query for public abstract boolean com.aurionpro.papms.repository.ClientRepository.existsByCompanyNameAndOrganizationId(java.lang.String,java.lang.Integer); Reason: Failed to create query for method public abstract boolean com.aurionpro.papms.repository.ClientRepository.existsByCompanyNameAndOrganizationId(java.lang.String,java.lang.Integer); No property 'companyName' found for type 'Client'
2025-12-18 00:52:03.647 [restartedMain] INFO  o.s.o.j.LocalContainerEntityManagerFactoryBean - Closing JPA EntityManagerFactory for persistence unit 'default'
2025-12-18 00:52:03.651 [restartedMain] INFO  com.zaxxer.hikari.HikariDataSource - HikariPool-1 - Shutdown initiated...
2025-12-18 00:52:03.660 [restartedMain] INFO  com.zaxxer.hikari.HikariDataSource - HikariPool-1 - Shutdown completed.
2025-12-18 00:52:03.663 [restartedMain] INFO  o.a.catalina.core.StandardService - Stopping service [Tomcat]
2025-12-18 00:52:03.677 [restartedMain] INFO  o.s.b.a.l.ConditionEvaluationReportLogger - 

Error starting ApplicationContext. To display the condition evaluation report re-run your application with 'debug' enabled.
2025-12-18 00:52:03.698 [restartedMain] ERROR o.s.boot.SpringApplication - Application run failed
org.springframework.beans.factory.UnsatisfiedDependencyException: Error creating bean with name 'clientController' defined in file [D:\Swabhav_Java_FullStack\Project\Project\PaPMS\target\classes\com\aurionpro\papms\controller\ClientController.class]: Unsatisfied dependency expressed through constructor parameter 0: Error creating bean with name 'clientServiceImpl' defined in file [D:\Swabhav_Java_FullStack\Project\Project\PaPMS\target\classes\com\aurionpro\papms\service\ClientServiceImpl.class]: Unsatisfied dependency expressed through constructor parameter 2: Error creating bean with name 'clientRepository' defined in com.aurionpro.papms.repository.ClientRepository defined in @EnableJpaRepositories declared on JpaRepositoriesRegistrar.EnableJpaRepositoriesConfiguration: Could not create query for public abstract boolean com.aurionpro.papms.repository.ClientRepository.existsByCompanyNameAndOrganizationId(java.lang.String,java.lang.Integer); Reason: Failed to create query for method public abstract boolean com.aurionpro.papms.repository.ClientRepository.existsByCompanyNameAndOrganizationId(java.lang.String,java.lang.Integer); No property 'companyName' found for type 'Client'
	at org.springframework.beans.factory.support.ConstructorResolver.createArgumentArray(ConstructorResolver.java:804)
	at org.springframework.beans.factory.support.ConstructorResolver.autowireConstructor(ConstructorResolver.java:240)
	at org.springframework.beans.factory.support.AbstractAutowireCapableBeanFactory.autowireConstructor(AbstractAutowireCapableBeanFactory.java:1395)
	at org.springframework.beans.factory.support.AbstractAutowireCapableBeanFactory.createBeanInstance(AbstractAutowireCapableBeanFactory.java:1232)
	at org.springframework.beans.factory.support.AbstractAutowireCapableBeanFactory.doCreateBean(AbstractAutowireCapableBeanFactory.java:569)
	at org.springframework.beans.factory.support.AbstractAutowireCapableBeanFactory.createBean(AbstractAutowireCapableBeanFactory.java:529)
	at org.springframework.beans.factory.support.AbstractBeanFactory.lambda$doGetBean$0(AbstractBeanFactory.java:339)
	at org.springframework.beans.factory.support.DefaultSingletonBeanRegistry.getSingleton(DefaultSingletonBeanRegistry.java:373)
	at org.springframework.beans.factory.support.AbstractBeanFactory.doGetBean(AbstractBeanFactory.java:337)
	at org.springframework.beans.factory.support.AbstractBeanFactory.getBean(AbstractBeanFactory.java:202)
	at org.springframework.beans.factory.support.DefaultListableBeanFactory.instantiateSingleton(DefaultListableBeanFactory.java:1222)
	at org.springframework.beans.factory.support.DefaultListableBeanFactory.preInstantiateSingleton(DefaultListableBeanFactory.java:1188)
	at org.springframework.beans.factory.support.DefaultListableBeanFactory.preInstantiateSingletons(DefaultListableBeanFactory.java:1123)
	at org.springframework.context.support.AbstractApplicationContext.finishBeanFactoryInitialization(AbstractApplicationContext.java:987)
	at org.springframework.context.support.AbstractApplicationContext.refresh(AbstractApplicationContext.java:627)
	at org.springframework.boot.web.servlet.context.ServletWebServerApplicationContext.refresh(ServletWebServerApplicationContext.java:146)
	at org.springframework.boot.SpringApplication.refresh(SpringApplication.java:752)
	at org.springframework.boot.SpringApplication.refreshContext(SpringApplication.java:439)
	at org.springframework.boot.SpringApplication.run(SpringApplication.java:318)
	at org.springframework.boot.SpringApplication.run(SpringApplication.java:1361)
	at org.springframework.boot.SpringApplication.run(SpringApplication.java:1350)
	at com.aurionpro.papms.PaPmsApplication.main(PaPmsApplication.java:16)
	at java.base/jdk.internal.reflect.NativeMethodAccessorImpl.invoke0(Native Method)
	at java.base/jdk.internal.reflect.NativeMethodAccessorImpl.invoke(NativeMethodAccessorImpl.java:77)
	at java.base/jdk.internal.reflect.DelegatingMethodAccessorImpl.invoke(DelegatingMethodAccessorImpl.java:43)
	at java.base/java.lang.reflect.Method.invoke(Method.java:568)
	at org.springframework.boot.devtools.restart.RestartLauncher.run(RestartLauncher.java:50)
Caused by: org.springframework.beans.factory.UnsatisfiedDependencyException: Error creating bean with name 'clientServiceImpl' defined in file [D:\Swabhav_Java_FullStack\Project\Project\PaPMS\target\classes\com\aurionpro\papms\service\ClientServiceImpl.class]: Unsatisfied dependency expressed through constructor parameter 2: Error creating bean with name 'clientRepository' defined in com.aurionpro.papms.repository.ClientRepository defined in @EnableJpaRepositories declared on JpaRepositoriesRegistrar.EnableJpaRepositoriesConfiguration: Could not create query for public abstract boolean com.aurionpro.papms.repository.ClientRepository.existsByCompanyNameAndOrganizationId(java.lang.String,java.lang.Integer); Reason: Failed to create query for method public abstract boolean com.aurionpro.papms.repository.ClientRepository.existsByCompanyNameAndOrganizationId(java.lang.String,java.lang.Integer); No property 'companyName' found for type 'Client'
	at org.springframework.beans.factory.support.ConstructorResolver.createArgumentArray(ConstructorResolver.java:804)
	at org.springframework.beans.factory.support.ConstructorResolver.autowireConstructor(ConstructorResolver.java:240)
	at org.springframework.beans.factory.support.AbstractAutowireCapableBeanFactory.autowireConstructor(AbstractAutowireCapableBeanFactory.java:1395)
	at org.springframework.beans.factory.support.AbstractAutowireCapableBeanFactory.createBeanInstance(AbstractAutowireCapableBeanFactory.java:1232)
	at org.springframework.beans.factory.support.AbstractAutowireCapableBeanFactory.doCreateBean(AbstractAutowireCapableBeanFactory.java:569)
	at org.springframework.beans.factory.support.AbstractAutowireCapableBeanFactory.createBean(AbstractAutowireCapableBeanFactory.java:529)
	at org.springframework.beans.factory.support.AbstractBeanFactory.lambda$doGetBean$0(AbstractBeanFactory.java:339)
	at org.springframework.beans.factory.support.DefaultSingletonBeanRegistry.getSingleton(DefaultSingletonBeanRegistry.java:373)
	at org.springframework.beans.factory.support.AbstractBeanFactory.doGetBean(AbstractBeanFactory.java:337)
	at org.springframework.beans.factory.support.AbstractBeanFactory.getBean(AbstractBeanFactory.java:202)
	at org.springframework.beans.factory.config.DependencyDescriptor.resolveCandidate(DependencyDescriptor.java:254)
	at org.springframework.beans.factory.support.DefaultListableBeanFactory.doResolveDependency(DefaultListableBeanFactory.java:1752)
	at org.springframework.beans.factory.support.DefaultListableBeanFactory.resolveDependency(DefaultListableBeanFactory.java:1635)
	at org.springframework.beans.factory.support.ConstructorResolver.resolveAutowiredArgument(ConstructorResolver.java:913)
	at org.springframework.beans.factory.support.ConstructorResolver.createArgumentArray(ConstructorResolver.java:791)
	... 26 common frames omitted
Caused by: org.springframework.beans.factory.BeanCreationException: Error creating bean with name 'clientRepository' defined in com.aurionpro.papms.repository.ClientRepository defined in @EnableJpaRepositories declared on JpaRepositoriesRegistrar.EnableJpaRepositoriesConfiguration: Could not create query for public abstract boolean com.aurionpro.papms.repository.ClientRepository.existsByCompanyNameAndOrganizationId(java.lang.String,java.lang.Integer); Reason: Failed to create query for method public abstract boolean com.aurionpro.papms.repository.ClientRepository.existsByCompanyNameAndOrganizationId(java.lang.String,java.lang.Integer); No property 'companyName' found for type 'Client'
	at org.springframework.beans.factory.support.AbstractAutowireCapableBeanFactory.initializeBean(AbstractAutowireCapableBeanFactory.java:1826)
	at org.springframework.beans.factory.support.AbstractAutowireCapableBeanFactory.doCreateBean(AbstractAutowireCapableBeanFactory.java:607)
	at org.springframework.beans.factory.support.AbstractAutowireCapableBeanFactory.createBean(AbstractAutowireCapableBeanFactory.java:529)
	at org.springframework.beans.factory.support.AbstractBeanFactory.lambda$doGetBean$0(AbstractBeanFactory.java:339)
	at org.springframework.beans.factory.support.DefaultSingletonBeanRegistry.getSingleton(DefaultSingletonBeanRegistry.java:373)
	at org.springframework.beans.factory.support.AbstractBeanFactory.doGetBean(AbstractBeanFactory.java:337)
	at org.springframework.beans.factory.support.AbstractBeanFactory.getBean(AbstractBeanFactory.java:202)
	at org.springframework.beans.factory.support.DefaultListableBeanFactory.doResolveDependency(DefaultListableBeanFactory.java:1690)
	at org.springframework.beans.factory.support.DefaultListableBeanFactory.resolveDependency(DefaultListableBeanFactory.java:1635)
	at org.springframework.beans.factory.support.ConstructorResolver.resolveAutowiredArgument(ConstructorResolver.java:913)
	at org.springframework.beans.factory.support.ConstructorResolver.createArgumentArray(ConstructorResolver.java:791)
	... 40 common frames omitted
Caused by: org.springframework.data.repository.query.QueryCreationException: Could not create query for public abstract boolean com.aurionpro.papms.repository.ClientRepository.existsByCompanyNameAndOrganizationId(java.lang.String,java.lang.Integer); Reason: Failed to create query for method public abstract boolean com.aurionpro.papms.repository.ClientRepository.existsByCompanyNameAndOrganizationId(java.lang.String,java.lang.Integer); No property 'companyName' found for type 'Client'
	at org.springframework.data.repository.query.QueryCreationException.create(QueryCreationException.java:101)
	at org.springframework.data.repository.core.support.QueryExecutorMethodInterceptor.lookupQuery(QueryExecutorMethodInterceptor.java:120)
	at org.springframework.data.repository.core.support.QueryExecutorMethodInterceptor.mapMethodsToQuery(QueryExecutorMethodInterceptor.java:104)
	at org.springframework.data.repository.core.support.QueryExecutorMethodInterceptor.lambda$new$0(QueryExecutorMethodInterceptor.java:92)
	at java.base/java.util.Optional.map(Optional.java:260)
	at org.springframework.data.repository.core.support.QueryExecutorMethodInterceptor.<init>(QueryExecutorMethodInterceptor.java:92)
	at org.springframework.data.repository.core.support.RepositoryFactorySupport.getRepository(RepositoryFactorySupport.java:434)
	at org.springframework.data.repository.core.support.RepositoryFactoryBeanSupport.lambda$afterPropertiesSet$4(RepositoryFactoryBeanSupport.java:350)
	at org.springframework.data.util.Lazy.getNullable(Lazy.java:135)
	at org.springframework.data.util.Lazy.get(Lazy.java:113)
	at org.springframework.data.repository.core.support.RepositoryFactoryBeanSupport.afterPropertiesSet(RepositoryFactoryBeanSupport.java:356)
	at org.springframework.data.jpa.repository.support.JpaRepositoryFactoryBean.afterPropertiesSet(JpaRepositoryFactoryBean.java:132)
	at org.springframework.beans.factory.support.AbstractAutowireCapableBeanFactory.invokeInitMethods(AbstractAutowireCapableBeanFactory.java:1873)
	at org.springframework.beans.factory.support.AbstractAutowireCapableBeanFactory.initializeBean(AbstractAutowireCapableBeanFactory.java:1822)
	... 50 common frames omitted
Caused by: java.lang.IllegalArgumentException: Failed to create query for method public abstract boolean com.aurionpro.papms.repository.ClientRepository.existsByCompanyNameAndOrganizationId(java.lang.String,java.lang.Integer); No property 'companyName' found for type 'Client'
	at org.springframework.data.jpa.repository.query.PartTreeJpaQuery.<init>(PartTreeJpaQuery.java:107)
	at org.springframework.data.jpa.repository.query.JpaQueryLookupStrategy$CreateQueryLookupStrategy.resolveQuery(JpaQueryLookupStrategy.java:128)
	at org.springframework.data.jpa.repository.query.JpaQueryLookupStrategy$CreateIfNotFoundQueryLookupStrategy.resolveQuery(JpaQueryLookupStrategy.java:260)
	at org.springframework.data.jpa.repository.query.JpaQueryLookupStrategy$AbstractQueryLookupStrategy.resolveQuery(JpaQueryLookupStrategy.java:99)
	at org.springframework.data.repository.core.support.QueryExecutorMethodInterceptor.lookupQuery(QueryExecutorMethodInterceptor.java:116)
	... 62 common frames omitted
Caused by: org.springframework.data.mapping.PropertyReferenceException: No property 'companyName' found for type 'Client'
	at org.springframework.data.mapping.PropertyPath.<init>(PropertyPath.java:94)
	at org.springframework.data.mapping.PropertyPath.create(PropertyPath.java:455)
	at org.springframework.data.mapping.PropertyPath.create(PropertyPath.java:431)
	at org.springframework.data.mapping.PropertyPath.lambda$from$0(PropertyPath.java:384)
	at java.base/java.util.concurrent.ConcurrentMap.computeIfAbsent(ConcurrentMap.java:330)
	at org.springframework.data.mapping.PropertyPath.from(PropertyPath.java:366)
	at org.springframework.data.mapping.PropertyPath.from(PropertyPath.java:344)
	at org.springframework.data.repository.query.parser.Part.<init>(Part.java:81)
	at org.springframework.data.repository.query.parser.PartTree$OrPart.lambda$new$0(PartTree.java:259)
	at java.base/java.util.stream.ReferencePipeline$3$1.accept(ReferencePipeline.java:197)
	at java.base/java.util.stream.ReferencePipeline$2$1.accept(ReferencePipeline.java:179)
	at java.base/java.util.Spliterators$ArraySpliterator.forEachRemaining(Spliterators.java:992)
	at java.base/java.util.stream.AbstractPipeline.copyInto(AbstractPipeline.java:509)
	at java.base/java.util.stream.AbstractPipeline.wrapAndCopyInto(AbstractPipeline.java:499)
	at java.base/java.util.stream.ReduceOps$ReduceOp.evaluateSequential(ReduceOps.java:921)
	at java.base/java.util.stream.AbstractPipeline.evaluate(AbstractPipeline.java:234)
	at java.base/java.util.stream.ReferencePipeline.collect(ReferencePipeline.java:682)
	at org.springframework.data.repository.query.parser.PartTree$OrPart.<init>(PartTree.java:260)
	at org.springframework.data.repository.query.parser.PartTree$Predicate.lambda$new$0(PartTree.java:389)
	at java.base/java.util.stream.ReferencePipeline$3$1.accept(ReferencePipeline.java:197)
	at java.base/java.util.stream.ReferencePipeline$2$1.accept(ReferencePipeline.java:179)
	at java.base/java.util.Spliterators$ArraySpliterator.forEachRemaining(Spliterators.java:992)
	at java.base/java.util.stream.AbstractPipeline.copyInto(AbstractPipeline.java:509)
	at java.base/java.util.stream.AbstractPipeline.wrapAndCopyInto(AbstractPipeline.java:499)
	at java.base/java.util.stream.ReduceOps$ReduceOp.evaluateSequential(ReduceOps.java:921)
	at java.base/java.util.stream.AbstractPipeline.evaluate(AbstractPipeline.java:234)
	at java.base/java.util.stream.ReferencePipeline.collect(ReferencePipeline.java:682)
	at org.springframework.data.repository.query.parser.PartTree$Predicate.<init>(PartTree.java:390)
	at org.springframework.data.repository.query.parser.PartTree.<init>(PartTree.java:103)
	at org.springframework.data.jpa.repository.query.PartTreeJpaQuery.<init>(PartTreeJpaQuery.java:101)
	... 66 common frames omitted
2025-12-18 00:58:03.881 [background-preinit] INFO  o.h.validator.internal.util.Version - HV000001: Hibernate Validator 8.0.3.Final
2025-12-18 00:58:03.928 [restartedMain] INFO  c.aurionpro.papms.PaPmsApplication - Starting PaPmsApplication using Java 17.0.1 with PID 3964 (D:\Swabhav_Java_FullStack\Project\Project\PaPMS\target\classes started by aniket.gupta in D:\Swabhav_Java_FullStack\Project\Project\PaPMS)
2025-12-18 00:58:03.929 [restartedMain] DEBUG c.aurionpro.papms.PaPmsApplication - Running with Spring Boot v3.5.5, Spring v6.2.10
2025-12-18 00:58:03.931 [restartedMain] INFO  c.aurionpro.papms.PaPmsApplication - No active profile set, falling back to 1 default profile: "default"
2025-12-18 00:58:03.977 [restartedMain] INFO  o.s.b.d.e.DevToolsPropertyDefaultsPostProcessor - Devtools property defaults active! Set 'spring.devtools.add-properties' to 'false' to disable
2025-12-18 00:58:03.978 [restartedMain] INFO  o.s.b.d.e.DevToolsPropertyDefaultsPostProcessor - For additional web related logging consider setting the 'logging.level.web' property to 'DEBUG'
2025-12-18 00:58:05.670 [restartedMain] INFO  o.s.d.r.c.RepositoryConfigurationDelegate - Bootstrapping Spring Data JPA repositories in DEFAULT mode.
2025-12-18 00:58:05.921 [restartedMain] INFO  o.s.d.r.c.RepositoryConfigurationDelegate - Finished Spring Data repository scanning in 244 ms. Found 21 JPA repository interfaces.
2025-12-18 00:58:06.709 [restartedMain] INFO  o.s.b.w.e.tomcat.TomcatWebServer - Tomcat initialized with port 8040 (http)
2025-12-18 00:58:06.720 [restartedMain] INFO  o.a.coyote.http11.Http11NioProtocol - Initializing ProtocolHandler ["http-nio-8040"]
2025-12-18 00:58:06.723 [restartedMain] INFO  o.a.catalina.core.StandardService - Starting service [Tomcat]
2025-12-18 00:58:06.723 [restartedMain] INFO  o.a.catalina.core.StandardEngine - Starting Servlet engine: [Apache Tomcat/10.1.44]
2025-12-18 00:58:06.783 [restartedMain] INFO  o.a.c.c.C.[Tomcat].[localhost].[/] - Initializing Spring embedded WebApplicationContext
2025-12-18 00:58:06.785 [restartedMain] INFO  o.s.b.w.s.c.ServletWebServerApplicationContext - Root WebApplicationContext: initialization completed in 2806 ms
2025-12-18 00:58:06.852 [restartedMain] INFO  com.zaxxer.hikari.HikariDataSource - HikariPool-1 - Starting...
2025-12-18 00:58:07.094 [restartedMain] INFO  com.zaxxer.hikari.pool.HikariPool - HikariPool-1 - Added connection com.mysql.cj.jdbc.ConnectionImpl@57e843ff
2025-12-18 00:58:07.096 [restartedMain] INFO  com.zaxxer.hikari.HikariDataSource - HikariPool-1 - Start completed.
2025-12-18 00:58:07.226 [restartedMain] INFO  o.h.jpa.internal.util.LogHelper - HHH000204: Processing PersistenceUnitInfo [name: default]
2025-12-18 00:58:07.273 [restartedMain] INFO  org.hibernate.Version - HHH000412: Hibernate ORM core version 6.6.26.Final
2025-12-18 00:58:07.303 [restartedMain] INFO  o.h.c.i.RegionFactoryInitiator - HHH000026: Second-level cache disabled
2025-12-18 00:58:07.530 [restartedMain] INFO  o.s.o.j.p.SpringPersistenceUnitInfo - No LoadTimeWeaver setup: ignoring JPA class transformer
2025-12-18 00:58:07.595 [restartedMain] WARN  org.hibernate.orm.deprecation - HHH90000025: MySQLDialect does not need to be specified explicitly using 'hibernate.dialect' (remove the property setting and it will be selected by default)
2025-12-18 00:58:07.609 [restartedMain] INFO  o.hibernate.orm.connections.pooling - HHH10001005: Database info:
	Database JDBC URL [Connecting through datasource 'HikariDataSource (HikariPool-1)']
	Database driver: undefined/unknown
	Database version: 8.0.42
	Autocommit mode: undefined/unknown
	Isolation level: undefined/unknown
	Minimum pool size: undefined/unknown
	Maximum pool size: undefined/unknown
2025-12-18 00:58:08.815 [restartedMain] INFO  o.h.e.t.j.p.i.JtaPlatformInitiator - HHH000489: No JTA platform available (set 'hibernate.transaction.jta.platform' to enable JTA platform integration)
2025-12-18 00:58:08.901 [restartedMain] DEBUG org.hibernate.SQL - 
    alter table clients 
       modify column status enum ('ACTIVE','INACTIVE','SUSPENDED') not null
2025-12-18 00:58:08.929 [restartedMain] DEBUG org.hibernate.SQL - 
    alter table transactions 
       modify column source_type enum ('DEPOSIT','INVOICE','MANUAL_ADJUSTMENT','PAYROLL_PAYMENT','VENDOR_PAYMENT') not null
2025-12-18 00:58:09.108 [restartedMain] INFO  o.s.o.j.LocalContainerEntityManagerFactoryBean - Initialized JPA EntityManagerFactory for persistence unit 'default'
2025-12-18 00:58:09.330 [restartedMain] INFO  o.s.d.j.r.query.QueryEnhancerFactory - Hibernate is in classpath; If applicable, HQL parser will be used.
2025-12-18 00:58:09.734 [restartedMain] DEBUG c.a.p.security.filter.JwtAuthFilter - Filter 'jwtAuthFilter' configured for use
2025-12-18 00:58:10.508 [restartedMain] INFO  o.s.s.c.a.a.c.InitializeAuthenticationProviderBeanManagerConfigurer$InitializeAuthenticationProviderManagerConfigurer - Global AuthenticationManager configured with AuthenticationProvider bean with name authenticationProvider
2025-12-18 00:58:10.509 [restartedMain] WARN  o.s.s.c.a.a.c.InitializeUserDetailsBeanManagerConfigurer$InitializeUserDetailsManagerConfigurer - Global AuthenticationManager configured with an AuthenticationProvider bean. UserDetailsService beans will not be used by Spring Security for automatically configuring username/password login. Consider removing the AuthenticationProvider bean. Alternatively, consider using the UserDetailsService in a manually instantiated DaoAuthenticationProvider. If the current configuration is intentional, to turn off this warning, increase the logging level of 'org.springframework.security.config.annotation.authentication.configuration.InitializeUserDetailsBeanManagerConfigurer' to ERROR
2025-12-18 00:58:11.614 [restartedMain] WARN  o.s.b.a.o.j.JpaBaseConfiguration$JpaWebConfiguration - spring.jpa.open-in-view is enabled by default. Therefore, database queries may be performed during view rendering. Explicitly configure spring.jpa.open-in-view to disable this warning
2025-12-18 00:58:11.792 [restartedMain] WARN  o.s.b.w.s.c.AnnotationConfigServletWebServerApplicationContext - Exception encountered during context initialization - cancelling refresh attempt: org.springframework.beans.factory.BeanCreationException: Error creating bean with name 'filterChain' defined in class path resource [com/aurionpro/papms/security/config/SecurityConfig.class]: Failed to instantiate [org.springframework.security.web.SecurityFilterChain]: Factory method 'filterChain' threw exception with message: Error creating bean with name 'mvcHandlerMappingIntrospector' defined in class path resource [org/springframework/boot/autoconfigure/web/servlet/WebMvcAutoConfiguration$EnableWebMvcConfiguration.class]: Error creating bean with name 'requestMappingHandlerMapping' defined in class path resource [org/springframework/boot/autoconfigure/web/servlet/WebMvcAutoConfiguration$EnableWebMvcConfiguration.class]: Ambiguous mapping. Cannot map 'invoiceController' method 
com.aurionpro.papms.controller.InvoiceController#getOrganizationInvoices(CustomUserDetails)
to {GET [/api/invoices]}: There is already 'clientController' bean method
com.aurionpro.papms.controller.ClientController#getAllInvoices() mapped.
2025-12-18 00:58:11.796 [restartedMain] INFO  o.s.o.j.LocalContainerEntityManagerFactoryBean - Closing JPA EntityManagerFactory for persistence unit 'default'
2025-12-18 00:58:11.800 [restartedMain] INFO  com.zaxxer.hikari.HikariDataSource - HikariPool-1 - Shutdown initiated...
2025-12-18 00:58:11.807 [restartedMain] INFO  com.zaxxer.hikari.HikariDataSource - HikariPool-1 - Shutdown completed.
2025-12-18 00:58:11.810 [restartedMain] INFO  o.a.catalina.core.StandardService - Stopping service [Tomcat]
2025-12-18 00:58:11.823 [restartedMain] INFO  o.s.b.a.l.ConditionEvaluationReportLogger - 

Error starting ApplicationContext. To display the condition evaluation report re-run your application with 'debug' enabled.
2025-12-18 00:58:11.839 [restartedMain] ERROR o.s.boot.SpringApplication - Application run failed
org.springframework.beans.factory.BeanCreationException: Error creating bean with name 'filterChain' defined in class path resource [com/aurionpro/papms/security/config/SecurityConfig.class]: Failed to instantiate [org.springframework.security.web.SecurityFilterChain]: Factory method 'filterChain' threw exception with message: Error creating bean with name 'mvcHandlerMappingIntrospector' defined in class path resource [org/springframework/boot/autoconfigure/web/servlet/WebMvcAutoConfiguration$EnableWebMvcConfiguration.class]: Error creating bean with name 'requestMappingHandlerMapping' defined in class path resource [org/springframework/boot/autoconfigure/web/servlet/WebMvcAutoConfiguration$EnableWebMvcConfiguration.class]: Ambiguous mapping. Cannot map 'invoiceController' method 
com.aurionpro.papms.controller.InvoiceController#getOrganizationInvoices(CustomUserDetails)
to {GET [/api/invoices]}: There is already 'clientController' bean method
com.aurionpro.papms.controller.ClientController#getAllInvoices() mapped.
	at org.springframework.beans.factory.support.ConstructorResolver.instantiate(ConstructorResolver.java:657)
	at org.springframework.beans.factory.support.ConstructorResolver.instantiateUsingFactoryMethod(ConstructorResolver.java:645)
	at org.springframework.beans.factory.support.AbstractAutowireCapableBeanFactory.instantiateUsingFactoryMethod(AbstractAutowireCapableBeanFactory.java:1375)
	at org.springframework.beans.factory.support.AbstractAutowireCapableBeanFactory.createBeanInstance(AbstractAutowireCapableBeanFactory.java:1205)
	at org.springframework.beans.factory.support.AbstractAutowireCapableBeanFactory.doCreateBean(AbstractAutowireCapableBeanFactory.java:569)
	at org.springframework.beans.factory.support.AbstractAutowireCapableBeanFactory.createBean(AbstractAutowireCapableBeanFactory.java:529)
	at org.springframework.beans.factory.support.AbstractBeanFactory.lambda$doGetBean$0(AbstractBeanFactory.java:339)
	at org.springframework.beans.factory.support.DefaultSingletonBeanRegistry.getSingleton(DefaultSingletonBeanRegistry.java:373)
	at org.springframework.beans.factory.support.AbstractBeanFactory.doGetBean(AbstractBeanFactory.java:337)
	at org.springframework.beans.factory.support.AbstractBeanFactory.getBean(AbstractBeanFactory.java:202)
	at org.springframework.beans.factory.support.DefaultListableBeanFactory.instantiateSingleton(DefaultListableBeanFactory.java:1222)
	at org.springframework.beans.factory.support.DefaultListableBeanFactory.preInstantiateSingleton(DefaultListableBeanFactory.java:1188)
	at org.springframework.beans.factory.support.DefaultListableBeanFactory.preInstantiateSingletons(DefaultListableBeanFactory.java:1123)
	at org.springframework.context.support.AbstractApplicationContext.finishBeanFactoryInitialization(AbstractApplicationContext.java:987)
	at org.springframework.context.support.AbstractApplicationContext.refresh(AbstractApplicationContext.java:627)
	at org.springframework.boot.web.servlet.context.ServletWebServerApplicationContext.refresh(ServletWebServerApplicationContext.java:146)
	at org.springframework.boot.SpringApplication.refresh(SpringApplication.java:752)
	at org.springframework.boot.SpringApplication.refreshContext(SpringApplication.java:439)
	at org.springframework.boot.SpringApplication.run(SpringApplication.java:318)
	at org.springframework.boot.SpringApplication.run(SpringApplication.java:1361)
	at org.springframework.boot.SpringApplication.run(SpringApplication.java:1350)
	at com.aurionpro.papms.PaPmsApplication.main(PaPmsApplication.java:16)
	at java.base/jdk.internal.reflect.NativeMethodAccessorImpl.invoke0(Native Method)
	at java.base/jdk.internal.reflect.NativeMethodAccessorImpl.invoke(NativeMethodAccessorImpl.java:77)
	at java.base/jdk.internal.reflect.DelegatingMethodAccessorImpl.invoke(DelegatingMethodAccessorImpl.java:43)
	at java.base/java.lang.reflect.Method.invoke(Method.java:568)
	at org.springframework.boot.devtools.restart.RestartLauncher.run(RestartLauncher.java:50)
Caused by: org.springframework.beans.BeanInstantiationException: Failed to instantiate [org.springframework.security.web.SecurityFilterChain]: Factory method 'filterChain' threw exception with message: Error creating bean with name 'mvcHandlerMappingIntrospector' defined in class path resource [org/springframework/boot/autoconfigure/web/servlet/WebMvcAutoConfiguration$EnableWebMvcConfiguration.class]: Error creating bean with name 'requestMappingHandlerMapping' defined in class path resource [org/springframework/boot/autoconfigure/web/servlet/WebMvcAutoConfiguration$EnableWebMvcConfiguration.class]: Ambiguous mapping. Cannot map 'invoiceController' method 
com.aurionpro.papms.controller.InvoiceController#getOrganizationInvoices(CustomUserDetails)
to {GET [/api/invoices]}: There is already 'clientController' bean method
com.aurionpro.papms.controller.ClientController#getAllInvoices() mapped.
	at org.springframework.beans.factory.support.SimpleInstantiationStrategy.lambda$instantiate$0(SimpleInstantiationStrategy.java:200)
	at org.springframework.beans.factory.support.SimpleInstantiationStrategy.instantiateWithFactoryMethod(SimpleInstantiationStrategy.java:89)
	at org.springframework.beans.factory.support.SimpleInstantiationStrategy.instantiate(SimpleInstantiationStrategy.java:169)
	at org.springframework.beans.factory.support.ConstructorResolver.instantiate(ConstructorResolver.java:653)
	... 26 common frames omitted
Caused by: org.springframework.beans.factory.BeanCreationException: Error creating bean with name 'mvcHandlerMappingIntrospector' defined in class path resource [org/springframework/boot/autoconfigure/web/servlet/WebMvcAutoConfiguration$EnableWebMvcConfiguration.class]: Error creating bean with name 'requestMappingHandlerMapping' defined in class path resource [org/springframework/boot/autoconfigure/web/servlet/WebMvcAutoConfiguration$EnableWebMvcConfiguration.class]: Ambiguous mapping. Cannot map 'invoiceController' method 
com.aurionpro.papms.controller.InvoiceController#getOrganizationInvoices(CustomUserDetails)
to {GET [/api/invoices]}: There is already 'clientController' bean method
com.aurionpro.papms.controller.ClientController#getAllInvoices() mapped.
	at org.springframework.beans.factory.support.AbstractAutowireCapableBeanFactory.initializeBean(AbstractAutowireCapableBeanFactory.java:1826)
	at org.springframework.beans.factory.support.AbstractAutowireCapableBeanFactory.doCreateBean(AbstractAutowireCapableBeanFactory.java:607)
	at org.springframework.beans.factory.support.AbstractAutowireCapableBeanFactory.createBean(AbstractAutowireCapableBeanFactory.java:529)
	at org.springframework.beans.factory.support.AbstractBeanFactory.lambda$doGetBean$0(AbstractBeanFactory.java:339)
	at org.springframework.beans.factory.support.DefaultSingletonBeanRegistry.getSingleton(DefaultSingletonBeanRegistry.java:373)
	at org.springframework.beans.factory.support.AbstractBeanFactory.doGetBean(AbstractBeanFactory.java:337)
	at org.springframework.beans.factory.support.AbstractBeanFactory.getBean(AbstractBeanFactory.java:207)
	at org.springframework.context.support.AbstractApplicationContext.getBean(AbstractApplicationContext.java:1278)
	at org.springframework.security.config.annotation.web.AbstractRequestMatcherRegistry.createMvcMatchers(AbstractRequestMatcherRegistry.java:126)
	at org.springframework.security.config.annotation.web.AbstractRequestMatcherRegistry.requestMatchers(AbstractRequestMatcherRegistry.java:226)
	at org.springframework.security.config.annotation.web.AbstractRequestMatcherRegistry.requestMatchers(AbstractRequestMatcherRegistry.java:304)
	at com.aurionpro.papms.security.config.SecurityConfig.lambda$filterChain$2(SecurityConfig.java:71)
	at org.springframework.security.config.annotation.web.builders.HttpSecurity.authorizeHttpRequests(HttpSecurity.java:1491)
	at com.aurionpro.papms.security.config.SecurityConfig.filterChain(SecurityConfig.java:69)
	at com.aurionpro.papms.security.config.SecurityConfig$$SpringCGLIB$$0.CGLIB$filterChain$0(<generated>)
	at com.aurionpro.papms.security.config.SecurityConfig$$SpringCGLIB$$FastClass$$1.invoke(<generated>)
	at org.springframework.cglib.proxy.MethodProxy.invokeSuper(MethodProxy.java:258)
	at org.springframework.context.annotation.ConfigurationClassEnhancer$BeanMethodInterceptor.intercept(ConfigurationClassEnhancer.java:400)
	at com.aurionpro.papms.security.config.SecurityConfig$$SpringCGLIB$$0.filterChain(<generated>)
	at java.base/jdk.internal.reflect.NativeMethodAccessorImpl.invoke0(Native Method)
	at java.base/jdk.internal.reflect.NativeMethodAccessorImpl.invoke(NativeMethodAccessorImpl.java:77)
	at java.base/jdk.internal.reflect.DelegatingMethodAccessorImpl.invoke(DelegatingMethodAccessorImpl.java:43)
	at java.base/java.lang.reflect.Method.invoke(Method.java:568)
	at org.springframework.beans.factory.support.SimpleInstantiationStrategy.lambda$instantiate$0(SimpleInstantiationStrategy.java:172)
	... 29 common frames omitted
Caused by: org.springframework.beans.factory.BeanCreationException: Error creating bean with name 'requestMappingHandlerMapping' defined in class path resource [org/springframework/boot/autoconfigure/web/servlet/WebMvcAutoConfiguration$EnableWebMvcConfiguration.class]: Ambiguous mapping. Cannot map 'invoiceController' method 
com.aurionpro.papms.controller.InvoiceController#getOrganizationInvoices(CustomUserDetails)
to {GET [/api/invoices]}: There is already 'clientController' bean method
com.aurionpro.papms.controller.ClientController#getAllInvoices() mapped.
	at org.springframework.beans.factory.support.AbstractAutowireCapableBeanFactory.initializeBean(AbstractAutowireCapableBeanFactory.java:1826)
	at org.springframework.beans.factory.support.AbstractAutowireCapableBeanFactory.doCreateBean(AbstractAutowireCapableBeanFactory.java:607)
	at org.springframework.beans.factory.support.AbstractAutowireCapableBeanFactory.createBean(AbstractAutowireCapableBeanFactory.java:529)
	at org.springframework.beans.factory.support.AbstractBeanFactory.lambda$doGetBean$0(AbstractBeanFactory.java:339)
	at org.springframework.beans.factory.support.DefaultSingletonBeanRegistry.getSingleton(DefaultSingletonBeanRegistry.java:373)
	at org.springframework.beans.factory.support.AbstractBeanFactory.doGetBean(AbstractBeanFactory.java:337)
	at org.springframework.beans.factory.support.AbstractBeanFactory.getBean(AbstractBeanFactory.java:202)
	at org.springframework.beans.factory.support.DefaultListableBeanFactory.getBeansOfType(DefaultListableBeanFactory.java:747)
	at org.springframework.context.support.AbstractApplicationContext.getBeansOfType(AbstractApplicationContext.java:1426)
	at org.springframework.beans.factory.BeanFactoryUtils.beansOfTypeIncludingAncestors(BeanFactoryUtils.java:372)
	at org.springframework.web.servlet.handler.HandlerMappingIntrospector.initHandlerMappings(HandlerMappingIntrospector.java:159)
	at org.springframework.web.servlet.handler.HandlerMappingIntrospector.afterPropertiesSet(HandlerMappingIntrospector.java:146)
	at org.springframework.beans.factory.support.AbstractAutowireCapableBeanFactory.invokeInitMethods(AbstractAutowireCapableBeanFactory.java:1873)
	at org.springframework.beans.factory.support.AbstractAutowireCapableBeanFactory.initializeBean(AbstractAutowireCapableBeanFactory.java:1822)
	... 52 common frames omitted
Caused by: java.lang.IllegalStateException: Ambiguous mapping. Cannot map 'invoiceController' method 
com.aurionpro.papms.controller.InvoiceController#getOrganizationInvoices(CustomUserDetails)
to {GET [/api/invoices]}: There is already 'clientController' bean method
com.aurionpro.papms.controller.ClientController#getAllInvoices() mapped.
	at org.springframework.web.servlet.handler.AbstractHandlerMethodMapping$MappingRegistry.validateMethodMapping(AbstractHandlerMethodMapping.java:676)
	at org.springframework.web.servlet.handler.AbstractHandlerMethodMapping$MappingRegistry.register(AbstractHandlerMethodMapping.java:637)
	at org.springframework.web.servlet.handler.AbstractHandlerMethodMapping.registerHandlerMethod(AbstractHandlerMethodMapping.java:331)
	at org.springframework.web.servlet.mvc.method.annotation.RequestMappingHandlerMapping.registerHandlerMethod(RequestMappingHandlerMapping.java:507)
	at org.springframework.web.servlet.mvc.method.annotation.RequestMappingHandlerMapping.registerHandlerMethod(RequestMappingHandlerMapping.java:84)
	at org.springframework.web.servlet.handler.AbstractHandlerMethodMapping.lambda$detectHandlerMethods$2(AbstractHandlerMethodMapping.java:298)
	at java.base/java.util.LinkedHashMap.forEach(LinkedHashMap.java:721)
	at org.springframework.web.servlet.handler.AbstractHandlerMethodMapping.detectHandlerMethods(AbstractHandlerMethodMapping.java:296)
	at org.springframework.web.servlet.handler.AbstractHandlerMethodMapping.processCandidateBean(AbstractHandlerMethodMapping.java:265)
	at org.springframework.web.servlet.handler.AbstractHandlerMethodMapping.initHandlerMethods(AbstractHandlerMethodMapping.java:224)
	at org.springframework.web.servlet.handler.AbstractHandlerMethodMapping.afterPropertiesSet(AbstractHandlerMethodMapping.java:212)
	at org.springframework.web.servlet.mvc.method.annotation.RequestMappingHandlerMapping.afterPropertiesSet(RequestMappingHandlerMapping.java:237)
	at org.springframework.beans.factory.support.AbstractAutowireCapableBeanFactory.invokeInitMethods(AbstractAutowireCapableBeanFactory.java:1873)
	at org.springframework.beans.factory.support.AbstractAutowireCapableBeanFactory.initializeBean(AbstractAutowireCapableBeanFactory.java:1822)
	... 65 common frames omitted
2025-12-18 00:58:31.804 [background-preinit] INFO  o.h.validator.internal.util.Version - HV000001: Hibernate Validator 8.0.3.Final
2025-12-18 00:58:31.862 [restartedMain] INFO  c.aurionpro.papms.PaPmsApplication - Starting PaPmsApplication using Java 17.0.1 with PID 57796 (D:\Swabhav_Java_FullStack\Project\Project\PaPMS\target\classes started by aniket.gupta in D:\Swabhav_Java_FullStack\Project\Project\PaPMS)
2025-12-18 00:58:31.862 [restartedMain] DEBUG c.aurionpro.papms.PaPmsApplication - Running with Spring Boot v3.5.5, Spring v6.2.10
2025-12-18 00:58:31.863 [restartedMain] INFO  c.aurionpro.papms.PaPmsApplication - No active profile set, falling back to 1 default profile: "default"
2025-12-18 00:58:31.912 [restartedMain] INFO  o.s.b.d.e.DevToolsPropertyDefaultsPostProcessor - Devtools property defaults active! Set 'spring.devtools.add-properties' to 'false' to disable
2025-12-18 00:58:31.913 [restartedMain] INFO  o.s.b.d.e.DevToolsPropertyDefaultsPostProcessor - For additional web related logging consider setting the 'logging.level.web' property to 'DEBUG'
2025-12-18 00:58:33.285 [restartedMain] INFO  o.s.d.r.c.RepositoryConfigurationDelegate - Bootstrapping Spring Data JPA repositories in DEFAULT mode.
2025-12-18 00:58:33.535 [restartedMain] INFO  o.s.d.r.c.RepositoryConfigurationDelegate - Finished Spring Data repository scanning in 242 ms. Found 21 JPA repository interfaces.
2025-12-18 00:58:34.252 [restartedMain] INFO  o.s.b.w.e.tomcat.TomcatWebServer - Tomcat initialized with port 8040 (http)
2025-12-18 00:58:34.262 [restartedMain] INFO  o.a.coyote.http11.Http11NioProtocol - Initializing ProtocolHandler ["http-nio-8040"]
2025-12-18 00:58:34.263 [restartedMain] INFO  o.a.catalina.core.StandardService - Starting service [Tomcat]
2025-12-18 00:58:34.264 [restartedMain] INFO  o.a.catalina.core.StandardEngine - Starting Servlet engine: [Apache Tomcat/10.1.44]
2025-12-18 00:58:34.328 [restartedMain] INFO  o.a.c.c.C.[Tomcat].[localhost].[/] - Initializing Spring embedded WebApplicationContext
2025-12-18 00:58:34.328 [restartedMain] INFO  o.s.b.w.s.c.ServletWebServerApplicationContext - Root WebApplicationContext: initialization completed in 2415 ms
2025-12-18 00:58:34.408 [restartedMain] INFO  com.zaxxer.hikari.HikariDataSource - HikariPool-1 - Starting...
2025-12-18 00:58:34.685 [restartedMain] INFO  com.zaxxer.hikari.pool.HikariPool - HikariPool-1 - Added connection com.mysql.cj.jdbc.ConnectionImpl@47fc8ace
2025-12-18 00:58:34.689 [restartedMain] INFO  com.zaxxer.hikari.HikariDataSource - HikariPool-1 - Start completed.
2025-12-18 00:58:34.819 [restartedMain] INFO  o.h.jpa.internal.util.LogHelper - HHH000204: Processing PersistenceUnitInfo [name: default]
2025-12-18 00:58:34.862 [restartedMain] INFO  org.hibernate.Version - HHH000412: Hibernate ORM core version 6.6.26.Final
2025-12-18 00:58:34.888 [restartedMain] INFO  o.h.c.i.RegionFactoryInitiator - HHH000026: Second-level cache disabled
2025-12-18 00:58:35.131 [restartedMain] INFO  o.s.o.j.p.SpringPersistenceUnitInfo - No LoadTimeWeaver setup: ignoring JPA class transformer
2025-12-18 00:58:35.196 [restartedMain] WARN  org.hibernate.orm.deprecation - HHH90000025: MySQLDialect does not need to be specified explicitly using 'hibernate.dialect' (remove the property setting and it will be selected by default)
2025-12-18 00:58:35.210 [restartedMain] INFO  o.hibernate.orm.connections.pooling - HHH10001005: Database info:
	Database JDBC URL [Connecting through datasource 'HikariDataSource (HikariPool-1)']
	Database driver: undefined/unknown
	Database version: 8.0.42
	Autocommit mode: undefined/unknown
	Isolation level: undefined/unknown
	Minimum pool size: undefined/unknown
	Maximum pool size: undefined/unknown
2025-12-18 00:58:36.440 [restartedMain] INFO  o.h.e.t.j.p.i.JtaPlatformInitiator - HHH000489: No JTA platform available (set 'hibernate.transaction.jta.platform' to enable JTA platform integration)
2025-12-18 00:58:36.507 [restartedMain] DEBUG org.hibernate.SQL - 
    alter table clients 
       modify column status enum ('ACTIVE','INACTIVE','SUSPENDED') not null
2025-12-18 00:58:36.539 [restartedMain] DEBUG org.hibernate.SQL - 
    alter table transactions 
       modify column source_type enum ('DEPOSIT','INVOICE','MANUAL_ADJUSTMENT','PAYROLL_PAYMENT','VENDOR_PAYMENT') not null
2025-12-18 00:58:36.721 [restartedMain] INFO  o.s.o.j.LocalContainerEntityManagerFactoryBean - Initialized JPA EntityManagerFactory for persistence unit 'default'
2025-12-18 00:58:36.966 [restartedMain] INFO  o.s.d.j.r.query.QueryEnhancerFactory - Hibernate is in classpath; If applicable, HQL parser will be used.
2025-12-18 00:58:37.283 [restartedMain] DEBUG c.a.p.security.filter.JwtAuthFilter - Filter 'jwtAuthFilter' configured for use
2025-12-18 00:58:38.026 [restartedMain] INFO  o.s.s.c.a.a.c.InitializeAuthenticationProviderBeanManagerConfigurer$InitializeAuthenticationProviderManagerConfigurer - Global AuthenticationManager configured with AuthenticationProvider bean with name authenticationProvider
2025-12-18 00:58:38.028 [restartedMain] WARN  o.s.s.c.a.a.c.InitializeUserDetailsBeanManagerConfigurer$InitializeUserDetailsManagerConfigurer - Global AuthenticationManager configured with an AuthenticationProvider bean. UserDetailsService beans will not be used by Spring Security for automatically configuring username/password login. Consider removing the AuthenticationProvider bean. Alternatively, consider using the UserDetailsService in a manually instantiated DaoAuthenticationProvider. If the current configuration is intentional, to turn off this warning, increase the logging level of 'org.springframework.security.config.annotation.authentication.configuration.InitializeUserDetailsBeanManagerConfigurer' to ERROR
2025-12-18 00:58:38.999 [restartedMain] WARN  o.s.b.a.o.j.JpaBaseConfiguration$JpaWebConfiguration - spring.jpa.open-in-view is enabled by default. Therefore, database queries may be performed during view rendering. Explicitly configure spring.jpa.open-in-view to disable this warning
2025-12-18 00:58:39.152 [restartedMain] WARN  o.s.b.w.s.c.AnnotationConfigServletWebServerApplicationContext - Exception encountered during context initialization - cancelling refresh attempt: org.springframework.beans.factory.BeanCreationException: Error creating bean with name 'filterChain' defined in class path resource [com/aurionpro/papms/security/config/SecurityConfig.class]: Failed to instantiate [org.springframework.security.web.SecurityFilterChain]: Factory method 'filterChain' threw exception with message: Error creating bean with name 'mvcHandlerMappingIntrospector' defined in class path resource [org/springframework/boot/autoconfigure/web/servlet/WebMvcAutoConfiguration$EnableWebMvcConfiguration.class]: Error creating bean with name 'requestMappingHandlerMapping' defined in class path resource [org/springframework/boot/autoconfigure/web/servlet/WebMvcAutoConfiguration$EnableWebMvcConfiguration.class]: Ambiguous mapping. Cannot map 'invoiceController' method 
com.aurionpro.papms.controller.InvoiceController#getOrganizationInvoices(CustomUserDetails)
to {GET [/api/invoices]}: There is already 'clientController' bean method
com.aurionpro.papms.controller.ClientController#getAllInvoices() mapped.
2025-12-18 00:58:39.157 [restartedMain] INFO  o.s.o.j.LocalContainerEntityManagerFactoryBean - Closing JPA EntityManagerFactory for persistence unit 'default'
2025-12-18 00:58:39.160 [restartedMain] INFO  com.zaxxer.hikari.HikariDataSource - HikariPool-1 - Shutdown initiated...
2025-12-18 00:58:39.172 [restartedMain] INFO  com.zaxxer.hikari.HikariDataSource - HikariPool-1 - Shutdown completed.
2025-12-18 00:58:39.176 [restartedMain] INFO  o.a.catalina.core.StandardService - Stopping service [Tomcat]
2025-12-18 00:58:39.190 [restartedMain] INFO  o.s.b.a.l.ConditionEvaluationReportLogger - 

Error starting ApplicationContext. To display the condition evaluation report re-run your application with 'debug' enabled.
2025-12-18 00:58:39.207 [restartedMain] ERROR o.s.boot.SpringApplication - Application run failed
org.springframework.beans.factory.BeanCreationException: Error creating bean with name 'filterChain' defined in class path resource [com/aurionpro/papms/security/config/SecurityConfig.class]: Failed to instantiate [org.springframework.security.web.SecurityFilterChain]: Factory method 'filterChain' threw exception with message: Error creating bean with name 'mvcHandlerMappingIntrospector' defined in class path resource [org/springframework/boot/autoconfigure/web/servlet/WebMvcAutoConfiguration$EnableWebMvcConfiguration.class]: Error creating bean with name 'requestMappingHandlerMapping' defined in class path resource [org/springframework/boot/autoconfigure/web/servlet/WebMvcAutoConfiguration$EnableWebMvcConfiguration.class]: Ambiguous mapping. Cannot map 'invoiceController' method 
com.aurionpro.papms.controller.InvoiceController#getOrganizationInvoices(CustomUserDetails)
to {GET [/api/invoices]}: There is already 'clientController' bean method
com.aurionpro.papms.controller.ClientController#getAllInvoices() mapped.
	at org.springframework.beans.factory.support.ConstructorResolver.instantiate(ConstructorResolver.java:657)
	at org.springframework.beans.factory.support.ConstructorResolver.instantiateUsingFactoryMethod(ConstructorResolver.java:645)
	at org.springframework.beans.factory.support.AbstractAutowireCapableBeanFactory.instantiateUsingFactoryMethod(AbstractAutowireCapableBeanFactory.java:1375)
	at org.springframework.beans.factory.support.AbstractAutowireCapableBeanFactory.createBeanInstance(AbstractAutowireCapableBeanFactory.java:1205)
	at org.springframework.beans.factory.support.AbstractAutowireCapableBeanFactory.doCreateBean(AbstractAutowireCapableBeanFactory.java:569)
	at org.springframework.beans.factory.support.AbstractAutowireCapableBeanFactory.createBean(AbstractAutowireCapableBeanFactory.java:529)
	at org.springframework.beans.factory.support.AbstractBeanFactory.lambda$doGetBean$0(AbstractBeanFactory.java:339)
	at org.springframework.beans.factory.support.DefaultSingletonBeanRegistry.getSingleton(DefaultSingletonBeanRegistry.java:373)
	at org.springframework.beans.factory.support.AbstractBeanFactory.doGetBean(AbstractBeanFactory.java:337)
	at org.springframework.beans.factory.support.AbstractBeanFactory.getBean(AbstractBeanFactory.java:202)
	at org.springframework.beans.factory.support.DefaultListableBeanFactory.instantiateSingleton(DefaultListableBeanFactory.java:1222)
	at org.springframework.beans.factory.support.DefaultListableBeanFactory.preInstantiateSingleton(DefaultListableBeanFactory.java:1188)
	at org.springframework.beans.factory.support.DefaultListableBeanFactory.preInstantiateSingletons(DefaultListableBeanFactory.java:1123)
	at org.springframework.context.support.AbstractApplicationContext.finishBeanFactoryInitialization(AbstractApplicationContext.java:987)
	at org.springframework.context.support.AbstractApplicationContext.refresh(AbstractApplicationContext.java:627)
	at org.springframework.boot.web.servlet.context.ServletWebServerApplicationContext.refresh(ServletWebServerApplicationContext.java:146)
	at org.springframework.boot.SpringApplication.refresh(SpringApplication.java:752)
	at org.springframework.boot.SpringApplication.refreshContext(SpringApplication.java:439)
	at org.springframework.boot.SpringApplication.run(SpringApplication.java:318)
	at org.springframework.boot.SpringApplication.run(SpringApplication.java:1361)
	at org.springframework.boot.SpringApplication.run(SpringApplication.java:1350)
	at com.aurionpro.papms.PaPmsApplication.main(PaPmsApplication.java:16)
	at java.base/jdk.internal.reflect.NativeMethodAccessorImpl.invoke0(Native Method)
	at java.base/jdk.internal.reflect.NativeMethodAccessorImpl.invoke(NativeMethodAccessorImpl.java:77)
	at java.base/jdk.internal.reflect.DelegatingMethodAccessorImpl.invoke(DelegatingMethodAccessorImpl.java:43)
	at java.base/java.lang.reflect.Method.invoke(Method.java:568)
	at org.springframework.boot.devtools.restart.RestartLauncher.run(RestartLauncher.java:50)
Caused by: org.springframework.beans.BeanInstantiationException: Failed to instantiate [org.springframework.security.web.SecurityFilterChain]: Factory method 'filterChain' threw exception with message: Error creating bean with name 'mvcHandlerMappingIntrospector' defined in class path resource [org/springframework/boot/autoconfigure/web/servlet/WebMvcAutoConfiguration$EnableWebMvcConfiguration.class]: Error creating bean with name 'requestMappingHandlerMapping' defined in class path resource [org/springframework/boot/autoconfigure/web/servlet/WebMvcAutoConfiguration$EnableWebMvcConfiguration.class]: Ambiguous mapping. Cannot map 'invoiceController' method 
com.aurionpro.papms.controller.InvoiceController#getOrganizationInvoices(CustomUserDetails)
to {GET [/api/invoices]}: There is already 'clientController' bean method
com.aurionpro.papms.controller.ClientController#getAllInvoices() mapped.
	at org.springframework.beans.factory.support.SimpleInstantiationStrategy.lambda$instantiate$0(SimpleInstantiationStrategy.java:200)
	at org.springframework.beans.factory.support.SimpleInstantiationStrategy.instantiateWithFactoryMethod(SimpleInstantiationStrategy.java:89)
	at org.springframework.beans.factory.support.SimpleInstantiationStrategy.instantiate(SimpleInstantiationStrategy.java:169)
	at org.springframework.beans.factory.support.ConstructorResolver.instantiate(ConstructorResolver.java:653)
	... 26 common frames omitted
Caused by: org.springframework.beans.factory.BeanCreationException: Error creating bean with name 'mvcHandlerMappingIntrospector' defined in class path resource [org/springframework/boot/autoconfigure/web/servlet/WebMvcAutoConfiguration$EnableWebMvcConfiguration.class]: Error creating bean with name 'requestMappingHandlerMapping' defined in class path resource [org/springframework/boot/autoconfigure/web/servlet/WebMvcAutoConfiguration$EnableWebMvcConfiguration.class]: Ambiguous mapping. Cannot map 'invoiceController' method 
com.aurionpro.papms.controller.InvoiceController#getOrganizationInvoices(CustomUserDetails)
to {GET [/api/invoices]}: There is already 'clientController' bean method
com.aurionpro.papms.controller.ClientController#getAllInvoices() mapped.
	at org.springframework.beans.factory.support.AbstractAutowireCapableBeanFactory.initializeBean(AbstractAutowireCapableBeanFactory.java:1826)
	at org.springframework.beans.factory.support.AbstractAutowireCapableBeanFactory.doCreateBean(AbstractAutowireCapableBeanFactory.java:607)
	at org.springframework.beans.factory.support.AbstractAutowireCapableBeanFactory.createBean(AbstractAutowireCapableBeanFactory.java:529)
	at org.springframework.beans.factory.support.AbstractBeanFactory.lambda$doGetBean$0(AbstractBeanFactory.java:339)
	at org.springframework.beans.factory.support.DefaultSingletonBeanRegistry.getSingleton(DefaultSingletonBeanRegistry.java:373)
	at org.springframework.beans.factory.support.AbstractBeanFactory.doGetBean(AbstractBeanFactory.java:337)
	at org.springframework.beans.factory.support.AbstractBeanFactory.getBean(AbstractBeanFactory.java:207)
	at org.springframework.context.support.AbstractApplicationContext.getBean(AbstractApplicationContext.java:1278)
	at org.springframework.security.config.annotation.web.AbstractRequestMatcherRegistry.createMvcMatchers(AbstractRequestMatcherRegistry.java:126)
	at org.springframework.security.config.annotation.web.AbstractRequestMatcherRegistry.requestMatchers(AbstractRequestMatcherRegistry.java:226)
	at org.springframework.security.config.annotation.web.AbstractRequestMatcherRegistry.requestMatchers(AbstractRequestMatcherRegistry.java:304)
	at com.aurionpro.papms.security.config.SecurityConfig.lambda$filterChain$2(SecurityConfig.java:71)
	at org.springframework.security.config.annotation.web.builders.HttpSecurity.authorizeHttpRequests(HttpSecurity.java:1491)
	at com.aurionpro.papms.security.config.SecurityConfig.filterChain(SecurityConfig.java:69)
	at com.aurionpro.papms.security.config.SecurityConfig$$SpringCGLIB$$0.CGLIB$filterChain$0(<generated>)
	at com.aurionpro.papms.security.config.SecurityConfig$$SpringCGLIB$$FastClass$$1.invoke(<generated>)
	at org.springframework.cglib.proxy.MethodProxy.invokeSuper(MethodProxy.java:258)
	at org.springframework.context.annotation.ConfigurationClassEnhancer$BeanMethodInterceptor.intercept(ConfigurationClassEnhancer.java:400)
	at com.aurionpro.papms.security.config.SecurityConfig$$SpringCGLIB$$0.filterChain(<generated>)
	at java.base/jdk.internal.reflect.NativeMethodAccessorImpl.invoke0(Native Method)
	at java.base/jdk.internal.reflect.NativeMethodAccessorImpl.invoke(NativeMethodAccessorImpl.java:77)
	at java.base/jdk.internal.reflect.DelegatingMethodAccessorImpl.invoke(DelegatingMethodAccessorImpl.java:43)
	at java.base/java.lang.reflect.Method.invoke(Method.java:568)
	at org.springframework.beans.factory.support.SimpleInstantiationStrategy.lambda$instantiate$0(SimpleInstantiationStrategy.java:172)
	... 29 common frames omitted
Caused by: org.springframework.beans.factory.BeanCreationException: Error creating bean with name 'requestMappingHandlerMapping' defined in class path resource [org/springframework/boot/autoconfigure/web/servlet/WebMvcAutoConfiguration$EnableWebMvcConfiguration.class]: Ambiguous mapping. Cannot map 'invoiceController' method 
com.aurionpro.papms.controller.InvoiceController#getOrganizationInvoices(CustomUserDetails)
to {GET [/api/invoices]}: There is already 'clientController' bean method
com.aurionpro.papms.controller.ClientController#getAllInvoices() mapped.
	at org.springframework.beans.factory.support.AbstractAutowireCapableBeanFactory.initializeBean(AbstractAutowireCapableBeanFactory.java:1826)
	at org.springframework.beans.factory.support.AbstractAutowireCapableBeanFactory.doCreateBean(AbstractAutowireCapableBeanFactory.java:607)
	at org.springframework.beans.factory.support.AbstractAutowireCapableBeanFactory.createBean(AbstractAutowireCapableBeanFactory.java:529)
	at org.springframework.beans.factory.support.AbstractBeanFactory.lambda$doGetBean$0(AbstractBeanFactory.java:339)
	at org.springframework.beans.factory.support.DefaultSingletonBeanRegistry.getSingleton(DefaultSingletonBeanRegistry.java:373)
	at org.springframework.beans.factory.support.AbstractBeanFactory.doGetBean(AbstractBeanFactory.java:337)
	at org.springframework.beans.factory.support.AbstractBeanFactory.getBean(AbstractBeanFactory.java:202)
	at org.springframework.beans.factory.support.DefaultListableBeanFactory.getBeansOfType(DefaultListableBeanFactory.java:747)
	at org.springframework.context.support.AbstractApplicationContext.getBeansOfType(AbstractApplicationContext.java:1426)
	at org.springframework.beans.factory.BeanFactoryUtils.beansOfTypeIncludingAncestors(BeanFactoryUtils.java:372)
	at org.springframework.web.servlet.handler.HandlerMappingIntrospector.initHandlerMappings(HandlerMappingIntrospector.java:159)
	at org.springframework.web.servlet.handler.HandlerMappingIntrospector.afterPropertiesSet(HandlerMappingIntrospector.java:146)
	at org.springframework.beans.factory.support.AbstractAutowireCapableBeanFactory.invokeInitMethods(AbstractAutowireCapableBeanFactory.java:1873)
	at org.springframework.beans.factory.support.AbstractAutowireCapableBeanFactory.initializeBean(AbstractAutowireCapableBeanFactory.java:1822)
	... 52 common frames omitted
Caused by: java.lang.IllegalStateException: Ambiguous mapping. Cannot map 'invoiceController' method 
com.aurionpro.papms.controller.InvoiceController#getOrganizationInvoices(CustomUserDetails)
to {GET [/api/invoices]}: There is already 'clientController' bean method
com.aurionpro.papms.controller.ClientController#getAllInvoices() mapped.
	at org.springframework.web.servlet.handler.AbstractHandlerMethodMapping$MappingRegistry.validateMethodMapping(AbstractHandlerMethodMapping.java:676)
	at org.springframework.web.servlet.handler.AbstractHandlerMethodMapping$MappingRegistry.register(AbstractHandlerMethodMapping.java:637)
	at org.springframework.web.servlet.handler.AbstractHandlerMethodMapping.registerHandlerMethod(AbstractHandlerMethodMapping.java:331)
	at org.springframework.web.servlet.mvc.method.annotation.RequestMappingHandlerMapping.registerHandlerMethod(RequestMappingHandlerMapping.java:507)
	at org.springframework.web.servlet.mvc.method.annotation.RequestMappingHandlerMapping.registerHandlerMethod(RequestMappingHandlerMapping.java:84)
	at org.springframework.web.servlet.handler.AbstractHandlerMethodMapping.lambda$detectHandlerMethods$2(AbstractHandlerMethodMapping.java:298)
	at java.base/java.util.LinkedHashMap.forEach(LinkedHashMap.java:721)
	at org.springframework.web.servlet.handler.AbstractHandlerMethodMapping.detectHandlerMethods(AbstractHandlerMethodMapping.java:296)
	at org.springframework.web.servlet.handler.AbstractHandlerMethodMapping.processCandidateBean(AbstractHandlerMethodMapping.java:265)
	at org.springframework.web.servlet.handler.AbstractHandlerMethodMapping.initHandlerMethods(AbstractHandlerMethodMapping.java:224)
	at org.springframework.web.servlet.handler.AbstractHandlerMethodMapping.afterPropertiesSet(AbstractHandlerMethodMapping.java:212)
	at org.springframework.web.servlet.mvc.method.annotation.RequestMappingHandlerMapping.afterPropertiesSet(RequestMappingHandlerMapping.java:237)
	at org.springframework.beans.factory.support.AbstractAutowireCapableBeanFactory.invokeInitMethods(AbstractAutowireCapableBeanFactory.java:1873)
	at org.springframework.beans.factory.support.AbstractAutowireCapableBeanFactory.initializeBean(AbstractAutowireCapableBeanFactory.java:1822)
	... 65 common frames omitted
2025-12-18 01:01:54.252 [background-preinit] INFO  o.h.validator.internal.util.Version - HV000001: Hibernate Validator 8.0.3.Final
2025-12-18 01:01:54.329 [restartedMain] INFO  c.aurionpro.papms.PaPmsApplication - Starting PaPmsApplication using Java 17.0.1 with PID 62240 (D:\Swabhav_Java_FullStack\Project\Project\PaPMS\target\classes started by aniket.gupta in D:\Swabhav_Java_FullStack\Project\Project\PaPMS)
2025-12-18 01:01:54.330 [restartedMain] DEBUG c.aurionpro.papms.PaPmsApplication - Running with Spring Boot v3.5.5, Spring v6.2.10
2025-12-18 01:01:54.331 [restartedMain] INFO  c.aurionpro.papms.PaPmsApplication - No active profile set, falling back to 1 default profile: "default"
2025-12-18 01:01:54.405 [restartedMain] INFO  o.s.b.d.e.DevToolsPropertyDefaultsPostProcessor - Devtools property defaults active! Set 'spring.devtools.add-properties' to 'false' to disable
2025-12-18 01:01:54.405 [restartedMain] INFO  o.s.b.d.e.DevToolsPropertyDefaultsPostProcessor - For additional web related logging consider setting the 'logging.level.web' property to 'DEBUG'
2025-12-18 01:01:56.797 [restartedMain] INFO  o.s.d.r.c.RepositoryConfigurationDelegate - Bootstrapping Spring Data JPA repositories in DEFAULT mode.
2025-12-18 01:01:57.180 [restartedMain] INFO  o.s.d.r.c.RepositoryConfigurationDelegate - Finished Spring Data repository scanning in 370 ms. Found 21 JPA repository interfaces.
2025-12-18 01:01:58.567 [restartedMain] INFO  o.s.b.w.e.tomcat.TomcatWebServer - Tomcat initialized with port 8040 (http)
2025-12-18 01:01:58.588 [restartedMain] INFO  o.a.coyote.http11.Http11NioProtocol - Initializing ProtocolHandler ["http-nio-8040"]
2025-12-18 01:01:58.592 [restartedMain] INFO  o.a.catalina.core.StandardService - Starting service [Tomcat]
2025-12-18 01:01:58.592 [restartedMain] INFO  o.a.catalina.core.StandardEngine - Starting Servlet engine: [Apache Tomcat/10.1.44]
2025-12-18 01:01:58.725 [restartedMain] INFO  o.a.c.c.C.[Tomcat].[localhost].[/] - Initializing Spring embedded WebApplicationContext
2025-12-18 01:01:58.726 [restartedMain] INFO  o.s.b.w.s.c.ServletWebServerApplicationContext - Root WebApplicationContext: initialization completed in 4321 ms
2025-12-18 01:01:58.854 [restartedMain] INFO  com.zaxxer.hikari.HikariDataSource - HikariPool-1 - Starting...
2025-12-18 01:01:59.466 [restartedMain] INFO  com.zaxxer.hikari.pool.HikariPool - HikariPool-1 - Added connection com.mysql.cj.jdbc.ConnectionImpl@6953756
2025-12-18 01:01:59.469 [restartedMain] INFO  com.zaxxer.hikari.HikariDataSource - HikariPool-1 - Start completed.
2025-12-18 01:01:59.689 [restartedMain] INFO  o.h.jpa.internal.util.LogHelper - HHH000204: Processing PersistenceUnitInfo [name: default]
2025-12-18 01:01:59.767 [restartedMain] INFO  org.hibernate.Version - HHH000412: Hibernate ORM core version 6.6.26.Final
2025-12-18 01:01:59.821 [restartedMain] INFO  o.h.c.i.RegionFactoryInitiator - HHH000026: Second-level cache disabled
2025-12-18 01:02:00.146 [restartedMain] INFO  o.s.o.j.p.SpringPersistenceUnitInfo - No LoadTimeWeaver setup: ignoring JPA class transformer
2025-12-18 01:02:00.202 [restartedMain] WARN  org.hibernate.orm.deprecation - HHH90000025: MySQLDialect does not need to be specified explicitly using 'hibernate.dialect' (remove the property setting and it will be selected by default)
2025-12-18 01:02:00.216 [restartedMain] INFO  o.hibernate.orm.connections.pooling - HHH10001005: Database info:
	Database JDBC URL [Connecting through datasource 'HikariDataSource (HikariPool-1)']
	Database driver: undefined/unknown
	Database version: 8.0.42
	Autocommit mode: undefined/unknown
	Isolation level: undefined/unknown
	Minimum pool size: undefined/unknown
	Maximum pool size: undefined/unknown
2025-12-18 01:02:01.528 [restartedMain] INFO  o.h.e.t.j.p.i.JtaPlatformInitiator - HHH000489: No JTA platform available (set 'hibernate.transaction.jta.platform' to enable JTA platform integration)
2025-12-18 01:02:01.589 [restartedMain] DEBUG org.hibernate.SQL - 
    alter table clients 
       modify column status enum ('ACTIVE','INACTIVE','SUSPENDED') not null
2025-12-18 01:02:01.621 [restartedMain] DEBUG org.hibernate.SQL - 
    alter table transactions 
       modify column source_type enum ('DEPOSIT','INVOICE','MANUAL_ADJUSTMENT','PAYROLL_PAYMENT','VENDOR_PAYMENT') not null
2025-12-18 01:02:01.795 [restartedMain] INFO  o.s.o.j.LocalContainerEntityManagerFactoryBean - Initialized JPA EntityManagerFactory for persistence unit 'default'
2025-12-18 01:02:02.011 [restartedMain] INFO  o.s.d.j.r.query.QueryEnhancerFactory - Hibernate is in classpath; If applicable, HQL parser will be used.
2025-12-18 01:02:02.335 [restartedMain] DEBUG c.a.p.security.filter.JwtAuthFilter - Filter 'jwtAuthFilter' configured for use
2025-12-18 01:02:03.062 [restartedMain] INFO  o.s.s.c.a.a.c.InitializeAuthenticationProviderBeanManagerConfigurer$InitializeAuthenticationProviderManagerConfigurer - Global AuthenticationManager configured with AuthenticationProvider bean with name authenticationProvider
2025-12-18 01:02:03.062 [restartedMain] WARN  o.s.s.c.a.a.c.InitializeUserDetailsBeanManagerConfigurer$InitializeUserDetailsManagerConfigurer - Global AuthenticationManager configured with an AuthenticationProvider bean. UserDetailsService beans will not be used by Spring Security for automatically configuring username/password login. Consider removing the AuthenticationProvider bean. Alternatively, consider using the UserDetailsService in a manually instantiated DaoAuthenticationProvider. If the current configuration is intentional, to turn off this warning, increase the logging level of 'org.springframework.security.config.annotation.authentication.configuration.InitializeUserDetailsBeanManagerConfigurer' to ERROR
2025-12-18 01:02:04.173 [restartedMain] WARN  o.s.b.a.o.j.JpaBaseConfiguration$JpaWebConfiguration - spring.jpa.open-in-view is enabled by default. Therefore, database queries may be performed during view rendering. Explicitly configure spring.jpa.open-in-view to disable this warning
2025-12-18 01:02:04.347 [restartedMain] WARN  o.s.b.w.s.c.AnnotationConfigServletWebServerApplicationContext - Exception encountered during context initialization - cancelling refresh attempt: org.springframework.beans.factory.BeanCreationException: Error creating bean with name 'filterChain' defined in class path resource [com/aurionpro/papms/security/config/SecurityConfig.class]: Failed to instantiate [org.springframework.security.web.SecurityFilterChain]: Factory method 'filterChain' threw exception with message: Error creating bean with name 'mvcHandlerMappingIntrospector' defined in class path resource [org/springframework/boot/autoconfigure/web/servlet/WebMvcAutoConfiguration$EnableWebMvcConfiguration.class]: Error creating bean with name 'requestMappingHandlerMapping' defined in class path resource [org/springframework/boot/autoconfigure/web/servlet/WebMvcAutoConfiguration$EnableWebMvcConfiguration.class]: Ambiguous mapping. Cannot map 'invoiceController' method 
com.aurionpro.papms.controller.InvoiceController#createInvoice(InvoiceRequestDto, CustomUserDetails)
to {POST [/api/invoices]}: There is already 'clientController' bean method
com.aurionpro.papms.controller.ClientController#createInvoice(InvoiceRequestDto) mapped.
2025-12-18 01:02:04.350 [restartedMain] INFO  o.s.o.j.LocalContainerEntityManagerFactoryBean - Closing JPA EntityManagerFactory for persistence unit 'default'
2025-12-18 01:02:04.353 [restartedMain] INFO  com.zaxxer.hikari.HikariDataSource - HikariPool-1 - Shutdown initiated...
2025-12-18 01:02:04.360 [restartedMain] INFO  com.zaxxer.hikari.HikariDataSource - HikariPool-1 - Shutdown completed.
2025-12-18 01:02:04.363 [restartedMain] INFO  o.a.catalina.core.StandardService - Stopping service [Tomcat]
2025-12-18 01:02:04.373 [restartedMain] INFO  o.s.b.a.l.ConditionEvaluationReportLogger - 

Error starting ApplicationContext. To display the condition evaluation report re-run your application with 'debug' enabled.
2025-12-18 01:02:04.390 [restartedMain] ERROR o.s.boot.SpringApplication - Application run failed
org.springframework.beans.factory.BeanCreationException: Error creating bean with name 'filterChain' defined in class path resource [com/aurionpro/papms/security/config/SecurityConfig.class]: Failed to instantiate [org.springframework.security.web.SecurityFilterChain]: Factory method 'filterChain' threw exception with message: Error creating bean with name 'mvcHandlerMappingIntrospector' defined in class path resource [org/springframework/boot/autoconfigure/web/servlet/WebMvcAutoConfiguration$EnableWebMvcConfiguration.class]: Error creating bean with name 'requestMappingHandlerMapping' defined in class path resource [org/springframework/boot/autoconfigure/web/servlet/WebMvcAutoConfiguration$EnableWebMvcConfiguration.class]: Ambiguous mapping. Cannot map 'invoiceController' method 
com.aurionpro.papms.controller.InvoiceController#createInvoice(InvoiceRequestDto, CustomUserDetails)
to {POST [/api/invoices]}: There is already 'clientController' bean method
com.aurionpro.papms.controller.ClientController#createInvoice(InvoiceRequestDto) mapped.
	at org.springframework.beans.factory.support.ConstructorResolver.instantiate(ConstructorResolver.java:657)
	at org.springframework.beans.factory.support.ConstructorResolver.instantiateUsingFactoryMethod(ConstructorResolver.java:645)
	at org.springframework.beans.factory.support.AbstractAutowireCapableBeanFactory.instantiateUsingFactoryMethod(AbstractAutowireCapableBeanFactory.java:1375)
	at org.springframework.beans.factory.support.AbstractAutowireCapableBeanFactory.createBeanInstance(AbstractAutowireCapableBeanFactory.java:1205)
	at org.springframework.beans.factory.support.AbstractAutowireCapableBeanFactory.doCreateBean(AbstractAutowireCapableBeanFactory.java:569)
	at org.springframework.beans.factory.support.AbstractAutowireCapableBeanFactory.createBean(AbstractAutowireCapableBeanFactory.java:529)
	at org.springframework.beans.factory.support.AbstractBeanFactory.lambda$doGetBean$0(AbstractBeanFactory.java:339)
	at org.springframework.beans.factory.support.DefaultSingletonBeanRegistry.getSingleton(DefaultSingletonBeanRegistry.java:373)
	at org.springframework.beans.factory.support.AbstractBeanFactory.doGetBean(AbstractBeanFactory.java:337)
	at org.springframework.beans.factory.support.AbstractBeanFactory.getBean(AbstractBeanFactory.java:202)
	at org.springframework.beans.factory.support.DefaultListableBeanFactory.instantiateSingleton(DefaultListableBeanFactory.java:1222)
	at org.springframework.beans.factory.support.DefaultListableBeanFactory.preInstantiateSingleton(DefaultListableBeanFactory.java:1188)
	at org.springframework.beans.factory.support.DefaultListableBeanFactory.preInstantiateSingletons(DefaultListableBeanFactory.java:1123)
	at org.springframework.context.support.AbstractApplicationContext.finishBeanFactoryInitialization(AbstractApplicationContext.java:987)
	at org.springframework.context.support.AbstractApplicationContext.refresh(AbstractApplicationContext.java:627)
	at org.springframework.boot.web.servlet.context.ServletWebServerApplicationContext.refresh(ServletWebServerApplicationContext.java:146)
	at org.springframework.boot.SpringApplication.refresh(SpringApplication.java:752)
	at org.springframework.boot.SpringApplication.refreshContext(SpringApplication.java:439)
	at org.springframework.boot.SpringApplication.run(SpringApplication.java:318)
	at org.springframework.boot.SpringApplication.run(SpringApplication.java:1361)
	at org.springframework.boot.SpringApplication.run(SpringApplication.java:1350)
	at com.aurionpro.papms.PaPmsApplication.main(PaPmsApplication.java:16)
	at java.base/jdk.internal.reflect.NativeMethodAccessorImpl.invoke0(Native Method)
	at java.base/jdk.internal.reflect.NativeMethodAccessorImpl.invoke(NativeMethodAccessorImpl.java:77)
	at java.base/jdk.internal.reflect.DelegatingMethodAccessorImpl.invoke(DelegatingMethodAccessorImpl.java:43)
	at java.base/java.lang.reflect.Method.invoke(Method.java:568)
	at org.springframework.boot.devtools.restart.RestartLauncher.run(RestartLauncher.java:50)
Caused by: org.springframework.beans.BeanInstantiationException: Failed to instantiate [org.springframework.security.web.SecurityFilterChain]: Factory method 'filterChain' threw exception with message: Error creating bean with name 'mvcHandlerMappingIntrospector' defined in class path resource [org/springframework/boot/autoconfigure/web/servlet/WebMvcAutoConfiguration$EnableWebMvcConfiguration.class]: Error creating bean with name 'requestMappingHandlerMapping' defined in class path resource [org/springframework/boot/autoconfigure/web/servlet/WebMvcAutoConfiguration$EnableWebMvcConfiguration.class]: Ambiguous mapping. Cannot map 'invoiceController' method 
com.aurionpro.papms.controller.InvoiceController#createInvoice(InvoiceRequestDto, CustomUserDetails)
to {POST [/api/invoices]}: There is already 'clientController' bean method
com.aurionpro.papms.controller.ClientController#createInvoice(InvoiceRequestDto) mapped.
	at org.springframework.beans.factory.support.SimpleInstantiationStrategy.lambda$instantiate$0(SimpleInstantiationStrategy.java:200)
	at org.springframework.beans.factory.support.SimpleInstantiationStrategy.instantiateWithFactoryMethod(SimpleInstantiationStrategy.java:89)
	at org.springframework.beans.factory.support.SimpleInstantiationStrategy.instantiate(SimpleInstantiationStrategy.java:169)
	at org.springframework.beans.factory.support.ConstructorResolver.instantiate(ConstructorResolver.java:653)
	... 26 common frames omitted
Caused by: org.springframework.beans.factory.BeanCreationException: Error creating bean with name 'mvcHandlerMappingIntrospector' defined in class path resource [org/springframework/boot/autoconfigure/web/servlet/WebMvcAutoConfiguration$EnableWebMvcConfiguration.class]: Error creating bean with name 'requestMappingHandlerMapping' defined in class path resource [org/springframework/boot/autoconfigure/web/servlet/WebMvcAutoConfiguration$EnableWebMvcConfiguration.class]: Ambiguous mapping. Cannot map 'invoiceController' method 
com.aurionpro.papms.controller.InvoiceController#createInvoice(InvoiceRequestDto, CustomUserDetails)
to {POST [/api/invoices]}: There is already 'clientController' bean method
com.aurionpro.papms.controller.ClientController#createInvoice(InvoiceRequestDto) mapped.
	at org.springframework.beans.factory.support.AbstractAutowireCapableBeanFactory.initializeBean(AbstractAutowireCapableBeanFactory.java:1826)
	at org.springframework.beans.factory.support.AbstractAutowireCapableBeanFactory.doCreateBean(AbstractAutowireCapableBeanFactory.java:607)
	at org.springframework.beans.factory.support.AbstractAutowireCapableBeanFactory.createBean(AbstractAutowireCapableBeanFactory.java:529)
	at org.springframework.beans.factory.support.AbstractBeanFactory.lambda$doGetBean$0(AbstractBeanFactory.java:339)
	at org.springframework.beans.factory.support.DefaultSingletonBeanRegistry.getSingleton(DefaultSingletonBeanRegistry.java:373)
	at org.springframework.beans.factory.support.AbstractBeanFactory.doGetBean(AbstractBeanFactory.java:337)
	at org.springframework.beans.factory.support.AbstractBeanFactory.getBean(AbstractBeanFactory.java:207)
	at org.springframework.context.support.AbstractApplicationContext.getBean(AbstractApplicationContext.java:1278)
	at org.springframework.security.config.annotation.web.AbstractRequestMatcherRegistry.createMvcMatchers(AbstractRequestMatcherRegistry.java:126)
	at org.springframework.security.config.annotation.web.AbstractRequestMatcherRegistry.requestMatchers(AbstractRequestMatcherRegistry.java:226)
	at org.springframework.security.config.annotation.web.AbstractRequestMatcherRegistry.requestMatchers(AbstractRequestMatcherRegistry.java:304)
	at com.aurionpro.papms.security.config.SecurityConfig.lambda$filterChain$2(SecurityConfig.java:71)
	at org.springframework.security.config.annotation.web.builders.HttpSecurity.authorizeHttpRequests(HttpSecurity.java:1491)
	at com.aurionpro.papms.security.config.SecurityConfig.filterChain(SecurityConfig.java:69)
	at com.aurionpro.papms.security.config.SecurityConfig$$SpringCGLIB$$0.CGLIB$filterChain$0(<generated>)
	at com.aurionpro.papms.security.config.SecurityConfig$$SpringCGLIB$$FastClass$$1.invoke(<generated>)
	at org.springframework.cglib.proxy.MethodProxy.invokeSuper(MethodProxy.java:258)
	at org.springframework.context.annotation.ConfigurationClassEnhancer$BeanMethodInterceptor.intercept(ConfigurationClassEnhancer.java:400)
	at com.aurionpro.papms.security.config.SecurityConfig$$SpringCGLIB$$0.filterChain(<generated>)
	at java.base/jdk.internal.reflect.NativeMethodAccessorImpl.invoke0(Native Method)
	at java.base/jdk.internal.reflect.NativeMethodAccessorImpl.invoke(NativeMethodAccessorImpl.java:77)
	at java.base/jdk.internal.reflect.DelegatingMethodAccessorImpl.invoke(DelegatingMethodAccessorImpl.java:43)
	at java.base/java.lang.reflect.Method.invoke(Method.java:568)
	at org.springframework.beans.factory.support.SimpleInstantiationStrategy.lambda$instantiate$0(SimpleInstantiationStrategy.java:172)
	... 29 common frames omitted
Caused by: org.springframework.beans.factory.BeanCreationException: Error creating bean with name 'requestMappingHandlerMapping' defined in class path resource [org/springframework/boot/autoconfigure/web/servlet/WebMvcAutoConfiguration$EnableWebMvcConfiguration.class]: Ambiguous mapping. Cannot map 'invoiceController' method 
com.aurionpro.papms.controller.InvoiceController#createInvoice(InvoiceRequestDto, CustomUserDetails)
to {POST [/api/invoices]}: There is already 'clientController' bean method
com.aurionpro.papms.controller.ClientController#createInvoice(InvoiceRequestDto) mapped.
	at org.springframework.beans.factory.support.AbstractAutowireCapableBeanFactory.initializeBean(AbstractAutowireCapableBeanFactory.java:1826)
	at org.springframework.beans.factory.support.AbstractAutowireCapableBeanFactory.doCreateBean(AbstractAutowireCapableBeanFactory.java:607)
	at org.springframework.beans.factory.support.AbstractAutowireCapableBeanFactory.createBean(AbstractAutowireCapableBeanFactory.java:529)
	at org.springframework.beans.factory.support.AbstractBeanFactory.lambda$doGetBean$0(AbstractBeanFactory.java:339)
	at org.springframework.beans.factory.support.DefaultSingletonBeanRegistry.getSingleton(DefaultSingletonBeanRegistry.java:373)
	at org.springframework.beans.factory.support.AbstractBeanFactory.doGetBean(AbstractBeanFactory.java:337)
	at org.springframework.beans.factory.support.AbstractBeanFactory.getBean(AbstractBeanFactory.java:202)
	at org.springframework.beans.factory.support.DefaultListableBeanFactory.getBeansOfType(DefaultListableBeanFactory.java:747)
	at org.springframework.context.support.AbstractApplicationContext.getBeansOfType(AbstractApplicationContext.java:1426)
	at org.springframework.beans.factory.BeanFactoryUtils.beansOfTypeIncludingAncestors(BeanFactoryUtils.java:372)
	at org.springframework.web.servlet.handler.HandlerMappingIntrospector.initHandlerMappings(HandlerMappingIntrospector.java:159)
	at org.springframework.web.servlet.handler.HandlerMappingIntrospector.afterPropertiesSet(HandlerMappingIntrospector.java:146)
	at org.springframework.beans.factory.support.AbstractAutowireCapableBeanFactory.invokeInitMethods(AbstractAutowireCapableBeanFactory.java:1873)
	at org.springframework.beans.factory.support.AbstractAutowireCapableBeanFactory.initializeBean(AbstractAutowireCapableBeanFactory.java:1822)
	... 52 common frames omitted
Caused by: java.lang.IllegalStateException: Ambiguous mapping. Cannot map 'invoiceController' method 
com.aurionpro.papms.controller.InvoiceController#createInvoice(InvoiceRequestDto, CustomUserDetails)
to {POST [/api/invoices]}: There is already 'clientController' bean method
com.aurionpro.papms.controller.ClientController#createInvoice(InvoiceRequestDto) mapped.
	at org.springframework.web.servlet.handler.AbstractHandlerMethodMapping$MappingRegistry.validateMethodMapping(AbstractHandlerMethodMapping.java:676)
	at org.springframework.web.servlet.handler.AbstractHandlerMethodMapping$MappingRegistry.register(AbstractHandlerMethodMapping.java:637)
	at org.springframework.web.servlet.handler.AbstractHandlerMethodMapping.registerHandlerMethod(AbstractHandlerMethodMapping.java:331)
	at org.springframework.web.servlet.mvc.method.annotation.RequestMappingHandlerMapping.registerHandlerMethod(RequestMappingHandlerMapping.java:507)
	at org.springframework.web.servlet.mvc.method.annotation.RequestMappingHandlerMapping.registerHandlerMethod(RequestMappingHandlerMapping.java:84)
	at org.springframework.web.servlet.handler.AbstractHandlerMethodMapping.lambda$detectHandlerMethods$2(AbstractHandlerMethodMapping.java:298)
	at java.base/java.util.LinkedHashMap.forEach(LinkedHashMap.java:721)
	at org.springframework.web.servlet.handler.AbstractHandlerMethodMapping.detectHandlerMethods(AbstractHandlerMethodMapping.java:296)
	at org.springframework.web.servlet.handler.AbstractHandlerMethodMapping.processCandidateBean(AbstractHandlerMethodMapping.java:265)
	at org.springframework.web.servlet.handler.AbstractHandlerMethodMapping.initHandlerMethods(AbstractHandlerMethodMapping.java:224)
	at org.springframework.web.servlet.handler.AbstractHandlerMethodMapping.afterPropertiesSet(AbstractHandlerMethodMapping.java:212)
	at org.springframework.web.servlet.mvc.method.annotation.RequestMappingHandlerMapping.afterPropertiesSet(RequestMappingHandlerMapping.java:237)
	at org.springframework.beans.factory.support.AbstractAutowireCapableBeanFactory.invokeInitMethods(AbstractAutowireCapableBeanFactory.java:1873)
	at org.springframework.beans.factory.support.AbstractAutowireCapableBeanFactory.initializeBean(AbstractAutowireCapableBeanFactory.java:1822)
	... 65 common frames omitted
2025-12-18 01:05:06.744 [background-preinit] INFO  o.h.validator.internal.util.Version - HV000001: Hibernate Validator 8.0.3.Final
2025-12-18 01:05:06.799 [restartedMain] INFO  c.aurionpro.papms.PaPmsApplication - Starting PaPmsApplication using Java 17.0.1 with PID 49560 (D:\Swabhav_Java_FullStack\Project\Project\PaPMS\target\classes started by aniket.gupta in D:\Swabhav_Java_FullStack\Project\Project\PaPMS)
2025-12-18 01:05:06.799 [restartedMain] DEBUG c.aurionpro.papms.PaPmsApplication - Running with Spring Boot v3.5.5, Spring v6.2.10
2025-12-18 01:05:06.800 [restartedMain] INFO  c.aurionpro.papms.PaPmsApplication - No active profile set, falling back to 1 default profile: "default"
2025-12-18 01:05:06.855 [restartedMain] INFO  o.s.b.d.e.DevToolsPropertyDefaultsPostProcessor - Devtools property defaults active! Set 'spring.devtools.add-properties' to 'false' to disable
2025-12-18 01:05:06.856 [restartedMain] INFO  o.s.b.d.e.DevToolsPropertyDefaultsPostProcessor - For additional web related logging consider setting the 'logging.level.web' property to 'DEBUG'
2025-12-18 01:05:08.430 [restartedMain] INFO  o.s.d.r.c.RepositoryConfigurationDelegate - Bootstrapping Spring Data JPA repositories in DEFAULT mode.
2025-12-18 01:05:08.684 [restartedMain] INFO  o.s.d.r.c.RepositoryConfigurationDelegate - Finished Spring Data repository scanning in 246 ms. Found 21 JPA repository interfaces.
2025-12-18 01:05:09.462 [restartedMain] INFO  o.s.b.w.e.tomcat.TomcatWebServer - Tomcat initialized with port 8040 (http)
2025-12-18 01:05:09.470 [restartedMain] INFO  o.a.coyote.http11.Http11NioProtocol - Initializing ProtocolHandler ["http-nio-8040"]
2025-12-18 01:05:09.472 [restartedMain] INFO  o.a.catalina.core.StandardService - Starting service [Tomcat]
2025-12-18 01:05:09.472 [restartedMain] INFO  o.a.catalina.core.StandardEngine - Starting Servlet engine: [Apache Tomcat/10.1.44]
2025-12-18 01:05:09.542 [restartedMain] INFO  o.a.c.c.C.[Tomcat].[localhost].[/] - Initializing Spring embedded WebApplicationContext
2025-12-18 01:05:09.542 [restartedMain] INFO  o.s.b.w.s.c.ServletWebServerApplicationContext - Root WebApplicationContext: initialization completed in 2686 ms
2025-12-18 01:05:09.613 [restartedMain] INFO  com.zaxxer.hikari.HikariDataSource - HikariPool-1 - Starting...
2025-12-18 01:05:09.886 [restartedMain] INFO  com.zaxxer.hikari.pool.HikariPool - HikariPool-1 - Added connection com.mysql.cj.jdbc.ConnectionImpl@5b23d6bc
2025-12-18 01:05:09.888 [restartedMain] INFO  com.zaxxer.hikari.HikariDataSource - HikariPool-1 - Start completed.
2025-12-18 01:05:10.060 [restartedMain] INFO  o.h.jpa.internal.util.LogHelper - HHH000204: Processing PersistenceUnitInfo [name: default]
2025-12-18 01:05:10.116 [restartedMain] INFO  org.hibernate.Version - HHH000412: Hibernate ORM core version 6.6.26.Final
2025-12-18 01:05:10.153 [restartedMain] INFO  o.h.c.i.RegionFactoryInitiator - HHH000026: Second-level cache disabled
2025-12-18 01:05:10.484 [restartedMain] INFO  o.s.o.j.p.SpringPersistenceUnitInfo - No LoadTimeWeaver setup: ignoring JPA class transformer
2025-12-18 01:05:10.541 [restartedMain] WARN  org.hibernate.orm.deprecation - HHH90000025: MySQLDialect does not need to be specified explicitly using 'hibernate.dialect' (remove the property setting and it will be selected by default)
2025-12-18 01:05:10.554 [restartedMain] INFO  o.hibernate.orm.connections.pooling - HHH10001005: Database info:
	Database JDBC URL [Connecting through datasource 'HikariDataSource (HikariPool-1)']
	Database driver: undefined/unknown
	Database version: 8.0.42
	Autocommit mode: undefined/unknown
	Isolation level: undefined/unknown
	Minimum pool size: undefined/unknown
	Maximum pool size: undefined/unknown
2025-12-18 01:05:11.760 [restartedMain] INFO  o.h.e.t.j.p.i.JtaPlatformInitiator - HHH000489: No JTA platform available (set 'hibernate.transaction.jta.platform' to enable JTA platform integration)
2025-12-18 01:05:11.823 [restartedMain] DEBUG org.hibernate.SQL - 
    alter table clients 
       modify column status enum ('ACTIVE','INACTIVE','SUSPENDED') not null
2025-12-18 01:05:11.854 [restartedMain] DEBUG org.hibernate.SQL - 
    alter table transactions 
       modify column source_type enum ('DEPOSIT','INVOICE','MANUAL_ADJUSTMENT','PAYROLL_PAYMENT','VENDOR_PAYMENT') not null
2025-12-18 01:05:12.033 [restartedMain] INFO  o.s.o.j.LocalContainerEntityManagerFactoryBean - Initialized JPA EntityManagerFactory for persistence unit 'default'
2025-12-18 01:05:12.207 [restartedMain] INFO  o.s.d.j.r.query.QueryEnhancerFactory - Hibernate is in classpath; If applicable, HQL parser will be used.
2025-12-18 01:05:12.565 [restartedMain] DEBUG c.a.p.security.filter.JwtAuthFilter - Filter 'jwtAuthFilter' configured for use
2025-12-18 01:05:13.382 [restartedMain] INFO  o.s.s.c.a.a.c.InitializeAuthenticationProviderBeanManagerConfigurer$InitializeAuthenticationProviderManagerConfigurer - Global AuthenticationManager configured with AuthenticationProvider bean with name authenticationProvider
2025-12-18 01:05:13.382 [restartedMain] WARN  o.s.s.c.a.a.c.InitializeUserDetailsBeanManagerConfigurer$InitializeUserDetailsManagerConfigurer - Global AuthenticationManager configured with an AuthenticationProvider bean. UserDetailsService beans will not be used by Spring Security for automatically configuring username/password login. Consider removing the AuthenticationProvider bean. Alternatively, consider using the UserDetailsService in a manually instantiated DaoAuthenticationProvider. If the current configuration is intentional, to turn off this warning, increase the logging level of 'org.springframework.security.config.annotation.authentication.configuration.InitializeUserDetailsBeanManagerConfigurer' to ERROR
2025-12-18 01:05:14.385 [restartedMain] WARN  o.s.b.a.o.j.JpaBaseConfiguration$JpaWebConfiguration - spring.jpa.open-in-view is enabled by default. Therefore, database queries may be performed during view rendering. Explicitly configure spring.jpa.open-in-view to disable this warning
2025-12-18 01:05:15.294 [restartedMain] INFO  o.s.b.d.a.OptionalLiveReloadServer - LiveReload server is running on port 35729
2025-12-18 01:05:15.348 [restartedMain] DEBUG o.s.b.c.c.s.JobRegistrySmartInitializingSingleton - Registering job: employeeCsvImportJob
2025-12-18 01:05:15.356 [restartedMain] INFO  o.a.coyote.http11.Http11NioProtocol - Starting ProtocolHandler ["http-nio-8040"]
2025-12-18 01:05:15.389 [restartedMain] INFO  o.s.b.w.e.tomcat.TomcatWebServer - Tomcat started on port 8040 (http) with context path '/'
2025-12-18 01:05:15.405 [restartedMain] INFO  c.aurionpro.papms.PaPmsApplication - Started PaPmsApplication in 9.204 seconds (process running for 10.209)
2025-12-18 01:05:15.418 [restartedMain] INFO  c.aurionpro.papms.config.DataSeeder - DataSeeder running...
2025-12-18 01:05:15.489 [restartedMain] DEBUG org.hibernate.SQL - 
    select
        count(u1_0.id) 
    from
        users u1_0 
    where
        u1_0.role=?
2025-12-18 01:05:15.491 [restartedMain] TRACE org.hibernate.orm.jdbc.bind - binding parameter (1:ENUM) <- [BANK_ADMIN]
2025-12-18 01:05:15.510 [restartedMain] INFO  c.aurionpro.papms.config.DataSeeder - BANK_ADMIN user already exists. Skipping creation.
2025-12-18 01:05:15.514 [restartedMain] INFO  c.aurionpro.papms.PaPmsApplication - PaPmsApplication started successfully!
2025-12-18 01:05:37.075 [http-nio-8040-exec-1] INFO  o.a.c.c.C.[Tomcat].[localhost].[/] - Initializing Spring DispatcherServlet 'dispatcherServlet'
2025-12-18 01:05:37.075 [http-nio-8040-exec-1] INFO  o.s.web.servlet.DispatcherServlet - Initializing Servlet 'dispatcherServlet'
2025-12-18 01:05:37.078 [http-nio-8040-exec-1] INFO  o.s.web.servlet.DispatcherServlet - Completed initialization in 3 ms
2025-12-18 01:05:37.341 [http-nio-8040-exec-2] INFO  c.a.papms.controller.AuthController - Login attempt for user: Sony
2025-12-18 01:05:37.484 [http-nio-8040-exec-2] DEBUG org.hibernate.SQL - 
    select
        u1_0.id,
        u1_0.created_at,
        u1_0.email,
        u1_0.full_name,
        u1_0.is_active,
        u1_0.organization_id,
        u1_0.password,
        u1_0.requires_password_change,
        u1_0.role,
        u1_0.updated_at,
        u1_0.username 
    from
        users u1_0 
    where
        u1_0.username=?
2025-12-18 01:05:37.485 [http-nio-8040-exec-2] TRACE org.hibernate.orm.jdbc.bind - binding parameter (1:VARCHAR) <- [Sony]
2025-12-18 01:05:37.635 [http-nio-8040-exec-2] INFO  c.a.papms.controller.AuthController - User Sony authenticated successfully.
2025-12-18 01:05:37.637 [http-nio-8040-exec-2] DEBUG org.hibernate.SQL - 
    select
        u1_0.id,
        u1_0.created_at,
        u1_0.email,
        u1_0.full_name,
        u1_0.is_active,
        u1_0.organization_id,
        u1_0.password,
        u1_0.requires_password_change,
        u1_0.role,
        u1_0.updated_at,
        u1_0.username 
    from
        users u1_0 
    where
        u1_0.username=?
2025-12-18 01:05:37.637 [http-nio-8040-exec-2] TRACE org.hibernate.orm.jdbc.bind - binding parameter (1:VARCHAR) <- [Sony]
2025-12-18 01:05:37.642 [http-nio-8040-exec-2] DEBUG org.hibernate.SQL - 
    select
        u1_0.id,
        u1_0.created_at,
        u1_0.email,
        u1_0.full_name,
        u1_0.is_active,
        u1_0.organization_id,
        u1_0.password,
        u1_0.requires_password_change,
        u1_0.role,
        u1_0.updated_at,
        u1_0.username 
    from
        users u1_0 
    where
        u1_0.username=?
2025-12-18 01:05:37.643 [http-nio-8040-exec-2] TRACE org.hibernate.orm.jdbc.bind - binding parameter (1:VARCHAR) <- [sony]
2025-12-18 01:05:37.784 [http-nio-8040-exec-2] DEBUG org.hibernate.SQL - 
    select
        u1_0.id,
        u1_0.created_at,
        u1_0.email,
        u1_0.full_name,
        u1_0.is_active,
        u1_0.organization_id,
        u1_0.password,
        u1_0.requires_password_change,
        u1_0.role,
        u1_0.updated_at,
        u1_0.username 
    from
        users u1_0 
    where
        u1_0.username=?
2025-12-18 01:05:37.785 [http-nio-8040-exec-2] TRACE org.hibernate.orm.jdbc.bind - binding parameter (1:VARCHAR) <- [Sony]
2025-12-18 01:05:37.791 [http-nio-8040-exec-2] DEBUG c.a.papms.controller.AuthController - Fetching organization details for user: sony
2025-12-18 01:05:37.809 [http-nio-8040-exec-2] DEBUG org.hibernate.SQL - 
    select
        o1_0.id,
        o1_0.address,
        o1_0.bank_assigned_account_number,
        o1_0.company_name,
        o1_0.contact_email,
        o1_0.contact_phone,
        o1_0.created_at,
        o1_0.internal_balance,
        o1_0.logo_url,
        o1_0.rejection_reason,
        o1_0.status,
        o1_0.updated_at,
        e1_0.organization_id,
        e1_0.id,
        e1_0.created_at,
        e1_0.date_of_joining,
        e1_0.deletion_scheduled_at,
        e1_0.department,
        e1_0.employee_code,
        e1_0.is_active,
        e1_0.job_title,
        e1_0.profile_picture_url,
        e1_0.updated_at,
        e1_0.user_id 
    from
        organizations o1_0 
    left join
        employees e1_0 
            on o1_0.id=e1_0.organization_id 
    where
        o1_0.id=?
2025-12-18 01:05:37.810 [http-nio-8040-exec-2] TRACE org.hibernate.orm.jdbc.bind - binding parameter (1:INTEGER) <- [1]
2025-12-18 01:05:37.845 [http-nio-8040-exec-2] DEBUG org.hibernate.SQL - 
    select
        ba1_0.id,
        ba1_0.account_holder_name,
        ba1_0.account_number,
        ba1_0.bank_name,
        ba1_0.created_at,
        ba1_0.employee_id,
        ba1_0.ifsc_code,
        ba1_0.is_primary,
        ba1_0.owner_type,
        ba1_0.updated_at,
        ba1_0.vendor_id 
    from
        bank_accounts ba1_0 
    where
        ba1_0.employee_id=?
2025-12-18 01:05:37.846 [http-nio-8040-exec-2] TRACE org.hibernate.orm.jdbc.bind - binding parameter (1:BIGINT) <- [11]
2025-12-18 01:05:37.864 [http-nio-8040-exec-2] DEBUG org.hibernate.SQL - 
    select
        ba1_0.id,
        ba1_0.account_holder_name,
        ba1_0.account_number,
        ba1_0.bank_name,
        ba1_0.created_at,
        ba1_0.employee_id,
        ba1_0.ifsc_code,
        ba1_0.is_primary,
        ba1_0.owner_type,
        ba1_0.updated_at,
        ba1_0.vendor_id 
    from
        bank_accounts ba1_0 
    where
        ba1_0.employee_id=?
2025-12-18 01:05:37.866 [http-nio-8040-exec-2] TRACE org.hibernate.orm.jdbc.bind - binding parameter (1:BIGINT) <- [2]
2025-12-18 01:05:37.871 [http-nio-8040-exec-2] DEBUG org.hibernate.SQL - 
    select
        ba1_0.id,
        ba1_0.account_holder_name,
        ba1_0.account_number,
        ba1_0.bank_name,
        ba1_0.created_at,
        ba1_0.employee_id,
        ba1_0.ifsc_code,
        ba1_0.is_primary,
        ba1_0.owner_type,
        ba1_0.updated_at,
        ba1_0.vendor_id 
    from
        bank_accounts ba1_0 
    where
        ba1_0.employee_id=?
2025-12-18 01:05:37.872 [http-nio-8040-exec-2] TRACE org.hibernate.orm.jdbc.bind - binding parameter (1:BIGINT) <- [3]
2025-12-18 01:05:37.875 [http-nio-8040-exec-2] DEBUG org.hibernate.SQL - 
    select
        ba1_0.id,
        ba1_0.account_holder_name,
        ba1_0.account_number,
        ba1_0.bank_name,
        ba1_0.created_at,
        ba1_0.employee_id,
        ba1_0.ifsc_code,
        ba1_0.is_primary,
        ba1_0.owner_type,
        ba1_0.updated_at,
        ba1_0.vendor_id 
    from
        bank_accounts ba1_0 
    where
        ba1_0.employee_id=?
2025-12-18 01:05:37.875 [http-nio-8040-exec-2] TRACE org.hibernate.orm.jdbc.bind - binding parameter (1:BIGINT) <- [1]
2025-12-18 01:05:37.878 [http-nio-8040-exec-2] DEBUG org.hibernate.SQL - 
    select
        ba1_0.id,
        ba1_0.account_holder_name,
        ba1_0.account_number,
        ba1_0.bank_name,
        ba1_0.created_at,
        ba1_0.employee_id,
        ba1_0.ifsc_code,
        ba1_0.is_primary,
        ba1_0.owner_type,
        ba1_0.updated_at,
        ba1_0.vendor_id 
    from
        bank_accounts ba1_0 
    where
        ba1_0.employee_id=?
2025-12-18 01:05:37.878 [http-nio-8040-exec-2] TRACE org.hibernate.orm.jdbc.bind - binding parameter (1:BIGINT) <- [5]
2025-12-18 01:05:37.881 [http-nio-8040-exec-2] DEBUG org.hibernate.SQL - 
    select
        ba1_0.id,
        ba1_0.account_holder_name,
        ba1_0.account_number,
        ba1_0.bank_name,
        ba1_0.created_at,
        ba1_0.employee_id,
        ba1_0.ifsc_code,
        ba1_0.is_primary,
        ba1_0.owner_type,
        ba1_0.updated_at,
        ba1_0.vendor_id 
    from
        bank_accounts ba1_0 
    where
        ba1_0.employee_id=?
2025-12-18 01:05:37.881 [http-nio-8040-exec-2] TRACE org.hibernate.orm.jdbc.bind - binding parameter (1:BIGINT) <- [7]
2025-12-18 01:05:37.885 [http-nio-8040-exec-2] DEBUG org.hibernate.SQL - 
    select
        ba1_0.id,
        ba1_0.account_holder_name,
        ba1_0.account_number,
        ba1_0.bank_name,
        ba1_0.created_at,
        ba1_0.employee_id,
        ba1_0.ifsc_code,
        ba1_0.is_primary,
        ba1_0.owner_type,
        ba1_0.updated_at,
        ba1_0.vendor_id 
    from
        bank_accounts ba1_0 
    where
        ba1_0.employee_id=?
2025-12-18 01:05:37.885 [http-nio-8040-exec-2] TRACE org.hibernate.orm.jdbc.bind - binding parameter (1:BIGINT) <- [15]
2025-12-18 01:05:37.889 [http-nio-8040-exec-2] DEBUG org.hibernate.SQL - 
    select
        ba1_0.id,
        ba1_0.account_holder_name,
        ba1_0.account_number,
        ba1_0.bank_name,
        ba1_0.created_at,
        ba1_0.employee_id,
        ba1_0.ifsc_code,
        ba1_0.is_primary,
        ba1_0.owner_type,
        ba1_0.updated_at,
        ba1_0.vendor_id 
    from
        bank_accounts ba1_0 
    where
        ba1_0.employee_id=?
2025-12-18 01:05:37.890 [http-nio-8040-exec-2] TRACE org.hibernate.orm.jdbc.bind - binding parameter (1:BIGINT) <- [10]
2025-12-18 01:05:37.892 [http-nio-8040-exec-2] DEBUG org.hibernate.SQL - 
    select
        ba1_0.id,
        ba1_0.account_holder_name,
        ba1_0.account_number,
        ba1_0.bank_name,
        ba1_0.created_at,
        ba1_0.employee_id,
        ba1_0.ifsc_code,
        ba1_0.is_primary,
        ba1_0.owner_type,
        ba1_0.updated_at,
        ba1_0.vendor_id 
    from
        bank_accounts ba1_0 
    where
        ba1_0.employee_id=?
2025-12-18 01:05:37.893 [http-nio-8040-exec-2] TRACE org.hibernate.orm.jdbc.bind - binding parameter (1:BIGINT) <- [8]
2025-12-18 01:05:37.896 [http-nio-8040-exec-2] DEBUG org.hibernate.SQL - 
    select
        ba1_0.id,
        ba1_0.account_holder_name,
        ba1_0.account_number,
        ba1_0.bank_name,
        ba1_0.created_at,
        ba1_0.employee_id,
        ba1_0.ifsc_code,
        ba1_0.is_primary,
        ba1_0.owner_type,
        ba1_0.updated_at,
        ba1_0.vendor_id 
    from
        bank_accounts ba1_0 
    where
        ba1_0.employee_id=?
2025-12-18 01:05:37.896 [http-nio-8040-exec-2] TRACE org.hibernate.orm.jdbc.bind - binding parameter (1:BIGINT) <- [19]
2025-12-18 01:05:37.898 [http-nio-8040-exec-2] DEBUG org.hibernate.SQL - 
    select
        ba1_0.id,
        ba1_0.account_holder_name,
        ba1_0.account_number,
        ba1_0.bank_name,
        ba1_0.created_at,
        ba1_0.employee_id,
        ba1_0.ifsc_code,
        ba1_0.is_primary,
        ba1_0.owner_type,
        ba1_0.updated_at,
        ba1_0.vendor_id 
    from
        bank_accounts ba1_0 
    where
        ba1_0.employee_id=?
2025-12-18 01:05:37.899 [http-nio-8040-exec-2] TRACE org.hibernate.orm.jdbc.bind - binding parameter (1:BIGINT) <- [13]
2025-12-18 01:05:37.901 [http-nio-8040-exec-2] DEBUG org.hibernate.SQL - 
    select
        ba1_0.id,
        ba1_0.account_holder_name,
        ba1_0.account_number,
        ba1_0.bank_name,
        ba1_0.created_at,
        ba1_0.employee_id,
        ba1_0.ifsc_code,
        ba1_0.is_primary,
        ba1_0.owner_type,
        ba1_0.updated_at,
        ba1_0.vendor_id 
    from
        bank_accounts ba1_0 
    where
        ba1_0.employee_id=?
2025-12-18 01:05:37.903 [http-nio-8040-exec-2] TRACE org.hibernate.orm.jdbc.bind - binding parameter (1:BIGINT) <- [4]
2025-12-18 01:05:37.905 [http-nio-8040-exec-2] DEBUG org.hibernate.SQL - 
    select
        ba1_0.id,
        ba1_0.account_holder_name,
        ba1_0.account_number,
        ba1_0.bank_name,
        ba1_0.created_at,
        ba1_0.employee_id,
        ba1_0.ifsc_code,
        ba1_0.is_primary,
        ba1_0.owner_type,
        ba1_0.updated_at,
        ba1_0.vendor_id 
    from
        bank_accounts ba1_0 
    where
        ba1_0.employee_id=?
2025-12-18 01:05:37.906 [http-nio-8040-exec-2] TRACE org.hibernate.orm.jdbc.bind - binding parameter (1:BIGINT) <- [12]
2025-12-18 01:05:37.907 [http-nio-8040-exec-2] DEBUG org.hibernate.SQL - 
    select
        ba1_0.id,
        ba1_0.account_holder_name,
        ba1_0.account_number,
        ba1_0.bank_name,
        ba1_0.created_at,
        ba1_0.employee_id,
        ba1_0.ifsc_code,
        ba1_0.is_primary,
        ba1_0.owner_type,
        ba1_0.updated_at,
        ba1_0.vendor_id 
    from
        bank_accounts ba1_0 
    where
        ba1_0.employee_id=?
2025-12-18 01:05:37.908 [http-nio-8040-exec-2] TRACE org.hibernate.orm.jdbc.bind - binding parameter (1:BIGINT) <- [23]
2025-12-18 01:05:37.911 [http-nio-8040-exec-2] DEBUG org.hibernate.SQL - 
    select
        ba1_0.id,
        ba1_0.account_holder_name,
        ba1_0.account_number,
        ba1_0.bank_name,
        ba1_0.created_at,
        ba1_0.employee_id,
        ba1_0.ifsc_code,
        ba1_0.is_primary,
        ba1_0.owner_type,
        ba1_0.updated_at,
        ba1_0.vendor_id 
    from
        bank_accounts ba1_0 
    where
        ba1_0.employee_id=?
2025-12-18 01:05:37.911 [http-nio-8040-exec-2] TRACE org.hibernate.orm.jdbc.bind - binding parameter (1:BIGINT) <- [27]
2025-12-18 01:05:37.915 [http-nio-8040-exec-2] DEBUG org.hibernate.SQL - 
    select
        ba1_0.id,
        ba1_0.account_holder_name,
        ba1_0.account_number,
        ba1_0.bank_name,
        ba1_0.created_at,
        ba1_0.employee_id,
        ba1_0.ifsc_code,
        ba1_0.is_primary,
        ba1_0.owner_type,
        ba1_0.updated_at,
        ba1_0.vendor_id 
    from
        bank_accounts ba1_0 
    where
        ba1_0.employee_id=?
2025-12-18 01:05:37.918 [http-nio-8040-exec-2] TRACE org.hibernate.orm.jdbc.bind - binding parameter (1:BIGINT) <- [16]
2025-12-18 01:05:37.922 [http-nio-8040-exec-2] DEBUG org.hibernate.SQL - 
    select
        ba1_0.id,
        ba1_0.account_holder_name,
        ba1_0.account_number,
        ba1_0.bank_name,
        ba1_0.created_at,
        ba1_0.employee_id,
        ba1_0.ifsc_code,
        ba1_0.is_primary,
        ba1_0.owner_type,
        ba1_0.updated_at,
        ba1_0.vendor_id 
    from
        bank_accounts ba1_0 
    where
        ba1_0.employee_id=?
2025-12-18 01:05:37.923 [http-nio-8040-exec-2] TRACE org.hibernate.orm.jdbc.bind - binding parameter (1:BIGINT) <- [31]
2025-12-18 01:05:37.924 [http-nio-8040-exec-2] DEBUG org.hibernate.SQL - 
    select
        ba1_0.id,
        ba1_0.account_holder_name,
        ba1_0.account_number,
        ba1_0.bank_name,
        ba1_0.created_at,
        ba1_0.employee_id,
        ba1_0.ifsc_code,
        ba1_0.is_primary,
        ba1_0.owner_type,
        ba1_0.updated_at,
        ba1_0.vendor_id 
    from
        bank_accounts ba1_0 
    where
        ba1_0.employee_id=?
2025-12-18 01:05:37.926 [http-nio-8040-exec-2] TRACE org.hibernate.orm.jdbc.bind - binding parameter (1:BIGINT) <- [35]
2025-12-18 01:05:37.928 [http-nio-8040-exec-2] DEBUG org.hibernate.SQL - 
    select
        ba1_0.id,
        ba1_0.account_holder_name,
        ba1_0.account_number,
        ba1_0.bank_name,
        ba1_0.created_at,
        ba1_0.employee_id,
        ba1_0.ifsc_code,
        ba1_0.is_primary,
        ba1_0.owner_type,
        ba1_0.updated_at,
        ba1_0.vendor_id 
    from
        bank_accounts ba1_0 
    where
        ba1_0.employee_id=?
2025-12-18 01:05:37.929 [http-nio-8040-exec-2] TRACE org.hibernate.orm.jdbc.bind - binding parameter (1:BIGINT) <- [20]
2025-12-18 01:05:37.933 [http-nio-8040-exec-2] DEBUG org.hibernate.SQL - 
    select
        ba1_0.id,
        ba1_0.account_holder_name,
        ba1_0.account_number,
        ba1_0.bank_name,
        ba1_0.created_at,
        ba1_0.employee_id,
        ba1_0.ifsc_code,
        ba1_0.is_primary,
        ba1_0.owner_type,
        ba1_0.updated_at,
        ba1_0.vendor_id 
    from
        bank_accounts ba1_0 
    where
        ba1_0.employee_id=?
2025-12-18 01:05:37.934 [http-nio-8040-exec-2] TRACE org.hibernate.orm.jdbc.bind - binding parameter (1:BIGINT) <- [17]
2025-12-18 01:05:37.936 [http-nio-8040-exec-2] DEBUG org.hibernate.SQL - 
    select
        ba1_0.id,
        ba1_0.account_holder_name,
        ba1_0.account_number,
        ba1_0.bank_name,
        ba1_0.created_at,
        ba1_0.employee_id,
        ba1_0.ifsc_code,
        ba1_0.is_primary,
        ba1_0.owner_type,
        ba1_0.updated_at,
        ba1_0.vendor_id 
    from
        bank_accounts ba1_0 
    where
        ba1_0.employee_id=?
2025-12-18 01:05:37.937 [http-nio-8040-exec-2] TRACE org.hibernate.orm.jdbc.bind - binding parameter (1:BIGINT) <- [24]
2025-12-18 01:05:37.939 [http-nio-8040-exec-2] DEBUG org.hibernate.SQL - 
    select
        ba1_0.id,
        ba1_0.account_holder_name,
        ba1_0.account_number,
        ba1_0.bank_name,
        ba1_0.created_at,
        ba1_0.employee_id,
        ba1_0.ifsc_code,
        ba1_0.is_primary,
        ba1_0.owner_type,
        ba1_0.updated_at,
        ba1_0.vendor_id 
    from
        bank_accounts ba1_0 
    where
        ba1_0.employee_id=?
2025-12-18 01:05:37.939 [http-nio-8040-exec-2] TRACE org.hibernate.orm.jdbc.bind - binding parameter (1:BIGINT) <- [38]
2025-12-18 01:05:37.941 [http-nio-8040-exec-2] DEBUG org.hibernate.SQL - 
    select
        ba1_0.id,
        ba1_0.account_holder_name,
        ba1_0.account_number,
        ba1_0.bank_name,
        ba1_0.created_at,
        ba1_0.employee_id,
        ba1_0.ifsc_code,
        ba1_0.is_primary,
        ba1_0.owner_type,
        ba1_0.updated_at,
        ba1_0.vendor_id 
    from
        bank_accounts ba1_0 
    where
        ba1_0.employee_id=?
2025-12-18 01:05:37.941 [http-nio-8040-exec-2] TRACE org.hibernate.orm.jdbc.bind - binding parameter (1:BIGINT) <- [6]
2025-12-18 01:05:37.944 [http-nio-8040-exec-2] DEBUG org.hibernate.SQL - 
    select
        ba1_0.id,
        ba1_0.account_holder_name,
        ba1_0.account_number,
        ba1_0.bank_name,
        ba1_0.created_at,
        ba1_0.employee_id,
        ba1_0.ifsc_code,
        ba1_0.is_primary,
        ba1_0.owner_type,
        ba1_0.updated_at,
        ba1_0.vendor_id 
    from
        bank_accounts ba1_0 
    where
        ba1_0.employee_id=?
2025-12-18 01:05:37.944 [http-nio-8040-exec-2] TRACE org.hibernate.orm.jdbc.bind - binding parameter (1:BIGINT) <- [39]
2025-12-18 01:05:37.945 [http-nio-8040-exec-2] DEBUG org.hibernate.SQL - 
    select
        ba1_0.id,
        ba1_0.account_holder_name,
        ba1_0.account_number,
        ba1_0.bank_name,
        ba1_0.created_at,
        ba1_0.employee_id,
        ba1_0.ifsc_code,
        ba1_0.is_primary,
        ba1_0.owner_type,
        ba1_0.updated_at,
        ba1_0.vendor_id 
    from
        bank_accounts ba1_0 
    where
        ba1_0.employee_id=?
2025-12-18 01:05:37.946 [http-nio-8040-exec-2] TRACE org.hibernate.orm.jdbc.bind - binding parameter (1:BIGINT) <- [9]
2025-12-18 01:05:37.949 [http-nio-8040-exec-2] DEBUG org.hibernate.SQL - 
    select
        ba1_0.id,
        ba1_0.account_holder_name,
        ba1_0.account_number,
        ba1_0.bank_name,
        ba1_0.created_at,
        ba1_0.employee_id,
        ba1_0.ifsc_code,
        ba1_0.is_primary,
        ba1_0.owner_type,
        ba1_0.updated_at,
        ba1_0.vendor_id 
    from
        bank_accounts ba1_0 
    where
        ba1_0.employee_id=?
2025-12-18 01:05:37.949 [http-nio-8040-exec-2] TRACE org.hibernate.orm.jdbc.bind - binding parameter (1:BIGINT) <- [28]
2025-12-18 01:05:37.952 [http-nio-8040-exec-2] DEBUG org.hibernate.SQL - 
    select
        ba1_0.id,
        ba1_0.account_holder_name,
        ba1_0.account_number,
        ba1_0.bank_name,
        ba1_0.created_at,
        ba1_0.employee_id,
        ba1_0.ifsc_code,
        ba1_0.is_primary,
        ba1_0.owner_type,
        ba1_0.updated_at,
        ba1_0.vendor_id 
    from
        bank_accounts ba1_0 
    where
        ba1_0.employee_id=?
2025-12-18 01:05:37.952 [http-nio-8040-exec-2] TRACE org.hibernate.orm.jdbc.bind - binding parameter (1:BIGINT) <- [40]
2025-12-18 01:05:37.955 [http-nio-8040-exec-2] DEBUG org.hibernate.SQL - 
    select
        ba1_0.id,
        ba1_0.account_holder_name,
        ba1_0.account_number,
        ba1_0.bank_name,
        ba1_0.created_at,
        ba1_0.employee_id,
        ba1_0.ifsc_code,
        ba1_0.is_primary,
        ba1_0.owner_type,
        ba1_0.updated_at,
        ba1_0.vendor_id 
    from
        bank_accounts ba1_0 
    where
        ba1_0.employee_id=?
2025-12-18 01:05:37.956 [http-nio-8040-exec-2] TRACE org.hibernate.orm.jdbc.bind - binding parameter (1:BIGINT) <- [14]
2025-12-18 01:05:37.959 [http-nio-8040-exec-2] DEBUG org.hibernate.SQL - 
    select
        ba1_0.id,
        ba1_0.account_holder_name,
        ba1_0.account_number,
        ba1_0.bank_name,
        ba1_0.created_at,
        ba1_0.employee_id,
        ba1_0.ifsc_code,
        ba1_0.is_primary,
        ba1_0.owner_type,
        ba1_0.updated_at,
        ba1_0.vendor_id 
    from
        bank_accounts ba1_0 
    where
        ba1_0.employee_id=?
2025-12-18 01:05:37.960 [http-nio-8040-exec-2] TRACE org.hibernate.orm.jdbc.bind - binding parameter (1:BIGINT) <- [32]
2025-12-18 01:05:37.968 [http-nio-8040-exec-2] DEBUG org.hibernate.SQL - 
    select
        ba1_0.id,
        ba1_0.account_holder_name,
        ba1_0.account_number,
        ba1_0.bank_name,
        ba1_0.created_at,
        ba1_0.employee_id,
        ba1_0.ifsc_code,
        ba1_0.is_primary,
        ba1_0.owner_type,
        ba1_0.updated_at,
        ba1_0.vendor_id 
    from
        bank_accounts ba1_0 
    where
        ba1_0.employee_id=?
2025-12-18 01:05:37.969 [http-nio-8040-exec-2] TRACE org.hibernate.orm.jdbc.bind - binding parameter (1:BIGINT) <- [18]
2025-12-18 01:05:37.972 [http-nio-8040-exec-2] DEBUG org.hibernate.SQL - 
    select
        ba1_0.id,
        ba1_0.account_holder_name,
        ba1_0.account_number,
        ba1_0.bank_name,
        ba1_0.created_at,
        ba1_0.employee_id,
        ba1_0.ifsc_code,
        ba1_0.is_primary,
        ba1_0.owner_type,
        ba1_0.updated_at,
        ba1_0.vendor_id 
    from
        bank_accounts ba1_0 
    where
        ba1_0.employee_id=?
2025-12-18 01:05:37.972 [http-nio-8040-exec-2] TRACE org.hibernate.orm.jdbc.bind - binding parameter (1:BIGINT) <- [22]
2025-12-18 01:05:37.975 [http-nio-8040-exec-2] DEBUG org.hibernate.SQL - 
    select
        ba1_0.id,
        ba1_0.account_holder_name,
        ba1_0.account_number,
        ba1_0.bank_name,
        ba1_0.created_at,
        ba1_0.employee_id,
        ba1_0.ifsc_code,
        ba1_0.is_primary,
        ba1_0.owner_type,
        ba1_0.updated_at,
        ba1_0.vendor_id 
    from
        bank_accounts ba1_0 
    where
        ba1_0.employee_id=?
2025-12-18 01:05:37.976 [http-nio-8040-exec-2] TRACE org.hibernate.orm.jdbc.bind - binding parameter (1:BIGINT) <- [36]
2025-12-18 01:05:37.978 [http-nio-8040-exec-2] DEBUG org.hibernate.SQL - 
    select
        ba1_0.id,
        ba1_0.account_holder_name,
        ba1_0.account_number,
        ba1_0.bank_name,
        ba1_0.created_at,
        ba1_0.employee_id,
        ba1_0.ifsc_code,
        ba1_0.is_primary,
        ba1_0.owner_type,
        ba1_0.updated_at,
        ba1_0.vendor_id 
    from
        bank_accounts ba1_0 
    where
        ba1_0.employee_id=?
2025-12-18 01:05:37.978 [http-nio-8040-exec-2] TRACE org.hibernate.orm.jdbc.bind - binding parameter (1:BIGINT) <- [21]
2025-12-18 01:05:37.981 [http-nio-8040-exec-2] DEBUG org.hibernate.SQL - 
    select
        ba1_0.id,
        ba1_0.account_holder_name,
        ba1_0.account_number,
        ba1_0.bank_name,
        ba1_0.created_at,
        ba1_0.employee_id,
        ba1_0.ifsc_code,
        ba1_0.is_primary,
        ba1_0.owner_type,
        ba1_0.updated_at,
        ba1_0.vendor_id 
    from
        bank_accounts ba1_0 
    where
        ba1_0.employee_id=?
2025-12-18 01:05:37.981 [http-nio-8040-exec-2] TRACE org.hibernate.orm.jdbc.bind - binding parameter (1:BIGINT) <- [25]
2025-12-18 01:05:37.984 [http-nio-8040-exec-2] DEBUG org.hibernate.SQL - 
    select
        ba1_0.id,
        ba1_0.account_holder_name,
        ba1_0.account_number,
        ba1_0.bank_name,
        ba1_0.created_at,
        ba1_0.employee_id,
        ba1_0.ifsc_code,
        ba1_0.is_primary,
        ba1_0.owner_type,
        ba1_0.updated_at,
        ba1_0.vendor_id 
    from
        bank_accounts ba1_0 
    where
        ba1_0.employee_id=?
2025-12-18 01:05:37.984 [http-nio-8040-exec-2] TRACE org.hibernate.orm.jdbc.bind - binding parameter (1:BIGINT) <- [26]
2025-12-18 01:05:37.987 [http-nio-8040-exec-2] DEBUG org.hibernate.SQL - 
    select
        ba1_0.id,
        ba1_0.account_holder_name,
        ba1_0.account_number,
        ba1_0.bank_name,
        ba1_0.created_at,
        ba1_0.employee_id,
        ba1_0.ifsc_code,
        ba1_0.is_primary,
        ba1_0.owner_type,
        ba1_0.updated_at,
        ba1_0.vendor_id 
    from
        bank_accounts ba1_0 
    where
        ba1_0.employee_id=?
2025-12-18 01:05:37.988 [http-nio-8040-exec-2] TRACE org.hibernate.orm.jdbc.bind - binding parameter (1:BIGINT) <- [29]
2025-12-18 01:05:37.990 [http-nio-8040-exec-2] DEBUG org.hibernate.SQL - 
    select
        ba1_0.id,
        ba1_0.account_holder_name,
        ba1_0.account_number,
        ba1_0.bank_name,
        ba1_0.created_at,
        ba1_0.employee_id,
        ba1_0.ifsc_code,
        ba1_0.is_primary,
        ba1_0.owner_type,
        ba1_0.updated_at,
        ba1_0.vendor_id 
    from
        bank_accounts ba1_0 
    where
        ba1_0.employee_id=?
2025-12-18 01:05:37.991 [http-nio-8040-exec-2] TRACE org.hibernate.orm.jdbc.bind - binding parameter (1:BIGINT) <- [34]
2025-12-18 01:05:37.993 [http-nio-8040-exec-2] DEBUG org.hibernate.SQL - 
    select
        ba1_0.id,
        ba1_0.account_holder_name,
        ba1_0.account_number,
        ba1_0.bank_name,
        ba1_0.created_at,
        ba1_0.employee_id,
        ba1_0.ifsc_code,
        ba1_0.is_primary,
        ba1_0.owner_type,
        ba1_0.updated_at,
        ba1_0.vendor_id 
    from
        bank_accounts ba1_0 
    where
        ba1_0.employee_id=?
2025-12-18 01:05:37.994 [http-nio-8040-exec-2] TRACE org.hibernate.orm.jdbc.bind - binding parameter (1:BIGINT) <- [30]
2025-12-18 01:05:37.997 [http-nio-8040-exec-2] DEBUG org.hibernate.SQL - 
    select
        ba1_0.id,
        ba1_0.account_holder_name,
        ba1_0.account_number,
        ba1_0.bank_name,
        ba1_0.created_at,
        ba1_0.employee_id,
        ba1_0.ifsc_code,
        ba1_0.is_primary,
        ba1_0.owner_type,
        ba1_0.updated_at,
        ba1_0.vendor_id 
    from
        bank_accounts ba1_0 
    where
        ba1_0.employee_id=?
2025-12-18 01:05:37.997 [http-nio-8040-exec-2] TRACE org.hibernate.orm.jdbc.bind - binding parameter (1:BIGINT) <- [33]
2025-12-18 01:05:37.999 [http-nio-8040-exec-2] DEBUG org.hibernate.SQL - 
    select
        ba1_0.id,
        ba1_0.account_holder_name,
        ba1_0.account_number,
        ba1_0.bank_name,
        ba1_0.created_at,
        ba1_0.employee_id,
        ba1_0.ifsc_code,
        ba1_0.is_primary,
        ba1_0.owner_type,
        ba1_0.updated_at,
        ba1_0.vendor_id 
    from
        bank_accounts ba1_0 
    where
        ba1_0.employee_id=?
2025-12-18 01:05:38.000 [http-nio-8040-exec-2] TRACE org.hibernate.orm.jdbc.bind - binding parameter (1:BIGINT) <- [37]
2025-12-18 01:05:38.001 [http-nio-8040-exec-2] DEBUG org.hibernate.SQL - 
    select
        ba1_0.id,
        ba1_0.account_holder_name,
        ba1_0.account_number,
        ba1_0.bank_name,
        ba1_0.created_at,
        ba1_0.employee_id,
        ba1_0.ifsc_code,
        ba1_0.is_primary,
        ba1_0.owner_type,
        ba1_0.updated_at,
        ba1_0.vendor_id 
    from
        bank_accounts ba1_0 
    where
        ba1_0.employee_id=?
2025-12-18 01:05:38.002 [http-nio-8040-exec-2] TRACE org.hibernate.orm.jdbc.bind - binding parameter (1:BIGINT) <- [41]
2025-12-18 01:05:38.004 [http-nio-8040-exec-2] DEBUG org.hibernate.SQL - 
    select
        ba1_0.id,
        ba1_0.account_holder_name,
        ba1_0.account_number,
        ba1_0.bank_name,
        ba1_0.created_at,
        ba1_0.employee_id,
        ba1_0.ifsc_code,
        ba1_0.is_primary,
        ba1_0.owner_type,
        ba1_0.updated_at,
        ba1_0.vendor_id 
    from
        bank_accounts ba1_0 
    where
        ba1_0.employee_id=?
2025-12-18 01:05:38.004 [http-nio-8040-exec-2] TRACE org.hibernate.orm.jdbc.bind - binding parameter (1:BIGINT) <- [42]
2025-12-18 01:05:38.006 [http-nio-8040-exec-2] DEBUG org.hibernate.SQL - 
    select
        ba1_0.id,
        ba1_0.account_holder_name,
        ba1_0.account_number,
        ba1_0.bank_name,
        ba1_0.created_at,
        ba1_0.employee_id,
        ba1_0.ifsc_code,
        ba1_0.is_primary,
        ba1_0.owner_type,
        ba1_0.updated_at,
        ba1_0.vendor_id 
    from
        bank_accounts ba1_0 
    where
        ba1_0.employee_id=?
2025-12-18 01:05:38.006 [http-nio-8040-exec-2] TRACE org.hibernate.orm.jdbc.bind - binding parameter (1:BIGINT) <- [43]
2025-12-18 01:05:38.008 [http-nio-8040-exec-2] DEBUG org.hibernate.SQL - 
    select
        ba1_0.id,
        ba1_0.account_holder_name,
        ba1_0.account_number,
        ba1_0.bank_name,
        ba1_0.created_at,
        ba1_0.employee_id,
        ba1_0.ifsc_code,
        ba1_0.is_primary,
        ba1_0.owner_type,
        ba1_0.updated_at,
        ba1_0.vendor_id 
    from
        bank_accounts ba1_0 
    where
        ba1_0.employee_id=?
2025-12-18 01:05:38.008 [http-nio-8040-exec-2] TRACE org.hibernate.orm.jdbc.bind - binding parameter (1:BIGINT) <- [44]
2025-12-18 01:05:38.009 [http-nio-8040-exec-2] DEBUG org.hibernate.SQL - 
    select
        ba1_0.id,
        ba1_0.account_holder_name,
        ba1_0.account_number,
        ba1_0.bank_name,
        ba1_0.created_at,
        ba1_0.employee_id,
        ba1_0.ifsc_code,
        ba1_0.is_primary,
        ba1_0.owner_type,
        ba1_0.updated_at,
        ba1_0.vendor_id 
    from
        bank_accounts ba1_0 
    where
        ba1_0.employee_id=?
2025-12-18 01:05:38.010 [http-nio-8040-exec-2] TRACE org.hibernate.orm.jdbc.bind - binding parameter (1:BIGINT) <- [45]
2025-12-18 01:05:38.011 [http-nio-8040-exec-2] DEBUG org.hibernate.SQL - 
    select
        ba1_0.id,
        ba1_0.account_holder_name,
        ba1_0.account_number,
        ba1_0.bank_name,
        ba1_0.created_at,
        ba1_0.employee_id,
        ba1_0.ifsc_code,
        ba1_0.is_primary,
        ba1_0.owner_type,
        ba1_0.updated_at,
        ba1_0.vendor_id 
    from
        bank_accounts ba1_0 
    where
        ba1_0.employee_id=?
2025-12-18 01:05:38.011 [http-nio-8040-exec-2] TRACE org.hibernate.orm.jdbc.bind - binding parameter (1:BIGINT) <- [46]
2025-12-18 01:05:38.013 [http-nio-8040-exec-2] DEBUG org.hibernate.SQL - 
    select
        ba1_0.id,
        ba1_0.account_holder_name,
        ba1_0.account_number,
        ba1_0.bank_name,
        ba1_0.created_at,
        ba1_0.employee_id,
        ba1_0.ifsc_code,
        ba1_0.is_primary,
        ba1_0.owner_type,
        ba1_0.updated_at,
        ba1_0.vendor_id 
    from
        bank_accounts ba1_0 
    where
        ba1_0.employee_id=?
2025-12-18 01:05:38.013 [http-nio-8040-exec-2] TRACE org.hibernate.orm.jdbc.bind - binding parameter (1:BIGINT) <- [47]
2025-12-18 01:05:38.014 [http-nio-8040-exec-2] DEBUG org.hibernate.SQL - 
    select
        ba1_0.id,
        ba1_0.account_holder_name,
        ba1_0.account_number,
        ba1_0.bank_name,
        ba1_0.created_at,
        ba1_0.employee_id,
        ba1_0.ifsc_code,
        ba1_0.is_primary,
        ba1_0.owner_type,
        ba1_0.updated_at,
        ba1_0.vendor_id 
    from
        bank_accounts ba1_0 
    where
        ba1_0.employee_id=?
2025-12-18 01:05:38.015 [http-nio-8040-exec-2] TRACE org.hibernate.orm.jdbc.bind - binding parameter (1:BIGINT) <- [48]
2025-12-18 01:05:38.017 [http-nio-8040-exec-2] DEBUG org.hibernate.SQL - 
    select
        ba1_0.id,
        ba1_0.account_holder_name,
        ba1_0.account_number,
        ba1_0.bank_name,
        ba1_0.created_at,
        ba1_0.employee_id,
        ba1_0.ifsc_code,
        ba1_0.is_primary,
        ba1_0.owner_type,
        ba1_0.updated_at,
        ba1_0.vendor_id 
    from
        bank_accounts ba1_0 
    where
        ba1_0.employee_id=?
2025-12-18 01:05:38.018 [http-nio-8040-exec-2] TRACE org.hibernate.orm.jdbc.bind - binding parameter (1:BIGINT) <- [49]
2025-12-18 01:05:38.020 [http-nio-8040-exec-2] DEBUG org.hibernate.SQL - 
    select
        ba1_0.id,
        ba1_0.account_holder_name,
        ba1_0.account_number,
        ba1_0.bank_name,
        ba1_0.created_at,
        ba1_0.employee_id,
        ba1_0.ifsc_code,
        ba1_0.is_primary,
        ba1_0.owner_type,
        ba1_0.updated_at,
        ba1_0.vendor_id 
    from
        bank_accounts ba1_0 
    where
        ba1_0.employee_id=?
2025-12-18 01:05:38.021 [http-nio-8040-exec-2] TRACE org.hibernate.orm.jdbc.bind - binding parameter (1:BIGINT) <- [50]
2025-12-18 01:05:38.022 [http-nio-8040-exec-2] DEBUG org.hibernate.SQL - 
    select
        ba1_0.id,
        ba1_0.account_holder_name,
        ba1_0.account_number,
        ba1_0.bank_name,
        ba1_0.created_at,
        ba1_0.employee_id,
        ba1_0.ifsc_code,
        ba1_0.is_primary,
        ba1_0.owner_type,
        ba1_0.updated_at,
        ba1_0.vendor_id 
    from
        bank_accounts ba1_0 
    where
        ba1_0.employee_id=?
2025-12-18 01:05:38.022 [http-nio-8040-exec-2] TRACE org.hibernate.orm.jdbc.bind - binding parameter (1:BIGINT) <- [51]
2025-12-18 01:05:38.024 [http-nio-8040-exec-2] DEBUG org.hibernate.SQL - 
    select
        ba1_0.id,
        ba1_0.account_holder_name,
        ba1_0.account_number,
        ba1_0.bank_name,
        ba1_0.created_at,
        ba1_0.employee_id,
        ba1_0.ifsc_code,
        ba1_0.is_primary,
        ba1_0.owner_type,
        ba1_0.updated_at,
        ba1_0.vendor_id 
    from
        bank_accounts ba1_0 
    where
        ba1_0.employee_id=?
2025-12-18 01:05:38.024 [http-nio-8040-exec-2] TRACE org.hibernate.orm.jdbc.bind - binding parameter (1:BIGINT) <- [52]
2025-12-18 01:05:38.026 [http-nio-8040-exec-2] DEBUG org.hibernate.SQL - 
    select
        ba1_0.id,
        ba1_0.account_holder_name,
        ba1_0.account_number,
        ba1_0.bank_name,
        ba1_0.created_at,
        ba1_0.employee_id,
        ba1_0.ifsc_code,
        ba1_0.is_primary,
        ba1_0.owner_type,
        ba1_0.updated_at,
        ba1_0.vendor_id 
    from
        bank_accounts ba1_0 
    where
        ba1_0.employee_id=?
2025-12-18 01:05:38.026 [http-nio-8040-exec-2] TRACE org.hibernate.orm.jdbc.bind - binding parameter (1:BIGINT) <- [53]
2025-12-18 01:05:38.027 [http-nio-8040-exec-2] DEBUG org.hibernate.SQL - 
    select
        ba1_0.id,
        ba1_0.account_holder_name,
        ba1_0.account_number,
        ba1_0.bank_name,
        ba1_0.created_at,
        ba1_0.employee_id,
        ba1_0.ifsc_code,
        ba1_0.is_primary,
        ba1_0.owner_type,
        ba1_0.updated_at,
        ba1_0.vendor_id 
    from
        bank_accounts ba1_0 
    where
        ba1_0.employee_id=?
2025-12-18 01:05:38.027 [http-nio-8040-exec-2] TRACE org.hibernate.orm.jdbc.bind - binding parameter (1:BIGINT) <- [54]
2025-12-18 01:05:38.028 [http-nio-8040-exec-2] DEBUG org.hibernate.SQL - 
    select
        ba1_0.id,
        ba1_0.account_holder_name,
        ba1_0.account_number,
        ba1_0.bank_name,
        ba1_0.created_at,
        ba1_0.employee_id,
        ba1_0.ifsc_code,
        ba1_0.is_primary,
        ba1_0.owner_type,
        ba1_0.updated_at,
        ba1_0.vendor_id 
    from
        bank_accounts ba1_0 
    where
        ba1_0.employee_id=?
2025-12-18 01:05:38.028 [http-nio-8040-exec-2] TRACE org.hibernate.orm.jdbc.bind - binding parameter (1:BIGINT) <- [55]
2025-12-18 01:05:38.029 [http-nio-8040-exec-2] DEBUG org.hibernate.SQL - 
    select
        ba1_0.id,
        ba1_0.account_holder_name,
        ba1_0.account_number,
        ba1_0.bank_name,
        ba1_0.created_at,
        ba1_0.employee_id,
        ba1_0.ifsc_code,
        ba1_0.is_primary,
        ba1_0.owner_type,
        ba1_0.updated_at,
        ba1_0.vendor_id 
    from
        bank_accounts ba1_0 
    where
        ba1_0.employee_id=?
2025-12-18 01:05:38.029 [http-nio-8040-exec-2] TRACE org.hibernate.orm.jdbc.bind - binding parameter (1:BIGINT) <- [56]
2025-12-18 01:05:38.030 [http-nio-8040-exec-2] DEBUG org.hibernate.SQL - 
    select
        ba1_0.id,
        ba1_0.account_holder_name,
        ba1_0.account_number,
        ba1_0.bank_name,
        ba1_0.created_at,
        ba1_0.employee_id,
        ba1_0.ifsc_code,
        ba1_0.is_primary,
        ba1_0.owner_type,
        ba1_0.updated_at,
        ba1_0.vendor_id 
    from
        bank_accounts ba1_0 
    where
        ba1_0.employee_id=?
2025-12-18 01:05:38.030 [http-nio-8040-exec-2] TRACE org.hibernate.orm.jdbc.bind - binding parameter (1:BIGINT) <- [57]
2025-12-18 01:05:38.031 [http-nio-8040-exec-2] DEBUG org.hibernate.SQL - 
    select
        ba1_0.id,
        ba1_0.account_holder_name,
        ba1_0.account_number,
        ba1_0.bank_name,
        ba1_0.created_at,
        ba1_0.employee_id,
        ba1_0.ifsc_code,
        ba1_0.is_primary,
        ba1_0.owner_type,
        ba1_0.updated_at,
        ba1_0.vendor_id 
    from
        bank_accounts ba1_0 
    where
        ba1_0.employee_id=?
2025-12-18 01:05:38.031 [http-nio-8040-exec-2] TRACE org.hibernate.orm.jdbc.bind - binding parameter (1:BIGINT) <- [58]
2025-12-18 01:05:38.033 [http-nio-8040-exec-2] DEBUG org.hibernate.SQL - 
    select
        ba1_0.id,
        ba1_0.account_holder_name,
        ba1_0.account_number,
        ba1_0.bank_name,
        ba1_0.created_at,
        ba1_0.employee_id,
        ba1_0.ifsc_code,
        ba1_0.is_primary,
        ba1_0.owner_type,
        ba1_0.updated_at,
        ba1_0.vendor_id 
    from
        bank_accounts ba1_0 
    where
        ba1_0.employee_id=?
2025-12-18 01:05:38.034 [http-nio-8040-exec-2] TRACE org.hibernate.orm.jdbc.bind - binding parameter (1:BIGINT) <- [59]
2025-12-18 01:05:38.036 [http-nio-8040-exec-2] DEBUG org.hibernate.SQL - 
    select
        ba1_0.id,
        ba1_0.account_holder_name,
        ba1_0.account_number,
        ba1_0.bank_name,
        ba1_0.created_at,
        ba1_0.employee_id,
        ba1_0.ifsc_code,
        ba1_0.is_primary,
        ba1_0.owner_type,
        ba1_0.updated_at,
        ba1_0.vendor_id 
    from
        bank_accounts ba1_0 
    where
        ba1_0.employee_id=?
2025-12-18 01:05:38.036 [http-nio-8040-exec-2] TRACE org.hibernate.orm.jdbc.bind - binding parameter (1:BIGINT) <- [60]
2025-12-18 01:05:38.037 [http-nio-8040-exec-2] DEBUG org.hibernate.SQL - 
    select
        ba1_0.id,
        ba1_0.account_holder_name,
        ba1_0.account_number,
        ba1_0.bank_name,
        ba1_0.created_at,
        ba1_0.employee_id,
        ba1_0.ifsc_code,
        ba1_0.is_primary,
        ba1_0.owner_type,
        ba1_0.updated_at,
        ba1_0.vendor_id 
    from
        bank_accounts ba1_0 
    where
        ba1_0.employee_id=?
2025-12-18 01:05:38.039 [http-nio-8040-exec-2] TRACE org.hibernate.orm.jdbc.bind - binding parameter (1:BIGINT) <- [61]
2025-12-18 01:05:38.041 [http-nio-8040-exec-2] DEBUG org.hibernate.SQL - 
    select
        ba1_0.id,
        ba1_0.account_holder_name,
        ba1_0.account_number,
        ba1_0.bank_name,
        ba1_0.created_at,
        ba1_0.employee_id,
        ba1_0.ifsc_code,
        ba1_0.is_primary,
        ba1_0.owner_type,
        ba1_0.updated_at,
        ba1_0.vendor_id 
    from
        bank_accounts ba1_0 
    where
        ba1_0.employee_id=?
2025-12-18 01:05:38.041 [http-nio-8040-exec-2] TRACE org.hibernate.orm.jdbc.bind - binding parameter (1:BIGINT) <- [62]
2025-12-18 01:05:38.042 [http-nio-8040-exec-2] DEBUG org.hibernate.SQL - 
    select
        ba1_0.id,
        ba1_0.account_holder_name,
        ba1_0.account_number,
        ba1_0.bank_name,
        ba1_0.created_at,
        ba1_0.employee_id,
        ba1_0.ifsc_code,
        ba1_0.is_primary,
        ba1_0.owner_type,
        ba1_0.updated_at,
        ba1_0.vendor_id 
    from
        bank_accounts ba1_0 
    where
        ba1_0.employee_id=?
2025-12-18 01:05:38.042 [http-nio-8040-exec-2] TRACE org.hibernate.orm.jdbc.bind - binding parameter (1:BIGINT) <- [63]
2025-12-18 01:05:38.044 [http-nio-8040-exec-2] DEBUG org.hibernate.SQL - 
    select
        ba1_0.id,
        ba1_0.account_holder_name,
        ba1_0.account_number,
        ba1_0.bank_name,
        ba1_0.created_at,
        ba1_0.employee_id,
        ba1_0.ifsc_code,
        ba1_0.is_primary,
        ba1_0.owner_type,
        ba1_0.updated_at,
        ba1_0.vendor_id 
    from
        bank_accounts ba1_0 
    where
        ba1_0.employee_id=?
2025-12-18 01:05:38.045 [http-nio-8040-exec-2] TRACE org.hibernate.orm.jdbc.bind - binding parameter (1:BIGINT) <- [64]
2025-12-18 01:05:38.049 [http-nio-8040-exec-2] DEBUG org.hibernate.SQL - 
    select
        ba1_0.id,
        ba1_0.account_holder_name,
        ba1_0.account_number,
        ba1_0.bank_name,
        ba1_0.created_at,
        ba1_0.employee_id,
        ba1_0.ifsc_code,
        ba1_0.is_primary,
        ba1_0.owner_type,
        ba1_0.updated_at,
        ba1_0.vendor_id 
    from
        bank_accounts ba1_0 
    where
        ba1_0.employee_id=?
2025-12-18 01:05:38.049 [http-nio-8040-exec-2] TRACE org.hibernate.orm.jdbc.bind - binding parameter (1:BIGINT) <- [65]
2025-12-18 01:05:38.050 [http-nio-8040-exec-2] DEBUG org.hibernate.SQL - 
    select
        ba1_0.id,
        ba1_0.account_holder_name,
        ba1_0.account_number,
        ba1_0.bank_name,
        ba1_0.created_at,
        ba1_0.employee_id,
        ba1_0.ifsc_code,
        ba1_0.is_primary,
        ba1_0.owner_type,
        ba1_0.updated_at,
        ba1_0.vendor_id 
    from
        bank_accounts ba1_0 
    where
        ba1_0.employee_id=?
2025-12-18 01:05:38.050 [http-nio-8040-exec-2] TRACE org.hibernate.orm.jdbc.bind - binding parameter (1:BIGINT) <- [66]
2025-12-18 01:05:38.052 [http-nio-8040-exec-2] DEBUG org.hibernate.SQL - 
    select
        ba1_0.id,
        ba1_0.account_holder_name,
        ba1_0.account_number,
        ba1_0.bank_name,
        ba1_0.created_at,
        ba1_0.employee_id,
        ba1_0.ifsc_code,
        ba1_0.is_primary,
        ba1_0.owner_type,
        ba1_0.updated_at,
        ba1_0.vendor_id 
    from
        bank_accounts ba1_0 
    where
        ba1_0.employee_id=?
2025-12-18 01:05:38.053 [http-nio-8040-exec-2] TRACE org.hibernate.orm.jdbc.bind - binding parameter (1:BIGINT) <- [67]
2025-12-18 01:05:38.055 [http-nio-8040-exec-2] DEBUG org.hibernate.SQL - 
    select
        ba1_0.id,
        ba1_0.account_holder_name,
        ba1_0.account_number,
        ba1_0.bank_name,
        ba1_0.created_at,
        ba1_0.employee_id,
        ba1_0.ifsc_code,
        ba1_0.is_primary,
        ba1_0.owner_type,
        ba1_0.updated_at,
        ba1_0.vendor_id 
    from
        bank_accounts ba1_0 
    where
        ba1_0.employee_id=?
2025-12-18 01:05:38.055 [http-nio-8040-exec-2] TRACE org.hibernate.orm.jdbc.bind - binding parameter (1:BIGINT) <- [68]
2025-12-18 01:05:38.056 [http-nio-8040-exec-2] DEBUG org.hibernate.SQL - 
    select
        ba1_0.id,
        ba1_0.account_holder_name,
        ba1_0.account_number,
        ba1_0.bank_name,
        ba1_0.created_at,
        ba1_0.employee_id,
        ba1_0.ifsc_code,
        ba1_0.is_primary,
        ba1_0.owner_type,
        ba1_0.updated_at,
        ba1_0.vendor_id 
    from
        bank_accounts ba1_0 
    where
        ba1_0.employee_id=?
2025-12-18 01:05:38.057 [http-nio-8040-exec-2] TRACE org.hibernate.orm.jdbc.bind - binding parameter (1:BIGINT) <- [69]
2025-12-18 01:05:38.058 [http-nio-8040-exec-2] DEBUG org.hibernate.SQL - 
    select
        ba1_0.id,
        ba1_0.account_holder_name,
        ba1_0.account_number,
        ba1_0.bank_name,
        ba1_0.created_at,
        ba1_0.employee_id,
        ba1_0.ifsc_code,
        ba1_0.is_primary,
        ba1_0.owner_type,
        ba1_0.updated_at,
        ba1_0.vendor_id 
    from
        bank_accounts ba1_0 
    where
        ba1_0.employee_id=?
2025-12-18 01:05:38.058 [http-nio-8040-exec-2] TRACE org.hibernate.orm.jdbc.bind - binding parameter (1:BIGINT) <- [70]
2025-12-18 01:05:38.059 [http-nio-8040-exec-2] DEBUG org.hibernate.SQL - 
    select
        ba1_0.id,
        ba1_0.account_holder_name,
        ba1_0.account_number,
        ba1_0.bank_name,
        ba1_0.created_at,
        ba1_0.employee_id,
        ba1_0.ifsc_code,
        ba1_0.is_primary,
        ba1_0.owner_type,
        ba1_0.updated_at,
        ba1_0.vendor_id 
    from
        bank_accounts ba1_0 
    where
        ba1_0.employee_id=?
2025-12-18 01:05:38.059 [http-nio-8040-exec-2] TRACE org.hibernate.orm.jdbc.bind - binding parameter (1:BIGINT) <- [71]
2025-12-18 01:05:38.060 [http-nio-8040-exec-2] DEBUG org.hibernate.SQL - 
    select
        ba1_0.id,
        ba1_0.account_holder_name,
        ba1_0.account_number,
        ba1_0.bank_name,
        ba1_0.created_at,
        ba1_0.employee_id,
        ba1_0.ifsc_code,
        ba1_0.is_primary,
        ba1_0.owner_type,
        ba1_0.updated_at,
        ba1_0.vendor_id 
    from
        bank_accounts ba1_0 
    where
        ba1_0.employee_id=?
2025-12-18 01:05:38.061 [http-nio-8040-exec-2] TRACE org.hibernate.orm.jdbc.bind - binding parameter (1:BIGINT) <- [72]
2025-12-18 01:05:38.062 [http-nio-8040-exec-2] DEBUG org.hibernate.SQL - 
    select
        ba1_0.id,
        ba1_0.account_holder_name,
        ba1_0.account_number,
        ba1_0.bank_name,
        ba1_0.created_at,
        ba1_0.employee_id,
        ba1_0.ifsc_code,
        ba1_0.is_primary,
        ba1_0.owner_type,
        ba1_0.updated_at,
        ba1_0.vendor_id 
    from
        bank_accounts ba1_0 
    where
        ba1_0.employee_id=?
2025-12-18 01:05:38.062 [http-nio-8040-exec-2] TRACE org.hibernate.orm.jdbc.bind - binding parameter (1:BIGINT) <- [73]
2025-12-18 01:05:38.063 [http-nio-8040-exec-2] DEBUG org.hibernate.SQL - 
    select
        ba1_0.id,
        ba1_0.account_holder_name,
        ba1_0.account_number,
        ba1_0.bank_name,
        ba1_0.created_at,
        ba1_0.employee_id,
        ba1_0.ifsc_code,
        ba1_0.is_primary,
        ba1_0.owner_type,
        ba1_0.updated_at,
        ba1_0.vendor_id 
    from
        bank_accounts ba1_0 
    where
        ba1_0.employee_id=?
2025-12-18 01:05:38.063 [http-nio-8040-exec-2] TRACE org.hibernate.orm.jdbc.bind - binding parameter (1:BIGINT) <- [74]
2025-12-18 01:05:38.064 [http-nio-8040-exec-2] DEBUG org.hibernate.SQL - 
    select
        ba1_0.id,
        ba1_0.account_holder_name,
        ba1_0.account_number,
        ba1_0.bank_name,
        ba1_0.created_at,
        ba1_0.employee_id,
        ba1_0.ifsc_code,
        ba1_0.is_primary,
        ba1_0.owner_type,
        ba1_0.updated_at,
        ba1_0.vendor_id 
    from
        bank_accounts ba1_0 
    where
        ba1_0.employee_id=?
2025-12-18 01:05:38.065 [http-nio-8040-exec-2] TRACE org.hibernate.orm.jdbc.bind - binding parameter (1:BIGINT) <- [75]
2025-12-18 01:05:38.066 [http-nio-8040-exec-2] DEBUG org.hibernate.SQL - 
    select
        ba1_0.id,
        ba1_0.account_holder_name,
        ba1_0.account_number,
        ba1_0.bank_name,
        ba1_0.created_at,
        ba1_0.employee_id,
        ba1_0.ifsc_code,
        ba1_0.is_primary,
        ba1_0.owner_type,
        ba1_0.updated_at,
        ba1_0.vendor_id 
    from
        bank_accounts ba1_0 
    where
        ba1_0.employee_id=?
2025-12-18 01:05:38.067 [http-nio-8040-exec-2] TRACE org.hibernate.orm.jdbc.bind - binding parameter (1:BIGINT) <- [76]
2025-12-18 01:05:38.068 [http-nio-8040-exec-2] DEBUG org.hibernate.SQL - 
    select
        ba1_0.id,
        ba1_0.account_holder_name,
        ba1_0.account_number,
        ba1_0.bank_name,
        ba1_0.created_at,
        ba1_0.employee_id,
        ba1_0.ifsc_code,
        ba1_0.is_primary,
        ba1_0.owner_type,
        ba1_0.updated_at,
        ba1_0.vendor_id 
    from
        bank_accounts ba1_0 
    where
        ba1_0.employee_id=?
2025-12-18 01:05:38.068 [http-nio-8040-exec-2] TRACE org.hibernate.orm.jdbc.bind - binding parameter (1:BIGINT) <- [77]
2025-12-18 01:05:38.069 [http-nio-8040-exec-2] DEBUG org.hibernate.SQL - 
    select
        ba1_0.id,
        ba1_0.account_holder_name,
        ba1_0.account_number,
        ba1_0.bank_name,
        ba1_0.created_at,
        ba1_0.employee_id,
        ba1_0.ifsc_code,
        ba1_0.is_primary,
        ba1_0.owner_type,
        ba1_0.updated_at,
        ba1_0.vendor_id 
    from
        bank_accounts ba1_0 
    where
        ba1_0.employee_id=?
2025-12-18 01:05:38.069 [http-nio-8040-exec-2] TRACE org.hibernate.orm.jdbc.bind - binding parameter (1:BIGINT) <- [78]
2025-12-18 01:05:38.072 [http-nio-8040-exec-2] DEBUG org.hibernate.SQL - 
    select
        ba1_0.id,
        ba1_0.account_holder_name,
        ba1_0.account_number,
        ba1_0.bank_name,
        ba1_0.created_at,
        ba1_0.employee_id,
        ba1_0.ifsc_code,
        ba1_0.is_primary,
        ba1_0.owner_type,
        ba1_0.updated_at,
        ba1_0.vendor_id 
    from
        bank_accounts ba1_0 
    where
        ba1_0.employee_id=?
2025-12-18 01:05:38.072 [http-nio-8040-exec-2] TRACE org.hibernate.orm.jdbc.bind - binding parameter (1:BIGINT) <- [79]
2025-12-18 01:05:38.073 [http-nio-8040-exec-2] DEBUG org.hibernate.SQL - 
    select
        ba1_0.id,
        ba1_0.account_holder_name,
        ba1_0.account_number,
        ba1_0.bank_name,
        ba1_0.created_at,
        ba1_0.employee_id,
        ba1_0.ifsc_code,
        ba1_0.is_primary,
        ba1_0.owner_type,
        ba1_0.updated_at,
        ba1_0.vendor_id 
    from
        bank_accounts ba1_0 
    where
        ba1_0.employee_id=?
2025-12-18 01:05:38.074 [http-nio-8040-exec-2] TRACE org.hibernate.orm.jdbc.bind - binding parameter (1:BIGINT) <- [80]
2025-12-18 01:05:38.075 [http-nio-8040-exec-2] DEBUG org.hibernate.SQL - 
    select
        ba1_0.id,
        ba1_0.account_holder_name,
        ba1_0.account_number,
        ba1_0.bank_name,
        ba1_0.created_at,
        ba1_0.employee_id,
        ba1_0.ifsc_code,
        ba1_0.is_primary,
        ba1_0.owner_type,
        ba1_0.updated_at,
        ba1_0.vendor_id 
    from
        bank_accounts ba1_0 
    where
        ba1_0.employee_id=?
2025-12-18 01:05:38.075 [http-nio-8040-exec-2] TRACE org.hibernate.orm.jdbc.bind - binding parameter (1:BIGINT) <- [81]
2025-12-18 01:05:38.076 [http-nio-8040-exec-2] DEBUG org.hibernate.SQL - 
    select
        ba1_0.id,
        ba1_0.account_holder_name,
        ba1_0.account_number,
        ba1_0.bank_name,
        ba1_0.created_at,
        ba1_0.employee_id,
        ba1_0.ifsc_code,
        ba1_0.is_primary,
        ba1_0.owner_type,
        ba1_0.updated_at,
        ba1_0.vendor_id 
    from
        bank_accounts ba1_0 
    where
        ba1_0.employee_id=?
2025-12-18 01:05:38.077 [http-nio-8040-exec-2] TRACE org.hibernate.orm.jdbc.bind - binding parameter (1:BIGINT) <- [82]
2025-12-18 01:05:38.078 [http-nio-8040-exec-2] DEBUG org.hibernate.SQL - 
    select
        ba1_0.id,
        ba1_0.account_holder_name,
        ba1_0.account_number,
        ba1_0.bank_name,
        ba1_0.created_at,
        ba1_0.employee_id,
        ba1_0.ifsc_code,
        ba1_0.is_primary,
        ba1_0.owner_type,
        ba1_0.updated_at,
        ba1_0.vendor_id 
    from
        bank_accounts ba1_0 
    where
        ba1_0.employee_id=?
2025-12-18 01:05:38.079 [http-nio-8040-exec-2] TRACE org.hibernate.orm.jdbc.bind - binding parameter (1:BIGINT) <- [83]
2025-12-18 01:05:38.079 [http-nio-8040-exec-2] DEBUG org.hibernate.SQL - 
    select
        ba1_0.id,
        ba1_0.account_holder_name,
        ba1_0.account_number,
        ba1_0.bank_name,
        ba1_0.created_at,
        ba1_0.employee_id,
        ba1_0.ifsc_code,
        ba1_0.is_primary,
        ba1_0.owner_type,
        ba1_0.updated_at,
        ba1_0.vendor_id 
    from
        bank_accounts ba1_0 
    where
        ba1_0.employee_id=?
2025-12-18 01:05:38.081 [http-nio-8040-exec-2] TRACE org.hibernate.orm.jdbc.bind - binding parameter (1:BIGINT) <- [84]
2025-12-18 01:05:38.082 [http-nio-8040-exec-2] DEBUG org.hibernate.SQL - 
    select
        ba1_0.id,
        ba1_0.account_holder_name,
        ba1_0.account_number,
        ba1_0.bank_name,
        ba1_0.created_at,
        ba1_0.employee_id,
        ba1_0.ifsc_code,
        ba1_0.is_primary,
        ba1_0.owner_type,
        ba1_0.updated_at,
        ba1_0.vendor_id 
    from
        bank_accounts ba1_0 
    where
        ba1_0.employee_id=?
2025-12-18 01:05:38.082 [http-nio-8040-exec-2] TRACE org.hibernate.orm.jdbc.bind - binding parameter (1:BIGINT) <- [85]
2025-12-18 01:05:38.084 [http-nio-8040-exec-2] DEBUG org.hibernate.SQL - 
    select
        ba1_0.id,
        ba1_0.account_holder_name,
        ba1_0.account_number,
        ba1_0.bank_name,
        ba1_0.created_at,
        ba1_0.employee_id,
        ba1_0.ifsc_code,
        ba1_0.is_primary,
        ba1_0.owner_type,
        ba1_0.updated_at,
        ba1_0.vendor_id 
    from
        bank_accounts ba1_0 
    where
        ba1_0.employee_id=?
2025-12-18 01:05:38.084 [http-nio-8040-exec-2] TRACE org.hibernate.orm.jdbc.bind - binding parameter (1:BIGINT) <- [86]
2025-12-18 01:05:38.087 [http-nio-8040-exec-2] DEBUG org.hibernate.SQL - 
    select
        ba1_0.id,
        ba1_0.account_holder_name,
        ba1_0.account_number,
        ba1_0.bank_name,
        ba1_0.created_at,
        ba1_0.employee_id,
        ba1_0.ifsc_code,
        ba1_0.is_primary,
        ba1_0.owner_type,
        ba1_0.updated_at,
        ba1_0.vendor_id 
    from
        bank_accounts ba1_0 
    where
        ba1_0.employee_id=?
2025-12-18 01:05:38.087 [http-nio-8040-exec-2] TRACE org.hibernate.orm.jdbc.bind - binding parameter (1:BIGINT) <- [87]
2025-12-18 01:05:38.089 [http-nio-8040-exec-2] DEBUG org.hibernate.SQL - 
    select
        ba1_0.id,
        ba1_0.account_holder_name,
        ba1_0.account_number,
        ba1_0.bank_name,
        ba1_0.created_at,
        ba1_0.employee_id,
        ba1_0.ifsc_code,
        ba1_0.is_primary,
        ba1_0.owner_type,
        ba1_0.updated_at,
        ba1_0.vendor_id 
    from
        bank_accounts ba1_0 
    where
        ba1_0.employee_id=?
2025-12-18 01:05:38.089 [http-nio-8040-exec-2] TRACE org.hibernate.orm.jdbc.bind - binding parameter (1:BIGINT) <- [88]
2025-12-18 01:05:38.091 [http-nio-8040-exec-2] DEBUG org.hibernate.SQL - 
    select
        ba1_0.id,
        ba1_0.account_holder_name,
        ba1_0.account_number,
        ba1_0.bank_name,
        ba1_0.created_at,
        ba1_0.employee_id,
        ba1_0.ifsc_code,
        ba1_0.is_primary,
        ba1_0.owner_type,
        ba1_0.updated_at,
        ba1_0.vendor_id 
    from
        bank_accounts ba1_0 
    where
        ba1_0.employee_id=?
2025-12-18 01:05:38.091 [http-nio-8040-exec-2] TRACE org.hibernate.orm.jdbc.bind - binding parameter (1:BIGINT) <- [89]
2025-12-18 01:05:38.093 [http-nio-8040-exec-2] DEBUG org.hibernate.SQL - 
    select
        ba1_0.id,
        ba1_0.account_holder_name,
        ba1_0.account_number,
        ba1_0.bank_name,
        ba1_0.created_at,
        ba1_0.employee_id,
        ba1_0.ifsc_code,
        ba1_0.is_primary,
        ba1_0.owner_type,
        ba1_0.updated_at,
        ba1_0.vendor_id 
    from
        bank_accounts ba1_0 
    where
        ba1_0.employee_id=?
2025-12-18 01:05:38.093 [http-nio-8040-exec-2] TRACE org.hibernate.orm.jdbc.bind - binding parameter (1:BIGINT) <- [90]
2025-12-18 01:05:38.095 [http-nio-8040-exec-2] DEBUG org.hibernate.SQL - 
    select
        ba1_0.id,
        ba1_0.account_holder_name,
        ba1_0.account_number,
        ba1_0.bank_name,
        ba1_0.created_at,
        ba1_0.employee_id,
        ba1_0.ifsc_code,
        ba1_0.is_primary,
        ba1_0.owner_type,
        ba1_0.updated_at,
        ba1_0.vendor_id 
    from
        bank_accounts ba1_0 
    where
        ba1_0.employee_id=?
2025-12-18 01:05:38.095 [http-nio-8040-exec-2] TRACE org.hibernate.orm.jdbc.bind - binding parameter (1:BIGINT) <- [91]
2025-12-18 01:05:38.097 [http-nio-8040-exec-2] DEBUG org.hibernate.SQL - 
    select
        ba1_0.id,
        ba1_0.account_holder_name,
        ba1_0.account_number,
        ba1_0.bank_name,
        ba1_0.created_at,
        ba1_0.employee_id,
        ba1_0.ifsc_code,
        ba1_0.is_primary,
        ba1_0.owner_type,
        ba1_0.updated_at,
        ba1_0.vendor_id 
    from
        bank_accounts ba1_0 
    where
        ba1_0.employee_id=?
2025-12-18 01:05:38.097 [http-nio-8040-exec-2] TRACE org.hibernate.orm.jdbc.bind - binding parameter (1:BIGINT) <- [92]
2025-12-18 01:05:38.098 [http-nio-8040-exec-2] DEBUG org.hibernate.SQL - 
    select
        ba1_0.id,
        ba1_0.account_holder_name,
        ba1_0.account_number,
        ba1_0.bank_name,
        ba1_0.created_at,
        ba1_0.employee_id,
        ba1_0.ifsc_code,
        ba1_0.is_primary,
        ba1_0.owner_type,
        ba1_0.updated_at,
        ba1_0.vendor_id 
    from
        bank_accounts ba1_0 
    where
        ba1_0.employee_id=?
2025-12-18 01:05:38.099 [http-nio-8040-exec-2] TRACE org.hibernate.orm.jdbc.bind - binding parameter (1:BIGINT) <- [93]
2025-12-18 01:05:38.101 [http-nio-8040-exec-2] DEBUG org.hibernate.SQL - 
    select
        ba1_0.id,
        ba1_0.account_holder_name,
        ba1_0.account_number,
        ba1_0.bank_name,
        ba1_0.created_at,
        ba1_0.employee_id,
        ba1_0.ifsc_code,
        ba1_0.is_primary,
        ba1_0.owner_type,
        ba1_0.updated_at,
        ba1_0.vendor_id 
    from
        bank_accounts ba1_0 
    where
        ba1_0.employee_id=?
2025-12-18 01:05:38.102 [http-nio-8040-exec-2] TRACE org.hibernate.orm.jdbc.bind - binding parameter (1:BIGINT) <- [94]
2025-12-18 01:05:38.103 [http-nio-8040-exec-2] DEBUG org.hibernate.SQL - 
    select
        ba1_0.id,
        ba1_0.account_holder_name,
        ba1_0.account_number,
        ba1_0.bank_name,
        ba1_0.created_at,
        ba1_0.employee_id,
        ba1_0.ifsc_code,
        ba1_0.is_primary,
        ba1_0.owner_type,
        ba1_0.updated_at,
        ba1_0.vendor_id 
    from
        bank_accounts ba1_0 
    where
        ba1_0.employee_id=?
2025-12-18 01:05:38.104 [http-nio-8040-exec-2] TRACE org.hibernate.orm.jdbc.bind - binding parameter (1:BIGINT) <- [95]
2025-12-18 01:05:38.106 [http-nio-8040-exec-2] DEBUG org.hibernate.SQL - 
    select
        ba1_0.id,
        ba1_0.account_holder_name,
        ba1_0.account_number,
        ba1_0.bank_name,
        ba1_0.created_at,
        ba1_0.employee_id,
        ba1_0.ifsc_code,
        ba1_0.is_primary,
        ba1_0.owner_type,
        ba1_0.updated_at,
        ba1_0.vendor_id 
    from
        bank_accounts ba1_0 
    where
        ba1_0.employee_id=?
2025-12-18 01:05:38.106 [http-nio-8040-exec-2] TRACE org.hibernate.orm.jdbc.bind - binding parameter (1:BIGINT) <- [96]
2025-12-18 01:05:38.108 [http-nio-8040-exec-2] DEBUG org.hibernate.SQL - 
    select
        ba1_0.id,
        ba1_0.account_holder_name,
        ba1_0.account_number,
        ba1_0.bank_name,
        ba1_0.created_at,
        ba1_0.employee_id,
        ba1_0.ifsc_code,
        ba1_0.is_primary,
        ba1_0.owner_type,
        ba1_0.updated_at,
        ba1_0.vendor_id 
    from
        bank_accounts ba1_0 
    where
        ba1_0.employee_id=?
2025-12-18 01:05:38.108 [http-nio-8040-exec-2] TRACE org.hibernate.orm.jdbc.bind - binding parameter (1:BIGINT) <- [97]
2025-12-18 01:05:38.110 [http-nio-8040-exec-2] DEBUG org.hibernate.SQL - 
    select
        ba1_0.id,
        ba1_0.account_holder_name,
        ba1_0.account_number,
        ba1_0.bank_name,
        ba1_0.created_at,
        ba1_0.employee_id,
        ba1_0.ifsc_code,
        ba1_0.is_primary,
        ba1_0.owner_type,
        ba1_0.updated_at,
        ba1_0.vendor_id 
    from
        bank_accounts ba1_0 
    where
        ba1_0.employee_id=?
2025-12-18 01:05:38.110 [http-nio-8040-exec-2] TRACE org.hibernate.orm.jdbc.bind - binding parameter (1:BIGINT) <- [98]
2025-12-18 01:05:38.112 [http-nio-8040-exec-2] DEBUG org.hibernate.SQL - 
    select
        ba1_0.id,
        ba1_0.account_holder_name,
        ba1_0.account_number,
        ba1_0.bank_name,
        ba1_0.created_at,
        ba1_0.employee_id,
        ba1_0.ifsc_code,
        ba1_0.is_primary,
        ba1_0.owner_type,
        ba1_0.updated_at,
        ba1_0.vendor_id 
    from
        bank_accounts ba1_0 
    where
        ba1_0.employee_id=?
2025-12-18 01:05:38.112 [http-nio-8040-exec-2] TRACE org.hibernate.orm.jdbc.bind - binding parameter (1:BIGINT) <- [99]
2025-12-18 01:05:38.113 [http-nio-8040-exec-2] DEBUG org.hibernate.SQL - 
    select
        ba1_0.id,
        ba1_0.account_holder_name,
        ba1_0.account_number,
        ba1_0.bank_name,
        ba1_0.created_at,
        ba1_0.employee_id,
        ba1_0.ifsc_code,
        ba1_0.is_primary,
        ba1_0.owner_type,
        ba1_0.updated_at,
        ba1_0.vendor_id 
    from
        bank_accounts ba1_0 
    where
        ba1_0.employee_id=?
2025-12-18 01:05:38.114 [http-nio-8040-exec-2] TRACE org.hibernate.orm.jdbc.bind - binding parameter (1:BIGINT) <- [100]
2025-12-18 01:05:38.119 [http-nio-8040-exec-2] INFO  c.a.papms.controller.AuthController - Login successful for user: sony. Role: ORG_ADMIN
2025-12-18 01:05:38.729 [http-nio-8040-exec-4] DEBUG org.hibernate.SQL - 
    select
        u1_0.id,
        u1_0.created_at,
        u1_0.email,
        u1_0.full_name,
        u1_0.is_active,
        u1_0.organization_id,
        u1_0.password,
        u1_0.requires_password_change,
        u1_0.role,
        u1_0.updated_at,
        u1_0.username 
    from
        users u1_0 
    where
        u1_0.username=?
2025-12-18 01:05:38.730 [http-nio-8040-exec-4] TRACE org.hibernate.orm.jdbc.bind - binding parameter (1:VARCHAR) <- [sony]
2025-12-18 01:05:38.756 [http-nio-8040-exec-4] DEBUG org.hibernate.SQL - 
    select
        u1_0.id,
        u1_0.created_at,
        u1_0.email,
        u1_0.full_name,
        u1_0.is_active,
        u1_0.organization_id,
        u1_0.password,
        u1_0.requires_password_change,
        u1_0.role,
        u1_0.updated_at,
        u1_0.username 
    from
        users u1_0 
    where
        u1_0.username=?
2025-12-18 01:05:38.756 [http-nio-8040-exec-4] TRACE org.hibernate.orm.jdbc.bind - binding parameter (1:VARCHAR) <- [sony]
2025-12-18 01:05:38.759 [http-nio-8040-exec-4] DEBUG org.hibernate.SQL - 
    select
        o1_0.id,
        o1_0.address,
        o1_0.bank_assigned_account_number,
        o1_0.company_name,
        o1_0.contact_email,
        o1_0.contact_phone,
        o1_0.created_at,
        o1_0.internal_balance,
        o1_0.logo_url,
        o1_0.rejection_reason,
        o1_0.status,
        o1_0.updated_at,
        e1_0.organization_id,
        e1_0.id,
        e1_0.created_at,
        e1_0.date_of_joining,
        e1_0.deletion_scheduled_at,
        e1_0.department,
        e1_0.employee_code,
        e1_0.is_active,
        e1_0.job_title,
        e1_0.profile_picture_url,
        e1_0.updated_at,
        e1_0.user_id 
    from
        organizations o1_0 
    left join
        employees e1_0 
            on o1_0.id=e1_0.organization_id 
    where
        o1_0.id=?
2025-12-18 01:05:38.759 [http-nio-8040-exec-4] TRACE org.hibernate.orm.jdbc.bind - binding parameter (1:INTEGER) <- [1]
2025-12-18 01:05:38.762 [http-nio-8040-exec-4] DEBUG org.hibernate.SQL - 
    select
        ba1_0.id,
        ba1_0.account_holder_name,
        ba1_0.account_number,
        ba1_0.bank_name,
        ba1_0.created_at,
        ba1_0.employee_id,
        ba1_0.ifsc_code,
        ba1_0.is_primary,
        ba1_0.owner_type,
        ba1_0.updated_at,
        ba1_0.vendor_id 
    from
        bank_accounts ba1_0 
    where
        ba1_0.employee_id=?
2025-12-18 01:05:38.762 [http-nio-8040-exec-4] TRACE org.hibernate.orm.jdbc.bind - binding parameter (1:BIGINT) <- [11]
2025-12-18 01:05:38.763 [http-nio-8040-exec-4] DEBUG org.hibernate.SQL - 
    select
        ba1_0.id,
        ba1_0.account_holder_name,
        ba1_0.account_number,
        ba1_0.bank_name,
        ba1_0.created_at,
        ba1_0.employee_id,
        ba1_0.ifsc_code,
        ba1_0.is_primary,
        ba1_0.owner_type,
        ba1_0.updated_at,
        ba1_0.vendor_id 
    from
        bank_accounts ba1_0 
    where
        ba1_0.employee_id=?
2025-12-18 01:05:38.764 [http-nio-8040-exec-4] TRACE org.hibernate.orm.jdbc.bind - binding parameter (1:BIGINT) <- [2]
2025-12-18 01:05:38.765 [http-nio-8040-exec-4] DEBUG org.hibernate.SQL - 
    select
        ba1_0.id,
        ba1_0.account_holder_name,
        ba1_0.account_number,
        ba1_0.bank_name,
        ba1_0.created_at,
        ba1_0.employee_id,
        ba1_0.ifsc_code,
        ba1_0.is_primary,
        ba1_0.owner_type,
        ba1_0.updated_at,
        ba1_0.vendor_id 
    from
        bank_accounts ba1_0 
    where
        ba1_0.employee_id=?
2025-12-18 01:05:38.765 [http-nio-8040-exec-4] TRACE org.hibernate.orm.jdbc.bind - binding parameter (1:BIGINT) <- [3]
2025-12-18 01:05:38.768 [http-nio-8040-exec-4] DEBUG org.hibernate.SQL - 
    select
        ba1_0.id,
        ba1_0.account_holder_name,
        ba1_0.account_number,
        ba1_0.bank_name,
        ba1_0.created_at,
        ba1_0.employee_id,
        ba1_0.ifsc_code,
        ba1_0.is_primary,
        ba1_0.owner_type,
        ba1_0.updated_at,
        ba1_0.vendor_id 
    from
        bank_accounts ba1_0 
    where
        ba1_0.employee_id=?
2025-12-18 01:05:38.768 [http-nio-8040-exec-4] TRACE org.hibernate.orm.jdbc.bind - binding parameter (1:BIGINT) <- [1]
2025-12-18 01:05:38.769 [http-nio-8040-exec-4] DEBUG org.hibernate.SQL - 
    select
        ba1_0.id,
        ba1_0.account_holder_name,
        ba1_0.account_number,
        ba1_0.bank_name,
        ba1_0.created_at,
        ba1_0.employee_id,
        ba1_0.ifsc_code,
        ba1_0.is_primary,
        ba1_0.owner_type,
        ba1_0.updated_at,
        ba1_0.vendor_id 
    from
        bank_accounts ba1_0 
    where
        ba1_0.employee_id=?
2025-12-18 01:05:38.769 [http-nio-8040-exec-4] TRACE org.hibernate.orm.jdbc.bind - binding parameter (1:BIGINT) <- [5]
2025-12-18 01:05:38.770 [http-nio-8040-exec-4] DEBUG org.hibernate.SQL - 
    select
        ba1_0.id,
        ba1_0.account_holder_name,
        ba1_0.account_number,
        ba1_0.bank_name,
        ba1_0.created_at,
        ba1_0.employee_id,
        ba1_0.ifsc_code,
        ba1_0.is_primary,
        ba1_0.owner_type,
        ba1_0.updated_at,
        ba1_0.vendor_id 
    from
        bank_accounts ba1_0 
    where
        ba1_0.employee_id=?
2025-12-18 01:05:38.770 [http-nio-8040-exec-4] TRACE org.hibernate.orm.jdbc.bind - binding parameter (1:BIGINT) <- [7]
2025-12-18 01:05:38.771 [http-nio-8040-exec-4] DEBUG org.hibernate.SQL - 
    select
        ba1_0.id,
        ba1_0.account_holder_name,
        ba1_0.account_number,
        ba1_0.bank_name,
        ba1_0.created_at,
        ba1_0.employee_id,
        ba1_0.ifsc_code,
        ba1_0.is_primary,
        ba1_0.owner_type,
        ba1_0.updated_at,
        ba1_0.vendor_id 
    from
        bank_accounts ba1_0 
    where
        ba1_0.employee_id=?
2025-12-18 01:05:38.772 [http-nio-8040-exec-4] TRACE org.hibernate.orm.jdbc.bind - binding parameter (1:BIGINT) <- [15]
2025-12-18 01:05:38.773 [http-nio-8040-exec-4] DEBUG org.hibernate.SQL - 
    select
        ba1_0.id,
        ba1_0.account_holder_name,
        ba1_0.account_number,
        ba1_0.bank_name,
        ba1_0.created_at,
        ba1_0.employee_id,
        ba1_0.ifsc_code,
        ba1_0.is_primary,
        ba1_0.owner_type,
        ba1_0.updated_at,
        ba1_0.vendor_id 
    from
        bank_accounts ba1_0 
    where
        ba1_0.employee_id=?
2025-12-18 01:05:38.773 [http-nio-8040-exec-4] TRACE org.hibernate.orm.jdbc.bind - binding parameter (1:BIGINT) <- [10]
2025-12-18 01:05:38.774 [http-nio-8040-exec-4] DEBUG org.hibernate.SQL - 
    select
        ba1_0.id,
        ba1_0.account_holder_name,
        ba1_0.account_number,
        ba1_0.bank_name,
        ba1_0.created_at,
        ba1_0.employee_id,
        ba1_0.ifsc_code,
        ba1_0.is_primary,
        ba1_0.owner_type,
        ba1_0.updated_at,
        ba1_0.vendor_id 
    from
        bank_accounts ba1_0 
    where
        ba1_0.employee_id=?
2025-12-18 01:05:38.775 [http-nio-8040-exec-4] TRACE org.hibernate.orm.jdbc.bind - binding parameter (1:BIGINT) <- [8]
2025-12-18 01:05:38.777 [http-nio-8040-exec-4] DEBUG org.hibernate.SQL - 
    select
        ba1_0.id,
        ba1_0.account_holder_name,
        ba1_0.account_number,
        ba1_0.bank_name,
        ba1_0.created_at,
        ba1_0.employee_id,
        ba1_0.ifsc_code,
        ba1_0.is_primary,
        ba1_0.owner_type,
        ba1_0.updated_at,
        ba1_0.vendor_id 
    from
        bank_accounts ba1_0 
    where
        ba1_0.employee_id=?
2025-12-18 01:05:38.777 [http-nio-8040-exec-4] TRACE org.hibernate.orm.jdbc.bind - binding parameter (1:BIGINT) <- [19]
2025-12-18 01:05:38.778 [http-nio-8040-exec-4] DEBUG org.hibernate.SQL - 
    select
        ba1_0.id,
        ba1_0.account_holder_name,
        ba1_0.account_number,
        ba1_0.bank_name,
        ba1_0.created_at,
        ba1_0.employee_id,
        ba1_0.ifsc_code,
        ba1_0.is_primary,
        ba1_0.owner_type,
        ba1_0.updated_at,
        ba1_0.vendor_id 
    from
        bank_accounts ba1_0 
    where
        ba1_0.employee_id=?
2025-12-18 01:05:38.778 [http-nio-8040-exec-4] TRACE org.hibernate.orm.jdbc.bind - binding parameter (1:BIGINT) <- [13]
2025-12-18 01:05:38.779 [http-nio-8040-exec-4] DEBUG org.hibernate.SQL - 
    select
        ba1_0.id,
        ba1_0.account_holder_name,
        ba1_0.account_number,
        ba1_0.bank_name,
        ba1_0.created_at,
        ba1_0.employee_id,
        ba1_0.ifsc_code,
        ba1_0.is_primary,
        ba1_0.owner_type,
        ba1_0.updated_at,
        ba1_0.vendor_id 
    from
        bank_accounts ba1_0 
    where
        ba1_0.employee_id=?
2025-12-18 01:05:38.780 [http-nio-8040-exec-4] TRACE org.hibernate.orm.jdbc.bind - binding parameter (1:BIGINT) <- [4]
2025-12-18 01:05:38.781 [http-nio-8040-exec-4] DEBUG org.hibernate.SQL - 
    select
        ba1_0.id,
        ba1_0.account_holder_name,
        ba1_0.account_number,
        ba1_0.bank_name,
        ba1_0.created_at,
        ba1_0.employee_id,
        ba1_0.ifsc_code,
        ba1_0.is_primary,
        ba1_0.owner_type,
        ba1_0.updated_at,
        ba1_0.vendor_id 
    from
        bank_accounts ba1_0 
    where
        ba1_0.employee_id=?
2025-12-18 01:05:38.781 [http-nio-8040-exec-4] TRACE org.hibernate.orm.jdbc.bind - binding parameter (1:BIGINT) <- [12]
2025-12-18 01:05:38.783 [http-nio-8040-exec-4] DEBUG org.hibernate.SQL - 
    select
        ba1_0.id,
        ba1_0.account_holder_name,
        ba1_0.account_number,
        ba1_0.bank_name,
        ba1_0.created_at,
        ba1_0.employee_id,
        ba1_0.ifsc_code,
        ba1_0.is_primary,
        ba1_0.owner_type,
        ba1_0.updated_at,
        ba1_0.vendor_id 
    from
        bank_accounts ba1_0 
    where
        ba1_0.employee_id=?
2025-12-18 01:05:38.784 [http-nio-8040-exec-4] TRACE org.hibernate.orm.jdbc.bind - binding parameter (1:BIGINT) <- [23]
2025-12-18 01:05:38.785 [http-nio-8040-exec-4] DEBUG org.hibernate.SQL - 
    select
        ba1_0.id,
        ba1_0.account_holder_name,
        ba1_0.account_number,
        ba1_0.bank_name,
        ba1_0.created_at,
        ba1_0.employee_id,
        ba1_0.ifsc_code,
        ba1_0.is_primary,
        ba1_0.owner_type,
        ba1_0.updated_at,
        ba1_0.vendor_id 
    from
        bank_accounts ba1_0 
    where
        ba1_0.employee_id=?
2025-12-18 01:05:38.785 [http-nio-8040-exec-4] TRACE org.hibernate.orm.jdbc.bind - binding parameter (1:BIGINT) <- [27]
2025-12-18 01:05:38.788 [http-nio-8040-exec-4] DEBUG org.hibernate.SQL - 
    select
        ba1_0.id,
        ba1_0.account_holder_name,
        ba1_0.account_number,
        ba1_0.bank_name,
        ba1_0.created_at,
        ba1_0.employee_id,
        ba1_0.ifsc_code,
        ba1_0.is_primary,
        ba1_0.owner_type,
        ba1_0.updated_at,
        ba1_0.vendor_id 
    from
        bank_accounts ba1_0 
    where
        ba1_0.employee_id=?
2025-12-18 01:05:38.788 [http-nio-8040-exec-4] TRACE org.hibernate.orm.jdbc.bind - binding parameter (1:BIGINT) <- [16]
2025-12-18 01:05:38.789 [http-nio-8040-exec-4] DEBUG org.hibernate.SQL - 
    select
        ba1_0.id,
        ba1_0.account_holder_name,
        ba1_0.account_number,
        ba1_0.bank_name,
        ba1_0.created_at,
        ba1_0.employee_id,
        ba1_0.ifsc_code,
        ba1_0.is_primary,
        ba1_0.owner_type,
        ba1_0.updated_at,
        ba1_0.vendor_id 
    from
        bank_accounts ba1_0 
    where
        ba1_0.employee_id=?
2025-12-18 01:05:38.790 [http-nio-8040-exec-4] TRACE org.hibernate.orm.jdbc.bind - binding parameter (1:BIGINT) <- [31]
2025-12-18 01:05:38.791 [http-nio-8040-exec-4] DEBUG org.hibernate.SQL - 
    select
        ba1_0.id,
        ba1_0.account_holder_name,
        ba1_0.account_number,
        ba1_0.bank_name,
        ba1_0.created_at,
        ba1_0.employee_id,
        ba1_0.ifsc_code,
        ba1_0.is_primary,
        ba1_0.owner_type,
        ba1_0.updated_at,
        ba1_0.vendor_id 
    from
        bank_accounts ba1_0 
    where
        ba1_0.employee_id=?
2025-12-18 01:05:38.791 [http-nio-8040-exec-4] TRACE org.hibernate.orm.jdbc.bind - binding parameter (1:BIGINT) <- [35]
2025-12-18 01:05:38.793 [http-nio-8040-exec-4] DEBUG org.hibernate.SQL - 
    select
        ba1_0.id,
        ba1_0.account_holder_name,
        ba1_0.account_number,
        ba1_0.bank_name,
        ba1_0.created_at,
        ba1_0.employee_id,
        ba1_0.ifsc_code,
        ba1_0.is_primary,
        ba1_0.owner_type,
        ba1_0.updated_at,
        ba1_0.vendor_id 
    from
        bank_accounts ba1_0 
    where
        ba1_0.employee_id=?
2025-12-18 01:05:38.793 [http-nio-8040-exec-4] TRACE org.hibernate.orm.jdbc.bind - binding parameter (1:BIGINT) <- [20]
2025-12-18 01:05:38.795 [http-nio-8040-exec-4] DEBUG org.hibernate.SQL - 
    select
        ba1_0.id,
        ba1_0.account_holder_name,
        ba1_0.account_number,
        ba1_0.bank_name,
        ba1_0.created_at,
        ba1_0.employee_id,
        ba1_0.ifsc_code,
        ba1_0.is_primary,
        ba1_0.owner_type,
        ba1_0.updated_at,
        ba1_0.vendor_id 
    from
        bank_accounts ba1_0 
    where
        ba1_0.employee_id=?
2025-12-18 01:05:38.796 [http-nio-8040-exec-4] TRACE org.hibernate.orm.jdbc.bind - binding parameter (1:BIGINT) <- [17]
2025-12-18 01:05:38.798 [http-nio-8040-exec-4] DEBUG org.hibernate.SQL - 
    select
        ba1_0.id,
        ba1_0.account_holder_name,
        ba1_0.account_number,
        ba1_0.bank_name,
        ba1_0.created_at,
        ba1_0.employee_id,
        ba1_0.ifsc_code,
        ba1_0.is_primary,
        ba1_0.owner_type,
        ba1_0.updated_at,
        ba1_0.vendor_id 
    from
        bank_accounts ba1_0 
    where
        ba1_0.employee_id=?
2025-12-18 01:05:38.798 [http-nio-8040-exec-4] TRACE org.hibernate.orm.jdbc.bind - binding parameter (1:BIGINT) <- [24]
2025-12-18 01:05:38.801 [http-nio-8040-exec-4] DEBUG org.hibernate.SQL - 
    select
        ba1_0.id,
        ba1_0.account_holder_name,
        ba1_0.account_number,
        ba1_0.bank_name,
        ba1_0.created_at,
        ba1_0.employee_id,
        ba1_0.ifsc_code,
        ba1_0.is_primary,
        ba1_0.owner_type,
        ba1_0.updated_at,
        ba1_0.vendor_id 
    from
        bank_accounts ba1_0 
    where
        ba1_0.employee_id=?
2025-12-18 01:05:38.802 [http-nio-8040-exec-4] TRACE org.hibernate.orm.jdbc.bind - binding parameter (1:BIGINT) <- [38]
2025-12-18 01:05:38.804 [http-nio-8040-exec-4] DEBUG org.hibernate.SQL - 
    select
        ba1_0.id,
        ba1_0.account_holder_name,
        ba1_0.account_number,
        ba1_0.bank_name,
        ba1_0.created_at,
        ba1_0.employee_id,
        ba1_0.ifsc_code,
        ba1_0.is_primary,
        ba1_0.owner_type,
        ba1_0.updated_at,
        ba1_0.vendor_id 
    from
        bank_accounts ba1_0 
    where
        ba1_0.employee_id=?
2025-12-18 01:05:38.804 [http-nio-8040-exec-4] TRACE org.hibernate.orm.jdbc.bind - binding parameter (1:BIGINT) <- [6]
2025-12-18 01:05:38.806 [http-nio-8040-exec-4] DEBUG org.hibernate.SQL - 
    select
        ba1_0.id,
        ba1_0.account_holder_name,
        ba1_0.account_number,
        ba1_0.bank_name,
        ba1_0.created_at,
        ba1_0.employee_id,
        ba1_0.ifsc_code,
        ba1_0.is_primary,
        ba1_0.owner_type,
        ba1_0.updated_at,
        ba1_0.vendor_id 
    from
        bank_accounts ba1_0 
    where
        ba1_0.employee_id=?
2025-12-18 01:05:38.807 [http-nio-8040-exec-4] TRACE org.hibernate.orm.jdbc.bind - binding parameter (1:BIGINT) <- [39]
2025-12-18 01:05:38.808 [http-nio-8040-exec-4] DEBUG org.hibernate.SQL - 
    select
        ba1_0.id,
        ba1_0.account_holder_name,
        ba1_0.account_number,
        ba1_0.bank_name,
        ba1_0.created_at,
        ba1_0.employee_id,
        ba1_0.ifsc_code,
        ba1_0.is_primary,
        ba1_0.owner_type,
        ba1_0.updated_at,
        ba1_0.vendor_id 
    from
        bank_accounts ba1_0 
    where
        ba1_0.employee_id=?
2025-12-18 01:05:38.808 [http-nio-8040-exec-4] TRACE org.hibernate.orm.jdbc.bind - binding parameter (1:BIGINT) <- [9]
2025-12-18 01:05:38.811 [http-nio-8040-exec-4] DEBUG org.hibernate.SQL - 
    select
        ba1_0.id,
        ba1_0.account_holder_name,
        ba1_0.account_number,
        ba1_0.bank_name,
        ba1_0.created_at,
        ba1_0.employee_id,
        ba1_0.ifsc_code,
        ba1_0.is_primary,
        ba1_0.owner_type,
        ba1_0.updated_at,
        ba1_0.vendor_id 
    from
        bank_accounts ba1_0 
    where
        ba1_0.employee_id=?
2025-12-18 01:05:38.811 [http-nio-8040-exec-4] TRACE org.hibernate.orm.jdbc.bind - binding parameter (1:BIGINT) <- [28]
2025-12-18 01:05:38.813 [http-nio-8040-exec-4] DEBUG org.hibernate.SQL - 
    select
        ba1_0.id,
        ba1_0.account_holder_name,
        ba1_0.account_number,
        ba1_0.bank_name,
        ba1_0.created_at,
        ba1_0.employee_id,
        ba1_0.ifsc_code,
        ba1_0.is_primary,
        ba1_0.owner_type,
        ba1_0.updated_at,
        ba1_0.vendor_id 
    from
        bank_accounts ba1_0 
    where
        ba1_0.employee_id=?
2025-12-18 01:05:38.814 [http-nio-8040-exec-4] TRACE org.hibernate.orm.jdbc.bind - binding parameter (1:BIGINT) <- [40]
2025-12-18 01:05:38.816 [http-nio-8040-exec-4] DEBUG org.hibernate.SQL - 
    select
        ba1_0.id,
        ba1_0.account_holder_name,
        ba1_0.account_number,
        ba1_0.bank_name,
        ba1_0.created_at,
        ba1_0.employee_id,
        ba1_0.ifsc_code,
        ba1_0.is_primary,
        ba1_0.owner_type,
        ba1_0.updated_at,
        ba1_0.vendor_id 
    from
        bank_accounts ba1_0 
    where
        ba1_0.employee_id=?
2025-12-18 01:05:38.816 [http-nio-8040-exec-4] TRACE org.hibernate.orm.jdbc.bind - binding parameter (1:BIGINT) <- [14]
2025-12-18 01:05:38.818 [http-nio-8040-exec-4] DEBUG org.hibernate.SQL - 
    select
        ba1_0.id,
        ba1_0.account_holder_name,
        ba1_0.account_number,
        ba1_0.bank_name,
        ba1_0.created_at,
        ba1_0.employee_id,
        ba1_0.ifsc_code,
        ba1_0.is_primary,
        ba1_0.owner_type,
        ba1_0.updated_at,
        ba1_0.vendor_id 
    from
        bank_accounts ba1_0 
    where
        ba1_0.employee_id=?
2025-12-18 01:05:38.818 [http-nio-8040-exec-4] TRACE org.hibernate.orm.jdbc.bind - binding parameter (1:BIGINT) <- [32]
2025-12-18 01:05:38.821 [http-nio-8040-exec-4] DEBUG org.hibernate.SQL - 
    select
        ba1_0.id,
        ba1_0.account_holder_name,
        ba1_0.account_number,
        ba1_0.bank_name,
        ba1_0.created_at,
        ba1_0.employee_id,
        ba1_0.ifsc_code,
        ba1_0.is_primary,
        ba1_0.owner_type,
        ba1_0.updated_at,
        ba1_0.vendor_id 
    from
        bank_accounts ba1_0 
    where
        ba1_0.employee_id=?
2025-12-18 01:05:38.821 [http-nio-8040-exec-4] TRACE org.hibernate.orm.jdbc.bind - binding parameter (1:BIGINT) <- [18]
2025-12-18 01:05:38.824 [http-nio-8040-exec-4] DEBUG org.hibernate.SQL - 
    select
        ba1_0.id,
        ba1_0.account_holder_name,
        ba1_0.account_number,
        ba1_0.bank_name,
        ba1_0.created_at,
        ba1_0.employee_id,
        ba1_0.ifsc_code,
        ba1_0.is_primary,
        ba1_0.owner_type,
        ba1_0.updated_at,
        ba1_0.vendor_id 
    from
        bank_accounts ba1_0 
    where
        ba1_0.employee_id=?
2025-12-18 01:05:38.824 [http-nio-8040-exec-4] TRACE org.hibernate.orm.jdbc.bind - binding parameter (1:BIGINT) <- [22]
2025-12-18 01:05:38.826 [http-nio-8040-exec-4] DEBUG org.hibernate.SQL - 
    select
        ba1_0.id,
        ba1_0.account_holder_name,
        ba1_0.account_number,
        ba1_0.bank_name,
        ba1_0.created_at,
        ba1_0.employee_id,
        ba1_0.ifsc_code,
        ba1_0.is_primary,
        ba1_0.owner_type,
        ba1_0.updated_at,
        ba1_0.vendor_id 
    from
        bank_accounts ba1_0 
    where
        ba1_0.employee_id=?
2025-12-18 01:05:38.826 [http-nio-8040-exec-4] TRACE org.hibernate.orm.jdbc.bind - binding parameter (1:BIGINT) <- [36]
2025-12-18 01:05:38.828 [http-nio-8040-exec-4] DEBUG org.hibernate.SQL - 
    select
        ba1_0.id,
        ba1_0.account_holder_name,
        ba1_0.account_number,
        ba1_0.bank_name,
        ba1_0.created_at,
        ba1_0.employee_id,
        ba1_0.ifsc_code,
        ba1_0.is_primary,
        ba1_0.owner_type,
        ba1_0.updated_at,
        ba1_0.vendor_id 
    from
        bank_accounts ba1_0 
    where
        ba1_0.employee_id=?
2025-12-18 01:05:38.828 [http-nio-8040-exec-4] TRACE org.hibernate.orm.jdbc.bind - binding parameter (1:BIGINT) <- [21]
2025-12-18 01:05:38.830 [http-nio-8040-exec-4] DEBUG org.hibernate.SQL - 
    select
        ba1_0.id,
        ba1_0.account_holder_name,
        ba1_0.account_number,
        ba1_0.bank_name,
        ba1_0.created_at,
        ba1_0.employee_id,
        ba1_0.ifsc_code,
        ba1_0.is_primary,
        ba1_0.owner_type,
        ba1_0.updated_at,
        ba1_0.vendor_id 
    from
        bank_accounts ba1_0 
    where
        ba1_0.employee_id=?
2025-12-18 01:05:38.831 [http-nio-8040-exec-4] TRACE org.hibernate.orm.jdbc.bind - binding parameter (1:BIGINT) <- [25]
2025-12-18 01:05:38.832 [http-nio-8040-exec-4] DEBUG org.hibernate.SQL - 
    select
        ba1_0.id,
        ba1_0.account_holder_name,
        ba1_0.account_number,
        ba1_0.bank_name,
        ba1_0.created_at,
        ba1_0.employee_id,
        ba1_0.ifsc_code,
        ba1_0.is_primary,
        ba1_0.owner_type,
        ba1_0.updated_at,
        ba1_0.vendor_id 
    from
        bank_accounts ba1_0 
    where
        ba1_0.employee_id=?
2025-12-18 01:05:38.833 [http-nio-8040-exec-4] TRACE org.hibernate.orm.jdbc.bind - binding parameter (1:BIGINT) <- [26]
2025-12-18 01:05:38.834 [http-nio-8040-exec-4] DEBUG org.hibernate.SQL - 
    select
        ba1_0.id,
        ba1_0.account_holder_name,
        ba1_0.account_number,
        ba1_0.bank_name,
        ba1_0.created_at,
        ba1_0.employee_id,
        ba1_0.ifsc_code,
        ba1_0.is_primary,
        ba1_0.owner_type,
        ba1_0.updated_at,
        ba1_0.vendor_id 
    from
        bank_accounts ba1_0 
    where
        ba1_0.employee_id=?
2025-12-18 01:05:38.834 [http-nio-8040-exec-4] TRACE org.hibernate.orm.jdbc.bind - binding parameter (1:BIGINT) <- [29]
2025-12-18 01:05:38.837 [http-nio-8040-exec-4] DEBUG org.hibernate.SQL - 
    select
        ba1_0.id,
        ba1_0.account_holder_name,
        ba1_0.account_number,
        ba1_0.bank_name,
        ba1_0.created_at,
        ba1_0.employee_id,
        ba1_0.ifsc_code,
        ba1_0.is_primary,
        ba1_0.owner_type,
        ba1_0.updated_at,
        ba1_0.vendor_id 
    from
        bank_accounts ba1_0 
    where
        ba1_0.employee_id=?
2025-12-18 01:05:38.837 [http-nio-8040-exec-4] TRACE org.hibernate.orm.jdbc.bind - binding parameter (1:BIGINT) <- [34]
2025-12-18 01:05:38.839 [http-nio-8040-exec-4] DEBUG org.hibernate.SQL - 
    select
        ba1_0.id,
        ba1_0.account_holder_name,
        ba1_0.account_number,
        ba1_0.bank_name,
        ba1_0.created_at,
        ba1_0.employee_id,
        ba1_0.ifsc_code,
        ba1_0.is_primary,
        ba1_0.owner_type,
        ba1_0.updated_at,
        ba1_0.vendor_id 
    from
        bank_accounts ba1_0 
    where
        ba1_0.employee_id=?
2025-12-18 01:05:38.840 [http-nio-8040-exec-4] TRACE org.hibernate.orm.jdbc.bind - binding parameter (1:BIGINT) <- [30]
2025-12-18 01:05:38.841 [http-nio-8040-exec-4] DEBUG org.hibernate.SQL - 
    select
        ba1_0.id,
        ba1_0.account_holder_name,
        ba1_0.account_number,
        ba1_0.bank_name,
        ba1_0.created_at,
        ba1_0.employee_id,
        ba1_0.ifsc_code,
        ba1_0.is_primary,
        ba1_0.owner_type,
        ba1_0.updated_at,
        ba1_0.vendor_id 
    from
        bank_accounts ba1_0 
    where
        ba1_0.employee_id=?
2025-12-18 01:05:38.841 [http-nio-8040-exec-4] TRACE org.hibernate.orm.jdbc.bind - binding parameter (1:BIGINT) <- [33]
2025-12-18 01:05:38.842 [http-nio-8040-exec-4] DEBUG org.hibernate.SQL - 
    select
        ba1_0.id,
        ba1_0.account_holder_name,
        ba1_0.account_number,
        ba1_0.bank_name,
        ba1_0.created_at,
        ba1_0.employee_id,
        ba1_0.ifsc_code,
        ba1_0.is_primary,
        ba1_0.owner_type,
        ba1_0.updated_at,
        ba1_0.vendor_id 
    from
        bank_accounts ba1_0 
    where
        ba1_0.employee_id=?
2025-12-18 01:05:38.843 [http-nio-8040-exec-4] TRACE org.hibernate.orm.jdbc.bind - binding parameter (1:BIGINT) <- [37]
2025-12-18 01:05:38.844 [http-nio-8040-exec-4] DEBUG org.hibernate.SQL - 
    select
        ba1_0.id,
        ba1_0.account_holder_name,
        ba1_0.account_number,
        ba1_0.bank_name,
        ba1_0.created_at,
        ba1_0.employee_id,
        ba1_0.ifsc_code,
        ba1_0.is_primary,
        ba1_0.owner_type,
        ba1_0.updated_at,
        ba1_0.vendor_id 
    from
        bank_accounts ba1_0 
    where
        ba1_0.employee_id=?
2025-12-18 01:05:38.844 [http-nio-8040-exec-4] TRACE org.hibernate.orm.jdbc.bind - binding parameter (1:BIGINT) <- [41]
2025-12-18 01:05:38.846 [http-nio-8040-exec-4] DEBUG org.hibernate.SQL - 
    select
        ba1_0.id,
        ba1_0.account_holder_name,
        ba1_0.account_number,
        ba1_0.bank_name,
        ba1_0.created_at,
        ba1_0.employee_id,
        ba1_0.ifsc_code,
        ba1_0.is_primary,
        ba1_0.owner_type,
        ba1_0.updated_at,
        ba1_0.vendor_id 
    from
        bank_accounts ba1_0 
    where
        ba1_0.employee_id=?
2025-12-18 01:05:38.846 [http-nio-8040-exec-4] TRACE org.hibernate.orm.jdbc.bind - binding parameter (1:BIGINT) <- [42]
2025-12-18 01:05:38.847 [http-nio-8040-exec-4] DEBUG org.hibernate.SQL - 
    select
        ba1_0.id,
        ba1_0.account_holder_name,
        ba1_0.account_number,
        ba1_0.bank_name,
        ba1_0.created_at,
        ba1_0.employee_id,
        ba1_0.ifsc_code,
        ba1_0.is_primary,
        ba1_0.owner_type,
        ba1_0.updated_at,
        ba1_0.vendor_id 
    from
        bank_accounts ba1_0 
    where
        ba1_0.employee_id=?
2025-12-18 01:05:38.848 [http-nio-8040-exec-4] TRACE org.hibernate.orm.jdbc.bind - binding parameter (1:BIGINT) <- [43]
2025-12-18 01:05:38.850 [http-nio-8040-exec-4] DEBUG org.hibernate.SQL - 
    select
        ba1_0.id,
        ba1_0.account_holder_name,
        ba1_0.account_number,
        ba1_0.bank_name,
        ba1_0.created_at,
        ba1_0.employee_id,
        ba1_0.ifsc_code,
        ba1_0.is_primary,
        ba1_0.owner_type,
        ba1_0.updated_at,
        ba1_0.vendor_id 
    from
        bank_accounts ba1_0 
    where
        ba1_0.employee_id=?
2025-12-18 01:05:38.850 [http-nio-8040-exec-4] TRACE org.hibernate.orm.jdbc.bind - binding parameter (1:BIGINT) <- [44]
2025-12-18 01:05:38.852 [http-nio-8040-exec-4] DEBUG org.hibernate.SQL - 
    select
        ba1_0.id,
        ba1_0.account_holder_name,
        ba1_0.account_number,
        ba1_0.bank_name,
        ba1_0.created_at,
        ba1_0.employee_id,
        ba1_0.ifsc_code,
        ba1_0.is_primary,
        ba1_0.owner_type,
        ba1_0.updated_at,
        ba1_0.vendor_id 
    from
        bank_accounts ba1_0 
    where
        ba1_0.employee_id=?
2025-12-18 01:05:38.852 [http-nio-8040-exec-4] TRACE org.hibernate.orm.jdbc.bind - binding parameter (1:BIGINT) <- [45]
2025-12-18 01:05:38.855 [http-nio-8040-exec-4] DEBUG org.hibernate.SQL - 
    select
        ba1_0.id,
        ba1_0.account_holder_name,
        ba1_0.account_number,
        ba1_0.bank_name,
        ba1_0.created_at,
        ba1_0.employee_id,
        ba1_0.ifsc_code,
        ba1_0.is_primary,
        ba1_0.owner_type,
        ba1_0.updated_at,
        ba1_0.vendor_id 
    from
        bank_accounts ba1_0 
    where
        ba1_0.employee_id=?
2025-12-18 01:05:38.855 [http-nio-8040-exec-4] TRACE org.hibernate.orm.jdbc.bind - binding parameter (1:BIGINT) <- [46]
2025-12-18 01:05:38.856 [http-nio-8040-exec-4] DEBUG org.hibernate.SQL - 
    select
        ba1_0.id,
        ba1_0.account_holder_name,
        ba1_0.account_number,
        ba1_0.bank_name,
        ba1_0.created_at,
        ba1_0.employee_id,
        ba1_0.ifsc_code,
        ba1_0.is_primary,
        ba1_0.owner_type,
        ba1_0.updated_at,
        ba1_0.vendor_id 
    from
        bank_accounts ba1_0 
    where
        ba1_0.employee_id=?
2025-12-18 01:05:38.856 [http-nio-8040-exec-4] TRACE org.hibernate.orm.jdbc.bind - binding parameter (1:BIGINT) <- [47]
2025-12-18 01:05:38.859 [http-nio-8040-exec-4] DEBUG org.hibernate.SQL - 
    select
        ba1_0.id,
        ba1_0.account_holder_name,
        ba1_0.account_number,
        ba1_0.bank_name,
        ba1_0.created_at,
        ba1_0.employee_id,
        ba1_0.ifsc_code,
        ba1_0.is_primary,
        ba1_0.owner_type,
        ba1_0.updated_at,
        ba1_0.vendor_id 
    from
        bank_accounts ba1_0 
    where
        ba1_0.employee_id=?
2025-12-18 01:05:38.859 [http-nio-8040-exec-4] TRACE org.hibernate.orm.jdbc.bind - binding parameter (1:BIGINT) <- [48]
2025-12-18 01:05:38.860 [http-nio-8040-exec-4] DEBUG org.hibernate.SQL - 
    select
        ba1_0.id,
        ba1_0.account_holder_name,
        ba1_0.account_number,
        ba1_0.bank_name,
        ba1_0.created_at,
        ba1_0.employee_id,
        ba1_0.ifsc_code,
        ba1_0.is_primary,
        ba1_0.owner_type,
        ba1_0.updated_at,
        ba1_0.vendor_id 
    from
        bank_accounts ba1_0 
    where
        ba1_0.employee_id=?
2025-12-18 01:05:38.861 [http-nio-8040-exec-4] TRACE org.hibernate.orm.jdbc.bind - binding parameter (1:BIGINT) <- [49]
2025-12-18 01:05:38.862 [http-nio-8040-exec-4] DEBUG org.hibernate.SQL - 
    select
        ba1_0.id,
        ba1_0.account_holder_name,
        ba1_0.account_number,
        ba1_0.bank_name,
        ba1_0.created_at,
        ba1_0.employee_id,
        ba1_0.ifsc_code,
        ba1_0.is_primary,
        ba1_0.owner_type,
        ba1_0.updated_at,
        ba1_0.vendor_id 
    from
        bank_accounts ba1_0 
    where
        ba1_0.employee_id=?
2025-12-18 01:05:38.862 [http-nio-8040-exec-4] TRACE org.hibernate.orm.jdbc.bind - binding parameter (1:BIGINT) <- [50]
2025-12-18 01:05:38.863 [http-nio-8040-exec-4] DEBUG org.hibernate.SQL - 
    select
        ba1_0.id,
        ba1_0.account_holder_name,
        ba1_0.account_number,
        ba1_0.bank_name,
        ba1_0.created_at,
        ba1_0.employee_id,
        ba1_0.ifsc_code,
        ba1_0.is_primary,
        ba1_0.owner_type,
        ba1_0.updated_at,
        ba1_0.vendor_id 
    from
        bank_accounts ba1_0 
    where
        ba1_0.employee_id=?
2025-12-18 01:05:38.863 [http-nio-8040-exec-4] TRACE org.hibernate.orm.jdbc.bind - binding parameter (1:BIGINT) <- [51]
2025-12-18 01:05:38.864 [http-nio-8040-exec-4] DEBUG org.hibernate.SQL - 
    select
        ba1_0.id,
        ba1_0.account_holder_name,
        ba1_0.account_number,
        ba1_0.bank_name,
        ba1_0.created_at,
        ba1_0.employee_id,
        ba1_0.ifsc_code,
        ba1_0.is_primary,
        ba1_0.owner_type,
        ba1_0.updated_at,
        ba1_0.vendor_id 
    from
        bank_accounts ba1_0 
    where
        ba1_0.employee_id=?
2025-12-18 01:05:38.864 [http-nio-8040-exec-4] TRACE org.hibernate.orm.jdbc.bind - binding parameter (1:BIGINT) <- [52]
2025-12-18 01:05:38.866 [http-nio-8040-exec-4] DEBUG org.hibernate.SQL - 
    select
        ba1_0.id,
        ba1_0.account_holder_name,
        ba1_0.account_number,
        ba1_0.bank_name,
        ba1_0.created_at,
        ba1_0.employee_id,
        ba1_0.ifsc_code,
        ba1_0.is_primary,
        ba1_0.owner_type,
        ba1_0.updated_at,
        ba1_0.vendor_id 
    from
        bank_accounts ba1_0 
    where
        ba1_0.employee_id=?
2025-12-18 01:05:38.867 [http-nio-8040-exec-4] TRACE org.hibernate.orm.jdbc.bind - binding parameter (1:BIGINT) <- [53]
2025-12-18 01:05:38.869 [http-nio-8040-exec-4] DEBUG org.hibernate.SQL - 
    select
        ba1_0.id,
        ba1_0.account_holder_name,
        ba1_0.account_number,
        ba1_0.bank_name,
        ba1_0.created_at,
        ba1_0.employee_id,
        ba1_0.ifsc_code,
        ba1_0.is_primary,
        ba1_0.owner_type,
        ba1_0.updated_at,
        ba1_0.vendor_id 
    from
        bank_accounts ba1_0 
    where
        ba1_0.employee_id=?
2025-12-18 01:05:38.870 [http-nio-8040-exec-4] TRACE org.hibernate.orm.jdbc.bind - binding parameter (1:BIGINT) <- [54]
2025-12-18 01:05:38.873 [http-nio-8040-exec-4] DEBUG org.hibernate.SQL - 
    select
        ba1_0.id,
        ba1_0.account_holder_name,
        ba1_0.account_number,
        ba1_0.bank_name,
        ba1_0.created_at,
        ba1_0.employee_id,
        ba1_0.ifsc_code,
        ba1_0.is_primary,
        ba1_0.owner_type,
        ba1_0.updated_at,
        ba1_0.vendor_id 
    from
        bank_accounts ba1_0 
    where
        ba1_0.employee_id=?
2025-12-18 01:05:38.874 [http-nio-8040-exec-4] TRACE org.hibernate.orm.jdbc.bind - binding parameter (1:BIGINT) <- [55]
2025-12-18 01:05:38.876 [http-nio-8040-exec-4] DEBUG org.hibernate.SQL - 
    select
        ba1_0.id,
        ba1_0.account_holder_name,
        ba1_0.account_number,
        ba1_0.bank_name,
        ba1_0.created_at,
        ba1_0.employee_id,
        ba1_0.ifsc_code,
        ba1_0.is_primary,
        ba1_0.owner_type,
        ba1_0.updated_at,
        ba1_0.vendor_id 
    from
        bank_accounts ba1_0 
    where
        ba1_0.employee_id=?
2025-12-18 01:05:38.876 [http-nio-8040-exec-4] TRACE org.hibernate.orm.jdbc.bind - binding parameter (1:BIGINT) <- [56]
2025-12-18 01:05:38.877 [http-nio-8040-exec-4] DEBUG org.hibernate.SQL - 
    select
        ba1_0.id,
        ba1_0.account_holder_name,
        ba1_0.account_number,
        ba1_0.bank_name,
        ba1_0.created_at,
        ba1_0.employee_id,
        ba1_0.ifsc_code,
        ba1_0.is_primary,
        ba1_0.owner_type,
        ba1_0.updated_at,
        ba1_0.vendor_id 
    from
        bank_accounts ba1_0 
    where
        ba1_0.employee_id=?
2025-12-18 01:05:38.877 [http-nio-8040-exec-4] TRACE org.hibernate.orm.jdbc.bind - binding parameter (1:BIGINT) <- [57]
2025-12-18 01:05:38.879 [http-nio-8040-exec-4] DEBUG org.hibernate.SQL - 
    select
        ba1_0.id,
        ba1_0.account_holder_name,
        ba1_0.account_number,
        ba1_0.bank_name,
        ba1_0.created_at,
        ba1_0.employee_id,
        ba1_0.ifsc_code,
        ba1_0.is_primary,
        ba1_0.owner_type,
        ba1_0.updated_at,
        ba1_0.vendor_id 
    from
        bank_accounts ba1_0 
    where
        ba1_0.employee_id=?
2025-12-18 01:05:38.879 [http-nio-8040-exec-4] TRACE org.hibernate.orm.jdbc.bind - binding parameter (1:BIGINT) <- [58]
2025-12-18 01:05:38.881 [http-nio-8040-exec-4] DEBUG org.hibernate.SQL - 
    select
        ba1_0.id,
        ba1_0.account_holder_name,
        ba1_0.account_number,
        ba1_0.bank_name,
        ba1_0.created_at,
        ba1_0.employee_id,
        ba1_0.ifsc_code,
        ba1_0.is_primary,
        ba1_0.owner_type,
        ba1_0.updated_at,
        ba1_0.vendor_id 
    from
        bank_accounts ba1_0 
    where
        ba1_0.employee_id=?
2025-12-18 01:05:38.881 [http-nio-8040-exec-4] TRACE org.hibernate.orm.jdbc.bind - binding parameter (1:BIGINT) <- [59]
2025-12-18 01:05:38.883 [http-nio-8040-exec-4] DEBUG org.hibernate.SQL - 
    select
        ba1_0.id,
        ba1_0.account_holder_name,
        ba1_0.account_number,
        ba1_0.bank_name,
        ba1_0.created_at,
        ba1_0.employee_id,
        ba1_0.ifsc_code,
        ba1_0.is_primary,
        ba1_0.owner_type,
        ba1_0.updated_at,
        ba1_0.vendor_id 
    from
        bank_accounts ba1_0 
    where
        ba1_0.employee_id=?
2025-12-18 01:05:38.884 [http-nio-8040-exec-4] TRACE org.hibernate.orm.jdbc.bind - binding parameter (1:BIGINT) <- [60]
2025-12-18 01:05:38.886 [http-nio-8040-exec-4] DEBUG org.hibernate.SQL - 
    select
        ba1_0.id,
        ba1_0.account_holder_name,
        ba1_0.account_number,
        ba1_0.bank_name,
        ba1_0.created_at,
        ba1_0.employee_id,
        ba1_0.ifsc_code,
        ba1_0.is_primary,
        ba1_0.owner_type,
        ba1_0.updated_at,
        ba1_0.vendor_id 
    from
        bank_accounts ba1_0 
    where
        ba1_0.employee_id=?
2025-12-18 01:05:38.887 [http-nio-8040-exec-4] TRACE org.hibernate.orm.jdbc.bind - binding parameter (1:BIGINT) <- [61]
2025-12-18 01:05:38.888 [http-nio-8040-exec-4] DEBUG org.hibernate.SQL - 
    select
        ba1_0.id,
        ba1_0.account_holder_name,
        ba1_0.account_number,
        ba1_0.bank_name,
        ba1_0.created_at,
        ba1_0.employee_id,
        ba1_0.ifsc_code,
        ba1_0.is_primary,
        ba1_0.owner_type,
        ba1_0.updated_at,
        ba1_0.vendor_id 
    from
        bank_accounts ba1_0 
    where
        ba1_0.employee_id=?
2025-12-18 01:05:38.889 [http-nio-8040-exec-4] TRACE org.hibernate.orm.jdbc.bind - binding parameter (1:BIGINT) <- [62]
2025-12-18 01:05:38.890 [http-nio-8040-exec-4] DEBUG org.hibernate.SQL - 
    select
        ba1_0.id,
        ba1_0.account_holder_name,
        ba1_0.account_number,
        ba1_0.bank_name,
        ba1_0.created_at,
        ba1_0.employee_id,
        ba1_0.ifsc_code,
        ba1_0.is_primary,
        ba1_0.owner_type,
        ba1_0.updated_at,
        ba1_0.vendor_id 
    from
        bank_accounts ba1_0 
    where
        ba1_0.employee_id=?
2025-12-18 01:05:38.890 [http-nio-8040-exec-4] TRACE org.hibernate.orm.jdbc.bind - binding parameter (1:BIGINT) <- [63]
2025-12-18 01:05:38.891 [http-nio-8040-exec-4] DEBUG org.hibernate.SQL - 
    select
        ba1_0.id,
        ba1_0.account_holder_name,
        ba1_0.account_number,
        ba1_0.bank_name,
        ba1_0.created_at,
        ba1_0.employee_id,
        ba1_0.ifsc_code,
        ba1_0.is_primary,
        ba1_0.owner_type,
        ba1_0.updated_at,
        ba1_0.vendor_id 
    from
        bank_accounts ba1_0 
    where
        ba1_0.employee_id=?
2025-12-18 01:05:38.891 [http-nio-8040-exec-4] TRACE org.hibernate.orm.jdbc.bind - binding parameter (1:BIGINT) <- [64]
2025-12-18 01:05:38.893 [http-nio-8040-exec-4] DEBUG org.hibernate.SQL - 
    select
        ba1_0.id,
        ba1_0.account_holder_name,
        ba1_0.account_number,
        ba1_0.bank_name,
        ba1_0.created_at,
        ba1_0.employee_id,
        ba1_0.ifsc_code,
        ba1_0.is_primary,
        ba1_0.owner_type,
        ba1_0.updated_at,
        ba1_0.vendor_id 
    from
        bank_accounts ba1_0 
    where
        ba1_0.employee_id=?
2025-12-18 01:05:38.893 [http-nio-8040-exec-4] TRACE org.hibernate.orm.jdbc.bind - binding parameter (1:BIGINT) <- [65]
2025-12-18 01:05:38.894 [http-nio-8040-exec-4] DEBUG org.hibernate.SQL - 
    select
        ba1_0.id,
        ba1_0.account_holder_name,
        ba1_0.account_number,
        ba1_0.bank_name,
        ba1_0.created_at,
        ba1_0.employee_id,
        ba1_0.ifsc_code,
        ba1_0.is_primary,
        ba1_0.owner_type,
        ba1_0.updated_at,
        ba1_0.vendor_id 
    from
        bank_accounts ba1_0 
    where
        ba1_0.employee_id=?
2025-12-18 01:05:38.894 [http-nio-8040-exec-4] TRACE org.hibernate.orm.jdbc.bind - binding parameter (1:BIGINT) <- [66]
2025-12-18 01:05:38.896 [http-nio-8040-exec-4] DEBUG org.hibernate.SQL - 
    select
        ba1_0.id,
        ba1_0.account_holder_name,
        ba1_0.account_number,
        ba1_0.bank_name,
        ba1_0.created_at,
        ba1_0.employee_id,
        ba1_0.ifsc_code,
        ba1_0.is_primary,
        ba1_0.owner_type,
        ba1_0.updated_at,
        ba1_0.vendor_id 
    from
        bank_accounts ba1_0 
    where
        ba1_0.employee_id=?
2025-12-18 01:05:38.896 [http-nio-8040-exec-4] TRACE org.hibernate.orm.jdbc.bind - binding parameter (1:BIGINT) <- [67]
2025-12-18 01:05:38.897 [http-nio-8040-exec-4] DEBUG org.hibernate.SQL - 
    select
        ba1_0.id,
        ba1_0.account_holder_name,
        ba1_0.account_number,
        ba1_0.bank_name,
        ba1_0.created_at,
        ba1_0.employee_id,
        ba1_0.ifsc_code,
        ba1_0.is_primary,
        ba1_0.owner_type,
        ba1_0.updated_at,
        ba1_0.vendor_id 
    from
        bank_accounts ba1_0 
    where
        ba1_0.employee_id=?
2025-12-18 01:05:38.897 [http-nio-8040-exec-4] TRACE org.hibernate.orm.jdbc.bind - binding parameter (1:BIGINT) <- [68]
2025-12-18 01:05:38.898 [http-nio-8040-exec-4] DEBUG org.hibernate.SQL - 
    select
        ba1_0.id,
        ba1_0.account_holder_name,
        ba1_0.account_number,
        ba1_0.bank_name,
        ba1_0.created_at,
        ba1_0.employee_id,
        ba1_0.ifsc_code,
        ba1_0.is_primary,
        ba1_0.owner_type,
        ba1_0.updated_at,
        ba1_0.vendor_id 
    from
        bank_accounts ba1_0 
    where
        ba1_0.employee_id=?
2025-12-18 01:05:38.898 [http-nio-8040-exec-4] TRACE org.hibernate.orm.jdbc.bind - binding parameter (1:BIGINT) <- [69]
2025-12-18 01:05:38.898 [http-nio-8040-exec-4] DEBUG org.hibernate.SQL - 
    select
        ba1_0.id,
        ba1_0.account_holder_name,
        ba1_0.account_number,
        ba1_0.bank_name,
        ba1_0.created_at,
        ba1_0.employee_id,
        ba1_0.ifsc_code,
        ba1_0.is_primary,
        ba1_0.owner_type,
        ba1_0.updated_at,
        ba1_0.vendor_id 
    from
        bank_accounts ba1_0 
    where
        ba1_0.employee_id=?
2025-12-18 01:05:38.899 [http-nio-8040-exec-4] TRACE org.hibernate.orm.jdbc.bind - binding parameter (1:BIGINT) <- [70]
2025-12-18 01:05:38.900 [http-nio-8040-exec-4] DEBUG org.hibernate.SQL - 
    select
        ba1_0.id,
        ba1_0.account_holder_name,
        ba1_0.account_number,
        ba1_0.bank_name,
        ba1_0.created_at,
        ba1_0.employee_id,
        ba1_0.ifsc_code,
        ba1_0.is_primary,
        ba1_0.owner_type,
        ba1_0.updated_at,
        ba1_0.vendor_id 
    from
        bank_accounts ba1_0 
    where
        ba1_0.employee_id=?
2025-12-18 01:05:38.900 [http-nio-8040-exec-4] TRACE org.hibernate.orm.jdbc.bind - binding parameter (1:BIGINT) <- [71]
2025-12-18 01:05:38.901 [http-nio-8040-exec-4] DEBUG org.hibernate.SQL - 
    select
        ba1_0.id,
        ba1_0.account_holder_name,
        ba1_0.account_number,
        ba1_0.bank_name,
        ba1_0.created_at,
        ba1_0.employee_id,
        ba1_0.ifsc_code,
        ba1_0.is_primary,
        ba1_0.owner_type,
        ba1_0.updated_at,
        ba1_0.vendor_id 
    from
        bank_accounts ba1_0 
    where
        ba1_0.employee_id=?
2025-12-18 01:05:38.902 [http-nio-8040-exec-4] TRACE org.hibernate.orm.jdbc.bind - binding parameter (1:BIGINT) <- [72]
2025-12-18 01:05:38.903 [http-nio-8040-exec-4] DEBUG org.hibernate.SQL - 
    select
        ba1_0.id,
        ba1_0.account_holder_name,
        ba1_0.account_number,
        ba1_0.bank_name,
        ba1_0.created_at,
        ba1_0.employee_id,
        ba1_0.ifsc_code,
        ba1_0.is_primary,
        ba1_0.owner_type,
        ba1_0.updated_at,
        ba1_0.vendor_id 
    from
        bank_accounts ba1_0 
    where
        ba1_0.employee_id=?
2025-12-18 01:05:38.904 [http-nio-8040-exec-4] TRACE org.hibernate.orm.jdbc.bind - binding parameter (1:BIGINT) <- [73]
2025-12-18 01:05:38.905 [http-nio-8040-exec-4] DEBUG org.hibernate.SQL - 
    select
        ba1_0.id,
        ba1_0.account_holder_name,
        ba1_0.account_number,
        ba1_0.bank_name,
        ba1_0.created_at,
        ba1_0.employee_id,
        ba1_0.ifsc_code,
        ba1_0.is_primary,
        ba1_0.owner_type,
        ba1_0.updated_at,
        ba1_0.vendor_id 
    from
        bank_accounts ba1_0 
    where
        ba1_0.employee_id=?
2025-12-18 01:05:38.905 [http-nio-8040-exec-4] TRACE org.hibernate.orm.jdbc.bind - binding parameter (1:BIGINT) <- [74]
2025-12-18 01:05:38.906 [http-nio-8040-exec-4] DEBUG org.hibernate.SQL - 
    select
        ba1_0.id,
        ba1_0.account_holder_name,
        ba1_0.account_number,
        ba1_0.bank_name,
        ba1_0.created_at,
        ba1_0.employee_id,
        ba1_0.ifsc_code,
        ba1_0.is_primary,
        ba1_0.owner_type,
        ba1_0.updated_at,
        ba1_0.vendor_id 
    from
        bank_accounts ba1_0 
    where
        ba1_0.employee_id=?
2025-12-18 01:05:38.906 [http-nio-8040-exec-4] TRACE org.hibernate.orm.jdbc.bind - binding parameter (1:BIGINT) <- [75]
2025-12-18 01:05:38.907 [http-nio-8040-exec-4] DEBUG org.hibernate.SQL - 
    select
        ba1_0.id,
        ba1_0.account_holder_name,
        ba1_0.account_number,
        ba1_0.bank_name,
        ba1_0.created_at,
        ba1_0.employee_id,
        ba1_0.ifsc_code,
        ba1_0.is_primary,
        ba1_0.owner_type,
        ba1_0.updated_at,
        ba1_0.vendor_id 
    from
        bank_accounts ba1_0 
    where
        ba1_0.employee_id=?
2025-12-18 01:05:38.907 [http-nio-8040-exec-4] TRACE org.hibernate.orm.jdbc.bind - binding parameter (1:BIGINT) <- [76]
2025-12-18 01:05:38.908 [http-nio-8040-exec-4] DEBUG org.hibernate.SQL - 
    select
        ba1_0.id,
        ba1_0.account_holder_name,
        ba1_0.account_number,
        ba1_0.bank_name,
        ba1_0.created_at,
        ba1_0.employee_id,
        ba1_0.ifsc_code,
        ba1_0.is_primary,
        ba1_0.owner_type,
        ba1_0.updated_at,
        ba1_0.vendor_id 
    from
        bank_accounts ba1_0 
    where
        ba1_0.employee_id=?
2025-12-18 01:05:38.908 [http-nio-8040-exec-4] TRACE org.hibernate.orm.jdbc.bind - binding parameter (1:BIGINT) <- [77]
2025-12-18 01:05:38.909 [http-nio-8040-exec-4] DEBUG org.hibernate.SQL - 
    select
        ba1_0.id,
        ba1_0.account_holder_name,
        ba1_0.account_number,
        ba1_0.bank_name,
        ba1_0.created_at,
        ba1_0.employee_id,
        ba1_0.ifsc_code,
        ba1_0.is_primary,
        ba1_0.owner_type,
        ba1_0.updated_at,
        ba1_0.vendor_id 
    from
        bank_accounts ba1_0 
    where
        ba1_0.employee_id=?
2025-12-18 01:05:38.910 [http-nio-8040-exec-4] TRACE org.hibernate.orm.jdbc.bind - binding parameter (1:BIGINT) <- [78]
2025-12-18 01:05:38.911 [http-nio-8040-exec-4] DEBUG org.hibernate.SQL - 
    select
        ba1_0.id,
        ba1_0.account_holder_name,
        ba1_0.account_number,
        ba1_0.bank_name,
        ba1_0.created_at,
        ba1_0.employee_id,
        ba1_0.ifsc_code,
        ba1_0.is_primary,
        ba1_0.owner_type,
        ba1_0.updated_at,
        ba1_0.vendor_id 
    from
        bank_accounts ba1_0 
    where
        ba1_0.employee_id=?
2025-12-18 01:05:38.911 [http-nio-8040-exec-4] TRACE org.hibernate.orm.jdbc.bind - binding parameter (1:BIGINT) <- [79]
2025-12-18 01:05:38.912 [http-nio-8040-exec-4] DEBUG org.hibernate.SQL - 
    select
        ba1_0.id,
        ba1_0.account_holder_name,
        ba1_0.account_number,
        ba1_0.bank_name,
        ba1_0.created_at,
        ba1_0.employee_id,
        ba1_0.ifsc_code,
        ba1_0.is_primary,
        ba1_0.owner_type,
        ba1_0.updated_at,
        ba1_0.vendor_id 
    from
        bank_accounts ba1_0 
    where
        ba1_0.employee_id=?
2025-12-18 01:05:38.912 [http-nio-8040-exec-4] TRACE org.hibernate.orm.jdbc.bind - binding parameter (1:BIGINT) <- [80]
2025-12-18 01:05:38.914 [http-nio-8040-exec-4] DEBUG org.hibernate.SQL - 
    select
        ba1_0.id,
        ba1_0.account_holder_name,
        ba1_0.account_number,
        ba1_0.bank_name,
        ba1_0.created_at,
        ba1_0.employee_id,
        ba1_0.ifsc_code,
        ba1_0.is_primary,
        ba1_0.owner_type,
        ba1_0.updated_at,
        ba1_0.vendor_id 
    from
        bank_accounts ba1_0 
    where
        ba1_0.employee_id=?
2025-12-18 01:05:38.914 [http-nio-8040-exec-4] TRACE org.hibernate.orm.jdbc.bind - binding parameter (1:BIGINT) <- [81]
2025-12-18 01:05:38.915 [http-nio-8040-exec-4] DEBUG org.hibernate.SQL - 
    select
        ba1_0.id,
        ba1_0.account_holder_name,
        ba1_0.account_number,
        ba1_0.bank_name,
        ba1_0.created_at,
        ba1_0.employee_id,
        ba1_0.ifsc_code,
        ba1_0.is_primary,
        ba1_0.owner_type,
        ba1_0.updated_at,
        ba1_0.vendor_id 
    from
        bank_accounts ba1_0 
    where
        ba1_0.employee_id=?
2025-12-18 01:05:38.915 [http-nio-8040-exec-4] TRACE org.hibernate.orm.jdbc.bind - binding parameter (1:BIGINT) <- [82]
2025-12-18 01:05:38.916 [http-nio-8040-exec-4] DEBUG org.hibernate.SQL - 
    select
        ba1_0.id,
        ba1_0.account_holder_name,
        ba1_0.account_number,
        ba1_0.bank_name,
        ba1_0.created_at,
        ba1_0.employee_id,
        ba1_0.ifsc_code,
        ba1_0.is_primary,
        ba1_0.owner_type,
        ba1_0.updated_at,
        ba1_0.vendor_id 
    from
        bank_accounts ba1_0 
    where
        ba1_0.employee_id=?
2025-12-18 01:05:38.916 [http-nio-8040-exec-4] TRACE org.hibernate.orm.jdbc.bind - binding parameter (1:BIGINT) <- [83]
2025-12-18 01:05:38.918 [http-nio-8040-exec-4] DEBUG org.hibernate.SQL - 
    select
        ba1_0.id,
        ba1_0.account_holder_name,
        ba1_0.account_number,
        ba1_0.bank_name,
        ba1_0.created_at,
        ba1_0.employee_id,
        ba1_0.ifsc_code,
        ba1_0.is_primary,
        ba1_0.owner_type,
        ba1_0.updated_at,
        ba1_0.vendor_id 
    from
        bank_accounts ba1_0 
    where
        ba1_0.employee_id=?
2025-12-18 01:05:38.918 [http-nio-8040-exec-4] TRACE org.hibernate.orm.jdbc.bind - binding parameter (1:BIGINT) <- [84]
2025-12-18 01:05:38.919 [http-nio-8040-exec-4] DEBUG org.hibernate.SQL - 
    select
        ba1_0.id,
        ba1_0.account_holder_name,
        ba1_0.account_number,
        ba1_0.bank_name,
        ba1_0.created_at,
        ba1_0.employee_id,
        ba1_0.ifsc_code,
        ba1_0.is_primary,
        ba1_0.owner_type,
        ba1_0.updated_at,
        ba1_0.vendor_id 
    from
        bank_accounts ba1_0 
    where
        ba1_0.employee_id=?
2025-12-18 01:05:38.920 [http-nio-8040-exec-4] TRACE org.hibernate.orm.jdbc.bind - binding parameter (1:BIGINT) <- [85]
2025-12-18 01:05:38.922 [http-nio-8040-exec-4] DEBUG org.hibernate.SQL - 
    select
        ba1_0.id,
        ba1_0.account_holder_name,
        ba1_0.account_number,
        ba1_0.bank_name,
        ba1_0.created_at,
        ba1_0.employee_id,
        ba1_0.ifsc_code,
        ba1_0.is_primary,
        ba1_0.owner_type,
        ba1_0.updated_at,
        ba1_0.vendor_id 
    from
        bank_accounts ba1_0 
    where
        ba1_0.employee_id=?
2025-12-18 01:05:38.922 [http-nio-8040-exec-4] TRACE org.hibernate.orm.jdbc.bind - binding parameter (1:BIGINT) <- [86]
2025-12-18 01:05:38.923 [http-nio-8040-exec-4] DEBUG org.hibernate.SQL - 
    select
        ba1_0.id,
        ba1_0.account_holder_name,
        ba1_0.account_number,
        ba1_0.bank_name,
        ba1_0.created_at,
        ba1_0.employee_id,
        ba1_0.ifsc_code,
        ba1_0.is_primary,
        ba1_0.owner_type,
        ba1_0.updated_at,
        ba1_0.vendor_id 
    from
        bank_accounts ba1_0 
    where
        ba1_0.employee_id=?
2025-12-18 01:05:38.924 [http-nio-8040-exec-4] TRACE org.hibernate.orm.jdbc.bind - binding parameter (1:BIGINT) <- [87]
2025-12-18 01:05:38.926 [http-nio-8040-exec-4] DEBUG org.hibernate.SQL - 
    select
        ba1_0.id,
        ba1_0.account_holder_name,
        ba1_0.account_number,
        ba1_0.bank_name,
        ba1_0.created_at,
        ba1_0.employee_id,
        ba1_0.ifsc_code,
        ba1_0.is_primary,
        ba1_0.owner_type,
        ba1_0.updated_at,
        ba1_0.vendor_id 
    from
        bank_accounts ba1_0 
    where
        ba1_0.employee_id=?
2025-12-18 01:05:38.926 [http-nio-8040-exec-4] TRACE org.hibernate.orm.jdbc.bind - binding parameter (1:BIGINT) <- [88]
2025-12-18 01:05:38.927 [http-nio-8040-exec-4] DEBUG org.hibernate.SQL - 
    select
        ba1_0.id,
        ba1_0.account_holder_name,
        ba1_0.account_number,
        ba1_0.bank_name,
        ba1_0.created_at,
        ba1_0.employee_id,
        ba1_0.ifsc_code,
        ba1_0.is_primary,
        ba1_0.owner_type,
        ba1_0.updated_at,
        ba1_0.vendor_id 
    from
        bank_accounts ba1_0 
    where
        ba1_0.employee_id=?
2025-12-18 01:05:38.927 [http-nio-8040-exec-4] TRACE org.hibernate.orm.jdbc.bind - binding parameter (1:BIGINT) <- [89]
2025-12-18 01:05:38.929 [http-nio-8040-exec-4] DEBUG org.hibernate.SQL - 
    select
        ba1_0.id,
        ba1_0.account_holder_name,
        ba1_0.account_number,
        ba1_0.bank_name,
        ba1_0.created_at,
        ba1_0.employee_id,
        ba1_0.ifsc_code,
        ba1_0.is_primary,
        ba1_0.owner_type,
        ba1_0.updated_at,
        ba1_0.vendor_id 
    from
        bank_accounts ba1_0 
    where
        ba1_0.employee_id=?
2025-12-18 01:05:38.929 [http-nio-8040-exec-4] TRACE org.hibernate.orm.jdbc.bind - binding parameter (1:BIGINT) <- [90]
2025-12-18 01:05:38.931 [http-nio-8040-exec-4] DEBUG org.hibernate.SQL - 
    select
        ba1_0.id,
        ba1_0.account_holder_name,
        ba1_0.account_number,
        ba1_0.bank_name,
        ba1_0.created_at,
        ba1_0.employee_id,
        ba1_0.ifsc_code,
        ba1_0.is_primary,
        ba1_0.owner_type,
        ba1_0.updated_at,
        ba1_0.vendor_id 
    from
        bank_accounts ba1_0 
    where
        ba1_0.employee_id=?
2025-12-18 01:05:38.931 [http-nio-8040-exec-4] TRACE org.hibernate.orm.jdbc.bind - binding parameter (1:BIGINT) <- [91]
2025-12-18 01:05:38.935 [http-nio-8040-exec-4] DEBUG org.hibernate.SQL - 
    select
        ba1_0.id,
        ba1_0.account_holder_name,
        ba1_0.account_number,
        ba1_0.bank_name,
        ba1_0.created_at,
        ba1_0.employee_id,
        ba1_0.ifsc_code,
        ba1_0.is_primary,
        ba1_0.owner_type,
        ba1_0.updated_at,
        ba1_0.vendor_id 
    from
        bank_accounts ba1_0 
    where
        ba1_0.employee_id=?
2025-12-18 01:05:38.935 [http-nio-8040-exec-4] TRACE org.hibernate.orm.jdbc.bind - binding parameter (1:BIGINT) <- [92]
2025-12-18 01:05:38.936 [http-nio-8040-exec-4] DEBUG org.hibernate.SQL - 
    select
        ba1_0.id,
        ba1_0.account_holder_name,
        ba1_0.account_number,
        ba1_0.bank_name,
        ba1_0.created_at,
        ba1_0.employee_id,
        ba1_0.ifsc_code,
        ba1_0.is_primary,
        ba1_0.owner_type,
        ba1_0.updated_at,
        ba1_0.vendor_id 
    from
        bank_accounts ba1_0 
    where
        ba1_0.employee_id=?
2025-12-18 01:05:38.937 [http-nio-8040-exec-4] TRACE org.hibernate.orm.jdbc.bind - binding parameter (1:BIGINT) <- [93]
2025-12-18 01:05:38.939 [http-nio-8040-exec-4] DEBUG org.hibernate.SQL - 
    select
        ba1_0.id,
        ba1_0.account_holder_name,
        ba1_0.account_number,
        ba1_0.bank_name,
        ba1_0.created_at,
        ba1_0.employee_id,
        ba1_0.ifsc_code,
        ba1_0.is_primary,
        ba1_0.owner_type,
        ba1_0.updated_at,
        ba1_0.vendor_id 
    from
        bank_accounts ba1_0 
    where
        ba1_0.employee_id=?
2025-12-18 01:05:38.939 [http-nio-8040-exec-4] TRACE org.hibernate.orm.jdbc.bind - binding parameter (1:BIGINT) <- [94]
2025-12-18 01:05:38.941 [http-nio-8040-exec-4] DEBUG org.hibernate.SQL - 
    select
        ba1_0.id,
        ba1_0.account_holder_name,
        ba1_0.account_number,
        ba1_0.bank_name,
        ba1_0.created_at,
        ba1_0.employee_id,
        ba1_0.ifsc_code,
        ba1_0.is_primary,
        ba1_0.owner_type,
        ba1_0.updated_at,
        ba1_0.vendor_id 
    from
        bank_accounts ba1_0 
    where
        ba1_0.employee_id=?
2025-12-18 01:05:38.941 [http-nio-8040-exec-4] TRACE org.hibernate.orm.jdbc.bind - binding parameter (1:BIGINT) <- [95]
2025-12-18 01:05:38.943 [http-nio-8040-exec-4] DEBUG org.hibernate.SQL - 
    select
        ba1_0.id,
        ba1_0.account_holder_name,
        ba1_0.account_number,
        ba1_0.bank_name,
        ba1_0.created_at,
        ba1_0.employee_id,
        ba1_0.ifsc_code,
        ba1_0.is_primary,
        ba1_0.owner_type,
        ba1_0.updated_at,
        ba1_0.vendor_id 
    from
        bank_accounts ba1_0 
    where
        ba1_0.employee_id=?
2025-12-18 01:05:38.943 [http-nio-8040-exec-4] TRACE org.hibernate.orm.jdbc.bind - binding parameter (1:BIGINT) <- [96]
2025-12-18 01:05:38.945 [http-nio-8040-exec-4] DEBUG org.hibernate.SQL - 
    select
        ba1_0.id,
        ba1_0.account_holder_name,
        ba1_0.account_number,
        ba1_0.bank_name,
        ba1_0.created_at,
        ba1_0.employee_id,
        ba1_0.ifsc_code,
        ba1_0.is_primary,
        ba1_0.owner_type,
        ba1_0.updated_at,
        ba1_0.vendor_id 
    from
        bank_accounts ba1_0 
    where
        ba1_0.employee_id=?
2025-12-18 01:05:38.945 [http-nio-8040-exec-4] TRACE org.hibernate.orm.jdbc.bind - binding parameter (1:BIGINT) <- [97]
2025-12-18 01:05:38.947 [http-nio-8040-exec-4] DEBUG org.hibernate.SQL - 
    select
        ba1_0.id,
        ba1_0.account_holder_name,
        ba1_0.account_number,
        ba1_0.bank_name,
        ba1_0.created_at,
        ba1_0.employee_id,
        ba1_0.ifsc_code,
        ba1_0.is_primary,
        ba1_0.owner_type,
        ba1_0.updated_at,
        ba1_0.vendor_id 
    from
        bank_accounts ba1_0 
    where
        ba1_0.employee_id=?
2025-12-18 01:05:38.947 [http-nio-8040-exec-4] TRACE org.hibernate.orm.jdbc.bind - binding parameter (1:BIGINT) <- [98]
2025-12-18 01:05:38.948 [http-nio-8040-exec-4] DEBUG org.hibernate.SQL - 
    select
        ba1_0.id,
        ba1_0.account_holder_name,
        ba1_0.account_number,
        ba1_0.bank_name,
        ba1_0.created_at,
        ba1_0.employee_id,
        ba1_0.ifsc_code,
        ba1_0.is_primary,
        ba1_0.owner_type,
        ba1_0.updated_at,
        ba1_0.vendor_id 
    from
        bank_accounts ba1_0 
    where
        ba1_0.employee_id=?
2025-12-18 01:05:38.948 [http-nio-8040-exec-4] TRACE org.hibernate.orm.jdbc.bind - binding parameter (1:BIGINT) <- [99]
2025-12-18 01:05:38.950 [http-nio-8040-exec-4] DEBUG org.hibernate.SQL - 
    select
        ba1_0.id,
        ba1_0.account_holder_name,
        ba1_0.account_number,
        ba1_0.bank_name,
        ba1_0.created_at,
        ba1_0.employee_id,
        ba1_0.ifsc_code,
        ba1_0.is_primary,
        ba1_0.owner_type,
        ba1_0.updated_at,
        ba1_0.vendor_id 
    from
        bank_accounts ba1_0 
    where
        ba1_0.employee_id=?
2025-12-18 01:05:38.951 [http-nio-8040-exec-4] TRACE org.hibernate.orm.jdbc.bind - binding parameter (1:BIGINT) <- [100]
2025-12-18 01:05:38.958 [http-nio-8040-exec-4] DEBUG org.hibernate.SQL - 
    select
        count(e1_0.id) 
    from
        employees e1_0 
    left join
        organizations o1_0 
            on o1_0.id=e1_0.organization_id 
    where
        o1_0.id=? 
        and e1_0.is_active
2025-12-18 01:05:38.958 [http-nio-8040-exec-4] TRACE org.hibernate.orm.jdbc.bind - binding parameter (1:INTEGER) <- [1]
2025-12-18 01:05:38.962 [http-nio-8040-exec-4] DEBUG org.hibernate.SQL - 
    select
        count(v1_0.id) 
    from
        vendors v1_0 
    left join
        organizations o1_0 
            on o1_0.id=v1_0.organization_id 
    where
        o1_0.id=? 
        and v1_0.is_active
2025-12-18 01:05:38.962 [http-nio-8040-exec-4] TRACE org.hibernate.orm.jdbc.bind - binding parameter (1:INTEGER) <- [1]
2025-12-18 01:05:38.967 [http-nio-8040-exec-4] DEBUG org.hibernate.SQL - 
    select
        count(i1_0.id) 
    from
        invoices i1_0 
    left join
        organizations o1_0 
            on o1_0.id=i1_0.organization_id 
    where
        o1_0.id=? 
        and i1_0.status<>?
2025-12-18 01:05:38.968 [http-nio-8040-exec-4] TRACE org.hibernate.orm.jdbc.bind - binding parameter (1:INTEGER) <- [1]
2025-12-18 01:05:38.968 [http-nio-8040-exec-4] TRACE org.hibernate.orm.jdbc.bind - binding parameter (2:ENUM) <- [PAID]
2025-12-18 01:05:38.974 [http-nio-8040-exec-4] DEBUG org.hibernate.SQL - 
    select
        count(i1_0.id) 
    from
        invoices i1_0 
    left join
        organizations o1_0 
            on o1_0.id=i1_0.organization_id 
    where
        o1_0.id=? 
        and i1_0.status<>? 
        and i1_0.created_at<?
2025-12-18 01:05:38.974 [http-nio-8040-exec-4] TRACE org.hibernate.orm.jdbc.bind - binding parameter (1:INTEGER) <- [1]
2025-12-18 01:05:38.974 [http-nio-8040-exec-4] TRACE org.hibernate.orm.jdbc.bind - binding parameter (2:ENUM) <- [PAID]
2025-12-18 01:05:38.974 [http-nio-8040-exec-4] TRACE org.hibernate.orm.jdbc.bind - binding parameter (3:TIMESTAMP) <- [2025-12-01T00:00]
2025-12-18 01:05:39.001 [http-nio-8040-exec-4] DEBUG org.hibernate.SQL - 
    select
        coalesce(sum(i1_0.amount), 0) 
    from
        invoices i1_0 
    where
        i1_0.organization_id=? 
        and i1_0.status='PAID' 
        and i1_0.paid_at>=?
2025-12-18 01:05:39.002 [http-nio-8040-exec-4] TRACE org.hibernate.orm.jdbc.bind - binding parameter (1:INTEGER) <- [1]
2025-12-18 01:05:39.002 [http-nio-8040-exec-4] TRACE org.hibernate.orm.jdbc.bind - binding parameter (2:TIMESTAMP) <- [2025-12-01T00:00]
2025-12-18 01:05:39.007 [http-nio-8040-exec-4] DEBUG org.hibernate.SQL - 
    select
        coalesce(sum(i1_0.amount), 0) 
    from
        invoices i1_0 
    where
        i1_0.organization_id=? 
        and i1_0.status<>'PAID'
2025-12-18 01:05:39.007 [http-nio-8040-exec-4] TRACE org.hibernate.orm.jdbc.bind - binding parameter (1:INTEGER) <- [1]
2025-12-18 01:05:39.011 [http-nio-8040-exec-4] DEBUG org.hibernate.SQL - 
    select
        coalesce(sum(vp1_0.amount), 0) 
    from
        vendor_payments vp1_0 
    where
        vp1_0.organization_id=? 
        and vp1_0.status='PROCESSED' 
        and vp1_0.payment_date>=?
2025-12-18 01:05:39.012 [http-nio-8040-exec-4] TRACE org.hibernate.orm.jdbc.bind - binding parameter (1:INTEGER) <- [1]
2025-12-18 01:05:39.012 [http-nio-8040-exec-4] TRACE org.hibernate.orm.jdbc.bind - binding parameter (2:DATE) <- [2025-12-01]
2025-12-18 01:05:39.017 [http-nio-8040-exec-4] DEBUG org.hibernate.SQL - 
    select
        count(t1_0.id) 
    from
        transactions t1_0 
    left join
        organizations o1_0 
            on o1_0.id=t1_0.organization_id 
    where
        o1_0.id=? 
        and t1_0.transaction_date>?
2025-12-18 01:05:39.018 [http-nio-8040-exec-4] TRACE org.hibernate.orm.jdbc.bind - binding parameter (1:INTEGER) <- [1]
2025-12-18 01:05:39.018 [http-nio-8040-exec-4] TRACE org.hibernate.orm.jdbc.bind - binding parameter (2:TIMESTAMP) <- [2025-12-01T00:00]
2025-12-18 01:05:39.024 [http-nio-8040-exec-4] DEBUG org.hibernate.SQL - 
    select
        coalesce(sum(t1_0.amount), 0) 
    from
        transactions t1_0 
    where
        t1_0.organization_id=? 
        and t1_0.transaction_date>=?
2025-12-18 01:05:39.024 [http-nio-8040-exec-4] TRACE org.hibernate.orm.jdbc.bind - binding parameter (1:INTEGER) <- [1]
2025-12-18 01:05:39.024 [http-nio-8040-exec-4] TRACE org.hibernate.orm.jdbc.bind - binding parameter (2:TIMESTAMP) <- [2025-12-01T00:00]
2025-12-18 01:05:39.032 [http-nio-8040-exec-4] DEBUG org.hibernate.SQL - 
    select
        t1_0.id,
        t1_0.amount,
        t1_0.balance_after_transaction,
        t1_0.description,
        t1_0.organization_id,
        t1_0.source_id,
        t1_0.source_type,
        t1_0.transaction_date,
        t1_0.transaction_type 
    from
        transactions t1_0 
    left join
        organizations o1_0 
            on o1_0.id=t1_0.organization_id 
    where
        o1_0.id=? 
    order by
        t1_0.transaction_date desc,
        t1_0.transaction_date desc 
    limit
        ?
2025-12-18 01:05:39.032 [http-nio-8040-exec-4] TRACE org.hibernate.orm.jdbc.bind - binding parameter (1:INTEGER) <- [1]
2025-12-18 01:05:39.032 [http-nio-8040-exec-4] TRACE org.hibernate.orm.jdbc.bind - binding parameter (2:INTEGER) <- [5]
2025-12-18 01:05:39.042 [http-nio-8040-exec-4] DEBUG org.hibernate.SQL - 
    select
        count(t1_0.id) 
    from
        transactions t1_0 
    left join
        organizations o1_0 
            on o1_0.id=t1_0.organization_id 
    where
        o1_0.id=?
2025-12-18 01:05:39.043 [http-nio-8040-exec-4] TRACE org.hibernate.orm.jdbc.bind - binding parameter (1:INTEGER) <- [1]
2025-12-18 01:05:49.059 [http-nio-8040-exec-6] DEBUG org.hibernate.SQL - 
    select
        u1_0.id,
        u1_0.created_at,
        u1_0.email,
        u1_0.full_name,
        u1_0.is_active,
        u1_0.organization_id,
        u1_0.password,
        u1_0.requires_password_change,
        u1_0.role,
        u1_0.updated_at,
        u1_0.username 
    from
        users u1_0 
    where
        u1_0.username=?
2025-12-18 01:05:49.060 [http-nio-8040-exec-6] TRACE org.hibernate.orm.jdbc.bind - binding parameter (1:VARCHAR) <- [sony]
2025-12-18 01:05:49.067 [http-nio-8040-exec-6] INFO  c.a.p.c.c.ClientPortalController - Request to get all clients for organization
2025-12-18 01:05:49.070 [http-nio-8040-exec-6] DEBUG org.hibernate.SQL - 
    select
        u1_0.id,
        u1_0.created_at,
        u1_0.email,
        u1_0.full_name,
        u1_0.is_active,
        u1_0.organization_id,
        u1_0.password,
        u1_0.requires_password_change,
        u1_0.role,
        u1_0.updated_at,
        u1_0.username 
    from
        users u1_0 
    where
        u1_0.username=?
2025-12-18 01:05:49.070 [http-nio-8040-exec-6] TRACE org.hibernate.orm.jdbc.bind - binding parameter (1:VARCHAR) <- [sony]
2025-12-18 01:05:49.073 [http-nio-8040-exec-6] DEBUG org.hibernate.SQL - 
    select
        c1_0.id,
        c1_0.address,
        c1_0.balance,
        c1_0.client_name,
        c1_0.contact_email,
        c1_0.contact_phone,
        c1_0.created_at,
        c1_0.organization_id,
        c1_0.status,
        c1_0.updated_at,
        c1_0.user_id 
    from
        clients c1_0 
    left join
        organizations o1_0 
            on o1_0.id=c1_0.organization_id 
    where
        o1_0.id=?
2025-12-18 01:05:49.074 [http-nio-8040-exec-6] TRACE org.hibernate.orm.jdbc.bind - binding parameter (1:INTEGER) <- [1]
2025-12-18 01:05:57.144 [http-nio-8040-exec-8] DEBUG org.hibernate.SQL - 
    select
        u1_0.id,
        u1_0.created_at,
        u1_0.email,
        u1_0.full_name,
        u1_0.is_active,
        u1_0.organization_id,
        u1_0.password,
        u1_0.requires_password_change,
        u1_0.role,
        u1_0.updated_at,
        u1_0.username 
    from
        users u1_0 
    where
        u1_0.username=?
2025-12-18 01:05:57.145 [http-nio-8040-exec-8] TRACE org.hibernate.orm.jdbc.bind - binding parameter (1:VARCHAR) <- [sony]
2025-12-18 01:05:57.153 [http-nio-8040-exec-8] INFO  c.a.p.c.ClientDepositController - ORG_ADMIN sony fetching all deposit requests
2025-12-18 01:05:57.156 [http-nio-8040-exec-8] DEBUG org.hibernate.SQL - 
    select
        cdr1_0.id,
        cdr1_0.amount,
        cdr1_0.approved_by,
        cdr1_0.client_id,
        cdr1_0.created_at,
        cdr1_0.organization_id,
        cdr1_0.processed_at,
        cdr1_0.reference_number,
        cdr1_0.rejection_reason,
        cdr1_0.remarks,
        cdr1_0.status,
        cdr1_0.updated_at 
    from
        client_deposit_requests cdr1_0 
    left join
        organizations o1_0 
            on o1_0.id=cdr1_0.organization_id 
    where
        o1_0.id=? 
    order by
        cdr1_0.created_at desc
2025-12-18 01:05:57.157 [http-nio-8040-exec-8] TRACE org.hibernate.orm.jdbc.bind - binding parameter (1:INTEGER) <- [1]
2025-12-18 01:05:58.762 [http-nio-8040-exec-10] DEBUG org.hibernate.SQL - 
    select
        u1_0.id,
        u1_0.created_at,
        u1_0.email,
        u1_0.full_name,
        u1_0.is_active,
        u1_0.organization_id,
        u1_0.password,
        u1_0.requires_password_change,
        u1_0.role,
        u1_0.updated_at,
        u1_0.username 
    from
        users u1_0 
    where
        u1_0.username=?
2025-12-18 01:05:58.763 [http-nio-8040-exec-10] TRACE org.hibernate.orm.jdbc.bind - binding parameter (1:VARCHAR) <- [sony]
2025-12-18 01:05:58.770 [http-nio-8040-exec-10] INFO  c.a.p.controller.InvoiceController - Fetching invoices for organization: 1
2025-12-18 01:05:58.775 [http-nio-8040-exec-10] DEBUG org.hibernate.SQL - 
    select
        i1_0.id,
        i1_0.amount,
        i1_0.client_id,
        i1_0.created_at,
        i1_0.due_date,
        i1_0.invoice_number,
        i1_0.issue_date,
        i1_0.organization_id,
        i1_0.paid_amount,
        i1_0.paid_at,
        i1_0.status,
        i1_0.updated_at 
    from
        invoices i1_0 
    left join
        organizations o1_0 
            on o1_0.id=i1_0.organization_id 
    where
        o1_0.id=?
2025-12-18 01:05:58.775 [http-nio-8040-exec-10] TRACE org.hibernate.orm.jdbc.bind - binding parameter (1:INTEGER) <- [1]
2025-12-18 01:06:04.408 [http-nio-8040-exec-2] DEBUG org.hibernate.SQL - 
    select
        u1_0.id,
        u1_0.created_at,
        u1_0.email,
        u1_0.full_name,
        u1_0.is_active,
        u1_0.organization_id,
        u1_0.password,
        u1_0.requires_password_change,
        u1_0.role,
        u1_0.updated_at,
        u1_0.username 
    from
        users u1_0 
    where
        u1_0.username=?
2025-12-18 01:06:04.409 [http-nio-8040-exec-2] TRACE org.hibernate.orm.jdbc.bind - binding parameter (1:VARCHAR) <- [sony]
2025-12-18 01:06:04.414 [http-nio-8040-exec-2] INFO  c.a.p.c.ClientDepositController - ORG_ADMIN sony fetching all deposit requests
2025-12-18 01:06:04.418 [http-nio-8040-exec-2] DEBUG org.hibernate.SQL - 
    select
        cdr1_0.id,
        cdr1_0.amount,
        cdr1_0.approved_by,
        cdr1_0.client_id,
        cdr1_0.created_at,
        cdr1_0.organization_id,
        cdr1_0.processed_at,
        cdr1_0.reference_number,
        cdr1_0.rejection_reason,
        cdr1_0.remarks,
        cdr1_0.status,
        cdr1_0.updated_at 
    from
        client_deposit_requests cdr1_0 
    left join
        organizations o1_0 
            on o1_0.id=cdr1_0.organization_id 
    where
        o1_0.id=? 
    order by
        cdr1_0.created_at desc
2025-12-18 01:06:04.418 [http-nio-8040-exec-2] TRACE org.hibernate.orm.jdbc.bind - binding parameter (1:INTEGER) <- [1]
2025-12-18 01:06:10.883 [http-nio-8040-exec-4] DEBUG org.hibernate.SQL - 
    select
        u1_0.id,
        u1_0.created_at,
        u1_0.email,
        u1_0.full_name,
        u1_0.is_active,
        u1_0.organization_id,
        u1_0.password,
        u1_0.requires_password_change,
        u1_0.role,
        u1_0.updated_at,
        u1_0.username 
    from
        users u1_0 
    where
        u1_0.username=?
2025-12-18 01:06:10.884 [http-nio-8040-exec-4] TRACE org.hibernate.orm.jdbc.bind - binding parameter (1:VARCHAR) <- [sony]
2025-12-18 01:06:10.890 [http-nio-8040-exec-4] INFO  c.a.p.c.ClientDepositController - ORG_ADMIN sony fetching all deposit requests
2025-12-18 01:06:10.893 [http-nio-8040-exec-4] DEBUG org.hibernate.SQL - 
    select
        cdr1_0.id,
        cdr1_0.amount,
        cdr1_0.approved_by,
        cdr1_0.client_id,
        cdr1_0.created_at,
        cdr1_0.organization_id,
        cdr1_0.processed_at,
        cdr1_0.reference_number,
        cdr1_0.rejection_reason,
        cdr1_0.remarks,
        cdr1_0.status,
        cdr1_0.updated_at 
    from
        client_deposit_requests cdr1_0 
    left join
        organizations o1_0 
            on o1_0.id=cdr1_0.organization_id 
    where
        o1_0.id=? 
    order by
        cdr1_0.created_at desc
2025-12-18 01:06:10.893 [http-nio-8040-exec-4] TRACE org.hibernate.orm.jdbc.bind - binding parameter (1:INTEGER) <- [1]
2025-12-18 01:06:12.779 [http-nio-8040-exec-6] DEBUG org.hibernate.SQL - 
    select
        u1_0.id,
        u1_0.created_at,
        u1_0.email,
        u1_0.full_name,
        u1_0.is_active,
        u1_0.organization_id,
        u1_0.password,
        u1_0.requires_password_change,
        u1_0.role,
        u1_0.updated_at,
        u1_0.username 
    from
        users u1_0 
    where
        u1_0.username=?
2025-12-18 01:06:12.780 [http-nio-8040-exec-6] TRACE org.hibernate.orm.jdbc.bind - binding parameter (1:VARCHAR) <- [sony]
2025-12-18 01:06:12.786 [http-nio-8040-exec-6] INFO  c.a.p.c.c.ClientPortalController - Request to get all clients for organization
2025-12-18 01:06:12.790 [http-nio-8040-exec-6] DEBUG org.hibernate.SQL - 
    select
        u1_0.id,
        u1_0.created_at,
        u1_0.email,
        u1_0.full_name,
        u1_0.is_active,
        u1_0.organization_id,
        u1_0.password,
        u1_0.requires_password_change,
        u1_0.role,
        u1_0.updated_at,
        u1_0.username 
    from
        users u1_0 
    where
        u1_0.username=?
2025-12-18 01:06:12.790 [http-nio-8040-exec-6] TRACE org.hibernate.orm.jdbc.bind - binding parameter (1:VARCHAR) <- [sony]
2025-12-18 01:06:12.794 [http-nio-8040-exec-6] DEBUG org.hibernate.SQL - 
    select
        c1_0.id,
        c1_0.address,
        c1_0.balance,
        c1_0.client_name,
        c1_0.contact_email,
        c1_0.contact_phone,
        c1_0.created_at,
        c1_0.organization_id,
        c1_0.status,
        c1_0.updated_at,
        c1_0.user_id 
    from
        clients c1_0 
    left join
        organizations o1_0 
            on o1_0.id=c1_0.organization_id 
    where
        o1_0.id=?
2025-12-18 01:06:12.794 [http-nio-8040-exec-6] TRACE org.hibernate.orm.jdbc.bind - binding parameter (1:INTEGER) <- [1]
2025-12-18 01:06:55.238 [http-nio-8040-exec-8] DEBUG org.hibernate.SQL - 
    select
        u1_0.id,
        u1_0.created_at,
        u1_0.email,
        u1_0.full_name,
        u1_0.is_active,
        u1_0.organization_id,
        u1_0.password,
        u1_0.requires_password_change,
        u1_0.role,
        u1_0.updated_at,
        u1_0.username 
    from
        users u1_0 
    where
        u1_0.username=?
2025-12-18 01:06:55.239 [http-nio-8040-exec-8] TRACE org.hibernate.orm.jdbc.bind - binding parameter (1:VARCHAR) <- [sony]
2025-12-18 01:06:55.379 [http-nio-8040-exec-8] INFO  c.a.p.c.c.ClientPortalController - Request to onboard client with email: vasoj67253@fftube.com
2025-12-18 01:06:55.380 [http-nio-8040-exec-8] DEBUG org.hibernate.SQL - 
    select
        u1_0.id,
        u1_0.created_at,
        u1_0.email,
        u1_0.full_name,
        u1_0.is_active,
        u1_0.organization_id,
        u1_0.password,
        u1_0.requires_password_change,
        u1_0.role,
        u1_0.updated_at,
        u1_0.username 
    from
        users u1_0 
    where
        u1_0.username=?
2025-12-18 01:06:55.381 [http-nio-8040-exec-8] TRACE org.hibernate.orm.jdbc.bind - binding parameter (1:VARCHAR) <- [sony]
2025-12-18 01:06:55.399 [http-nio-8040-exec-8] DEBUG org.hibernate.SQL - 
    select
        c1_0.id 
    from
        clients c1_0 
    where
        c1_0.contact_email=? 
    limit
        ?
2025-12-18 01:06:55.399 [http-nio-8040-exec-8] TRACE org.hibernate.orm.jdbc.bind - binding parameter (1:VARCHAR) <- [vasoj67253@fftube.com]
2025-12-18 01:06:55.400 [http-nio-8040-exec-8] TRACE org.hibernate.orm.jdbc.bind - binding parameter (2:INTEGER) <- [1]
2025-12-18 01:06:55.402 [http-nio-8040-exec-8] DEBUG org.hibernate.SQL - 
    select
        o1_0.id,
        o1_0.address,
        o1_0.bank_assigned_account_number,
        o1_0.company_name,
        o1_0.contact_email,
        o1_0.contact_phone,
        o1_0.created_at,
        o1_0.internal_balance,
        o1_0.logo_url,
        o1_0.rejection_reason,
        o1_0.status,
        o1_0.updated_at,
        e1_0.organization_id,
        e1_0.id,
        e1_0.created_at,
        e1_0.date_of_joining,
        e1_0.deletion_scheduled_at,
        e1_0.department,
        e1_0.employee_code,
        e1_0.is_active,
        e1_0.job_title,
        e1_0.profile_picture_url,
        e1_0.updated_at,
        e1_0.user_id 
    from
        organizations o1_0 
    left join
        employees e1_0 
            on o1_0.id=e1_0.organization_id 
    where
        o1_0.id=?
2025-12-18 01:06:55.402 [http-nio-8040-exec-8] TRACE org.hibernate.orm.jdbc.bind - binding parameter (1:INTEGER) <- [1]
2025-12-18 01:06:55.406 [http-nio-8040-exec-8] DEBUG org.hibernate.SQL - 
    select
        ba1_0.id,
        ba1_0.account_holder_name,
        ba1_0.account_number,
        ba1_0.bank_name,
        ba1_0.created_at,
        ba1_0.employee_id,
        ba1_0.ifsc_code,
        ba1_0.is_primary,
        ba1_0.owner_type,
        ba1_0.updated_at,
        ba1_0.vendor_id 
    from
        bank_accounts ba1_0 
    where
        ba1_0.employee_id=?
2025-12-18 01:06:55.406 [http-nio-8040-exec-8] TRACE org.hibernate.orm.jdbc.bind - binding parameter (1:BIGINT) <- [11]
2025-12-18 01:06:55.407 [http-nio-8040-exec-8] DEBUG org.hibernate.SQL - 
    select
        ba1_0.id,
        ba1_0.account_holder_name,
        ba1_0.account_number,
        ba1_0.bank_name,
        ba1_0.created_at,
        ba1_0.employee_id,
        ba1_0.ifsc_code,
        ba1_0.is_primary,
        ba1_0.owner_type,
        ba1_0.updated_at,
        ba1_0.vendor_id 
    from
        bank_accounts ba1_0 
    where
        ba1_0.employee_id=?
2025-12-18 01:06:55.407 [http-nio-8040-exec-8] TRACE org.hibernate.orm.jdbc.bind - binding parameter (1:BIGINT) <- [2]
2025-12-18 01:06:55.408 [http-nio-8040-exec-8] DEBUG org.hibernate.SQL - 
    select
        ba1_0.id,
        ba1_0.account_holder_name,
        ba1_0.account_number,
        ba1_0.bank_name,
        ba1_0.created_at,
        ba1_0.employee_id,
        ba1_0.ifsc_code,
        ba1_0.is_primary,
        ba1_0.owner_type,
        ba1_0.updated_at,
        ba1_0.vendor_id 
    from
        bank_accounts ba1_0 
    where
        ba1_0.employee_id=?
2025-12-18 01:06:55.408 [http-nio-8040-exec-8] TRACE org.hibernate.orm.jdbc.bind - binding parameter (1:BIGINT) <- [3]
2025-12-18 01:06:55.409 [http-nio-8040-exec-8] DEBUG org.hibernate.SQL - 
    select
        ba1_0.id,
        ba1_0.account_holder_name,
        ba1_0.account_number,
        ba1_0.bank_name,
        ba1_0.created_at,
        ba1_0.employee_id,
        ba1_0.ifsc_code,
        ba1_0.is_primary,
        ba1_0.owner_type,
        ba1_0.updated_at,
        ba1_0.vendor_id 
    from
        bank_accounts ba1_0 
    where
        ba1_0.employee_id=?
2025-12-18 01:06:55.409 [http-nio-8040-exec-8] TRACE org.hibernate.orm.jdbc.bind - binding parameter (1:BIGINT) <- [1]
2025-12-18 01:06:55.410 [http-nio-8040-exec-8] DEBUG org.hibernate.SQL - 
    select
        ba1_0.id,
        ba1_0.account_holder_name,
        ba1_0.account_number,
        ba1_0.bank_name,
        ba1_0.created_at,
        ba1_0.employee_id,
        ba1_0.ifsc_code,
        ba1_0.is_primary,
        ba1_0.owner_type,
        ba1_0.updated_at,
        ba1_0.vendor_id 
    from
        bank_accounts ba1_0 
    where
        ba1_0.employee_id=?
2025-12-18 01:06:55.410 [http-nio-8040-exec-8] TRACE org.hibernate.orm.jdbc.bind - binding parameter (1:BIGINT) <- [5]
2025-12-18 01:06:55.411 [http-nio-8040-exec-8] DEBUG org.hibernate.SQL - 
    select
        ba1_0.id,
        ba1_0.account_holder_name,
        ba1_0.account_number,
        ba1_0.bank_name,
        ba1_0.created_at,
        ba1_0.employee_id,
        ba1_0.ifsc_code,
        ba1_0.is_primary,
        ba1_0.owner_type,
        ba1_0.updated_at,
        ba1_0.vendor_id 
    from
        bank_accounts ba1_0 
    where
        ba1_0.employee_id=?
2025-12-18 01:06:55.411 [http-nio-8040-exec-8] TRACE org.hibernate.orm.jdbc.bind - binding parameter (1:BIGINT) <- [7]
2025-12-18 01:06:55.412 [http-nio-8040-exec-8] DEBUG org.hibernate.SQL - 
    select
        ba1_0.id,
        ba1_0.account_holder_name,
        ba1_0.account_number,
        ba1_0.bank_name,
        ba1_0.created_at,
        ba1_0.employee_id,
        ba1_0.ifsc_code,
        ba1_0.is_primary,
        ba1_0.owner_type,
        ba1_0.updated_at,
        ba1_0.vendor_id 
    from
        bank_accounts ba1_0 
    where
        ba1_0.employee_id=?
2025-12-18 01:06:55.413 [http-nio-8040-exec-8] TRACE org.hibernate.orm.jdbc.bind - binding parameter (1:BIGINT) <- [15]
2025-12-18 01:06:55.414 [http-nio-8040-exec-8] DEBUG org.hibernate.SQL - 
    select
        ba1_0.id,
        ba1_0.account_holder_name,
        ba1_0.account_number,
        ba1_0.bank_name,
        ba1_0.created_at,
        ba1_0.employee_id,
        ba1_0.ifsc_code,
        ba1_0.is_primary,
        ba1_0.owner_type,
        ba1_0.updated_at,
        ba1_0.vendor_id 
    from
        bank_accounts ba1_0 
    where
        ba1_0.employee_id=?
2025-12-18 01:06:55.415 [http-nio-8040-exec-8] TRACE org.hibernate.orm.jdbc.bind - binding parameter (1:BIGINT) <- [10]
2025-12-18 01:06:55.416 [http-nio-8040-exec-8] DEBUG org.hibernate.SQL - 
    select
        ba1_0.id,
        ba1_0.account_holder_name,
        ba1_0.account_number,
        ba1_0.bank_name,
        ba1_0.created_at,
        ba1_0.employee_id,
        ba1_0.ifsc_code,
        ba1_0.is_primary,
        ba1_0.owner_type,
        ba1_0.updated_at,
        ba1_0.vendor_id 
    from
        bank_accounts ba1_0 
    where
        ba1_0.employee_id=?
2025-12-18 01:06:55.416 [http-nio-8040-exec-8] TRACE org.hibernate.orm.jdbc.bind - binding parameter (1:BIGINT) <- [8]
2025-12-18 01:06:55.417 [http-nio-8040-exec-8] DEBUG org.hibernate.SQL - 
    select
        ba1_0.id,
        ba1_0.account_holder_name,
        ba1_0.account_number,
        ba1_0.bank_name,
        ba1_0.created_at,
        ba1_0.employee_id,
        ba1_0.ifsc_code,
        ba1_0.is_primary,
        ba1_0.owner_type,
        ba1_0.updated_at,
        ba1_0.vendor_id 
    from
        bank_accounts ba1_0 
    where
        ba1_0.employee_id=?
2025-12-18 01:06:55.418 [http-nio-8040-exec-8] TRACE org.hibernate.orm.jdbc.bind - binding parameter (1:BIGINT) <- [19]
2025-12-18 01:06:55.419 [http-nio-8040-exec-8] DEBUG org.hibernate.SQL - 
    select
        ba1_0.id,
        ba1_0.account_holder_name,
        ba1_0.account_number,
        ba1_0.bank_name,
        ba1_0.created_at,
        ba1_0.employee_id,
        ba1_0.ifsc_code,
        ba1_0.is_primary,
        ba1_0.owner_type,
        ba1_0.updated_at,
        ba1_0.vendor_id 
    from
        bank_accounts ba1_0 
    where
        ba1_0.employee_id=?
2025-12-18 01:06:55.419 [http-nio-8040-exec-8] TRACE org.hibernate.orm.jdbc.bind - binding parameter (1:BIGINT) <- [13]
2025-12-18 01:06:55.421 [http-nio-8040-exec-8] DEBUG org.hibernate.SQL - 
    select
        ba1_0.id,
        ba1_0.account_holder_name,
        ba1_0.account_number,
        ba1_0.bank_name,
        ba1_0.created_at,
        ba1_0.employee_id,
        ba1_0.ifsc_code,
        ba1_0.is_primary,
        ba1_0.owner_type,
        ba1_0.updated_at,
        ba1_0.vendor_id 
    from
        bank_accounts ba1_0 
    where
        ba1_0.employee_id=?
2025-12-18 01:06:55.421 [http-nio-8040-exec-8] TRACE org.hibernate.orm.jdbc.bind - binding parameter (1:BIGINT) <- [4]
2025-12-18 01:06:55.422 [http-nio-8040-exec-8] DEBUG org.hibernate.SQL - 
    select
        ba1_0.id,
        ba1_0.account_holder_name,
        ba1_0.account_number,
        ba1_0.bank_name,
        ba1_0.created_at,
        ba1_0.employee_id,
        ba1_0.ifsc_code,
        ba1_0.is_primary,
        ba1_0.owner_type,
        ba1_0.updated_at,
        ba1_0.vendor_id 
    from
        bank_accounts ba1_0 
    where
        ba1_0.employee_id=?
2025-12-18 01:06:55.422 [http-nio-8040-exec-8] TRACE org.hibernate.orm.jdbc.bind - binding parameter (1:BIGINT) <- [12]
2025-12-18 01:06:55.424 [http-nio-8040-exec-8] DEBUG org.hibernate.SQL - 
    select
        ba1_0.id,
        ba1_0.account_holder_name,
        ba1_0.account_number,
        ba1_0.bank_name,
        ba1_0.created_at,
        ba1_0.employee_id,
        ba1_0.ifsc_code,
        ba1_0.is_primary,
        ba1_0.owner_type,
        ba1_0.updated_at,
        ba1_0.vendor_id 
    from
        bank_accounts ba1_0 
    where
        ba1_0.employee_id=?
2025-12-18 01:06:55.424 [http-nio-8040-exec-8] TRACE org.hibernate.orm.jdbc.bind - binding parameter (1:BIGINT) <- [23]
2025-12-18 01:06:55.425 [http-nio-8040-exec-8] DEBUG org.hibernate.SQL - 
    select
        ba1_0.id,
        ba1_0.account_holder_name,
        ba1_0.account_number,
        ba1_0.bank_name,
        ba1_0.created_at,
        ba1_0.employee_id,
        ba1_0.ifsc_code,
        ba1_0.is_primary,
        ba1_0.owner_type,
        ba1_0.updated_at,
        ba1_0.vendor_id 
    from
        bank_accounts ba1_0 
    where
        ba1_0.employee_id=?
2025-12-18 01:06:55.426 [http-nio-8040-exec-8] TRACE org.hibernate.orm.jdbc.bind - binding parameter (1:BIGINT) <- [27]
2025-12-18 01:06:55.428 [http-nio-8040-exec-8] DEBUG org.hibernate.SQL - 
    select
        ba1_0.id,
        ba1_0.account_holder_name,
        ba1_0.account_number,
        ba1_0.bank_name,
        ba1_0.created_at,
        ba1_0.employee_id,
        ba1_0.ifsc_code,
        ba1_0.is_primary,
        ba1_0.owner_type,
        ba1_0.updated_at,
        ba1_0.vendor_id 
    from
        bank_accounts ba1_0 
    where
        ba1_0.employee_id=?
2025-12-18 01:06:55.428 [http-nio-8040-exec-8] TRACE org.hibernate.orm.jdbc.bind - binding parameter (1:BIGINT) <- [16]
2025-12-18 01:06:55.430 [http-nio-8040-exec-8] DEBUG org.hibernate.SQL - 
    select
        ba1_0.id,
        ba1_0.account_holder_name,
        ba1_0.account_number,
        ba1_0.bank_name,
        ba1_0.created_at,
        ba1_0.employee_id,
        ba1_0.ifsc_code,
        ba1_0.is_primary,
        ba1_0.owner_type,
        ba1_0.updated_at,
        ba1_0.vendor_id 
    from
        bank_accounts ba1_0 
    where
        ba1_0.employee_id=?
2025-12-18 01:06:55.430 [http-nio-8040-exec-8] TRACE org.hibernate.orm.jdbc.bind - binding parameter (1:BIGINT) <- [31]
2025-12-18 01:06:55.431 [http-nio-8040-exec-8] DEBUG org.hibernate.SQL - 
    select
        ba1_0.id,
        ba1_0.account_holder_name,
        ba1_0.account_number,
        ba1_0.bank_name,
        ba1_0.created_at,
        ba1_0.employee_id,
        ba1_0.ifsc_code,
        ba1_0.is_primary,
        ba1_0.owner_type,
        ba1_0.updated_at,
        ba1_0.vendor_id 
    from
        bank_accounts ba1_0 
    where
        ba1_0.employee_id=?
2025-12-18 01:06:55.431 [http-nio-8040-exec-8] TRACE org.hibernate.orm.jdbc.bind - binding parameter (1:BIGINT) <- [35]
2025-12-18 01:06:55.432 [http-nio-8040-exec-8] DEBUG org.hibernate.SQL - 
    select
        ba1_0.id,
        ba1_0.account_holder_name,
        ba1_0.account_number,
        ba1_0.bank_name,
        ba1_0.created_at,
        ba1_0.employee_id,
        ba1_0.ifsc_code,
        ba1_0.is_primary,
        ba1_0.owner_type,
        ba1_0.updated_at,
        ba1_0.vendor_id 
    from
        bank_accounts ba1_0 
    where
        ba1_0.employee_id=?
2025-12-18 01:06:55.433 [http-nio-8040-exec-8] TRACE org.hibernate.orm.jdbc.bind - binding parameter (1:BIGINT) <- [20]
2025-12-18 01:06:55.434 [http-nio-8040-exec-8] DEBUG org.hibernate.SQL - 
    select
        ba1_0.id,
        ba1_0.account_holder_name,
        ba1_0.account_number,
        ba1_0.bank_name,
        ba1_0.created_at,
        ba1_0.employee_id,
        ba1_0.ifsc_code,
        ba1_0.is_primary,
        ba1_0.owner_type,
        ba1_0.updated_at,
        ba1_0.vendor_id 
    from
        bank_accounts ba1_0 
    where
        ba1_0.employee_id=?
2025-12-18 01:06:55.434 [http-nio-8040-exec-8] TRACE org.hibernate.orm.jdbc.bind - binding parameter (1:BIGINT) <- [17]
2025-12-18 01:06:55.435 [http-nio-8040-exec-8] DEBUG org.hibernate.SQL - 
    select
        ba1_0.id,
        ba1_0.account_holder_name,
        ba1_0.account_number,
        ba1_0.bank_name,
        ba1_0.created_at,
        ba1_0.employee_id,
        ba1_0.ifsc_code,
        ba1_0.is_primary,
        ba1_0.owner_type,
        ba1_0.updated_at,
        ba1_0.vendor_id 
    from
        bank_accounts ba1_0 
    where
        ba1_0.employee_id=?
2025-12-18 01:06:55.435 [http-nio-8040-exec-8] TRACE org.hibernate.orm.jdbc.bind - binding parameter (1:BIGINT) <- [24]
2025-12-18 01:06:55.437 [http-nio-8040-exec-8] DEBUG org.hibernate.SQL - 
    select
        ba1_0.id,
        ba1_0.account_holder_name,
        ba1_0.account_number,
        ba1_0.bank_name,
        ba1_0.created_at,
        ba1_0.employee_id,
        ba1_0.ifsc_code,
        ba1_0.is_primary,
        ba1_0.owner_type,
        ba1_0.updated_at,
        ba1_0.vendor_id 
    from
        bank_accounts ba1_0 
    where
        ba1_0.employee_id=?
2025-12-18 01:06:55.438 [http-nio-8040-exec-8] TRACE org.hibernate.orm.jdbc.bind - binding parameter (1:BIGINT) <- [38]
2025-12-18 01:06:55.439 [http-nio-8040-exec-8] DEBUG org.hibernate.SQL - 
    select
        ba1_0.id,
        ba1_0.account_holder_name,
        ba1_0.account_number,
        ba1_0.bank_name,
        ba1_0.created_at,
        ba1_0.employee_id,
        ba1_0.ifsc_code,
        ba1_0.is_primary,
        ba1_0.owner_type,
        ba1_0.updated_at,
        ba1_0.vendor_id 
    from
        bank_accounts ba1_0 
    where
        ba1_0.employee_id=?
2025-12-18 01:06:55.439 [http-nio-8040-exec-8] TRACE org.hibernate.orm.jdbc.bind - binding parameter (1:BIGINT) <- [6]
2025-12-18 01:06:55.440 [http-nio-8040-exec-8] DEBUG org.hibernate.SQL - 
    select
        ba1_0.id,
        ba1_0.account_holder_name,
        ba1_0.account_number,
        ba1_0.bank_name,
        ba1_0.created_at,
        ba1_0.employee_id,
        ba1_0.ifsc_code,
        ba1_0.is_primary,
        ba1_0.owner_type,
        ba1_0.updated_at,
        ba1_0.vendor_id 
    from
        bank_accounts ba1_0 
    where
        ba1_0.employee_id=?
2025-12-18 01:06:55.440 [http-nio-8040-exec-8] TRACE org.hibernate.orm.jdbc.bind - binding parameter (1:BIGINT) <- [39]
2025-12-18 01:06:55.442 [http-nio-8040-exec-8] DEBUG org.hibernate.SQL - 
    select
        ba1_0.id,
        ba1_0.account_holder_name,
        ba1_0.account_number,
        ba1_0.bank_name,
        ba1_0.created_at,
        ba1_0.employee_id,
        ba1_0.ifsc_code,
        ba1_0.is_primary,
        ba1_0.owner_type,
        ba1_0.updated_at,
        ba1_0.vendor_id 
    from
        bank_accounts ba1_0 
    where
        ba1_0.employee_id=?
2025-12-18 01:06:55.443 [http-nio-8040-exec-8] TRACE org.hibernate.orm.jdbc.bind - binding parameter (1:BIGINT) <- [9]
2025-12-18 01:06:55.443 [http-nio-8040-exec-8] DEBUG org.hibernate.SQL - 
    select
        ba1_0.id,
        ba1_0.account_holder_name,
        ba1_0.account_number,
        ba1_0.bank_name,
        ba1_0.created_at,
        ba1_0.employee_id,
        ba1_0.ifsc_code,
        ba1_0.is_primary,
        ba1_0.owner_type,
        ba1_0.updated_at,
        ba1_0.vendor_id 
    from
        bank_accounts ba1_0 
    where
        ba1_0.employee_id=?
2025-12-18 01:06:55.443 [http-nio-8040-exec-8] TRACE org.hibernate.orm.jdbc.bind - binding parameter (1:BIGINT) <- [28]
2025-12-18 01:06:55.444 [http-nio-8040-exec-8] DEBUG org.hibernate.SQL - 
    select
        ba1_0.id,
        ba1_0.account_holder_name,
        ba1_0.account_number,
        ba1_0.bank_name,
        ba1_0.created_at,
        ba1_0.employee_id,
        ba1_0.ifsc_code,
        ba1_0.is_primary,
        ba1_0.owner_type,
        ba1_0.updated_at,
        ba1_0.vendor_id 
    from
        bank_accounts ba1_0 
    where
        ba1_0.employee_id=?
2025-12-18 01:06:55.445 [http-nio-8040-exec-8] TRACE org.hibernate.orm.jdbc.bind - binding parameter (1:BIGINT) <- [40]
2025-12-18 01:06:55.446 [http-nio-8040-exec-8] DEBUG org.hibernate.SQL - 
    select
        ba1_0.id,
        ba1_0.account_holder_name,
        ba1_0.account_number,
        ba1_0.bank_name,
        ba1_0.created_at,
        ba1_0.employee_id,
        ba1_0.ifsc_code,
        ba1_0.is_primary,
        ba1_0.owner_type,
        ba1_0.updated_at,
        ba1_0.vendor_id 
    from
        bank_accounts ba1_0 
    where
        ba1_0.employee_id=?
2025-12-18 01:06:55.446 [http-nio-8040-exec-8] TRACE org.hibernate.orm.jdbc.bind - binding parameter (1:BIGINT) <- [14]
2025-12-18 01:06:55.447 [http-nio-8040-exec-8] DEBUG org.hibernate.SQL - 
    select
        ba1_0.id,
        ba1_0.account_holder_name,
        ba1_0.account_number,
        ba1_0.bank_name,
        ba1_0.created_at,
        ba1_0.employee_id,
        ba1_0.ifsc_code,
        ba1_0.is_primary,
        ba1_0.owner_type,
        ba1_0.updated_at,
        ba1_0.vendor_id 
    from
        bank_accounts ba1_0 
    where
        ba1_0.employee_id=?
2025-12-18 01:06:55.447 [http-nio-8040-exec-8] TRACE org.hibernate.orm.jdbc.bind - binding parameter (1:BIGINT) <- [32]
2025-12-18 01:06:55.448 [http-nio-8040-exec-8] DEBUG org.hibernate.SQL - 
    select
        ba1_0.id,
        ba1_0.account_holder_name,
        ba1_0.account_number,
        ba1_0.bank_name,
        ba1_0.created_at,
        ba1_0.employee_id,
        ba1_0.ifsc_code,
        ba1_0.is_primary,
        ba1_0.owner_type,
        ba1_0.updated_at,
        ba1_0.vendor_id 
    from
        bank_accounts ba1_0 
    where
        ba1_0.employee_id=?
2025-12-18 01:06:55.449 [http-nio-8040-exec-8] TRACE org.hibernate.orm.jdbc.bind - binding parameter (1:BIGINT) <- [18]
2025-12-18 01:06:55.451 [http-nio-8040-exec-8] DEBUG org.hibernate.SQL - 
    select
        ba1_0.id,
        ba1_0.account_holder_name,
        ba1_0.account_number,
        ba1_0.bank_name,
        ba1_0.created_at,
        ba1_0.employee_id,
        ba1_0.ifsc_code,
        ba1_0.is_primary,
        ba1_0.owner_type,
        ba1_0.updated_at,
        ba1_0.vendor_id 
    from
        bank_accounts ba1_0 
    where
        ba1_0.employee_id=?
2025-12-18 01:06:55.451 [http-nio-8040-exec-8] TRACE org.hibernate.orm.jdbc.bind - binding parameter (1:BIGINT) <- [22]
2025-12-18 01:06:55.453 [http-nio-8040-exec-8] DEBUG org.hibernate.SQL - 
    select
        ba1_0.id,
        ba1_0.account_holder_name,
        ba1_0.account_number,
        ba1_0.bank_name,
        ba1_0.created_at,
        ba1_0.employee_id,
        ba1_0.ifsc_code,
        ba1_0.is_primary,
        ba1_0.owner_type,
        ba1_0.updated_at,
        ba1_0.vendor_id 
    from
        bank_accounts ba1_0 
    where
        ba1_0.employee_id=?
2025-12-18 01:06:55.454 [http-nio-8040-exec-8] TRACE org.hibernate.orm.jdbc.bind - binding parameter (1:BIGINT) <- [36]
2025-12-18 01:06:55.455 [http-nio-8040-exec-8] DEBUG org.hibernate.SQL - 
    select
        ba1_0.id,
        ba1_0.account_holder_name,
        ba1_0.account_number,
        ba1_0.bank_name,
        ba1_0.created_at,
        ba1_0.employee_id,
        ba1_0.ifsc_code,
        ba1_0.is_primary,
        ba1_0.owner_type,
        ba1_0.updated_at,
        ba1_0.vendor_id 
    from
        bank_accounts ba1_0 
    where
        ba1_0.employee_id=?
2025-12-18 01:06:55.456 [http-nio-8040-exec-8] TRACE org.hibernate.orm.jdbc.bind - binding parameter (1:BIGINT) <- [21]
2025-12-18 01:06:55.457 [http-nio-8040-exec-8] DEBUG org.hibernate.SQL - 
    select
        ba1_0.id,
        ba1_0.account_holder_name,
        ba1_0.account_number,
        ba1_0.bank_name,
        ba1_0.created_at,
        ba1_0.employee_id,
        ba1_0.ifsc_code,
        ba1_0.is_primary,
        ba1_0.owner_type,
        ba1_0.updated_at,
        ba1_0.vendor_id 
    from
        bank_accounts ba1_0 
    where
        ba1_0.employee_id=?
2025-12-18 01:06:55.457 [http-nio-8040-exec-8] TRACE org.hibernate.orm.jdbc.bind - binding parameter (1:BIGINT) <- [25]
2025-12-18 01:06:55.458 [http-nio-8040-exec-8] DEBUG org.hibernate.SQL - 
    select
        ba1_0.id,
        ba1_0.account_holder_name,
        ba1_0.account_number,
        ba1_0.bank_name,
        ba1_0.created_at,
        ba1_0.employee_id,
        ba1_0.ifsc_code,
        ba1_0.is_primary,
        ba1_0.owner_type,
        ba1_0.updated_at,
        ba1_0.vendor_id 
    from
        bank_accounts ba1_0 
    where
        ba1_0.employee_id=?
2025-12-18 01:06:55.458 [http-nio-8040-exec-8] TRACE org.hibernate.orm.jdbc.bind - binding parameter (1:BIGINT) <- [26]
2025-12-18 01:06:55.460 [http-nio-8040-exec-8] DEBUG org.hibernate.SQL - 
    select
        ba1_0.id,
        ba1_0.account_holder_name,
        ba1_0.account_number,
        ba1_0.bank_name,
        ba1_0.created_at,
        ba1_0.employee_id,
        ba1_0.ifsc_code,
        ba1_0.is_primary,
        ba1_0.owner_type,
        ba1_0.updated_at,
        ba1_0.vendor_id 
    from
        bank_accounts ba1_0 
    where
        ba1_0.employee_id=?
2025-12-18 01:06:55.460 [http-nio-8040-exec-8] TRACE org.hibernate.orm.jdbc.bind - binding parameter (1:BIGINT) <- [29]
2025-12-18 01:06:55.461 [http-nio-8040-exec-8] DEBUG org.hibernate.SQL - 
    select
        ba1_0.id,
        ba1_0.account_holder_name,
        ba1_0.account_number,
        ba1_0.bank_name,
        ba1_0.created_at,
        ba1_0.employee_id,
        ba1_0.ifsc_code,
        ba1_0.is_primary,
        ba1_0.owner_type,
        ba1_0.updated_at,
        ba1_0.vendor_id 
    from
        bank_accounts ba1_0 
    where
        ba1_0.employee_id=?
2025-12-18 01:06:55.461 [http-nio-8040-exec-8] TRACE org.hibernate.orm.jdbc.bind - binding parameter (1:BIGINT) <- [34]
2025-12-18 01:06:55.462 [http-nio-8040-exec-8] DEBUG org.hibernate.SQL - 
    select
        ba1_0.id,
        ba1_0.account_holder_name,
        ba1_0.account_number,
        ba1_0.bank_name,
        ba1_0.created_at,
        ba1_0.employee_id,
        ba1_0.ifsc_code,
        ba1_0.is_primary,
        ba1_0.owner_type,
        ba1_0.updated_at,
        ba1_0.vendor_id 
    from
        bank_accounts ba1_0 
    where
        ba1_0.employee_id=?
2025-12-18 01:06:55.462 [http-nio-8040-exec-8] TRACE org.hibernate.orm.jdbc.bind - binding parameter (1:BIGINT) <- [30]
2025-12-18 01:06:55.463 [http-nio-8040-exec-8] DEBUG org.hibernate.SQL - 
    select
        ba1_0.id,
        ba1_0.account_holder_name,
        ba1_0.account_number,
        ba1_0.bank_name,
        ba1_0.created_at,
        ba1_0.employee_id,
        ba1_0.ifsc_code,
        ba1_0.is_primary,
        ba1_0.owner_type,
        ba1_0.updated_at,
        ba1_0.vendor_id 
    from
        bank_accounts ba1_0 
    where
        ba1_0.employee_id=?
2025-12-18 01:06:55.464 [http-nio-8040-exec-8] TRACE org.hibernate.orm.jdbc.bind - binding parameter (1:BIGINT) <- [33]
2025-12-18 01:06:55.465 [http-nio-8040-exec-8] DEBUG org.hibernate.SQL - 
    select
        ba1_0.id,
        ba1_0.account_holder_name,
        ba1_0.account_number,
        ba1_0.bank_name,
        ba1_0.created_at,
        ba1_0.employee_id,
        ba1_0.ifsc_code,
        ba1_0.is_primary,
        ba1_0.owner_type,
        ba1_0.updated_at,
        ba1_0.vendor_id 
    from
        bank_accounts ba1_0 
    where
        ba1_0.employee_id=?
2025-12-18 01:06:55.465 [http-nio-8040-exec-8] TRACE org.hibernate.orm.jdbc.bind - binding parameter (1:BIGINT) <- [37]
2025-12-18 01:06:55.467 [http-nio-8040-exec-8] DEBUG org.hibernate.SQL - 
    select
        ba1_0.id,
        ba1_0.account_holder_name,
        ba1_0.account_number,
        ba1_0.bank_name,
        ba1_0.created_at,
        ba1_0.employee_id,
        ba1_0.ifsc_code,
        ba1_0.is_primary,
        ba1_0.owner_type,
        ba1_0.updated_at,
        ba1_0.vendor_id 
    from
        bank_accounts ba1_0 
    where
        ba1_0.employee_id=?
2025-12-18 01:06:55.467 [http-nio-8040-exec-8] TRACE org.hibernate.orm.jdbc.bind - binding parameter (1:BIGINT) <- [41]
2025-12-18 01:06:55.469 [http-nio-8040-exec-8] DEBUG org.hibernate.SQL - 
    select
        ba1_0.id,
        ba1_0.account_holder_name,
        ba1_0.account_number,
        ba1_0.bank_name,
        ba1_0.created_at,
        ba1_0.employee_id,
        ba1_0.ifsc_code,
        ba1_0.is_primary,
        ba1_0.owner_type,
        ba1_0.updated_at,
        ba1_0.vendor_id 
    from
        bank_accounts ba1_0 
    where
        ba1_0.employee_id=?
2025-12-18 01:06:55.469 [http-nio-8040-exec-8] TRACE org.hibernate.orm.jdbc.bind - binding parameter (1:BIGINT) <- [42]
2025-12-18 01:06:55.471 [http-nio-8040-exec-8] DEBUG org.hibernate.SQL - 
    select
        ba1_0.id,
        ba1_0.account_holder_name,
        ba1_0.account_number,
        ba1_0.bank_name,
        ba1_0.created_at,
        ba1_0.employee_id,
        ba1_0.ifsc_code,
        ba1_0.is_primary,
        ba1_0.owner_type,
        ba1_0.updated_at,
        ba1_0.vendor_id 
    from
        bank_accounts ba1_0 
    where
        ba1_0.employee_id=?
2025-12-18 01:06:55.471 [http-nio-8040-exec-8] TRACE org.hibernate.orm.jdbc.bind - binding parameter (1:BIGINT) <- [43]
2025-12-18 01:06:55.473 [http-nio-8040-exec-8] DEBUG org.hibernate.SQL - 
    select
        ba1_0.id,
        ba1_0.account_holder_name,
        ba1_0.account_number,
        ba1_0.bank_name,
        ba1_0.created_at,
        ba1_0.employee_id,
        ba1_0.ifsc_code,
        ba1_0.is_primary,
        ba1_0.owner_type,
        ba1_0.updated_at,
        ba1_0.vendor_id 
    from
        bank_accounts ba1_0 
    where
        ba1_0.employee_id=?
2025-12-18 01:06:55.473 [http-nio-8040-exec-8] TRACE org.hibernate.orm.jdbc.bind - binding parameter (1:BIGINT) <- [44]
2025-12-18 01:06:55.475 [http-nio-8040-exec-8] DEBUG org.hibernate.SQL - 
    select
        ba1_0.id,
        ba1_0.account_holder_name,
        ba1_0.account_number,
        ba1_0.bank_name,
        ba1_0.created_at,
        ba1_0.employee_id,
        ba1_0.ifsc_code,
        ba1_0.is_primary,
        ba1_0.owner_type,
        ba1_0.updated_at,
        ba1_0.vendor_id 
    from
        bank_accounts ba1_0 
    where
        ba1_0.employee_id=?
2025-12-18 01:06:55.475 [http-nio-8040-exec-8] TRACE org.hibernate.orm.jdbc.bind - binding parameter (1:BIGINT) <- [45]
2025-12-18 01:06:55.476 [http-nio-8040-exec-8] DEBUG org.hibernate.SQL - 
    select
        ba1_0.id,
        ba1_0.account_holder_name,
        ba1_0.account_number,
        ba1_0.bank_name,
        ba1_0.created_at,
        ba1_0.employee_id,
        ba1_0.ifsc_code,
        ba1_0.is_primary,
        ba1_0.owner_type,
        ba1_0.updated_at,
        ba1_0.vendor_id 
    from
        bank_accounts ba1_0 
    where
        ba1_0.employee_id=?
2025-12-18 01:06:55.476 [http-nio-8040-exec-8] TRACE org.hibernate.orm.jdbc.bind - binding parameter (1:BIGINT) <- [46]
2025-12-18 01:06:55.477 [http-nio-8040-exec-8] DEBUG org.hibernate.SQL - 
    select
        ba1_0.id,
        ba1_0.account_holder_name,
        ba1_0.account_number,
        ba1_0.bank_name,
        ba1_0.created_at,
        ba1_0.employee_id,
        ba1_0.ifsc_code,
        ba1_0.is_primary,
        ba1_0.owner_type,
        ba1_0.updated_at,
        ba1_0.vendor_id 
    from
        bank_accounts ba1_0 
    where
        ba1_0.employee_id=?
2025-12-18 01:06:55.478 [http-nio-8040-exec-8] TRACE org.hibernate.orm.jdbc.bind - binding parameter (1:BIGINT) <- [47]
2025-12-18 01:06:55.479 [http-nio-8040-exec-8] DEBUG org.hibernate.SQL - 
    select
        ba1_0.id,
        ba1_0.account_holder_name,
        ba1_0.account_number,
        ba1_0.bank_name,
        ba1_0.created_at,
        ba1_0.employee_id,
        ba1_0.ifsc_code,
        ba1_0.is_primary,
        ba1_0.owner_type,
        ba1_0.updated_at,
        ba1_0.vendor_id 
    from
        bank_accounts ba1_0 
    where
        ba1_0.employee_id=?
2025-12-18 01:06:55.479 [http-nio-8040-exec-8] TRACE org.hibernate.orm.jdbc.bind - binding parameter (1:BIGINT) <- [48]
2025-12-18 01:06:55.480 [http-nio-8040-exec-8] DEBUG org.hibernate.SQL - 
    select
        ba1_0.id,
        ba1_0.account_holder_name,
        ba1_0.account_number,
        ba1_0.bank_name,
        ba1_0.created_at,
        ba1_0.employee_id,
        ba1_0.ifsc_code,
        ba1_0.is_primary,
        ba1_0.owner_type,
        ba1_0.updated_at,
        ba1_0.vendor_id 
    from
        bank_accounts ba1_0 
    where
        ba1_0.employee_id=?
2025-12-18 01:06:55.480 [http-nio-8040-exec-8] TRACE org.hibernate.orm.jdbc.bind - binding parameter (1:BIGINT) <- [49]
2025-12-18 01:06:55.481 [http-nio-8040-exec-8] DEBUG org.hibernate.SQL - 
    select
        ba1_0.id,
        ba1_0.account_holder_name,
        ba1_0.account_number,
        ba1_0.bank_name,
        ba1_0.created_at,
        ba1_0.employee_id,
        ba1_0.ifsc_code,
        ba1_0.is_primary,
        ba1_0.owner_type,
        ba1_0.updated_at,
        ba1_0.vendor_id 
    from
        bank_accounts ba1_0 
    where
        ba1_0.employee_id=?
2025-12-18 01:06:55.482 [http-nio-8040-exec-8] TRACE org.hibernate.orm.jdbc.bind - binding parameter (1:BIGINT) <- [50]
2025-12-18 01:06:55.483 [http-nio-8040-exec-8] DEBUG org.hibernate.SQL - 
    select
        ba1_0.id,
        ba1_0.account_holder_name,
        ba1_0.account_number,
        ba1_0.bank_name,
        ba1_0.created_at,
        ba1_0.employee_id,
        ba1_0.ifsc_code,
        ba1_0.is_primary,
        ba1_0.owner_type,
        ba1_0.updated_at,
        ba1_0.vendor_id 
    from
        bank_accounts ba1_0 
    where
        ba1_0.employee_id=?
2025-12-18 01:06:55.483 [http-nio-8040-exec-8] TRACE org.hibernate.orm.jdbc.bind - binding parameter (1:BIGINT) <- [51]
2025-12-18 01:06:55.485 [http-nio-8040-exec-8] DEBUG org.hibernate.SQL - 
    select
        ba1_0.id,
        ba1_0.account_holder_name,
        ba1_0.account_number,
        ba1_0.bank_name,
        ba1_0.created_at,
        ba1_0.employee_id,
        ba1_0.ifsc_code,
        ba1_0.is_primary,
        ba1_0.owner_type,
        ba1_0.updated_at,
        ba1_0.vendor_id 
    from
        bank_accounts ba1_0 
    where
        ba1_0.employee_id=?
2025-12-18 01:06:55.486 [http-nio-8040-exec-8] TRACE org.hibernate.orm.jdbc.bind - binding parameter (1:BIGINT) <- [52]
2025-12-18 01:06:55.488 [http-nio-8040-exec-8] DEBUG org.hibernate.SQL - 
    select
        ba1_0.id,
        ba1_0.account_holder_name,
        ba1_0.account_number,
        ba1_0.bank_name,
        ba1_0.created_at,
        ba1_0.employee_id,
        ba1_0.ifsc_code,
        ba1_0.is_primary,
        ba1_0.owner_type,
        ba1_0.updated_at,
        ba1_0.vendor_id 
    from
        bank_accounts ba1_0 
    where
        ba1_0.employee_id=?
2025-12-18 01:06:55.488 [http-nio-8040-exec-8] TRACE org.hibernate.orm.jdbc.bind - binding parameter (1:BIGINT) <- [53]
2025-12-18 01:06:55.489 [http-nio-8040-exec-8] DEBUG org.hibernate.SQL - 
    select
        ba1_0.id,
        ba1_0.account_holder_name,
        ba1_0.account_number,
        ba1_0.bank_name,
        ba1_0.created_at,
        ba1_0.employee_id,
        ba1_0.ifsc_code,
        ba1_0.is_primary,
        ba1_0.owner_type,
        ba1_0.updated_at,
        ba1_0.vendor_id 
    from
        bank_accounts ba1_0 
    where
        ba1_0.employee_id=?
2025-12-18 01:06:55.490 [http-nio-8040-exec-8] TRACE org.hibernate.orm.jdbc.bind - binding parameter (1:BIGINT) <- [54]
2025-12-18 01:06:55.492 [http-nio-8040-exec-8] DEBUG org.hibernate.SQL - 
    select
        ba1_0.id,
        ba1_0.account_holder_name,
        ba1_0.account_number,
        ba1_0.bank_name,
        ba1_0.created_at,
        ba1_0.employee_id,
        ba1_0.ifsc_code,
        ba1_0.is_primary,
        ba1_0.owner_type,
        ba1_0.updated_at,
        ba1_0.vendor_id 
    from
        bank_accounts ba1_0 
    where
        ba1_0.employee_id=?
2025-12-18 01:06:55.492 [http-nio-8040-exec-8] TRACE org.hibernate.orm.jdbc.bind - binding parameter (1:BIGINT) <- [55]
2025-12-18 01:06:55.493 [http-nio-8040-exec-8] DEBUG org.hibernate.SQL - 
    select
        ba1_0.id,
        ba1_0.account_holder_name,
        ba1_0.account_number,
        ba1_0.bank_name,
        ba1_0.created_at,
        ba1_0.employee_id,
        ba1_0.ifsc_code,
        ba1_0.is_primary,
        ba1_0.owner_type,
        ba1_0.updated_at,
        ba1_0.vendor_id 
    from
        bank_accounts ba1_0 
    where
        ba1_0.employee_id=?
2025-12-18 01:06:55.493 [http-nio-8040-exec-8] TRACE org.hibernate.orm.jdbc.bind - binding parameter (1:BIGINT) <- [56]
2025-12-18 01:06:55.494 [http-nio-8040-exec-8] DEBUG org.hibernate.SQL - 
    select
        ba1_0.id,
        ba1_0.account_holder_name,
        ba1_0.account_number,
        ba1_0.bank_name,
        ba1_0.created_at,
        ba1_0.employee_id,
        ba1_0.ifsc_code,
        ba1_0.is_primary,
        ba1_0.owner_type,
        ba1_0.updated_at,
        ba1_0.vendor_id 
    from
        bank_accounts ba1_0 
    where
        ba1_0.employee_id=?
2025-12-18 01:06:55.494 [http-nio-8040-exec-8] TRACE org.hibernate.orm.jdbc.bind - binding parameter (1:BIGINT) <- [57]
2025-12-18 01:06:55.496 [http-nio-8040-exec-8] DEBUG org.hibernate.SQL - 
    select
        ba1_0.id,
        ba1_0.account_holder_name,
        ba1_0.account_number,
        ba1_0.bank_name,
        ba1_0.created_at,
        ba1_0.employee_id,
        ba1_0.ifsc_code,
        ba1_0.is_primary,
        ba1_0.owner_type,
        ba1_0.updated_at,
        ba1_0.vendor_id 
    from
        bank_accounts ba1_0 
    where
        ba1_0.employee_id=?
2025-12-18 01:06:55.497 [http-nio-8040-exec-8] TRACE org.hibernate.orm.jdbc.bind - binding parameter (1:BIGINT) <- [58]
2025-12-18 01:06:55.499 [http-nio-8040-exec-8] DEBUG org.hibernate.SQL - 
    select
        ba1_0.id,
        ba1_0.account_holder_name,
        ba1_0.account_number,
        ba1_0.bank_name,
        ba1_0.created_at,
        ba1_0.employee_id,
        ba1_0.ifsc_code,
        ba1_0.is_primary,
        ba1_0.owner_type,
        ba1_0.updated_at,
        ba1_0.vendor_id 
    from
        bank_accounts ba1_0 
    where
        ba1_0.employee_id=?
2025-12-18 01:06:55.501 [http-nio-8040-exec-8] TRACE org.hibernate.orm.jdbc.bind - binding parameter (1:BIGINT) <- [59]
2025-12-18 01:06:55.503 [http-nio-8040-exec-8] DEBUG org.hibernate.SQL - 
    select
        ba1_0.id,
        ba1_0.account_holder_name,
        ba1_0.account_number,
        ba1_0.bank_name,
        ba1_0.created_at,
        ba1_0.employee_id,
        ba1_0.ifsc_code,
        ba1_0.is_primary,
        ba1_0.owner_type,
        ba1_0.updated_at,
        ba1_0.vendor_id 
    from
        bank_accounts ba1_0 
    where
        ba1_0.employee_id=?
2025-12-18 01:06:55.503 [http-nio-8040-exec-8] TRACE org.hibernate.orm.jdbc.bind - binding parameter (1:BIGINT) <- [60]
2025-12-18 01:06:55.505 [http-nio-8040-exec-8] DEBUG org.hibernate.SQL - 
    select
        ba1_0.id,
        ba1_0.account_holder_name,
        ba1_0.account_number,
        ba1_0.bank_name,
        ba1_0.created_at,
        ba1_0.employee_id,
        ba1_0.ifsc_code,
        ba1_0.is_primary,
        ba1_0.owner_type,
        ba1_0.updated_at,
        ba1_0.vendor_id 
    from
        bank_accounts ba1_0 
    where
        ba1_0.employee_id=?
2025-12-18 01:06:55.505 [http-nio-8040-exec-8] TRACE org.hibernate.orm.jdbc.bind - binding parameter (1:BIGINT) <- [61]
2025-12-18 01:06:55.506 [http-nio-8040-exec-8] DEBUG org.hibernate.SQL - 
    select
        ba1_0.id,
        ba1_0.account_holder_name,
        ba1_0.account_number,
        ba1_0.bank_name,
        ba1_0.created_at,
        ba1_0.employee_id,
        ba1_0.ifsc_code,
        ba1_0.is_primary,
        ba1_0.owner_type,
        ba1_0.updated_at,
        ba1_0.vendor_id 
    from
        bank_accounts ba1_0 
    where
        ba1_0.employee_id=?
2025-12-18 01:06:55.506 [http-nio-8040-exec-8] TRACE org.hibernate.orm.jdbc.bind - binding parameter (1:BIGINT) <- [62]
2025-12-18 01:06:55.509 [http-nio-8040-exec-8] DEBUG org.hibernate.SQL - 
    select
        ba1_0.id,
        ba1_0.account_holder_name,
        ba1_0.account_number,
        ba1_0.bank_name,
        ba1_0.created_at,
        ba1_0.employee_id,
        ba1_0.ifsc_code,
        ba1_0.is_primary,
        ba1_0.owner_type,
        ba1_0.updated_at,
        ba1_0.vendor_id 
    from
        bank_accounts ba1_0 
    where
        ba1_0.employee_id=?
2025-12-18 01:06:55.509 [http-nio-8040-exec-8] TRACE org.hibernate.orm.jdbc.bind - binding parameter (1:BIGINT) <- [63]
2025-12-18 01:06:55.510 [http-nio-8040-exec-8] DEBUG org.hibernate.SQL - 
    select
        ba1_0.id,
        ba1_0.account_holder_name,
        ba1_0.account_number,
        ba1_0.bank_name,
        ba1_0.created_at,
        ba1_0.employee_id,
        ba1_0.ifsc_code,
        ba1_0.is_primary,
        ba1_0.owner_type,
        ba1_0.updated_at,
        ba1_0.vendor_id 
    from
        bank_accounts ba1_0 
    where
        ba1_0.employee_id=?
2025-12-18 01:06:55.510 [http-nio-8040-exec-8] TRACE org.hibernate.orm.jdbc.bind - binding parameter (1:BIGINT) <- [64]
2025-12-18 01:06:55.512 [http-nio-8040-exec-8] DEBUG org.hibernate.SQL - 
    select
        ba1_0.id,
        ba1_0.account_holder_name,
        ba1_0.account_number,
        ba1_0.bank_name,
        ba1_0.created_at,
        ba1_0.employee_id,
        ba1_0.ifsc_code,
        ba1_0.is_primary,
        ba1_0.owner_type,
        ba1_0.updated_at,
        ba1_0.vendor_id 
    from
        bank_accounts ba1_0 
    where
        ba1_0.employee_id=?
2025-12-18 01:06:55.512 [http-nio-8040-exec-8] TRACE org.hibernate.orm.jdbc.bind - binding parameter (1:BIGINT) <- [65]
2025-12-18 01:06:55.514 [http-nio-8040-exec-8] DEBUG org.hibernate.SQL - 
    select
        ba1_0.id,
        ba1_0.account_holder_name,
        ba1_0.account_number,
        ba1_0.bank_name,
        ba1_0.created_at,
        ba1_0.employee_id,
        ba1_0.ifsc_code,
        ba1_0.is_primary,
        ba1_0.owner_type,
        ba1_0.updated_at,
        ba1_0.vendor_id 
    from
        bank_accounts ba1_0 
    where
        ba1_0.employee_id=?
2025-12-18 01:06:55.514 [http-nio-8040-exec-8] TRACE org.hibernate.orm.jdbc.bind - binding parameter (1:BIGINT) <- [66]
2025-12-18 01:06:55.516 [http-nio-8040-exec-8] DEBUG org.hibernate.SQL - 
    select
        ba1_0.id,
        ba1_0.account_holder_name,
        ba1_0.account_number,
        ba1_0.bank_name,
        ba1_0.created_at,
        ba1_0.employee_id,
        ba1_0.ifsc_code,
        ba1_0.is_primary,
        ba1_0.owner_type,
        ba1_0.updated_at,
        ba1_0.vendor_id 
    from
        bank_accounts ba1_0 
    where
        ba1_0.employee_id=?
2025-12-18 01:06:55.516 [http-nio-8040-exec-8] TRACE org.hibernate.orm.jdbc.bind - binding parameter (1:BIGINT) <- [67]
2025-12-18 01:06:55.518 [http-nio-8040-exec-8] DEBUG org.hibernate.SQL - 
    select
        ba1_0.id,
        ba1_0.account_holder_name,
        ba1_0.account_number,
        ba1_0.bank_name,
        ba1_0.created_at,
        ba1_0.employee_id,
        ba1_0.ifsc_code,
        ba1_0.is_primary,
        ba1_0.owner_type,
        ba1_0.updated_at,
        ba1_0.vendor_id 
    from
        bank_accounts ba1_0 
    where
        ba1_0.employee_id=?
2025-12-18 01:06:55.519 [http-nio-8040-exec-8] TRACE org.hibernate.orm.jdbc.bind - binding parameter (1:BIGINT) <- [68]
2025-12-18 01:06:55.520 [http-nio-8040-exec-8] DEBUG org.hibernate.SQL - 
    select
        ba1_0.id,
        ba1_0.account_holder_name,
        ba1_0.account_number,
        ba1_0.bank_name,
        ba1_0.created_at,
        ba1_0.employee_id,
        ba1_0.ifsc_code,
        ba1_0.is_primary,
        ba1_0.owner_type,
        ba1_0.updated_at,
        ba1_0.vendor_id 
    from
        bank_accounts ba1_0 
    where
        ba1_0.employee_id=?
2025-12-18 01:06:55.520 [http-nio-8040-exec-8] TRACE org.hibernate.orm.jdbc.bind - binding parameter (1:BIGINT) <- [69]
2025-12-18 01:06:55.522 [http-nio-8040-exec-8] DEBUG org.hibernate.SQL - 
    select
        ba1_0.id,
        ba1_0.account_holder_name,
        ba1_0.account_number,
        ba1_0.bank_name,
        ba1_0.created_at,
        ba1_0.employee_id,
        ba1_0.ifsc_code,
        ba1_0.is_primary,
        ba1_0.owner_type,
        ba1_0.updated_at,
        ba1_0.vendor_id 
    from
        bank_accounts ba1_0 
    where
        ba1_0.employee_id=?
2025-12-18 01:06:55.522 [http-nio-8040-exec-8] TRACE org.hibernate.orm.jdbc.bind - binding parameter (1:BIGINT) <- [70]
2025-12-18 01:06:55.524 [http-nio-8040-exec-8] DEBUG org.hibernate.SQL - 
    select
        ba1_0.id,
        ba1_0.account_holder_name,
        ba1_0.account_number,
        ba1_0.bank_name,
        ba1_0.created_at,
        ba1_0.employee_id,
        ba1_0.ifsc_code,
        ba1_0.is_primary,
        ba1_0.owner_type,
        ba1_0.updated_at,
        ba1_0.vendor_id 
    from
        bank_accounts ba1_0 
    where
        ba1_0.employee_id=?
2025-12-18 01:06:55.525 [http-nio-8040-exec-8] TRACE org.hibernate.orm.jdbc.bind - binding parameter (1:BIGINT) <- [71]
2025-12-18 01:06:55.526 [http-nio-8040-exec-8] DEBUG org.hibernate.SQL - 
    select
        ba1_0.id,
        ba1_0.account_holder_name,
        ba1_0.account_number,
        ba1_0.bank_name,
        ba1_0.created_at,
        ba1_0.employee_id,
        ba1_0.ifsc_code,
        ba1_0.is_primary,
        ba1_0.owner_type,
        ba1_0.updated_at,
        ba1_0.vendor_id 
    from
        bank_accounts ba1_0 
    where
        ba1_0.employee_id=?
2025-12-18 01:06:55.527 [http-nio-8040-exec-8] TRACE org.hibernate.orm.jdbc.bind - binding parameter (1:BIGINT) <- [72]
2025-12-18 01:06:55.528 [http-nio-8040-exec-8] DEBUG org.hibernate.SQL - 
    select
        ba1_0.id,
        ba1_0.account_holder_name,
        ba1_0.account_number,
        ba1_0.bank_name,
        ba1_0.created_at,
        ba1_0.employee_id,
        ba1_0.ifsc_code,
        ba1_0.is_primary,
        ba1_0.owner_type,
        ba1_0.updated_at,
        ba1_0.vendor_id 
    from
        bank_accounts ba1_0 
    where
        ba1_0.employee_id=?
2025-12-18 01:06:55.528 [http-nio-8040-exec-8] TRACE org.hibernate.orm.jdbc.bind - binding parameter (1:BIGINT) <- [73]
2025-12-18 01:06:55.530 [http-nio-8040-exec-8] DEBUG org.hibernate.SQL - 
    select
        ba1_0.id,
        ba1_0.account_holder_name,
        ba1_0.account_number,
        ba1_0.bank_name,
        ba1_0.created_at,
        ba1_0.employee_id,
        ba1_0.ifsc_code,
        ba1_0.is_primary,
        ba1_0.owner_type,
        ba1_0.updated_at,
        ba1_0.vendor_id 
    from
        bank_accounts ba1_0 
    where
        ba1_0.employee_id=?
2025-12-18 01:06:55.530 [http-nio-8040-exec-8] TRACE org.hibernate.orm.jdbc.bind - binding parameter (1:BIGINT) <- [74]
2025-12-18 01:06:55.531 [http-nio-8040-exec-8] DEBUG org.hibernate.SQL - 
    select
        ba1_0.id,
        ba1_0.account_holder_name,
        ba1_0.account_number,
        ba1_0.bank_name,
        ba1_0.created_at,
        ba1_0.employee_id,
        ba1_0.ifsc_code,
        ba1_0.is_primary,
        ba1_0.owner_type,
        ba1_0.updated_at,
        ba1_0.vendor_id 
    from
        bank_accounts ba1_0 
    where
        ba1_0.employee_id=?
2025-12-18 01:06:55.531 [http-nio-8040-exec-8] TRACE org.hibernate.orm.jdbc.bind - binding parameter (1:BIGINT) <- [75]
2025-12-18 01:06:55.532 [http-nio-8040-exec-8] DEBUG org.hibernate.SQL - 
    select
        ba1_0.id,
        ba1_0.account_holder_name,
        ba1_0.account_number,
        ba1_0.bank_name,
        ba1_0.created_at,
        ba1_0.employee_id,
        ba1_0.ifsc_code,
        ba1_0.is_primary,
        ba1_0.owner_type,
        ba1_0.updated_at,
        ba1_0.vendor_id 
    from
        bank_accounts ba1_0 
    where
        ba1_0.employee_id=?
2025-12-18 01:06:55.532 [http-nio-8040-exec-8] TRACE org.hibernate.orm.jdbc.bind - binding parameter (1:BIGINT) <- [76]
2025-12-18 01:06:55.534 [http-nio-8040-exec-8] DEBUG org.hibernate.SQL - 
    select
        ba1_0.id,
        ba1_0.account_holder_name,
        ba1_0.account_number,
        ba1_0.bank_name,
        ba1_0.created_at,
        ba1_0.employee_id,
        ba1_0.ifsc_code,
        ba1_0.is_primary,
        ba1_0.owner_type,
        ba1_0.updated_at,
        ba1_0.vendor_id 
    from
        bank_accounts ba1_0 
    where
        ba1_0.employee_id=?
2025-12-18 01:06:55.534 [http-nio-8040-exec-8] TRACE org.hibernate.orm.jdbc.bind - binding parameter (1:BIGINT) <- [77]
2025-12-18 01:06:55.535 [http-nio-8040-exec-8] DEBUG org.hibernate.SQL - 
    select
        ba1_0.id,
        ba1_0.account_holder_name,
        ba1_0.account_number,
        ba1_0.bank_name,
        ba1_0.created_at,
        ba1_0.employee_id,
        ba1_0.ifsc_code,
        ba1_0.is_primary,
        ba1_0.owner_type,
        ba1_0.updated_at,
        ba1_0.vendor_id 
    from
        bank_accounts ba1_0 
    where
        ba1_0.employee_id=?
2025-12-18 01:06:55.535 [http-nio-8040-exec-8] TRACE org.hibernate.orm.jdbc.bind - binding parameter (1:BIGINT) <- [78]
2025-12-18 01:06:55.538 [http-nio-8040-exec-8] DEBUG org.hibernate.SQL - 
    select
        ba1_0.id,
        ba1_0.account_holder_name,
        ba1_0.account_number,
        ba1_0.bank_name,
        ba1_0.created_at,
        ba1_0.employee_id,
        ba1_0.ifsc_code,
        ba1_0.is_primary,
        ba1_0.owner_type,
        ba1_0.updated_at,
        ba1_0.vendor_id 
    from
        bank_accounts ba1_0 
    where
        ba1_0.employee_id=?
2025-12-18 01:06:55.538 [http-nio-8040-exec-8] TRACE org.hibernate.orm.jdbc.bind - binding parameter (1:BIGINT) <- [79]
2025-12-18 01:06:55.540 [http-nio-8040-exec-8] DEBUG org.hibernate.SQL - 
    select
        ba1_0.id,
        ba1_0.account_holder_name,
        ba1_0.account_number,
        ba1_0.bank_name,
        ba1_0.created_at,
        ba1_0.employee_id,
        ba1_0.ifsc_code,
        ba1_0.is_primary,
        ba1_0.owner_type,
        ba1_0.updated_at,
        ba1_0.vendor_id 
    from
        bank_accounts ba1_0 
    where
        ba1_0.employee_id=?
2025-12-18 01:06:55.540 [http-nio-8040-exec-8] TRACE org.hibernate.orm.jdbc.bind - binding parameter (1:BIGINT) <- [80]
2025-12-18 01:06:55.541 [http-nio-8040-exec-8] DEBUG org.hibernate.SQL - 
    select
        ba1_0.id,
        ba1_0.account_holder_name,
        ba1_0.account_number,
        ba1_0.bank_name,
        ba1_0.created_at,
        ba1_0.employee_id,
        ba1_0.ifsc_code,
        ba1_0.is_primary,
        ba1_0.owner_type,
        ba1_0.updated_at,
        ba1_0.vendor_id 
    from
        bank_accounts ba1_0 
    where
        ba1_0.employee_id=?
2025-12-18 01:06:55.542 [http-nio-8040-exec-8] TRACE org.hibernate.orm.jdbc.bind - binding parameter (1:BIGINT) <- [81]
2025-12-18 01:06:55.544 [http-nio-8040-exec-8] DEBUG org.hibernate.SQL - 
    select
        ba1_0.id,
        ba1_0.account_holder_name,
        ba1_0.account_number,
        ba1_0.bank_name,
        ba1_0.created_at,
        ba1_0.employee_id,
        ba1_0.ifsc_code,
        ba1_0.is_primary,
        ba1_0.owner_type,
        ba1_0.updated_at,
        ba1_0.vendor_id 
    from
        bank_accounts ba1_0 
    where
        ba1_0.employee_id=?
2025-12-18 01:06:55.544 [http-nio-8040-exec-8] TRACE org.hibernate.orm.jdbc.bind - binding parameter (1:BIGINT) <- [82]
2025-12-18 01:06:55.546 [http-nio-8040-exec-8] DEBUG org.hibernate.SQL - 
    select
        ba1_0.id,
        ba1_0.account_holder_name,
        ba1_0.account_number,
        ba1_0.bank_name,
        ba1_0.created_at,
        ba1_0.employee_id,
        ba1_0.ifsc_code,
        ba1_0.is_primary,
        ba1_0.owner_type,
        ba1_0.updated_at,
        ba1_0.vendor_id 
    from
        bank_accounts ba1_0 
    where
        ba1_0.employee_id=?
2025-12-18 01:06:55.546 [http-nio-8040-exec-8] TRACE org.hibernate.orm.jdbc.bind - binding parameter (1:BIGINT) <- [83]
2025-12-18 01:06:55.547 [http-nio-8040-exec-8] DEBUG org.hibernate.SQL - 
    select
        ba1_0.id,
        ba1_0.account_holder_name,
        ba1_0.account_number,
        ba1_0.bank_name,
        ba1_0.created_at,
        ba1_0.employee_id,
        ba1_0.ifsc_code,
        ba1_0.is_primary,
        ba1_0.owner_type,
        ba1_0.updated_at,
        ba1_0.vendor_id 
    from
        bank_accounts ba1_0 
    where
        ba1_0.employee_id=?
2025-12-18 01:06:55.547 [http-nio-8040-exec-8] TRACE org.hibernate.orm.jdbc.bind - binding parameter (1:BIGINT) <- [84]
2025-12-18 01:06:55.549 [http-nio-8040-exec-8] DEBUG org.hibernate.SQL - 
    select
        ba1_0.id,
        ba1_0.account_holder_name,
        ba1_0.account_number,
        ba1_0.bank_name,
        ba1_0.created_at,
        ba1_0.employee_id,
        ba1_0.ifsc_code,
        ba1_0.is_primary,
        ba1_0.owner_type,
        ba1_0.updated_at,
        ba1_0.vendor_id 
    from
        bank_accounts ba1_0 
    where
        ba1_0.employee_id=?
2025-12-18 01:06:55.549 [http-nio-8040-exec-8] TRACE org.hibernate.orm.jdbc.bind - binding parameter (1:BIGINT) <- [85]
2025-12-18 01:06:55.550 [http-nio-8040-exec-8] DEBUG org.hibernate.SQL - 
    select
        ba1_0.id,
        ba1_0.account_holder_name,
        ba1_0.account_number,
        ba1_0.bank_name,
        ba1_0.created_at,
        ba1_0.employee_id,
        ba1_0.ifsc_code,
        ba1_0.is_primary,
        ba1_0.owner_type,
        ba1_0.updated_at,
        ba1_0.vendor_id 
    from
        bank_accounts ba1_0 
    where
        ba1_0.employee_id=?
2025-12-18 01:06:55.550 [http-nio-8040-exec-8] TRACE org.hibernate.orm.jdbc.bind - binding parameter (1:BIGINT) <- [86]
2025-12-18 01:06:55.551 [http-nio-8040-exec-8] DEBUG org.hibernate.SQL - 
    select
        ba1_0.id,
        ba1_0.account_holder_name,
        ba1_0.account_number,
        ba1_0.bank_name,
        ba1_0.created_at,
        ba1_0.employee_id,
        ba1_0.ifsc_code,
        ba1_0.is_primary,
        ba1_0.owner_type,
        ba1_0.updated_at,
        ba1_0.vendor_id 
    from
        bank_accounts ba1_0 
    where
        ba1_0.employee_id=?
2025-12-18 01:06:55.551 [http-nio-8040-exec-8] TRACE org.hibernate.orm.jdbc.bind - binding parameter (1:BIGINT) <- [87]
2025-12-18 01:06:55.552 [http-nio-8040-exec-8] DEBUG org.hibernate.SQL - 
    select
        ba1_0.id,
        ba1_0.account_holder_name,
        ba1_0.account_number,
        ba1_0.bank_name,
        ba1_0.created_at,
        ba1_0.employee_id,
        ba1_0.ifsc_code,
        ba1_0.is_primary,
        ba1_0.owner_type,
        ba1_0.updated_at,
        ba1_0.vendor_id 
    from
        bank_accounts ba1_0 
    where
        ba1_0.employee_id=?
2025-12-18 01:06:55.553 [http-nio-8040-exec-8] TRACE org.hibernate.orm.jdbc.bind - binding parameter (1:BIGINT) <- [88]
2025-12-18 01:06:55.554 [http-nio-8040-exec-8] DEBUG org.hibernate.SQL - 
    select
        ba1_0.id,
        ba1_0.account_holder_name,
        ba1_0.account_number,
        ba1_0.bank_name,
        ba1_0.created_at,
        ba1_0.employee_id,
        ba1_0.ifsc_code,
        ba1_0.is_primary,
        ba1_0.owner_type,
        ba1_0.updated_at,
        ba1_0.vendor_id 
    from
        bank_accounts ba1_0 
    where
        ba1_0.employee_id=?
2025-12-18 01:06:55.554 [http-nio-8040-exec-8] TRACE org.hibernate.orm.jdbc.bind - binding parameter (1:BIGINT) <- [89]
2025-12-18 01:06:55.555 [http-nio-8040-exec-8] DEBUG org.hibernate.SQL - 
    select
        ba1_0.id,
        ba1_0.account_holder_name,
        ba1_0.account_number,
        ba1_0.bank_name,
        ba1_0.created_at,
        ba1_0.employee_id,
        ba1_0.ifsc_code,
        ba1_0.is_primary,
        ba1_0.owner_type,
        ba1_0.updated_at,
        ba1_0.vendor_id 
    from
        bank_accounts ba1_0 
    where
        ba1_0.employee_id=?
2025-12-18 01:06:55.555 [http-nio-8040-exec-8] TRACE org.hibernate.orm.jdbc.bind - binding parameter (1:BIGINT) <- [90]
2025-12-18 01:06:55.556 [http-nio-8040-exec-8] DEBUG org.hibernate.SQL - 
    select
        ba1_0.id,
        ba1_0.account_holder_name,
        ba1_0.account_number,
        ba1_0.bank_name,
        ba1_0.created_at,
        ba1_0.employee_id,
        ba1_0.ifsc_code,
        ba1_0.is_primary,
        ba1_0.owner_type,
        ba1_0.updated_at,
        ba1_0.vendor_id 
    from
        bank_accounts ba1_0 
    where
        ba1_0.employee_id=?
2025-12-18 01:06:55.556 [http-nio-8040-exec-8] TRACE org.hibernate.orm.jdbc.bind - binding parameter (1:BIGINT) <- [91]
2025-12-18 01:06:55.558 [http-nio-8040-exec-8] DEBUG org.hibernate.SQL - 
    select
        ba1_0.id,
        ba1_0.account_holder_name,
        ba1_0.account_number,
        ba1_0.bank_name,
        ba1_0.created_at,
        ba1_0.employee_id,
        ba1_0.ifsc_code,
        ba1_0.is_primary,
        ba1_0.owner_type,
        ba1_0.updated_at,
        ba1_0.vendor_id 
    from
        bank_accounts ba1_0 
    where
        ba1_0.employee_id=?
2025-12-18 01:06:55.559 [http-nio-8040-exec-8] TRACE org.hibernate.orm.jdbc.bind - binding parameter (1:BIGINT) <- [92]
2025-12-18 01:06:55.560 [http-nio-8040-exec-8] DEBUG org.hibernate.SQL - 
    select
        ba1_0.id,
        ba1_0.account_holder_name,
        ba1_0.account_number,
        ba1_0.bank_name,
        ba1_0.created_at,
        ba1_0.employee_id,
        ba1_0.ifsc_code,
        ba1_0.is_primary,
        ba1_0.owner_type,
        ba1_0.updated_at,
        ba1_0.vendor_id 
    from
        bank_accounts ba1_0 
    where
        ba1_0.employee_id=?
2025-12-18 01:06:55.560 [http-nio-8040-exec-8] TRACE org.hibernate.orm.jdbc.bind - binding parameter (1:BIGINT) <- [93]
2025-12-18 01:06:55.561 [http-nio-8040-exec-8] DEBUG org.hibernate.SQL - 
    select
        ba1_0.id,
        ba1_0.account_holder_name,
        ba1_0.account_number,
        ba1_0.bank_name,
        ba1_0.created_at,
        ba1_0.employee_id,
        ba1_0.ifsc_code,
        ba1_0.is_primary,
        ba1_0.owner_type,
        ba1_0.updated_at,
        ba1_0.vendor_id 
    from
        bank_accounts ba1_0 
    where
        ba1_0.employee_id=?
2025-12-18 01:06:55.562 [http-nio-8040-exec-8] TRACE org.hibernate.orm.jdbc.bind - binding parameter (1:BIGINT) <- [94]
2025-12-18 01:06:55.563 [http-nio-8040-exec-8] DEBUG org.hibernate.SQL - 
    select
        ba1_0.id,
        ba1_0.account_holder_name,
        ba1_0.account_number,
        ba1_0.bank_name,
        ba1_0.created_at,
        ba1_0.employee_id,
        ba1_0.ifsc_code,
        ba1_0.is_primary,
        ba1_0.owner_type,
        ba1_0.updated_at,
        ba1_0.vendor_id 
    from
        bank_accounts ba1_0 
    where
        ba1_0.employee_id=?
2025-12-18 01:06:55.564 [http-nio-8040-exec-8] TRACE org.hibernate.orm.jdbc.bind - binding parameter (1:BIGINT) <- [95]
2025-12-18 01:06:55.565 [http-nio-8040-exec-8] DEBUG org.hibernate.SQL - 
    select
        ba1_0.id,
        ba1_0.account_holder_name,
        ba1_0.account_number,
        ba1_0.bank_name,
        ba1_0.created_at,
        ba1_0.employee_id,
        ba1_0.ifsc_code,
        ba1_0.is_primary,
        ba1_0.owner_type,
        ba1_0.updated_at,
        ba1_0.vendor_id 
    from
        bank_accounts ba1_0 
    where
        ba1_0.employee_id=?
2025-12-18 01:06:55.565 [http-nio-8040-exec-8] TRACE org.hibernate.orm.jdbc.bind - binding parameter (1:BIGINT) <- [96]
2025-12-18 01:06:55.566 [http-nio-8040-exec-8] DEBUG org.hibernate.SQL - 
    select
        ba1_0.id,
        ba1_0.account_holder_name,
        ba1_0.account_number,
        ba1_0.bank_name,
        ba1_0.created_at,
        ba1_0.employee_id,
        ba1_0.ifsc_code,
        ba1_0.is_primary,
        ba1_0.owner_type,
        ba1_0.updated_at,
        ba1_0.vendor_id 
    from
        bank_accounts ba1_0 
    where
        ba1_0.employee_id=?
2025-12-18 01:06:55.566 [http-nio-8040-exec-8] TRACE org.hibernate.orm.jdbc.bind - binding parameter (1:BIGINT) <- [97]
2025-12-18 01:06:55.568 [http-nio-8040-exec-8] DEBUG org.hibernate.SQL - 
    select
        ba1_0.id,
        ba1_0.account_holder_name,
        ba1_0.account_number,
        ba1_0.bank_name,
        ba1_0.created_at,
        ba1_0.employee_id,
        ba1_0.ifsc_code,
        ba1_0.is_primary,
        ba1_0.owner_type,
        ba1_0.updated_at,
        ba1_0.vendor_id 
    from
        bank_accounts ba1_0 
    where
        ba1_0.employee_id=?
2025-12-18 01:06:55.568 [http-nio-8040-exec-8] TRACE org.hibernate.orm.jdbc.bind - binding parameter (1:BIGINT) <- [98]
2025-12-18 01:06:55.570 [http-nio-8040-exec-8] DEBUG org.hibernate.SQL - 
    select
        ba1_0.id,
        ba1_0.account_holder_name,
        ba1_0.account_number,
        ba1_0.bank_name,
        ba1_0.created_at,
        ba1_0.employee_id,
        ba1_0.ifsc_code,
        ba1_0.is_primary,
        ba1_0.owner_type,
        ba1_0.updated_at,
        ba1_0.vendor_id 
    from
        bank_accounts ba1_0 
    where
        ba1_0.employee_id=?
2025-12-18 01:06:55.570 [http-nio-8040-exec-8] TRACE org.hibernate.orm.jdbc.bind - binding parameter (1:BIGINT) <- [99]
2025-12-18 01:06:55.572 [http-nio-8040-exec-8] DEBUG org.hibernate.SQL - 
    select
        ba1_0.id,
        ba1_0.account_holder_name,
        ba1_0.account_number,
        ba1_0.bank_name,
        ba1_0.created_at,
        ba1_0.employee_id,
        ba1_0.ifsc_code,
        ba1_0.is_primary,
        ba1_0.owner_type,
        ba1_0.updated_at,
        ba1_0.vendor_id 
    from
        bank_accounts ba1_0 
    where
        ba1_0.employee_id=?
2025-12-18 01:06:55.572 [http-nio-8040-exec-8] TRACE org.hibernate.orm.jdbc.bind - binding parameter (1:BIGINT) <- [100]
2025-12-18 01:06:55.603 [http-nio-8040-exec-8] DEBUG org.hibernate.SQL - 
    select
        u1_0.id 
    from
        users u1_0 
    where
        u1_0.username=? 
    limit
        ?
2025-12-18 01:06:55.603 [http-nio-8040-exec-8] TRACE org.hibernate.orm.jdbc.bind - binding parameter (1:VARCHAR) <- [vasoj6725315573]
2025-12-18 01:06:55.604 [http-nio-8040-exec-8] TRACE org.hibernate.orm.jdbc.bind - binding parameter (2:INTEGER) <- [1]
2025-12-18 01:06:55.759 [http-nio-8040-exec-8] DEBUG org.hibernate.SQL - 
    insert 
    into
        users
        (created_at, email, full_name, is_active, organization_id, password, requires_password_change, role, updated_at, username) 
    values
        (?, ?, ?, ?, ?, ?, ?, ?, ?, ?)
2025-12-18 01:06:55.762 [http-nio-8040-exec-8] TRACE org.hibernate.orm.jdbc.bind - binding parameter (1:TIMESTAMP) <- [2025-12-18T01:06:55.751431]
2025-12-18 01:06:55.762 [http-nio-8040-exec-8] TRACE org.hibernate.orm.jdbc.bind - binding parameter (2:VARCHAR) <- [vasoj67253@fftube.com]
2025-12-18 01:06:55.762 [http-nio-8040-exec-8] TRACE org.hibernate.orm.jdbc.bind - binding parameter (3:VARCHAR) <- [AJKjknjknf]
2025-12-18 01:06:55.762 [http-nio-8040-exec-8] TRACE org.hibernate.orm.jdbc.bind - binding parameter (4:BOOLEAN) <- [true]
2025-12-18 01:06:55.762 [http-nio-8040-exec-8] TRACE org.hibernate.orm.jdbc.bind - binding parameter (5:INTEGER) <- [1]
2025-12-18 01:06:55.762 [http-nio-8040-exec-8] TRACE org.hibernate.orm.jdbc.bind - binding parameter (6:VARCHAR) <- [$2a$10$B0pXLkV3IApW4BCEIOB7quFSgJSipY6LNI9reWJy7X.Xnn0DjP/ne]
2025-12-18 01:06:55.762 [http-nio-8040-exec-8] TRACE org.hibernate.orm.jdbc.bind - binding parameter (7:BOOLEAN) <- [true]
2025-12-18 01:06:55.762 [http-nio-8040-exec-8] TRACE org.hibernate.orm.jdbc.bind - binding parameter (8:ENUM) <- [CLIENT]
2025-12-18 01:06:55.762 [http-nio-8040-exec-8] TRACE org.hibernate.orm.jdbc.bind - binding parameter (9:TIMESTAMP) <- [2025-12-18T01:06:55.751431]
2025-12-18 01:06:55.762 [http-nio-8040-exec-8] TRACE org.hibernate.orm.jdbc.bind - binding parameter (10:VARCHAR) <- [vasoj6725315573]
2025-12-18 01:06:55.769 [http-nio-8040-exec-8] WARN  o.h.e.jdbc.spi.SqlExceptionHelper - SQL Error: 1062, SQLState: 23000
2025-12-18 01:06:55.770 [http-nio-8040-exec-8] ERROR o.h.e.jdbc.spi.SqlExceptionHelper - Duplicate entry 'vasoj67253@fftube.com' for key 'users.UK6dotkott2kjsp8vw4d0m25fb7'
2025-12-18 01:06:55.820 [http-nio-8040-exec-8] ERROR c.a.p.e.GlobalExceptionHandler - Unexpected error
org.springframework.dao.DataIntegrityViolationException: could not execute statement [Duplicate entry 'vasoj67253@fftube.com' for key 'users.UK6dotkott2kjsp8vw4d0m25fb7'] [insert into users (created_at,email,full_name,is_active,organization_id,password,requires_password_change,role,updated_at,username) values (?,?,?,?,?,?,?,?,?,?)]; SQL [insert into users (created_at,email,full_name,is_active,organization_id,password,requires_password_change,role,updated_at,username) values (?,?,?,?,?,?,?,?,?,?)]; constraint [users.UK6dotkott2kjsp8vw4d0m25fb7]
	at org.springframework.orm.jpa.vendor.HibernateJpaDialect.convertHibernateAccessException(HibernateJpaDialect.java:294)
	at org.springframework.orm.jpa.vendor.HibernateJpaDialect.convertHibernateAccessException(HibernateJpaDialect.java:256)
	at org.springframework.orm.jpa.vendor.HibernateJpaDialect.translateExceptionIfPossible(HibernateJpaDialect.java:241)
	at org.springframework.orm.jpa.AbstractEntityManagerFactoryBean.translateExceptionIfPossible(AbstractEntityManagerFactoryBean.java:560)
	at org.springframework.dao.support.ChainedPersistenceExceptionTranslator.translateExceptionIfPossible(ChainedPersistenceExceptionTranslator.java:61)
	at org.springframework.dao.support.DataAccessUtils.translateIfNecessary(DataAccessUtils.java:343)
	at org.springframework.dao.support.PersistenceExceptionTranslationInterceptor.invoke(PersistenceExceptionTranslationInterceptor.java:160)
	at org.springframework.aop.framework.ReflectiveMethodInvocation.proceed(ReflectiveMethodInvocation.java:184)
	at org.springframework.data.jpa.repository.support.CrudMethodMetadataPostProcessor$CrudMethodMetadataPopulatingMethodInterceptor.invoke(CrudMethodMetadataPostProcessor.java:165)
	at org.springframework.aop.framework.ReflectiveMethodInvocation.proceed(ReflectiveMethodInvocation.java:184)
	at org.springframework.aop.framework.JdkDynamicAopProxy.invoke(JdkDynamicAopProxy.java:223)
	at jdk.proxy4/jdk.proxy4.$Proxy165.save(Unknown Source)
	at com.aurionpro.papms.service.client.ClientPortalServiceImpl.onboardClient(ClientPortalServiceImpl.java:115)
	at java.base/jdk.internal.reflect.NativeMethodAccessorImpl.invoke0(Native Method)
	at java.base/jdk.internal.reflect.NativeMethodAccessorImpl.invoke(NativeMethodAccessorImpl.java:77)
	at java.base/jdk.internal.reflect.DelegatingMethodAccessorImpl.invoke(DelegatingMethodAccessorImpl.java:43)
	at java.base/java.lang.reflect.Method.invoke(Method.java:568)
	at org.springframework.aop.support.AopUtils.invokeJoinpointUsingReflection(AopUtils.java:360)
	at org.springframework.aop.framework.ReflectiveMethodInvocation.invokeJoinpoint(ReflectiveMethodInvocation.java:196)
	at org.springframework.aop.framework.ReflectiveMethodInvocation.proceed(ReflectiveMethodInvocation.java:163)
	at org.springframework.transaction.interceptor.TransactionAspectSupport.invokeWithinTransaction(TransactionAspectSupport.java:380)
	at org.springframework.transaction.interceptor.TransactionInterceptor.invoke(TransactionInterceptor.java:119)
	at org.springframework.aop.framework.ReflectiveMethodInvocation.proceed(ReflectiveMethodInvocation.java:184)
	at org.springframework.aop.framework.CglibAopProxy$DynamicAdvisedInterceptor.intercept(CglibAopProxy.java:728)
	at com.aurionpro.papms.service.client.ClientPortalServiceImpl$$SpringCGLIB$$0.onboardClient(<generated>)
	at com.aurionpro.papms.controller.client.ClientPortalController.onboardClient(ClientPortalController.java:36)
	at java.base/jdk.internal.reflect.NativeMethodAccessorImpl.invoke0(Native Method)
	at java.base/jdk.internal.reflect.NativeMethodAccessorImpl.invoke(NativeMethodAccessorImpl.java:77)
	at java.base/jdk.internal.reflect.DelegatingMethodAccessorImpl.invoke(DelegatingMethodAccessorImpl.java:43)
	at java.base/java.lang.reflect.Method.invoke(Method.java:568)
	at org.springframework.aop.support.AopUtils.invokeJoinpointUsingReflection(AopUtils.java:360)
	at org.springframework.aop.framework.ReflectiveMethodInvocation.invokeJoinpoint(ReflectiveMethodInvocation.java:196)
	at org.springframework.aop.framework.ReflectiveMethodInvocation.proceed(ReflectiveMethodInvocation.java:163)
	at org.springframework.security.authorization.method.AuthorizationManagerBeforeMethodInterceptor.proceed(AuthorizationManagerBeforeMethodInterceptor.java:268)
	at org.springframework.security.authorization.method.AuthorizationManagerBeforeMethodInterceptor.attemptAuthorization(AuthorizationManagerBeforeMethodInterceptor.java:263)
	at org.springframework.security.authorization.method.AuthorizationManagerBeforeMethodInterceptor.invoke(AuthorizationManagerBeforeMethodInterceptor.java:196)
	at org.springframework.security.config.annotation.method.configuration.DeferringMethodInterceptor.invoke(DeferringMethodInterceptor.java:44)
	at org.springframework.aop.framework.ReflectiveMethodInvocation.proceed(ReflectiveMethodInvocation.java:184)
	at org.springframework.aop.framework.CglibAopProxy$DynamicAdvisedInterceptor.intercept(CglibAopProxy.java:728)
	at com.aurionpro.papms.controller.client.ClientPortalController$$SpringCGLIB$$0.onboardClient(<generated>)
	at java.base/jdk.internal.reflect.NativeMethodAccessorImpl.invoke0(Native Method)
	at java.base/jdk.internal.reflect.NativeMethodAccessorImpl.invoke(NativeMethodAccessorImpl.java:77)
	at java.base/jdk.internal.reflect.DelegatingMethodAccessorImpl.invoke(DelegatingMethodAccessorImpl.java:43)
	at java.base/java.lang.reflect.Method.invoke(Method.java:568)
	at org.springframework.web.method.support.InvocableHandlerMethod.doInvoke(InvocableHandlerMethod.java:258)
	at org.springframework.web.method.support.InvocableHandlerMethod.invokeForRequest(InvocableHandlerMethod.java:191)
	at org.springframework.web.servlet.mvc.method.annotation.ServletInvocableHandlerMethod.invokeAndHandle(ServletInvocableHandlerMethod.java:118)
	at org.springframework.web.servlet.mvc.method.annotation.RequestMappingHandlerAdapter.invokeHandlerMethod(RequestMappingHandlerAdapter.java:991)
	at org.springframework.web.servlet.mvc.method.annotation.RequestMappingHandlerAdapter.handleInternal(RequestMappingHandlerAdapter.java:896)
	at org.springframework.web.servlet.mvc.method.AbstractHandlerMethodAdapter.handle(AbstractHandlerMethodAdapter.java:87)
	at org.springframework.web.servlet.DispatcherServlet.doDispatch(DispatcherServlet.java:1089)
	at org.springframework.web.servlet.DispatcherServlet.doService(DispatcherServlet.java:979)
	at org.springframework.web.servlet.FrameworkServlet.processRequest(FrameworkServlet.java:1014)
	at org.springframework.web.servlet.FrameworkServlet.doPost(FrameworkServlet.java:914)
	at jakarta.servlet.http.HttpServlet.service(HttpServlet.java:590)
	at org.springframework.web.servlet.FrameworkServlet.service(FrameworkServlet.java:885)
	at jakarta.servlet.http.HttpServlet.service(HttpServlet.java:658)
	at org.apache.catalina.core.ApplicationFilterChain.internalDoFilter(ApplicationFilterChain.java:195)
	at org.apache.catalina.core.ApplicationFilterChain.doFilter(ApplicationFilterChain.java:140)
	at org.apache.tomcat.websocket.server.WsFilter.doFilter(WsFilter.java:51)
	at org.apache.catalina.core.ApplicationFilterChain.internalDoFilter(ApplicationFilterChain.java:164)
	at org.apache.catalina.core.ApplicationFilterChain.doFilter(ApplicationFilterChain.java:140)
	at org.springframework.web.filter.OncePerRequestFilter.doFilter(OncePerRequestFilter.java:110)
	at org.apache.catalina.core.ApplicationFilterChain.internalDoFilter(ApplicationFilterChain.java:164)
	at org.apache.catalina.core.ApplicationFilterChain.doFilter(ApplicationFilterChain.java:140)
	at org.springframework.web.filter.CompositeFilter$VirtualFilterChain.doFilter(CompositeFilter.java:108)
	at org.springframework.web.filter.CompositeFilter$VirtualFilterChain.doFilter(CompositeFilter.java:108)
	at org.springframework.security.web.FilterChainProxy.lambda$doFilterInternal$3(FilterChainProxy.java:231)
	at org.springframework.security.web.FilterChainProxy$VirtualFilterChain.doFilter(FilterChainProxy.java:365)
	at org.springframework.security.web.access.intercept.AuthorizationFilter.doFilter(AuthorizationFilter.java:101)
	at org.springframework.security.web.FilterChainProxy$VirtualFilterChain.doFilter(FilterChainProxy.java:374)
	at org.springframework.security.web.access.ExceptionTranslationFilter.doFilter(ExceptionTranslationFilter.java:125)
	at org.springframework.security.web.access.ExceptionTranslationFilter.doFilter(ExceptionTranslationFilter.java:119)
	at org.springframework.security.web.FilterChainProxy$VirtualFilterChain.doFilter(FilterChainProxy.java:374)
	at org.springframework.security.web.session.SessionManagementFilter.doFilter(SessionManagementFilter.java:131)
	at org.springframework.security.web.session.SessionManagementFilter.doFilter(SessionManagementFilter.java:85)
	at org.springframework.security.web.FilterChainProxy$VirtualFilterChain.doFilter(FilterChainProxy.java:374)
	at org.springframework.security.web.authentication.AnonymousAuthenticationFilter.doFilter(AnonymousAuthenticationFilter.java:100)
	at org.springframework.security.web.FilterChainProxy$VirtualFilterChain.doFilter(FilterChainProxy.java:374)
	at org.springframework.security.web.servletapi.SecurityContextHolderAwareRequestFilter.doFilter(SecurityContextHolderAwareRequestFilter.java:179)
	at org.springframework.security.web.FilterChainProxy$VirtualFilterChain.doFilter(FilterChainProxy.java:374)
	at org.springframework.security.web.savedrequest.RequestCacheAwareFilter.doFilter(RequestCacheAwareFilter.java:63)
	at org.springframework.security.web.FilterChainProxy$VirtualFilterChain.doFilter(FilterChainProxy.java:374)
	at com.aurionpro.papms.security.filter.JwtAuthFilter.doFilterInternal(JwtAuthFilter.java:71)
	at org.springframework.web.filter.OncePerRequestFilter.doFilter(OncePerRequestFilter.java:116)
	at org.springframework.security.web.FilterChainProxy$VirtualFilterChain.doFilter(FilterChainProxy.java:374)
	at org.springframework.security.web.authentication.logout.LogoutFilter.doFilter(LogoutFilter.java:107)
	at org.springframework.security.web.authentication.logout.LogoutFilter.doFilter(LogoutFilter.java:93)
	at org.springframework.security.web.FilterChainProxy$VirtualFilterChain.doFilter(FilterChainProxy.java:374)
	at org.springframework.web.filter.CorsFilter.doFilterInternal(CorsFilter.java:91)
	at org.springframework.web.filter.OncePerRequestFilter.doFilter(OncePerRequestFilter.java:116)
	at org.springframework.security.web.FilterChainProxy$VirtualFilterChain.doFilter(FilterChainProxy.java:374)
	at org.springframework.security.web.header.HeaderWriterFilter.doHeadersAfter(HeaderWriterFilter.java:90)
	at org.springframework.security.web.header.HeaderWriterFilter.doFilterInternal(HeaderWriterFilter.java:75)
	at org.springframework.web.filter.OncePerRequestFilter.doFilter(OncePerRequestFilter.java:116)
	at org.springframework.security.web.FilterChainProxy$VirtualFilterChain.doFilter(FilterChainProxy.java:374)
	at org.springframework.security.web.context.SecurityContextHolderFilter.doFilter(SecurityContextHolderFilter.java:82)
	at org.springframework.security.web.context.SecurityContextHolderFilter.doFilter(SecurityContextHolderFilter.java:69)
	at org.springframework.security.web.FilterChainProxy$VirtualFilterChain.doFilter(FilterChainProxy.java:374)
	at org.springframework.security.web.context.request.async.WebAsyncManagerIntegrationFilter.doFilterInternal(WebAsyncManagerIntegrationFilter.java:62)
	at org.springframework.web.filter.OncePerRequestFilter.doFilter(OncePerRequestFilter.java:116)
	at org.springframework.security.web.FilterChainProxy$VirtualFilterChain.doFilter(FilterChainProxy.java:374)
	at org.springframework.security.web.session.DisableEncodeUrlFilter.doFilterInternal(DisableEncodeUrlFilter.java:42)
	at org.springframework.web.filter.OncePerRequestFilter.doFilter(OncePerRequestFilter.java:116)
	at org.springframework.security.web.FilterChainProxy$VirtualFilterChain.doFilter(FilterChainProxy.java:374)
	at org.springframework.security.web.FilterChainProxy.doFilterInternal(FilterChainProxy.java:233)
	at org.springframework.security.web.FilterChainProxy.doFilter(FilterChainProxy.java:191)
	at org.springframework.web.filter.CompositeFilter$VirtualFilterChain.doFilter(CompositeFilter.java:113)
	at org.springframework.web.filter.ServletRequestPathFilter.doFilter(ServletRequestPathFilter.java:52)
	at org.springframework.web.filter.CompositeFilter$VirtualFilterChain.doFilter(CompositeFilter.java:113)
	at org.springframework.web.filter.CompositeFilter.doFilter(CompositeFilter.java:74)
	at org.springframework.security.config.annotation.web.configuration.WebSecurityConfiguration$CompositeFilterChainProxy.doFilter(WebSecurityConfiguration.java:319)
	at org.springframework.web.filter.CompositeFilter$VirtualFilterChain.doFilter(CompositeFilter.java:113)
	at org.springframework.web.servlet.handler.HandlerMappingIntrospector.lambda$createCacheFilter$4(HandlerMappingIntrospector.java:267)
	at org.springframework.web.filter.CompositeFilter$VirtualFilterChain.doFilter(CompositeFilter.java:113)
	at org.springframework.web.filter.CompositeFilter.doFilter(CompositeFilter.java:74)
	at org.springframework.security.config.annotation.web.configuration.WebMvcSecurityConfiguration$CompositeFilterChainProxy.doFilter(WebMvcSecurityConfiguration.java:240)
	at org.springframework.web.filter.DelegatingFilterProxy.invokeDelegate(DelegatingFilterProxy.java:362)
	at org.springframework.web.filter.DelegatingFilterProxy.doFilter(DelegatingFilterProxy.java:278)
	at org.apache.catalina.core.ApplicationFilterChain.internalDoFilter(ApplicationFilterChain.java:164)
	at org.apache.catalina.core.ApplicationFilterChain.doFilter(ApplicationFilterChain.java:140)
	at org.springframework.web.filter.RequestContextFilter.doFilterInternal(RequestContextFilter.java:100)
	at org.springframework.web.filter.OncePerRequestFilter.doFilter(OncePerRequestFilter.java:116)
	at org.apache.catalina.core.ApplicationFilterChain.internalDoFilter(ApplicationFilterChain.java:164)
	at org.apache.catalina.core.ApplicationFilterChain.doFilter(ApplicationFilterChain.java:140)
	at org.springframework.web.filter.FormContentFilter.doFilterInternal(FormContentFilter.java:93)
	at org.springframework.web.filter.OncePerRequestFilter.doFilter(OncePerRequestFilter.java:116)
	at org.apache.catalina.core.ApplicationFilterChain.internalDoFilter(ApplicationFilterChain.java:164)
	at org.apache.catalina.core.ApplicationFilterChain.doFilter(ApplicationFilterChain.java:140)
	at org.springframework.web.filter.CharacterEncodingFilter.doFilterInternal(CharacterEncodingFilter.java:201)
	at org.springframework.web.filter.OncePerRequestFilter.doFilter(OncePerRequestFilter.java:116)
	at org.apache.catalina.core.ApplicationFilterChain.internalDoFilter(ApplicationFilterChain.java:164)
	at org.apache.catalina.core.ApplicationFilterChain.doFilter(ApplicationFilterChain.java:140)
	at org.apache.catalina.core.StandardWrapperValve.invoke(StandardWrapperValve.java:167)
	at org.apache.catalina.core.StandardContextValve.invoke(StandardContextValve.java:90)
	at org.apache.catalina.authenticator.AuthenticatorBase.invoke(AuthenticatorBase.java:483)
	at org.apache.catalina.core.StandardHostValve.invoke(StandardHostValve.java:116)
	at org.apache.catalina.valves.ErrorReportValve.invoke(ErrorReportValve.java:93)
	at org.apache.catalina.core.StandardEngineValve.invoke(StandardEngineValve.java:74)
	at org.apache.catalina.connector.CoyoteAdapter.service(CoyoteAdapter.java:344)
	at org.apache.coyote.http11.Http11Processor.service(Http11Processor.java:398)
	at org.apache.coyote.AbstractProcessorLight.process(AbstractProcessorLight.java:63)
	at org.apache.coyote.AbstractProtocol$ConnectionHandler.process(AbstractProtocol.java:903)
	at org.apache.tomcat.util.net.NioEndpoint$SocketProcessor.doRun(NioEndpoint.java:1769)
	at org.apache.tomcat.util.net.SocketProcessorBase.run(SocketProcessorBase.java:52)
	at org.apache.tomcat.util.threads.ThreadPoolExecutor.runWorker(ThreadPoolExecutor.java:1189)
	at org.apache.tomcat.util.threads.ThreadPoolExecutor$Worker.run(ThreadPoolExecutor.java:658)
	at org.apache.tomcat.util.threads.TaskThread$WrappingRunnable.run(TaskThread.java:63)
	at java.base/java.lang.Thread.run(Thread.java:833)
Caused by: org.hibernate.exception.ConstraintViolationException: could not execute statement [Duplicate entry 'vasoj67253@fftube.com' for key 'users.UK6dotkott2kjsp8vw4d0m25fb7'] [insert into users (created_at,email,full_name,is_active,organization_id,password,requires_password_change,role,updated_at,username) values (?,?,?,?,?,?,?,?,?,?)]
	at org.hibernate.dialect.MySQLDialect.lambda$buildSQLExceptionConversionDelegate$3(MySQLDialect.java:1240)
	at org.hibernate.exception.internal.StandardSQLExceptionConverter.convert(StandardSQLExceptionConverter.java:58)
	at org.hibernate.engine.jdbc.spi.SqlExceptionHelper.convert(SqlExceptionHelper.java:108)
	at org.hibernate.engine.jdbc.internal.ResultSetReturnImpl.executeUpdate(ResultSetReturnImpl.java:197)
	at org.hibernate.id.insert.GetGeneratedKeysDelegate.performMutation(GetGeneratedKeysDelegate.java:116)
	at org.hibernate.engine.jdbc.mutation.internal.MutationExecutorSingleNonBatched.performNonBatchedOperations(MutationExecutorSingleNonBatched.java:47)
	at org.hibernate.engine.jdbc.mutation.internal.AbstractMutationExecutor.execute(AbstractMutationExecutor.java:55)
	at org.hibernate.persister.entity.mutation.InsertCoordinatorStandard.doStaticInserts(InsertCoordinatorStandard.java:194)
	at org.hibernate.persister.entity.mutation.InsertCoordinatorStandard.coordinateInsert(InsertCoordinatorStandard.java:132)
	at org.hibernate.persister.entity.mutation.InsertCoordinatorStandard.insert(InsertCoordinatorStandard.java:95)
	at org.hibernate.action.internal.EntityIdentityInsertAction.execute(EntityIdentityInsertAction.java:85)
	at org.hibernate.engine.spi.ActionQueue.execute(ActionQueue.java:682)
	at org.hibernate.engine.spi.ActionQueue.addResolvedEntityInsertAction(ActionQueue.java:293)
	at org.hibernate.engine.spi.ActionQueue.addInsertAction(ActionQueue.java:274)
	at org.hibernate.engine.spi.ActionQueue.addAction(ActionQueue.java:324)
	at org.hibernate.event.internal.AbstractSaveEventListener.addInsertAction(AbstractSaveEventListener.java:394)
	at org.hibernate.event.internal.AbstractSaveEventListener.performSaveOrReplicate(AbstractSaveEventListener.java:308)
	at org.hibernate.event.internal.AbstractSaveEventListener.performSave(AbstractSaveEventListener.java:224)
	at org.hibernate.event.internal.AbstractSaveEventListener.saveWithGeneratedId(AbstractSaveEventListener.java:136)
	at org.hibernate.event.internal.DefaultPersistEventListener.entityIsTransient(DefaultPersistEventListener.java:177)
	at org.hibernate.event.internal.DefaultPersistEventListener.persist(DefaultPersistEventListener.java:95)
	at org.hibernate.event.internal.DefaultPersistEventListener.onPersist(DefaultPersistEventListener.java:79)
	at org.hibernate.event.internal.DefaultPersistEventListener.onPersist(DefaultPersistEventListener.java:55)
	at org.hibernate.event.service.internal.EventListenerGroupImpl.fireEventOnEachListener(EventListenerGroupImpl.java:127)
	at org.hibernate.internal.SessionImpl.firePersist(SessionImpl.java:761)
	at org.hibernate.internal.SessionImpl.persist(SessionImpl.java:745)
	at java.base/jdk.internal.reflect.NativeMethodAccessorImpl.invoke0(Native Method)
	at java.base/jdk.internal.reflect.NativeMethodAccessorImpl.invoke(NativeMethodAccessorImpl.java:77)
	at java.base/jdk.internal.reflect.DelegatingMethodAccessorImpl.invoke(DelegatingMethodAccessorImpl.java:43)
	at java.base/java.lang.reflect.Method.invoke(Method.java:568)
	at org.springframework.orm.jpa.ExtendedEntityManagerCreator$ExtendedEntityManagerInvocationHandler.invoke(ExtendedEntityManagerCreator.java:364)
	at jdk.proxy4/jdk.proxy4.$Proxy160.persist(Unknown Source)
	at java.base/jdk.internal.reflect.NativeMethodAccessorImpl.invoke0(Native Method)
	at java.base/jdk.internal.reflect.NativeMethodAccessorImpl.invoke(NativeMethodAccessorImpl.java:77)
	at java.base/jdk.internal.reflect.DelegatingMethodAccessorImpl.invoke(DelegatingMethodAccessorImpl.java:43)
	at java.base/java.lang.reflect.Method.invoke(Method.java:568)
	at org.springframework.orm.jpa.SharedEntityManagerCreator$SharedEntityManagerInvocationHandler.invoke(SharedEntityManagerCreator.java:320)
	at jdk.proxy4/jdk.proxy4.$Proxy160.persist(Unknown Source)
	at org.springframework.data.jpa.repository.support.SimpleJpaRepository.save(SimpleJpaRepository.java:654)
	at java.base/jdk.internal.reflect.NativeMethodAccessorImpl.invoke0(Native Method)
	at java.base/jdk.internal.reflect.NativeMethodAccessorImpl.invoke(NativeMethodAccessorImpl.java:77)
	at java.base/jdk.internal.reflect.DelegatingMethodAccessorImpl.invoke(DelegatingMethodAccessorImpl.java:43)
	at java.base/java.lang.reflect.Method.invoke(Method.java:568)
	at org.springframework.aop.support.AopUtils.invokeJoinpointUsingReflection(AopUtils.java:360)
	at org.springframework.data.repository.core.support.RepositoryMethodInvoker$RepositoryFragmentMethodInvoker.lambda$new$0(RepositoryMethodInvoker.java:277)
	at org.springframework.data.repository.core.support.RepositoryMethodInvoker.doInvoke(RepositoryMethodInvoker.java:170)
	at org.springframework.data.repository.core.support.RepositoryMethodInvoker.invoke(RepositoryMethodInvoker.java:158)
	at org.springframework.data.repository.core.support.RepositoryComposition$RepositoryFragments.invoke(RepositoryComposition.java:515)
	at org.springframework.data.repository.core.support.RepositoryComposition.invoke(RepositoryComposition.java:284)
	at org.springframework.data.repository.core.support.RepositoryFactorySupport$ImplementationMethodExecutionInterceptor.invoke(RepositoryFactorySupport.java:734)
	at org.springframework.aop.framework.ReflectiveMethodInvocation.proceed(ReflectiveMethodInvocation.java:184)
	at org.springframework.data.repository.core.support.QueryExecutorMethodInterceptor.doInvoke(QueryExecutorMethodInterceptor.java:174)
	at org.springframework.data.repository.core.support.QueryExecutorMethodInterceptor.invoke(QueryExecutorMethodInterceptor.java:149)
	at org.springframework.aop.framework.ReflectiveMethodInvocation.proceed(ReflectiveMethodInvocation.java:184)
	at org.springframework.data.projection.DefaultMethodInvokingMethodInterceptor.invoke(DefaultMethodInvokingMethodInterceptor.java:69)
	at org.springframework.aop.framework.ReflectiveMethodInvocation.proceed(ReflectiveMethodInvocation.java:184)
	at org.springframework.transaction.interceptor.TransactionAspectSupport.invokeWithinTransaction(TransactionAspectSupport.java:380)
	at org.springframework.transaction.interceptor.TransactionInterceptor.invoke(TransactionInterceptor.java:119)
	at org.springframework.aop.framework.ReflectiveMethodInvocation.proceed(ReflectiveMethodInvocation.java:184)
	at org.springframework.dao.support.PersistenceExceptionTranslationInterceptor.invoke(PersistenceExceptionTranslationInterceptor.java:138)
	... 142 common frames omitted
Caused by: java.sql.SQLIntegrityConstraintViolationException: Duplicate entry 'vasoj67253@fftube.com' for key 'users.UK6dotkott2kjsp8vw4d0m25fb7'
	at com.mysql.cj.jdbc.exceptions.SQLError.createSQLException(SQLError.java:109)
	at com.mysql.cj.jdbc.exceptions.SQLExceptionsMapping.translateException(SQLExceptionsMapping.java:114)
	at com.mysql.cj.jdbc.ClientPreparedStatement.executeInternal(ClientPreparedStatement.java:988)
	at com.mysql.cj.jdbc.ClientPreparedStatement.executeUpdateInternal(ClientPreparedStatement.java:1166)
	at com.mysql.cj.jdbc.ClientPreparedStatement.executeUpdateInternal(ClientPreparedStatement.java:1101)
	at com.mysql.cj.jdbc.ClientPreparedStatement.executeLargeUpdate(ClientPreparedStatement.java:1448)
	at com.mysql.cj.jdbc.ClientPreparedStatement.executeUpdate(ClientPreparedStatement.java:1084)
	at com.zaxxer.hikari.pool.ProxyPreparedStatement.executeUpdate(ProxyPreparedStatement.java:61)
	at com.zaxxer.hikari.pool.HikariProxyPreparedStatement.executeUpdate(HikariProxyPreparedStatement.java)
	at org.hibernate.engine.jdbc.internal.ResultSetReturnImpl.executeUpdate(ResultSetReturnImpl.java:194)
	... 198 common frames omitted
2025-12-18 01:06:55.833 [http-nio-8040-exec-8] WARN  o.s.w.s.m.m.a.ExceptionHandlerExceptionResolver - Resolved [org.springframework.dao.DataIntegrityViolationException: could not execute statement [Duplicate entry 'vasoj67253@fftube.com' for key 'users.UK6dotkott2kjsp8vw4d0m25fb7'] [insert into users (created_at,email,full_name,is_active,organization_id,password,requires_password_change,role,updated_at,username) values (?,?,?,?,?,?,?,?,?,?)]; SQL [insert into users (created_at,email,full_name,is_active,organization_id,password,requires_password_change,role,updated_at,username) values (?,?,?,?,?,?,?,?,?,?)]; constraint [users.UK6dotkott2kjsp8vw4d0m25fb7]]
2025-12-18 01:07:02.972 [http-nio-8040-exec-10] DEBUG org.hibernate.SQL - 
    select
        u1_0.id,
        u1_0.created_at,
        u1_0.email,
        u1_0.full_name,
        u1_0.is_active,
        u1_0.organization_id,
        u1_0.password,
        u1_0.requires_password_change,
        u1_0.role,
        u1_0.updated_at,
        u1_0.username 
    from
        users u1_0 
    where
        u1_0.username=?
2025-12-18 01:07:02.974 [http-nio-8040-exec-10] TRACE org.hibernate.orm.jdbc.bind - binding parameter (1:VARCHAR) <- [sony]
2025-12-18 01:07:02.980 [http-nio-8040-exec-10] INFO  c.a.p.c.c.ClientPortalController - Request to get all clients for organization
2025-12-18 01:07:02.983 [http-nio-8040-exec-10] DEBUG org.hibernate.SQL - 
    select
        u1_0.id,
        u1_0.created_at,
        u1_0.email,
        u1_0.full_name,
        u1_0.is_active,
        u1_0.organization_id,
        u1_0.password,
        u1_0.requires_password_change,
        u1_0.role,
        u1_0.updated_at,
        u1_0.username 
    from
        users u1_0 
    where
        u1_0.username=?
2025-12-18 01:07:02.984 [http-nio-8040-exec-10] TRACE org.hibernate.orm.jdbc.bind - binding parameter (1:VARCHAR) <- [sony]
2025-12-18 01:07:02.990 [http-nio-8040-exec-10] DEBUG org.hibernate.SQL - 
    select
        c1_0.id,
        c1_0.address,
        c1_0.balance,
        c1_0.client_name,
        c1_0.contact_email,
        c1_0.contact_phone,
        c1_0.created_at,
        c1_0.organization_id,
        c1_0.status,
        c1_0.updated_at,
        c1_0.user_id 
    from
        clients c1_0 
    left join
        organizations o1_0 
            on o1_0.id=c1_0.organization_id 
    where
        o1_0.id=?
2025-12-18 01:07:02.991 [http-nio-8040-exec-10] TRACE org.hibernate.orm.jdbc.bind - binding parameter (1:INTEGER) <- [1]
2025-12-18 01:08:34.087 [http-nio-8040-exec-3] DEBUG org.hibernate.SQL - 
    select
        u1_0.id,
        u1_0.created_at,
        u1_0.email,
        u1_0.full_name,
        u1_0.is_active,
        u1_0.organization_id,
        u1_0.password,
        u1_0.requires_password_change,
        u1_0.role,
        u1_0.updated_at,
        u1_0.username 
    from
        users u1_0 
    where
        u1_0.username=?
2025-12-18 01:08:34.087 [http-nio-8040-exec-3] TRACE org.hibernate.orm.jdbc.bind - binding parameter (1:VARCHAR) <- [sony]
2025-12-18 01:08:34.093 [http-nio-8040-exec-3] INFO  c.a.p.c.c.ClientPortalController - Request to onboard client with email: vasoj67253@fftube.com
2025-12-18 01:08:34.096 [http-nio-8040-exec-3] DEBUG org.hibernate.SQL - 
    select
        u1_0.id,
        u1_0.created_at,
        u1_0.email,
        u1_0.full_name,
        u1_0.is_active,
        u1_0.organization_id,
        u1_0.password,
        u1_0.requires_password_change,
        u1_0.role,
        u1_0.updated_at,
        u1_0.username 
    from
        users u1_0 
    where
        u1_0.username=?
2025-12-18 01:08:34.097 [http-nio-8040-exec-3] TRACE org.hibernate.orm.jdbc.bind - binding parameter (1:VARCHAR) <- [sony]
2025-12-18 01:08:34.099 [http-nio-8040-exec-3] DEBUG org.hibernate.SQL - 
    select
        c1_0.id 
    from
        clients c1_0 
    where
        c1_0.contact_email=? 
    limit
        ?
2025-12-18 01:08:34.099 [http-nio-8040-exec-3] TRACE org.hibernate.orm.jdbc.bind - binding parameter (1:VARCHAR) <- [vasoj67253@fftube.com]
2025-12-18 01:08:34.100 [http-nio-8040-exec-3] TRACE org.hibernate.orm.jdbc.bind - binding parameter (2:INTEGER) <- [1]
2025-12-18 01:08:34.101 [http-nio-8040-exec-3] DEBUG org.hibernate.SQL - 
    select
        o1_0.id,
        o1_0.address,
        o1_0.bank_assigned_account_number,
        o1_0.company_name,
        o1_0.contact_email,
        o1_0.contact_phone,
        o1_0.created_at,
        o1_0.internal_balance,
        o1_0.logo_url,
        o1_0.rejection_reason,
        o1_0.status,
        o1_0.updated_at,
        e1_0.organization_id,
        e1_0.id,
        e1_0.created_at,
        e1_0.date_of_joining,
        e1_0.deletion_scheduled_at,
        e1_0.department,
        e1_0.employee_code,
        e1_0.is_active,
        e1_0.job_title,
        e1_0.profile_picture_url,
        e1_0.updated_at,
        e1_0.user_id 
    from
        organizations o1_0 
    left join
        employees e1_0 
            on o1_0.id=e1_0.organization_id 
    where
        o1_0.id=?
2025-12-18 01:08:34.101 [http-nio-8040-exec-3] TRACE org.hibernate.orm.jdbc.bind - binding parameter (1:INTEGER) <- [1]
2025-12-18 01:08:34.103 [http-nio-8040-exec-3] DEBUG org.hibernate.SQL - 
    select
        ba1_0.id,
        ba1_0.account_holder_name,
        ba1_0.account_number,
        ba1_0.bank_name,
        ba1_0.created_at,
        ba1_0.employee_id,
        ba1_0.ifsc_code,
        ba1_0.is_primary,
        ba1_0.owner_type,
        ba1_0.updated_at,
        ba1_0.vendor_id 
    from
        bank_accounts ba1_0 
    where
        ba1_0.employee_id=?
2025-12-18 01:08:34.103 [http-nio-8040-exec-3] TRACE org.hibernate.orm.jdbc.bind - binding parameter (1:BIGINT) <- [11]
2025-12-18 01:08:34.106 [http-nio-8040-exec-3] DEBUG org.hibernate.SQL - 
    select
        ba1_0.id,
        ba1_0.account_holder_name,
        ba1_0.account_number,
        ba1_0.bank_name,
        ba1_0.created_at,
        ba1_0.employee_id,
        ba1_0.ifsc_code,
        ba1_0.is_primary,
        ba1_0.owner_type,
        ba1_0.updated_at,
        ba1_0.vendor_id 
    from
        bank_accounts ba1_0 
    where
        ba1_0.employee_id=?
2025-12-18 01:08:34.106 [http-nio-8040-exec-3] TRACE org.hibernate.orm.jdbc.bind - binding parameter (1:BIGINT) <- [2]
2025-12-18 01:08:34.107 [http-nio-8040-exec-3] DEBUG org.hibernate.SQL - 
    select
        ba1_0.id,
        ba1_0.account_holder_name,
        ba1_0.account_number,
        ba1_0.bank_name,
        ba1_0.created_at,
        ba1_0.employee_id,
        ba1_0.ifsc_code,
        ba1_0.is_primary,
        ba1_0.owner_type,
        ba1_0.updated_at,
        ba1_0.vendor_id 
    from
        bank_accounts ba1_0 
    where
        ba1_0.employee_id=?
2025-12-18 01:08:34.107 [http-nio-8040-exec-3] TRACE org.hibernate.orm.jdbc.bind - binding parameter (1:BIGINT) <- [3]
2025-12-18 01:08:34.108 [http-nio-8040-exec-3] DEBUG org.hibernate.SQL - 
    select
        ba1_0.id,
        ba1_0.account_holder_name,
        ba1_0.account_number,
        ba1_0.bank_name,
        ba1_0.created_at,
        ba1_0.employee_id,
        ba1_0.ifsc_code,
        ba1_0.is_primary,
        ba1_0.owner_type,
        ba1_0.updated_at,
        ba1_0.vendor_id 
    from
        bank_accounts ba1_0 
    where
        ba1_0.employee_id=?
2025-12-18 01:08:34.108 [http-nio-8040-exec-3] TRACE org.hibernate.orm.jdbc.bind - binding parameter (1:BIGINT) <- [1]
2025-12-18 01:08:34.109 [http-nio-8040-exec-3] DEBUG org.hibernate.SQL - 
    select
        ba1_0.id,
        ba1_0.account_holder_name,
        ba1_0.account_number,
        ba1_0.bank_name,
        ba1_0.created_at,
        ba1_0.employee_id,
        ba1_0.ifsc_code,
        ba1_0.is_primary,
        ba1_0.owner_type,
        ba1_0.updated_at,
        ba1_0.vendor_id 
    from
        bank_accounts ba1_0 
    where
        ba1_0.employee_id=?
2025-12-18 01:08:34.109 [http-nio-8040-exec-3] TRACE org.hibernate.orm.jdbc.bind - binding parameter (1:BIGINT) <- [5]
2025-12-18 01:08:34.111 [http-nio-8040-exec-3] DEBUG org.hibernate.SQL - 
    select
        ba1_0.id,
        ba1_0.account_holder_name,
        ba1_0.account_number,
        ba1_0.bank_name,
        ba1_0.created_at,
        ba1_0.employee_id,
        ba1_0.ifsc_code,
        ba1_0.is_primary,
        ba1_0.owner_type,
        ba1_0.updated_at,
        ba1_0.vendor_id 
    from
        bank_accounts ba1_0 
    where
        ba1_0.employee_id=?
2025-12-18 01:08:34.111 [http-nio-8040-exec-3] TRACE org.hibernate.orm.jdbc.bind - binding parameter (1:BIGINT) <- [7]
2025-12-18 01:08:34.111 [http-nio-8040-exec-3] DEBUG org.hibernate.SQL - 
    select
        ba1_0.id,
        ba1_0.account_holder_name,
        ba1_0.account_number,
        ba1_0.bank_name,
        ba1_0.created_at,
        ba1_0.employee_id,
        ba1_0.ifsc_code,
        ba1_0.is_primary,
        ba1_0.owner_type,
        ba1_0.updated_at,
        ba1_0.vendor_id 
    from
        bank_accounts ba1_0 
    where
        ba1_0.employee_id=?
2025-12-18 01:08:34.112 [http-nio-8040-exec-3] TRACE org.hibernate.orm.jdbc.bind - binding parameter (1:BIGINT) <- [15]
2025-12-18 01:08:34.113 [http-nio-8040-exec-3] DEBUG org.hibernate.SQL - 
    select
        ba1_0.id,
        ba1_0.account_holder_name,
        ba1_0.account_number,
        ba1_0.bank_name,
        ba1_0.created_at,
        ba1_0.employee_id,
        ba1_0.ifsc_code,
        ba1_0.is_primary,
        ba1_0.owner_type,
        ba1_0.updated_at,
        ba1_0.vendor_id 
    from
        bank_accounts ba1_0 
    where
        ba1_0.employee_id=?
2025-12-18 01:08:34.113 [http-nio-8040-exec-3] TRACE org.hibernate.orm.jdbc.bind - binding parameter (1:BIGINT) <- [10]
2025-12-18 01:08:34.114 [http-nio-8040-exec-3] DEBUG org.hibernate.SQL - 
    select
        ba1_0.id,
        ba1_0.account_holder_name,
        ba1_0.account_number,
        ba1_0.bank_name,
        ba1_0.created_at,
        ba1_0.employee_id,
        ba1_0.ifsc_code,
        ba1_0.is_primary,
        ba1_0.owner_type,
        ba1_0.updated_at,
        ba1_0.vendor_id 
    from
        bank_accounts ba1_0 
    where
        ba1_0.employee_id=?
2025-12-18 01:08:34.115 [http-nio-8040-exec-3] TRACE org.hibernate.orm.jdbc.bind - binding parameter (1:BIGINT) <- [8]
2025-12-18 01:08:34.116 [http-nio-8040-exec-3] DEBUG org.hibernate.SQL - 
    select
        ba1_0.id,
        ba1_0.account_holder_name,
        ba1_0.account_number,
        ba1_0.bank_name,
        ba1_0.created_at,
        ba1_0.employee_id,
        ba1_0.ifsc_code,
        ba1_0.is_primary,
        ba1_0.owner_type,
        ba1_0.updated_at,
        ba1_0.vendor_id 
    from
        bank_accounts ba1_0 
    where
        ba1_0.employee_id=?
2025-12-18 01:08:34.117 [http-nio-8040-exec-3] TRACE org.hibernate.orm.jdbc.bind - binding parameter (1:BIGINT) <- [19]
2025-12-18 01:08:34.118 [http-nio-8040-exec-3] DEBUG org.hibernate.SQL - 
    select
        ba1_0.id,
        ba1_0.account_holder_name,
        ba1_0.account_number,
        ba1_0.bank_name,
        ba1_0.created_at,
        ba1_0.employee_id,
        ba1_0.ifsc_code,
        ba1_0.is_primary,
        ba1_0.owner_type,
        ba1_0.updated_at,
        ba1_0.vendor_id 
    from
        bank_accounts ba1_0 
    where
        ba1_0.employee_id=?
2025-12-18 01:08:34.118 [http-nio-8040-exec-3] TRACE org.hibernate.orm.jdbc.bind - binding parameter (1:BIGINT) <- [13]
2025-12-18 01:08:34.118 [http-nio-8040-exec-3] DEBUG org.hibernate.SQL - 
    select
        ba1_0.id,
        ba1_0.account_holder_name,
        ba1_0.account_number,
        ba1_0.bank_name,
        ba1_0.created_at,
        ba1_0.employee_id,
        ba1_0.ifsc_code,
        ba1_0.is_primary,
        ba1_0.owner_type,
        ba1_0.updated_at,
        ba1_0.vendor_id 
    from
        bank_accounts ba1_0 
    where
        ba1_0.employee_id=?
2025-12-18 01:08:34.118 [http-nio-8040-exec-3] TRACE org.hibernate.orm.jdbc.bind - binding parameter (1:BIGINT) <- [4]
2025-12-18 01:08:34.119 [http-nio-8040-exec-3] DEBUG org.hibernate.SQL - 
    select
        ba1_0.id,
        ba1_0.account_holder_name,
        ba1_0.account_number,
        ba1_0.bank_name,
        ba1_0.created_at,
        ba1_0.employee_id,
        ba1_0.ifsc_code,
        ba1_0.is_primary,
        ba1_0.owner_type,
        ba1_0.updated_at,
        ba1_0.vendor_id 
    from
        bank_accounts ba1_0 
    where
        ba1_0.employee_id=?
2025-12-18 01:08:34.119 [http-nio-8040-exec-3] TRACE org.hibernate.orm.jdbc.bind - binding parameter (1:BIGINT) <- [12]
2025-12-18 01:08:34.120 [http-nio-8040-exec-3] DEBUG org.hibernate.SQL - 
    select
        ba1_0.id,
        ba1_0.account_holder_name,
        ba1_0.account_number,
        ba1_0.bank_name,
        ba1_0.created_at,
        ba1_0.employee_id,
        ba1_0.ifsc_code,
        ba1_0.is_primary,
        ba1_0.owner_type,
        ba1_0.updated_at,
        ba1_0.vendor_id 
    from
        bank_accounts ba1_0 
    where
        ba1_0.employee_id=?
2025-12-18 01:08:34.120 [http-nio-8040-exec-3] TRACE org.hibernate.orm.jdbc.bind - binding parameter (1:BIGINT) <- [23]
2025-12-18 01:08:34.120 [http-nio-8040-exec-3] DEBUG org.hibernate.SQL - 
    select
        ba1_0.id,
        ba1_0.account_holder_name,
        ba1_0.account_number,
        ba1_0.bank_name,
        ba1_0.created_at,
        ba1_0.employee_id,
        ba1_0.ifsc_code,
        ba1_0.is_primary,
        ba1_0.owner_type,
        ba1_0.updated_at,
        ba1_0.vendor_id 
    from
        bank_accounts ba1_0 
    where
        ba1_0.employee_id=?
2025-12-18 01:08:34.121 [http-nio-8040-exec-3] TRACE org.hibernate.orm.jdbc.bind - binding parameter (1:BIGINT) <- [27]
2025-12-18 01:08:34.121 [http-nio-8040-exec-3] DEBUG org.hibernate.SQL - 
    select
        ba1_0.id,
        ba1_0.account_holder_name,
        ba1_0.account_number,
        ba1_0.bank_name,
        ba1_0.created_at,
        ba1_0.employee_id,
        ba1_0.ifsc_code,
        ba1_0.is_primary,
        ba1_0.owner_type,
        ba1_0.updated_at,
        ba1_0.vendor_id 
    from
        bank_accounts ba1_0 
    where
        ba1_0.employee_id=?
2025-12-18 01:08:34.121 [http-nio-8040-exec-3] TRACE org.hibernate.orm.jdbc.bind - binding parameter (1:BIGINT) <- [16]
2025-12-18 01:08:34.122 [http-nio-8040-exec-3] DEBUG org.hibernate.SQL - 
    select
        ba1_0.id,
        ba1_0.account_holder_name,
        ba1_0.account_number,
        ba1_0.bank_name,
        ba1_0.created_at,
        ba1_0.employee_id,
        ba1_0.ifsc_code,
        ba1_0.is_primary,
        ba1_0.owner_type,
        ba1_0.updated_at,
        ba1_0.vendor_id 
    from
        bank_accounts ba1_0 
    where
        ba1_0.employee_id=?
2025-12-18 01:08:34.122 [http-nio-8040-exec-3] TRACE org.hibernate.orm.jdbc.bind - binding parameter (1:BIGINT) <- [31]
2025-12-18 01:08:34.122 [http-nio-8040-exec-3] DEBUG org.hibernate.SQL - 
    select
        ba1_0.id,
        ba1_0.account_holder_name,
        ba1_0.account_number,
        ba1_0.bank_name,
        ba1_0.created_at,
        ba1_0.employee_id,
        ba1_0.ifsc_code,
        ba1_0.is_primary,
        ba1_0.owner_type,
        ba1_0.updated_at,
        ba1_0.vendor_id 
    from
        bank_accounts ba1_0 
    where
        ba1_0.employee_id=?
2025-12-18 01:08:34.122 [http-nio-8040-exec-3] TRACE org.hibernate.orm.jdbc.bind - binding parameter (1:BIGINT) <- [35]
2025-12-18 01:08:34.123 [http-nio-8040-exec-3] DEBUG org.hibernate.SQL - 
    select
        ba1_0.id,
        ba1_0.account_holder_name,
        ba1_0.account_number,
        ba1_0.bank_name,
        ba1_0.created_at,
        ba1_0.employee_id,
        ba1_0.ifsc_code,
        ba1_0.is_primary,
        ba1_0.owner_type,
        ba1_0.updated_at,
        ba1_0.vendor_id 
    from
        bank_accounts ba1_0 
    where
        ba1_0.employee_id=?
2025-12-18 01:08:34.123 [http-nio-8040-exec-3] TRACE org.hibernate.orm.jdbc.bind - binding parameter (1:BIGINT) <- [20]
2025-12-18 01:08:34.123 [http-nio-8040-exec-3] DEBUG org.hibernate.SQL - 
    select
        ba1_0.id,
        ba1_0.account_holder_name,
        ba1_0.account_number,
        ba1_0.bank_name,
        ba1_0.created_at,
        ba1_0.employee_id,
        ba1_0.ifsc_code,
        ba1_0.is_primary,
        ba1_0.owner_type,
        ba1_0.updated_at,
        ba1_0.vendor_id 
    from
        bank_accounts ba1_0 
    where
        ba1_0.employee_id=?
2025-12-18 01:08:34.123 [http-nio-8040-exec-3] TRACE org.hibernate.orm.jdbc.bind - binding parameter (1:BIGINT) <- [17]
2025-12-18 01:08:34.124 [http-nio-8040-exec-3] DEBUG org.hibernate.SQL - 
    select
        ba1_0.id,
        ba1_0.account_holder_name,
        ba1_0.account_number,
        ba1_0.bank_name,
        ba1_0.created_at,
        ba1_0.employee_id,
        ba1_0.ifsc_code,
        ba1_0.is_primary,
        ba1_0.owner_type,
        ba1_0.updated_at,
        ba1_0.vendor_id 
    from
        bank_accounts ba1_0 
    where
        ba1_0.employee_id=?
2025-12-18 01:08:34.124 [http-nio-8040-exec-3] TRACE org.hibernate.orm.jdbc.bind - binding parameter (1:BIGINT) <- [24]
2025-12-18 01:08:34.124 [http-nio-8040-exec-3] DEBUG org.hibernate.SQL - 
    select
        ba1_0.id,
        ba1_0.account_holder_name,
        ba1_0.account_number,
        ba1_0.bank_name,
        ba1_0.created_at,
        ba1_0.employee_id,
        ba1_0.ifsc_code,
        ba1_0.is_primary,
        ba1_0.owner_type,
        ba1_0.updated_at,
        ba1_0.vendor_id 
    from
        bank_accounts ba1_0 
    where
        ba1_0.employee_id=?
2025-12-18 01:08:34.125 [http-nio-8040-exec-3] TRACE org.hibernate.orm.jdbc.bind - binding parameter (1:BIGINT) <- [38]
2025-12-18 01:08:34.125 [http-nio-8040-exec-3] DEBUG org.hibernate.SQL - 
    select
        ba1_0.id,
        ba1_0.account_holder_name,
        ba1_0.account_number,
        ba1_0.bank_name,
        ba1_0.created_at,
        ba1_0.employee_id,
        ba1_0.ifsc_code,
        ba1_0.is_primary,
        ba1_0.owner_type,
        ba1_0.updated_at,
        ba1_0.vendor_id 
    from
        bank_accounts ba1_0 
    where
        ba1_0.employee_id=?
2025-12-18 01:08:34.125 [http-nio-8040-exec-3] TRACE org.hibernate.orm.jdbc.bind - binding parameter (1:BIGINT) <- [6]
2025-12-18 01:08:34.126 [http-nio-8040-exec-3] DEBUG org.hibernate.SQL - 
    select
        ba1_0.id,
        ba1_0.account_holder_name,
        ba1_0.account_number,
        ba1_0.bank_name,
        ba1_0.created_at,
        ba1_0.employee_id,
        ba1_0.ifsc_code,
        ba1_0.is_primary,
        ba1_0.owner_type,
        ba1_0.updated_at,
        ba1_0.vendor_id 
    from
        bank_accounts ba1_0 
    where
        ba1_0.employee_id=?
2025-12-18 01:08:34.127 [http-nio-8040-exec-3] TRACE org.hibernate.orm.jdbc.bind - binding parameter (1:BIGINT) <- [39]
2025-12-18 01:08:34.128 [http-nio-8040-exec-3] DEBUG org.hibernate.SQL - 
    select
        ba1_0.id,
        ba1_0.account_holder_name,
        ba1_0.account_number,
        ba1_0.bank_name,
        ba1_0.created_at,
        ba1_0.employee_id,
        ba1_0.ifsc_code,
        ba1_0.is_primary,
        ba1_0.owner_type,
        ba1_0.updated_at,
        ba1_0.vendor_id 
    from
        bank_accounts ba1_0 
    where
        ba1_0.employee_id=?
2025-12-18 01:08:34.128 [http-nio-8040-exec-3] TRACE org.hibernate.orm.jdbc.bind - binding parameter (1:BIGINT) <- [9]
2025-12-18 01:08:34.129 [http-nio-8040-exec-3] DEBUG org.hibernate.SQL - 
    select
        ba1_0.id,
        ba1_0.account_holder_name,
        ba1_0.account_number,
        ba1_0.bank_name,
        ba1_0.created_at,
        ba1_0.employee_id,
        ba1_0.ifsc_code,
        ba1_0.is_primary,
        ba1_0.owner_type,
        ba1_0.updated_at,
        ba1_0.vendor_id 
    from
        bank_accounts ba1_0 
    where
        ba1_0.employee_id=?
2025-12-18 01:08:34.130 [http-nio-8040-exec-3] TRACE org.hibernate.orm.jdbc.bind - binding parameter (1:BIGINT) <- [28]
2025-12-18 01:08:34.131 [http-nio-8040-exec-3] DEBUG org.hibernate.SQL - 
    select
        ba1_0.id,
        ba1_0.account_holder_name,
        ba1_0.account_number,
        ba1_0.bank_name,
        ba1_0.created_at,
        ba1_0.employee_id,
        ba1_0.ifsc_code,
        ba1_0.is_primary,
        ba1_0.owner_type,
        ba1_0.updated_at,
        ba1_0.vendor_id 
    from
        bank_accounts ba1_0 
    where
        ba1_0.employee_id=?
2025-12-18 01:08:34.131 [http-nio-8040-exec-3] TRACE org.hibernate.orm.jdbc.bind - binding parameter (1:BIGINT) <- [40]
2025-12-18 01:08:34.132 [http-nio-8040-exec-3] DEBUG org.hibernate.SQL - 
    select
        ba1_0.id,
        ba1_0.account_holder_name,
        ba1_0.account_number,
        ba1_0.bank_name,
        ba1_0.created_at,
        ba1_0.employee_id,
        ba1_0.ifsc_code,
        ba1_0.is_primary,
        ba1_0.owner_type,
        ba1_0.updated_at,
        ba1_0.vendor_id 
    from
        bank_accounts ba1_0 
    where
        ba1_0.employee_id=?
2025-12-18 01:08:34.132 [http-nio-8040-exec-3] TRACE org.hibernate.orm.jdbc.bind - binding parameter (1:BIGINT) <- [14]
2025-12-18 01:08:34.134 [http-nio-8040-exec-3] DEBUG org.hibernate.SQL - 
    select
        ba1_0.id,
        ba1_0.account_holder_name,
        ba1_0.account_number,
        ba1_0.bank_name,
        ba1_0.created_at,
        ba1_0.employee_id,
        ba1_0.ifsc_code,
        ba1_0.is_primary,
        ba1_0.owner_type,
        ba1_0.updated_at,
        ba1_0.vendor_id 
    from
        bank_accounts ba1_0 
    where
        ba1_0.employee_id=?
2025-12-18 01:08:34.134 [http-nio-8040-exec-3] TRACE org.hibernate.orm.jdbc.bind - binding parameter (1:BIGINT) <- [32]
2025-12-18 01:08:34.135 [http-nio-8040-exec-3] DEBUG org.hibernate.SQL - 
    select
        ba1_0.id,
        ba1_0.account_holder_name,
        ba1_0.account_number,
        ba1_0.bank_name,
        ba1_0.created_at,
        ba1_0.employee_id,
        ba1_0.ifsc_code,
        ba1_0.is_primary,
        ba1_0.owner_type,
        ba1_0.updated_at,
        ba1_0.vendor_id 
    from
        bank_accounts ba1_0 
    where
        ba1_0.employee_id=?
2025-12-18 01:08:34.135 [http-nio-8040-exec-3] TRACE org.hibernate.orm.jdbc.bind - binding parameter (1:BIGINT) <- [18]
2025-12-18 01:08:34.138 [http-nio-8040-exec-3] DEBUG org.hibernate.SQL - 
    select
        ba1_0.id,
        ba1_0.account_holder_name,
        ba1_0.account_number,
        ba1_0.bank_name,
        ba1_0.created_at,
        ba1_0.employee_id,
        ba1_0.ifsc_code,
        ba1_0.is_primary,
        ba1_0.owner_type,
        ba1_0.updated_at,
        ba1_0.vendor_id 
    from
        bank_accounts ba1_0 
    where
        ba1_0.employee_id=?
2025-12-18 01:08:34.138 [http-nio-8040-exec-3] TRACE org.hibernate.orm.jdbc.bind - binding parameter (1:BIGINT) <- [22]
2025-12-18 01:08:34.139 [http-nio-8040-exec-3] DEBUG org.hibernate.SQL - 
    select
        ba1_0.id,
        ba1_0.account_holder_name,
        ba1_0.account_number,
        ba1_0.bank_name,
        ba1_0.created_at,
        ba1_0.employee_id,
        ba1_0.ifsc_code,
        ba1_0.is_primary,
        ba1_0.owner_type,
        ba1_0.updated_at,
        ba1_0.vendor_id 
    from
        bank_accounts ba1_0 
    where
        ba1_0.employee_id=?
2025-12-18 01:08:34.139 [http-nio-8040-exec-3] TRACE org.hibernate.orm.jdbc.bind - binding parameter (1:BIGINT) <- [36]
2025-12-18 01:08:34.140 [http-nio-8040-exec-3] DEBUG org.hibernate.SQL - 
    select
        ba1_0.id,
        ba1_0.account_holder_name,
        ba1_0.account_number,
        ba1_0.bank_name,
        ba1_0.created_at,
        ba1_0.employee_id,
        ba1_0.ifsc_code,
        ba1_0.is_primary,
        ba1_0.owner_type,
        ba1_0.updated_at,
        ba1_0.vendor_id 
    from
        bank_accounts ba1_0 
    where
        ba1_0.employee_id=?
2025-12-18 01:08:34.141 [http-nio-8040-exec-3] TRACE org.hibernate.orm.jdbc.bind - binding parameter (1:BIGINT) <- [21]
2025-12-18 01:08:34.141 [http-nio-8040-exec-3] DEBUG org.hibernate.SQL - 
    select
        ba1_0.id,
        ba1_0.account_holder_name,
        ba1_0.account_number,
        ba1_0.bank_name,
        ba1_0.created_at,
        ba1_0.employee_id,
        ba1_0.ifsc_code,
        ba1_0.is_primary,
        ba1_0.owner_type,
        ba1_0.updated_at,
        ba1_0.vendor_id 
    from
        bank_accounts ba1_0 
    where
        ba1_0.employee_id=?
2025-12-18 01:08:34.141 [http-nio-8040-exec-3] TRACE org.hibernate.orm.jdbc.bind - binding parameter (1:BIGINT) <- [25]
2025-12-18 01:08:34.142 [http-nio-8040-exec-3] DEBUG org.hibernate.SQL - 
    select
        ba1_0.id,
        ba1_0.account_holder_name,
        ba1_0.account_number,
        ba1_0.bank_name,
        ba1_0.created_at,
        ba1_0.employee_id,
        ba1_0.ifsc_code,
        ba1_0.is_primary,
        ba1_0.owner_type,
        ba1_0.updated_at,
        ba1_0.vendor_id 
    from
        bank_accounts ba1_0 
    where
        ba1_0.employee_id=?
2025-12-18 01:08:34.142 [http-nio-8040-exec-3] TRACE org.hibernate.orm.jdbc.bind - binding parameter (1:BIGINT) <- [26]
2025-12-18 01:08:34.143 [http-nio-8040-exec-3] DEBUG org.hibernate.SQL - 
    select
        ba1_0.id,
        ba1_0.account_holder_name,
        ba1_0.account_number,
        ba1_0.bank_name,
        ba1_0.created_at,
        ba1_0.employee_id,
        ba1_0.ifsc_code,
        ba1_0.is_primary,
        ba1_0.owner_type,
        ba1_0.updated_at,
        ba1_0.vendor_id 
    from
        bank_accounts ba1_0 
    where
        ba1_0.employee_id=?
2025-12-18 01:08:34.143 [http-nio-8040-exec-3] TRACE org.hibernate.orm.jdbc.bind - binding parameter (1:BIGINT) <- [29]
2025-12-18 01:08:34.144 [http-nio-8040-exec-3] DEBUG org.hibernate.SQL - 
    select
        ba1_0.id,
        ba1_0.account_holder_name,
        ba1_0.account_number,
        ba1_0.bank_name,
        ba1_0.created_at,
        ba1_0.employee_id,
        ba1_0.ifsc_code,
        ba1_0.is_primary,
        ba1_0.owner_type,
        ba1_0.updated_at,
        ba1_0.vendor_id 
    from
        bank_accounts ba1_0 
    where
        ba1_0.employee_id=?
2025-12-18 01:08:34.144 [http-nio-8040-exec-3] TRACE org.hibernate.orm.jdbc.bind - binding parameter (1:BIGINT) <- [34]
2025-12-18 01:08:34.145 [http-nio-8040-exec-3] DEBUG org.hibernate.SQL - 
    select
        ba1_0.id,
        ba1_0.account_holder_name,
        ba1_0.account_number,
        ba1_0.bank_name,
        ba1_0.created_at,
        ba1_0.employee_id,
        ba1_0.ifsc_code,
        ba1_0.is_primary,
        ba1_0.owner_type,
        ba1_0.updated_at,
        ba1_0.vendor_id 
    from
        bank_accounts ba1_0 
    where
        ba1_0.employee_id=?
2025-12-18 01:08:34.145 [http-nio-8040-exec-3] TRACE org.hibernate.orm.jdbc.bind - binding parameter (1:BIGINT) <- [30]
2025-12-18 01:08:34.146 [http-nio-8040-exec-3] DEBUG org.hibernate.SQL - 
    select
        ba1_0.id,
        ba1_0.account_holder_name,
        ba1_0.account_number,
        ba1_0.bank_name,
        ba1_0.created_at,
        ba1_0.employee_id,
        ba1_0.ifsc_code,
        ba1_0.is_primary,
        ba1_0.owner_type,
        ba1_0.updated_at,
        ba1_0.vendor_id 
    from
        bank_accounts ba1_0 
    where
        ba1_0.employee_id=?
2025-12-18 01:08:34.148 [http-nio-8040-exec-3] TRACE org.hibernate.orm.jdbc.bind - binding parameter (1:BIGINT) <- [33]
2025-12-18 01:08:34.149 [http-nio-8040-exec-3] DEBUG org.hibernate.SQL - 
    select
        ba1_0.id,
        ba1_0.account_holder_name,
        ba1_0.account_number,
        ba1_0.bank_name,
        ba1_0.created_at,
        ba1_0.employee_id,
        ba1_0.ifsc_code,
        ba1_0.is_primary,
        ba1_0.owner_type,
        ba1_0.updated_at,
        ba1_0.vendor_id 
    from
        bank_accounts ba1_0 
    where
        ba1_0.employee_id=?
2025-12-18 01:08:34.149 [http-nio-8040-exec-3] TRACE org.hibernate.orm.jdbc.bind - binding parameter (1:BIGINT) <- [37]
2025-12-18 01:08:34.150 [http-nio-8040-exec-3] DEBUG org.hibernate.SQL - 
    select
        ba1_0.id,
        ba1_0.account_holder_name,
        ba1_0.account_number,
        ba1_0.bank_name,
        ba1_0.created_at,
        ba1_0.employee_id,
        ba1_0.ifsc_code,
        ba1_0.is_primary,
        ba1_0.owner_type,
        ba1_0.updated_at,
        ba1_0.vendor_id 
    from
        bank_accounts ba1_0 
    where
        ba1_0.employee_id=?
2025-12-18 01:08:34.150 [http-nio-8040-exec-3] TRACE org.hibernate.orm.jdbc.bind - binding parameter (1:BIGINT) <- [41]
2025-12-18 01:08:34.151 [http-nio-8040-exec-3] DEBUG org.hibernate.SQL - 
    select
        ba1_0.id,
        ba1_0.account_holder_name,
        ba1_0.account_number,
        ba1_0.bank_name,
        ba1_0.created_at,
        ba1_0.employee_id,
        ba1_0.ifsc_code,
        ba1_0.is_primary,
        ba1_0.owner_type,
        ba1_0.updated_at,
        ba1_0.vendor_id 
    from
        bank_accounts ba1_0 
    where
        ba1_0.employee_id=?
2025-12-18 01:08:34.151 [http-nio-8040-exec-3] TRACE org.hibernate.orm.jdbc.bind - binding parameter (1:BIGINT) <- [42]
2025-12-18 01:08:34.153 [http-nio-8040-exec-3] DEBUG org.hibernate.SQL - 
    select
        ba1_0.id,
        ba1_0.account_holder_name,
        ba1_0.account_number,
        ba1_0.bank_name,
        ba1_0.created_at,
        ba1_0.employee_id,
        ba1_0.ifsc_code,
        ba1_0.is_primary,
        ba1_0.owner_type,
        ba1_0.updated_at,
        ba1_0.vendor_id 
    from
        bank_accounts ba1_0 
    where
        ba1_0.employee_id=?
2025-12-18 01:08:34.153 [http-nio-8040-exec-3] TRACE org.hibernate.orm.jdbc.bind - binding parameter (1:BIGINT) <- [43]
2025-12-18 01:08:34.154 [http-nio-8040-exec-3] DEBUG org.hibernate.SQL - 
    select
        ba1_0.id,
        ba1_0.account_holder_name,
        ba1_0.account_number,
        ba1_0.bank_name,
        ba1_0.created_at,
        ba1_0.employee_id,
        ba1_0.ifsc_code,
        ba1_0.is_primary,
        ba1_0.owner_type,
        ba1_0.updated_at,
        ba1_0.vendor_id 
    from
        bank_accounts ba1_0 
    where
        ba1_0.employee_id=?
2025-12-18 01:08:34.154 [http-nio-8040-exec-3] TRACE org.hibernate.orm.jdbc.bind - binding parameter (1:BIGINT) <- [44]
2025-12-18 01:08:34.155 [http-nio-8040-exec-3] DEBUG org.hibernate.SQL - 
    select
        ba1_0.id,
        ba1_0.account_holder_name,
        ba1_0.account_number,
        ba1_0.bank_name,
        ba1_0.created_at,
        ba1_0.employee_id,
        ba1_0.ifsc_code,
        ba1_0.is_primary,
        ba1_0.owner_type,
        ba1_0.updated_at,
        ba1_0.vendor_id 
    from
        bank_accounts ba1_0 
    where
        ba1_0.employee_id=?
2025-12-18 01:08:34.155 [http-nio-8040-exec-3] TRACE org.hibernate.orm.jdbc.bind - binding parameter (1:BIGINT) <- [45]
2025-12-18 01:08:34.156 [http-nio-8040-exec-3] DEBUG org.hibernate.SQL - 
    select
        ba1_0.id,
        ba1_0.account_holder_name,
        ba1_0.account_number,
        ba1_0.bank_name,
        ba1_0.created_at,
        ba1_0.employee_id,
        ba1_0.ifsc_code,
        ba1_0.is_primary,
        ba1_0.owner_type,
        ba1_0.updated_at,
        ba1_0.vendor_id 
    from
        bank_accounts ba1_0 
    where
        ba1_0.employee_id=?
2025-12-18 01:08:34.156 [http-nio-8040-exec-3] TRACE org.hibernate.orm.jdbc.bind - binding parameter (1:BIGINT) <- [46]
2025-12-18 01:08:34.157 [http-nio-8040-exec-3] DEBUG org.hibernate.SQL - 
    select
        ba1_0.id,
        ba1_0.account_holder_name,
        ba1_0.account_number,
        ba1_0.bank_name,
        ba1_0.created_at,
        ba1_0.employee_id,
        ba1_0.ifsc_code,
        ba1_0.is_primary,
        ba1_0.owner_type,
        ba1_0.updated_at,
        ba1_0.vendor_id 
    from
        bank_accounts ba1_0 
    where
        ba1_0.employee_id=?
2025-12-18 01:08:34.157 [http-nio-8040-exec-3] TRACE org.hibernate.orm.jdbc.bind - binding parameter (1:BIGINT) <- [47]
2025-12-18 01:08:34.158 [http-nio-8040-exec-3] DEBUG org.hibernate.SQL - 
    select
        ba1_0.id,
        ba1_0.account_holder_name,
        ba1_0.account_number,
        ba1_0.bank_name,
        ba1_0.created_at,
        ba1_0.employee_id,
        ba1_0.ifsc_code,
        ba1_0.is_primary,
        ba1_0.owner_type,
        ba1_0.updated_at,
        ba1_0.vendor_id 
    from
        bank_accounts ba1_0 
    where
        ba1_0.employee_id=?
2025-12-18 01:08:34.158 [http-nio-8040-exec-3] TRACE org.hibernate.orm.jdbc.bind - binding parameter (1:BIGINT) <- [48]
2025-12-18 01:08:34.158 [http-nio-8040-exec-3] DEBUG org.hibernate.SQL - 
    select
        ba1_0.id,
        ba1_0.account_holder_name,
        ba1_0.account_number,
        ba1_0.bank_name,
        ba1_0.created_at,
        ba1_0.employee_id,
        ba1_0.ifsc_code,
        ba1_0.is_primary,
        ba1_0.owner_type,
        ba1_0.updated_at,
        ba1_0.vendor_id 
    from
        bank_accounts ba1_0 
    where
        ba1_0.employee_id=?
2025-12-18 01:08:34.159 [http-nio-8040-exec-3] TRACE org.hibernate.orm.jdbc.bind - binding parameter (1:BIGINT) <- [49]
2025-12-18 01:08:34.159 [http-nio-8040-exec-3] DEBUG org.hibernate.SQL - 
    select
        ba1_0.id,
        ba1_0.account_holder_name,
        ba1_0.account_number,
        ba1_0.bank_name,
        ba1_0.created_at,
        ba1_0.employee_id,
        ba1_0.ifsc_code,
        ba1_0.is_primary,
        ba1_0.owner_type,
        ba1_0.updated_at,
        ba1_0.vendor_id 
    from
        bank_accounts ba1_0 
    where
        ba1_0.employee_id=?
2025-12-18 01:08:34.160 [http-nio-8040-exec-3] TRACE org.hibernate.orm.jdbc.bind - binding parameter (1:BIGINT) <- [50]
2025-12-18 01:08:34.161 [http-nio-8040-exec-3] DEBUG org.hibernate.SQL - 
    select
        ba1_0.id,
        ba1_0.account_holder_name,
        ba1_0.account_number,
        ba1_0.bank_name,
        ba1_0.created_at,
        ba1_0.employee_id,
        ba1_0.ifsc_code,
        ba1_0.is_primary,
        ba1_0.owner_type,
        ba1_0.updated_at,
        ba1_0.vendor_id 
    from
        bank_accounts ba1_0 
    where
        ba1_0.employee_id=?
2025-12-18 01:08:34.161 [http-nio-8040-exec-3] TRACE org.hibernate.orm.jdbc.bind - binding parameter (1:BIGINT) <- [51]
2025-12-18 01:08:34.162 [http-nio-8040-exec-3] DEBUG org.hibernate.SQL - 
    select
        ba1_0.id,
        ba1_0.account_holder_name,
        ba1_0.account_number,
        ba1_0.bank_name,
        ba1_0.created_at,
        ba1_0.employee_id,
        ba1_0.ifsc_code,
        ba1_0.is_primary,
        ba1_0.owner_type,
        ba1_0.updated_at,
        ba1_0.vendor_id 
    from
        bank_accounts ba1_0 
    where
        ba1_0.employee_id=?
2025-12-18 01:08:34.162 [http-nio-8040-exec-3] TRACE org.hibernate.orm.jdbc.bind - binding parameter (1:BIGINT) <- [52]
2025-12-18 01:08:34.164 [http-nio-8040-exec-3] DEBUG org.hibernate.SQL - 
    select
        ba1_0.id,
        ba1_0.account_holder_name,
        ba1_0.account_number,
        ba1_0.bank_name,
        ba1_0.created_at,
        ba1_0.employee_id,
        ba1_0.ifsc_code,
        ba1_0.is_primary,
        ba1_0.owner_type,
        ba1_0.updated_at,
        ba1_0.vendor_id 
    from
        bank_accounts ba1_0 
    where
        ba1_0.employee_id=?
2025-12-18 01:08:34.164 [http-nio-8040-exec-3] TRACE org.hibernate.orm.jdbc.bind - binding parameter (1:BIGINT) <- [53]
2025-12-18 01:08:34.165 [http-nio-8040-exec-3] DEBUG org.hibernate.SQL - 
    select
        ba1_0.id,
        ba1_0.account_holder_name,
        ba1_0.account_number,
        ba1_0.bank_name,
        ba1_0.created_at,
        ba1_0.employee_id,
        ba1_0.ifsc_code,
        ba1_0.is_primary,
        ba1_0.owner_type,
        ba1_0.updated_at,
        ba1_0.vendor_id 
    from
        bank_accounts ba1_0 
    where
        ba1_0.employee_id=?
2025-12-18 01:08:34.165 [http-nio-8040-exec-3] TRACE org.hibernate.orm.jdbc.bind - binding parameter (1:BIGINT) <- [54]
2025-12-18 01:08:34.166 [http-nio-8040-exec-3] DEBUG org.hibernate.SQL - 
    select
        ba1_0.id,
        ba1_0.account_holder_name,
        ba1_0.account_number,
        ba1_0.bank_name,
        ba1_0.created_at,
        ba1_0.employee_id,
        ba1_0.ifsc_code,
        ba1_0.is_primary,
        ba1_0.owner_type,
        ba1_0.updated_at,
        ba1_0.vendor_id 
    from
        bank_accounts ba1_0 
    where
        ba1_0.employee_id=?
2025-12-18 01:08:34.166 [http-nio-8040-exec-3] TRACE org.hibernate.orm.jdbc.bind - binding parameter (1:BIGINT) <- [55]
2025-12-18 01:08:34.166 [http-nio-8040-exec-3] DEBUG org.hibernate.SQL - 
    select
        ba1_0.id,
        ba1_0.account_holder_name,
        ba1_0.account_number,
        ba1_0.bank_name,
        ba1_0.created_at,
        ba1_0.employee_id,
        ba1_0.ifsc_code,
        ba1_0.is_primary,
        ba1_0.owner_type,
        ba1_0.updated_at,
        ba1_0.vendor_id 
    from
        bank_accounts ba1_0 
    where
        ba1_0.employee_id=?
2025-12-18 01:08:34.166 [http-nio-8040-exec-3] TRACE org.hibernate.orm.jdbc.bind - binding parameter (1:BIGINT) <- [56]
2025-12-18 01:08:34.167 [http-nio-8040-exec-3] DEBUG org.hibernate.SQL - 
    select
        ba1_0.id,
        ba1_0.account_holder_name,
        ba1_0.account_number,
        ba1_0.bank_name,
        ba1_0.created_at,
        ba1_0.employee_id,
        ba1_0.ifsc_code,
        ba1_0.is_primary,
        ba1_0.owner_type,
        ba1_0.updated_at,
        ba1_0.vendor_id 
    from
        bank_accounts ba1_0 
    where
        ba1_0.employee_id=?
2025-12-18 01:08:34.167 [http-nio-8040-exec-3] TRACE org.hibernate.orm.jdbc.bind - binding parameter (1:BIGINT) <- [57]
2025-12-18 01:08:34.168 [http-nio-8040-exec-3] DEBUG org.hibernate.SQL - 
    select
        ba1_0.id,
        ba1_0.account_holder_name,
        ba1_0.account_number,
        ba1_0.bank_name,
        ba1_0.created_at,
        ba1_0.employee_id,
        ba1_0.ifsc_code,
        ba1_0.is_primary,
        ba1_0.owner_type,
        ba1_0.updated_at,
        ba1_0.vendor_id 
    from
        bank_accounts ba1_0 
    where
        ba1_0.employee_id=?
2025-12-18 01:08:34.168 [http-nio-8040-exec-3] TRACE org.hibernate.orm.jdbc.bind - binding parameter (1:BIGINT) <- [58]
2025-12-18 01:08:34.169 [http-nio-8040-exec-3] DEBUG org.hibernate.SQL - 
    select
        ba1_0.id,
        ba1_0.account_holder_name,
        ba1_0.account_number,
        ba1_0.bank_name,
        ba1_0.created_at,
        ba1_0.employee_id,
        ba1_0.ifsc_code,
        ba1_0.is_primary,
        ba1_0.owner_type,
        ba1_0.updated_at,
        ba1_0.vendor_id 
    from
        bank_accounts ba1_0 
    where
        ba1_0.employee_id=?
2025-12-18 01:08:34.169 [http-nio-8040-exec-3] TRACE org.hibernate.orm.jdbc.bind - binding parameter (1:BIGINT) <- [59]
2025-12-18 01:08:34.170 [http-nio-8040-exec-3] DEBUG org.hibernate.SQL - 
    select
        ba1_0.id,
        ba1_0.account_holder_name,
        ba1_0.account_number,
        ba1_0.bank_name,
        ba1_0.created_at,
        ba1_0.employee_id,
        ba1_0.ifsc_code,
        ba1_0.is_primary,
        ba1_0.owner_type,
        ba1_0.updated_at,
        ba1_0.vendor_id 
    from
        bank_accounts ba1_0 
    where
        ba1_0.employee_id=?
2025-12-18 01:08:34.170 [http-nio-8040-exec-3] TRACE org.hibernate.orm.jdbc.bind - binding parameter (1:BIGINT) <- [60]
2025-12-18 01:08:34.171 [http-nio-8040-exec-3] DEBUG org.hibernate.SQL - 
    select
        ba1_0.id,
        ba1_0.account_holder_name,
        ba1_0.account_number,
        ba1_0.bank_name,
        ba1_0.created_at,
        ba1_0.employee_id,
        ba1_0.ifsc_code,
        ba1_0.is_primary,
        ba1_0.owner_type,
        ba1_0.updated_at,
        ba1_0.vendor_id 
    from
        bank_accounts ba1_0 
    where
        ba1_0.employee_id=?
2025-12-18 01:08:34.172 [http-nio-8040-exec-3] TRACE org.hibernate.orm.jdbc.bind - binding parameter (1:BIGINT) <- [61]
2025-12-18 01:08:34.172 [http-nio-8040-exec-3] DEBUG org.hibernate.SQL - 
    select
        ba1_0.id,
        ba1_0.account_holder_name,
        ba1_0.account_number,
        ba1_0.bank_name,
        ba1_0.created_at,
        ba1_0.employee_id,
        ba1_0.ifsc_code,
        ba1_0.is_primary,
        ba1_0.owner_type,
        ba1_0.updated_at,
        ba1_0.vendor_id 
    from
        bank_accounts ba1_0 
    where
        ba1_0.employee_id=?
2025-12-18 01:08:34.173 [http-nio-8040-exec-3] TRACE org.hibernate.orm.jdbc.bind - binding parameter (1:BIGINT) <- [62]
2025-12-18 01:08:34.174 [http-nio-8040-exec-3] DEBUG org.hibernate.SQL - 
    select
        ba1_0.id,
        ba1_0.account_holder_name,
        ba1_0.account_number,
        ba1_0.bank_name,
        ba1_0.created_at,
        ba1_0.employee_id,
        ba1_0.ifsc_code,
        ba1_0.is_primary,
        ba1_0.owner_type,
        ba1_0.updated_at,
        ba1_0.vendor_id 
    from
        bank_accounts ba1_0 
    where
        ba1_0.employee_id=?
2025-12-18 01:08:34.174 [http-nio-8040-exec-3] TRACE org.hibernate.orm.jdbc.bind - binding parameter (1:BIGINT) <- [63]
2025-12-18 01:08:34.175 [http-nio-8040-exec-3] DEBUG org.hibernate.SQL - 
    select
        ba1_0.id,
        ba1_0.account_holder_name,
        ba1_0.account_number,
        ba1_0.bank_name,
        ba1_0.created_at,
        ba1_0.employee_id,
        ba1_0.ifsc_code,
        ba1_0.is_primary,
        ba1_0.owner_type,
        ba1_0.updated_at,
        ba1_0.vendor_id 
    from
        bank_accounts ba1_0 
    where
        ba1_0.employee_id=?
2025-12-18 01:08:34.175 [http-nio-8040-exec-3] TRACE org.hibernate.orm.jdbc.bind - binding parameter (1:BIGINT) <- [64]
2025-12-18 01:08:34.176 [http-nio-8040-exec-3] DEBUG org.hibernate.SQL - 
    select
        ba1_0.id,
        ba1_0.account_holder_name,
        ba1_0.account_number,
        ba1_0.bank_name,
        ba1_0.created_at,
        ba1_0.employee_id,
        ba1_0.ifsc_code,
        ba1_0.is_primary,
        ba1_0.owner_type,
        ba1_0.updated_at,
        ba1_0.vendor_id 
    from
        bank_accounts ba1_0 
    where
        ba1_0.employee_id=?
2025-12-18 01:08:34.176 [http-nio-8040-exec-3] TRACE org.hibernate.orm.jdbc.bind - binding parameter (1:BIGINT) <- [65]
2025-12-18 01:08:34.176 [http-nio-8040-exec-3] DEBUG org.hibernate.SQL - 
    select
        ba1_0.id,
        ba1_0.account_holder_name,
        ba1_0.account_number,
        ba1_0.bank_name,
        ba1_0.created_at,
        ba1_0.employee_id,
        ba1_0.ifsc_code,
        ba1_0.is_primary,
        ba1_0.owner_type,
        ba1_0.updated_at,
        ba1_0.vendor_id 
    from
        bank_accounts ba1_0 
    where
        ba1_0.employee_id=?
2025-12-18 01:08:34.176 [http-nio-8040-exec-3] TRACE org.hibernate.orm.jdbc.bind - binding parameter (1:BIGINT) <- [66]
2025-12-18 01:08:34.177 [http-nio-8040-exec-3] DEBUG org.hibernate.SQL - 
    select
        ba1_0.id,
        ba1_0.account_holder_name,
        ba1_0.account_number,
        ba1_0.bank_name,
        ba1_0.created_at,
        ba1_0.employee_id,
        ba1_0.ifsc_code,
        ba1_0.is_primary,
        ba1_0.owner_type,
        ba1_0.updated_at,
        ba1_0.vendor_id 
    from
        bank_accounts ba1_0 
    where
        ba1_0.employee_id=?
2025-12-18 01:08:34.177 [http-nio-8040-exec-3] TRACE org.hibernate.orm.jdbc.bind - binding parameter (1:BIGINT) <- [67]
2025-12-18 01:08:34.178 [http-nio-8040-exec-3] DEBUG org.hibernate.SQL - 
    select
        ba1_0.id,
        ba1_0.account_holder_name,
        ba1_0.account_number,
        ba1_0.bank_name,
        ba1_0.created_at,
        ba1_0.employee_id,
        ba1_0.ifsc_code,
        ba1_0.is_primary,
        ba1_0.owner_type,
        ba1_0.updated_at,
        ba1_0.vendor_id 
    from
        bank_accounts ba1_0 
    where
        ba1_0.employee_id=?
2025-12-18 01:08:34.178 [http-nio-8040-exec-3] TRACE org.hibernate.orm.jdbc.bind - binding parameter (1:BIGINT) <- [68]
2025-12-18 01:08:34.179 [http-nio-8040-exec-3] DEBUG org.hibernate.SQL - 
    select
        ba1_0.id,
        ba1_0.account_holder_name,
        ba1_0.account_number,
        ba1_0.bank_name,
        ba1_0.created_at,
        ba1_0.employee_id,
        ba1_0.ifsc_code,
        ba1_0.is_primary,
        ba1_0.owner_type,
        ba1_0.updated_at,
        ba1_0.vendor_id 
    from
        bank_accounts ba1_0 
    where
        ba1_0.employee_id=?
2025-12-18 01:08:34.180 [http-nio-8040-exec-3] TRACE org.hibernate.orm.jdbc.bind - binding parameter (1:BIGINT) <- [69]
2025-12-18 01:08:34.181 [http-nio-8040-exec-3] DEBUG org.hibernate.SQL - 
    select
        ba1_0.id,
        ba1_0.account_holder_name,
        ba1_0.account_number,
        ba1_0.bank_name,
        ba1_0.created_at,
        ba1_0.employee_id,
        ba1_0.ifsc_code,
        ba1_0.is_primary,
        ba1_0.owner_type,
        ba1_0.updated_at,
        ba1_0.vendor_id 
    from
        bank_accounts ba1_0 
    where
        ba1_0.employee_id=?
2025-12-18 01:08:34.181 [http-nio-8040-exec-3] TRACE org.hibernate.orm.jdbc.bind - binding parameter (1:BIGINT) <- [70]
2025-12-18 01:08:34.182 [http-nio-8040-exec-3] DEBUG org.hibernate.SQL - 
    select
        ba1_0.id,
        ba1_0.account_holder_name,
        ba1_0.account_number,
        ba1_0.bank_name,
        ba1_0.created_at,
        ba1_0.employee_id,
        ba1_0.ifsc_code,
        ba1_0.is_primary,
        ba1_0.owner_type,
        ba1_0.updated_at,
        ba1_0.vendor_id 
    from
        bank_accounts ba1_0 
    where
        ba1_0.employee_id=?
2025-12-18 01:08:34.182 [http-nio-8040-exec-3] TRACE org.hibernate.orm.jdbc.bind - binding parameter (1:BIGINT) <- [71]
2025-12-18 01:08:34.183 [http-nio-8040-exec-3] DEBUG org.hibernate.SQL - 
    select
        ba1_0.id,
        ba1_0.account_holder_name,
        ba1_0.account_number,
        ba1_0.bank_name,
        ba1_0.created_at,
        ba1_0.employee_id,
        ba1_0.ifsc_code,
        ba1_0.is_primary,
        ba1_0.owner_type,
        ba1_0.updated_at,
        ba1_0.vendor_id 
    from
        bank_accounts ba1_0 
    where
        ba1_0.employee_id=?
2025-12-18 01:08:34.183 [http-nio-8040-exec-3] TRACE org.hibernate.orm.jdbc.bind - binding parameter (1:BIGINT) <- [72]
2025-12-18 01:08:34.184 [http-nio-8040-exec-3] DEBUG org.hibernate.SQL - 
    select
        ba1_0.id,
        ba1_0.account_holder_name,
        ba1_0.account_number,
        ba1_0.bank_name,
        ba1_0.created_at,
        ba1_0.employee_id,
        ba1_0.ifsc_code,
        ba1_0.is_primary,
        ba1_0.owner_type,
        ba1_0.updated_at,
        ba1_0.vendor_id 
    from
        bank_accounts ba1_0 
    where
        ba1_0.employee_id=?
2025-12-18 01:08:34.184 [http-nio-8040-exec-3] TRACE org.hibernate.orm.jdbc.bind - binding parameter (1:BIGINT) <- [73]
2025-12-18 01:08:34.186 [http-nio-8040-exec-3] DEBUG org.hibernate.SQL - 
    select
        ba1_0.id,
        ba1_0.account_holder_name,
        ba1_0.account_number,
        ba1_0.bank_name,
        ba1_0.created_at,
        ba1_0.employee_id,
        ba1_0.ifsc_code,
        ba1_0.is_primary,
        ba1_0.owner_type,
        ba1_0.updated_at,
        ba1_0.vendor_id 
    from
        bank_accounts ba1_0 
    where
        ba1_0.employee_id=?
2025-12-18 01:08:34.186 [http-nio-8040-exec-3] TRACE org.hibernate.orm.jdbc.bind - binding parameter (1:BIGINT) <- [74]
2025-12-18 01:08:34.186 [http-nio-8040-exec-3] DEBUG org.hibernate.SQL - 
    select
        ba1_0.id,
        ba1_0.account_holder_name,
        ba1_0.account_number,
        ba1_0.bank_name,
        ba1_0.created_at,
        ba1_0.employee_id,
        ba1_0.ifsc_code,
        ba1_0.is_primary,
        ba1_0.owner_type,
        ba1_0.updated_at,
        ba1_0.vendor_id 
    from
        bank_accounts ba1_0 
    where
        ba1_0.employee_id=?
2025-12-18 01:08:34.187 [http-nio-8040-exec-3] TRACE org.hibernate.orm.jdbc.bind - binding parameter (1:BIGINT) <- [75]
2025-12-18 01:08:34.188 [http-nio-8040-exec-3] DEBUG org.hibernate.SQL - 
    select
        ba1_0.id,
        ba1_0.account_holder_name,
        ba1_0.account_number,
        ba1_0.bank_name,
        ba1_0.created_at,
        ba1_0.employee_id,
        ba1_0.ifsc_code,
        ba1_0.is_primary,
        ba1_0.owner_type,
        ba1_0.updated_at,
        ba1_0.vendor_id 
    from
        bank_accounts ba1_0 
    where
        ba1_0.employee_id=?
2025-12-18 01:08:34.188 [http-nio-8040-exec-3] TRACE org.hibernate.orm.jdbc.bind - binding parameter (1:BIGINT) <- [76]
2025-12-18 01:08:34.189 [http-nio-8040-exec-3] DEBUG org.hibernate.SQL - 
    select
        ba1_0.id,
        ba1_0.account_holder_name,
        ba1_0.account_number,
        ba1_0.bank_name,
        ba1_0.created_at,
        ba1_0.employee_id,
        ba1_0.ifsc_code,
        ba1_0.is_primary,
        ba1_0.owner_type,
        ba1_0.updated_at,
        ba1_0.vendor_id 
    from
        bank_accounts ba1_0 
    where
        ba1_0.employee_id=?
2025-12-18 01:08:34.189 [http-nio-8040-exec-3] TRACE org.hibernate.orm.jdbc.bind - binding parameter (1:BIGINT) <- [77]
2025-12-18 01:08:34.190 [http-nio-8040-exec-3] DEBUG org.hibernate.SQL - 
    select
        ba1_0.id,
        ba1_0.account_holder_name,
        ba1_0.account_number,
        ba1_0.bank_name,
        ba1_0.created_at,
        ba1_0.employee_id,
        ba1_0.ifsc_code,
        ba1_0.is_primary,
        ba1_0.owner_type,
        ba1_0.updated_at,
        ba1_0.vendor_id 
    from
        bank_accounts ba1_0 
    where
        ba1_0.employee_id=?
2025-12-18 01:08:34.190 [http-nio-8040-exec-3] TRACE org.hibernate.orm.jdbc.bind - binding parameter (1:BIGINT) <- [78]
2025-12-18 01:08:34.191 [http-nio-8040-exec-3] DEBUG org.hibernate.SQL - 
    select
        ba1_0.id,
        ba1_0.account_holder_name,
        ba1_0.account_number,
        ba1_0.bank_name,
        ba1_0.created_at,
        ba1_0.employee_id,
        ba1_0.ifsc_code,
        ba1_0.is_primary,
        ba1_0.owner_type,
        ba1_0.updated_at,
        ba1_0.vendor_id 
    from
        bank_accounts ba1_0 
    where
        ba1_0.employee_id=?
2025-12-18 01:08:34.192 [http-nio-8040-exec-3] TRACE org.hibernate.orm.jdbc.bind - binding parameter (1:BIGINT) <- [79]
2025-12-18 01:08:34.192 [http-nio-8040-exec-3] DEBUG org.hibernate.SQL - 
    select
        ba1_0.id,
        ba1_0.account_holder_name,
        ba1_0.account_number,
        ba1_0.bank_name,
        ba1_0.created_at,
        ba1_0.employee_id,
        ba1_0.ifsc_code,
        ba1_0.is_primary,
        ba1_0.owner_type,
        ba1_0.updated_at,
        ba1_0.vendor_id 
    from
        bank_accounts ba1_0 
    where
        ba1_0.employee_id=?
2025-12-18 01:08:34.192 [http-nio-8040-exec-3] TRACE org.hibernate.orm.jdbc.bind - binding parameter (1:BIGINT) <- [80]
2025-12-18 01:08:34.194 [http-nio-8040-exec-3] DEBUG org.hibernate.SQL - 
    select
        ba1_0.id,
        ba1_0.account_holder_name,
        ba1_0.account_number,
        ba1_0.bank_name,
        ba1_0.created_at,
        ba1_0.employee_id,
        ba1_0.ifsc_code,
        ba1_0.is_primary,
        ba1_0.owner_type,
        ba1_0.updated_at,
        ba1_0.vendor_id 
    from
        bank_accounts ba1_0 
    where
        ba1_0.employee_id=?
2025-12-18 01:08:34.194 [http-nio-8040-exec-3] TRACE org.hibernate.orm.jdbc.bind - binding parameter (1:BIGINT) <- [81]
2025-12-18 01:08:34.195 [http-nio-8040-exec-3] DEBUG org.hibernate.SQL - 
    select
        ba1_0.id,
        ba1_0.account_holder_name,
        ba1_0.account_number,
        ba1_0.bank_name,
        ba1_0.created_at,
        ba1_0.employee_id,
        ba1_0.ifsc_code,
        ba1_0.is_primary,
        ba1_0.owner_type,
        ba1_0.updated_at,
        ba1_0.vendor_id 
    from
        bank_accounts ba1_0 
    where
        ba1_0.employee_id=?
2025-12-18 01:08:34.195 [http-nio-8040-exec-3] TRACE org.hibernate.orm.jdbc.bind - binding parameter (1:BIGINT) <- [82]
2025-12-18 01:08:34.196 [http-nio-8040-exec-3] DEBUG org.hibernate.SQL - 
    select
        ba1_0.id,
        ba1_0.account_holder_name,
        ba1_0.account_number,
        ba1_0.bank_name,
        ba1_0.created_at,
        ba1_0.employee_id,
        ba1_0.ifsc_code,
        ba1_0.is_primary,
        ba1_0.owner_type,
        ba1_0.updated_at,
        ba1_0.vendor_id 
    from
        bank_accounts ba1_0 
    where
        ba1_0.employee_id=?
2025-12-18 01:08:34.196 [http-nio-8040-exec-3] TRACE org.hibernate.orm.jdbc.bind - binding parameter (1:BIGINT) <- [83]
2025-12-18 01:08:34.197 [http-nio-8040-exec-3] DEBUG org.hibernate.SQL - 
    select
        ba1_0.id,
        ba1_0.account_holder_name,
        ba1_0.account_number,
        ba1_0.bank_name,
        ba1_0.created_at,
        ba1_0.employee_id,
        ba1_0.ifsc_code,
        ba1_0.is_primary,
        ba1_0.owner_type,
        ba1_0.updated_at,
        ba1_0.vendor_id 
    from
        bank_accounts ba1_0 
    where
        ba1_0.employee_id=?
2025-12-18 01:08:34.198 [http-nio-8040-exec-3] TRACE org.hibernate.orm.jdbc.bind - binding parameter (1:BIGINT) <- [84]
2025-12-18 01:08:34.200 [http-nio-8040-exec-3] DEBUG org.hibernate.SQL - 
    select
        ba1_0.id,
        ba1_0.account_holder_name,
        ba1_0.account_number,
        ba1_0.bank_name,
        ba1_0.created_at,
        ba1_0.employee_id,
        ba1_0.ifsc_code,
        ba1_0.is_primary,
        ba1_0.owner_type,
        ba1_0.updated_at,
        ba1_0.vendor_id 
    from
        bank_accounts ba1_0 
    where
        ba1_0.employee_id=?
2025-12-18 01:08:34.200 [http-nio-8040-exec-3] TRACE org.hibernate.orm.jdbc.bind - binding parameter (1:BIGINT) <- [85]
2025-12-18 01:08:34.201 [http-nio-8040-exec-3] DEBUG org.hibernate.SQL - 
    select
        ba1_0.id,
        ba1_0.account_holder_name,
        ba1_0.account_number,
        ba1_0.bank_name,
        ba1_0.created_at,
        ba1_0.employee_id,
        ba1_0.ifsc_code,
        ba1_0.is_primary,
        ba1_0.owner_type,
        ba1_0.updated_at,
        ba1_0.vendor_id 
    from
        bank_accounts ba1_0 
    where
        ba1_0.employee_id=?
2025-12-18 01:08:34.201 [http-nio-8040-exec-3] TRACE org.hibernate.orm.jdbc.bind - binding parameter (1:BIGINT) <- [86]
2025-12-18 01:08:34.203 [http-nio-8040-exec-3] DEBUG org.hibernate.SQL - 
    select
        ba1_0.id,
        ba1_0.account_holder_name,
        ba1_0.account_number,
        ba1_0.bank_name,
        ba1_0.created_at,
        ba1_0.employee_id,
        ba1_0.ifsc_code,
        ba1_0.is_primary,
        ba1_0.owner_type,
        ba1_0.updated_at,
        ba1_0.vendor_id 
    from
        bank_accounts ba1_0 
    where
        ba1_0.employee_id=?
2025-12-18 01:08:34.203 [http-nio-8040-exec-3] TRACE org.hibernate.orm.jdbc.bind - binding parameter (1:BIGINT) <- [87]
2025-12-18 01:08:34.203 [http-nio-8040-exec-3] DEBUG org.hibernate.SQL - 
    select
        ba1_0.id,
        ba1_0.account_holder_name,
        ba1_0.account_number,
        ba1_0.bank_name,
        ba1_0.created_at,
        ba1_0.employee_id,
        ba1_0.ifsc_code,
        ba1_0.is_primary,
        ba1_0.owner_type,
        ba1_0.updated_at,
        ba1_0.vendor_id 
    from
        bank_accounts ba1_0 
    where
        ba1_0.employee_id=?
2025-12-18 01:08:34.204 [http-nio-8040-exec-3] TRACE org.hibernate.orm.jdbc.bind - binding parameter (1:BIGINT) <- [88]
2025-12-18 01:08:34.205 [http-nio-8040-exec-3] DEBUG org.hibernate.SQL - 
    select
        ba1_0.id,
        ba1_0.account_holder_name,
        ba1_0.account_number,
        ba1_0.bank_name,
        ba1_0.created_at,
        ba1_0.employee_id,
        ba1_0.ifsc_code,
        ba1_0.is_primary,
        ba1_0.owner_type,
        ba1_0.updated_at,
        ba1_0.vendor_id 
    from
        bank_accounts ba1_0 
    where
        ba1_0.employee_id=?
2025-12-18 01:08:34.205 [http-nio-8040-exec-3] TRACE org.hibernate.orm.jdbc.bind - binding parameter (1:BIGINT) <- [89]
2025-12-18 01:08:34.206 [http-nio-8040-exec-3] DEBUG org.hibernate.SQL - 
    select
        ba1_0.id,
        ba1_0.account_holder_name,
        ba1_0.account_number,
        ba1_0.bank_name,
        ba1_0.created_at,
        ba1_0.employee_id,
        ba1_0.ifsc_code,
        ba1_0.is_primary,
        ba1_0.owner_type,
        ba1_0.updated_at,
        ba1_0.vendor_id 
    from
        bank_accounts ba1_0 
    where
        ba1_0.employee_id=?
2025-12-18 01:08:34.207 [http-nio-8040-exec-3] TRACE org.hibernate.orm.jdbc.bind - binding parameter (1:BIGINT) <- [90]
2025-12-18 01:08:34.208 [http-nio-8040-exec-3] DEBUG org.hibernate.SQL - 
    select
        ba1_0.id,
        ba1_0.account_holder_name,
        ba1_0.account_number,
        ba1_0.bank_name,
        ba1_0.created_at,
        ba1_0.employee_id,
        ba1_0.ifsc_code,
        ba1_0.is_primary,
        ba1_0.owner_type,
        ba1_0.updated_at,
        ba1_0.vendor_id 
    from
        bank_accounts ba1_0 
    where
        ba1_0.employee_id=?
2025-12-18 01:08:34.208 [http-nio-8040-exec-3] TRACE org.hibernate.orm.jdbc.bind - binding parameter (1:BIGINT) <- [91]
2025-12-18 01:08:34.209 [http-nio-8040-exec-3] DEBUG org.hibernate.SQL - 
    select
        ba1_0.id,
        ba1_0.account_holder_name,
        ba1_0.account_number,
        ba1_0.bank_name,
        ba1_0.created_at,
        ba1_0.employee_id,
        ba1_0.ifsc_code,
        ba1_0.is_primary,
        ba1_0.owner_type,
        ba1_0.updated_at,
        ba1_0.vendor_id 
    from
        bank_accounts ba1_0 
    where
        ba1_0.employee_id=?
2025-12-18 01:08:34.209 [http-nio-8040-exec-3] TRACE org.hibernate.orm.jdbc.bind - binding parameter (1:BIGINT) <- [92]
2025-12-18 01:08:34.210 [http-nio-8040-exec-3] DEBUG org.hibernate.SQL - 
    select
        ba1_0.id,
        ba1_0.account_holder_name,
        ba1_0.account_number,
        ba1_0.bank_name,
        ba1_0.created_at,
        ba1_0.employee_id,
        ba1_0.ifsc_code,
        ba1_0.is_primary,
        ba1_0.owner_type,
        ba1_0.updated_at,
        ba1_0.vendor_id 
    from
        bank_accounts ba1_0 
    where
        ba1_0.employee_id=?
2025-12-18 01:08:34.210 [http-nio-8040-exec-3] TRACE org.hibernate.orm.jdbc.bind - binding parameter (1:BIGINT) <- [93]
2025-12-18 01:08:34.211 [http-nio-8040-exec-3] DEBUG org.hibernate.SQL - 
    select
        ba1_0.id,
        ba1_0.account_holder_name,
        ba1_0.account_number,
        ba1_0.bank_name,
        ba1_0.created_at,
        ba1_0.employee_id,
        ba1_0.ifsc_code,
        ba1_0.is_primary,
        ba1_0.owner_type,
        ba1_0.updated_at,
        ba1_0.vendor_id 
    from
        bank_accounts ba1_0 
    where
        ba1_0.employee_id=?
2025-12-18 01:08:34.211 [http-nio-8040-exec-3] TRACE org.hibernate.orm.jdbc.bind - binding parameter (1:BIGINT) <- [94]
2025-12-18 01:08:34.211 [http-nio-8040-exec-3] DEBUG org.hibernate.SQL - 
    select
        ba1_0.id,
        ba1_0.account_holder_name,
        ba1_0.account_number,
        ba1_0.bank_name,
        ba1_0.created_at,
        ba1_0.employee_id,
        ba1_0.ifsc_code,
        ba1_0.is_primary,
        ba1_0.owner_type,
        ba1_0.updated_at,
        ba1_0.vendor_id 
    from
        bank_accounts ba1_0 
    where
        ba1_0.employee_id=?
2025-12-18 01:08:34.211 [http-nio-8040-exec-3] TRACE org.hibernate.orm.jdbc.bind - binding parameter (1:BIGINT) <- [95]
2025-12-18 01:08:34.213 [http-nio-8040-exec-3] DEBUG org.hibernate.SQL - 
    select
        ba1_0.id,
        ba1_0.account_holder_name,
        ba1_0.account_number,
        ba1_0.bank_name,
        ba1_0.created_at,
        ba1_0.employee_id,
        ba1_0.ifsc_code,
        ba1_0.is_primary,
        ba1_0.owner_type,
        ba1_0.updated_at,
        ba1_0.vendor_id 
    from
        bank_accounts ba1_0 
    where
        ba1_0.employee_id=?
2025-12-18 01:08:34.213 [http-nio-8040-exec-3] TRACE org.hibernate.orm.jdbc.bind - binding parameter (1:BIGINT) <- [96]
2025-12-18 01:08:34.213 [http-nio-8040-exec-3] DEBUG org.hibernate.SQL - 
    select
        ba1_0.id,
        ba1_0.account_holder_name,
        ba1_0.account_number,
        ba1_0.bank_name,
        ba1_0.created_at,
        ba1_0.employee_id,
        ba1_0.ifsc_code,
        ba1_0.is_primary,
        ba1_0.owner_type,
        ba1_0.updated_at,
        ba1_0.vendor_id 
    from
        bank_accounts ba1_0 
    where
        ba1_0.employee_id=?
2025-12-18 01:08:34.214 [http-nio-8040-exec-3] TRACE org.hibernate.orm.jdbc.bind - binding parameter (1:BIGINT) <- [97]
2025-12-18 01:08:34.214 [http-nio-8040-exec-3] DEBUG org.hibernate.SQL - 
    select
        ba1_0.id,
        ba1_0.account_holder_name,
        ba1_0.account_number,
        ba1_0.bank_name,
        ba1_0.created_at,
        ba1_0.employee_id,
        ba1_0.ifsc_code,
        ba1_0.is_primary,
        ba1_0.owner_type,
        ba1_0.updated_at,
        ba1_0.vendor_id 
    from
        bank_accounts ba1_0 
    where
        ba1_0.employee_id=?
2025-12-18 01:08:34.215 [http-nio-8040-exec-3] TRACE org.hibernate.orm.jdbc.bind - binding parameter (1:BIGINT) <- [98]
2025-12-18 01:08:34.215 [http-nio-8040-exec-3] DEBUG org.hibernate.SQL - 
    select
        ba1_0.id,
        ba1_0.account_holder_name,
        ba1_0.account_number,
        ba1_0.bank_name,
        ba1_0.created_at,
        ba1_0.employee_id,
        ba1_0.ifsc_code,
        ba1_0.is_primary,
        ba1_0.owner_type,
        ba1_0.updated_at,
        ba1_0.vendor_id 
    from
        bank_accounts ba1_0 
    where
        ba1_0.employee_id=?
2025-12-18 01:08:34.215 [http-nio-8040-exec-3] TRACE org.hibernate.orm.jdbc.bind - binding parameter (1:BIGINT) <- [99]
2025-12-18 01:08:34.216 [http-nio-8040-exec-3] DEBUG org.hibernate.SQL - 
    select
        ba1_0.id,
        ba1_0.account_holder_name,
        ba1_0.account_number,
        ba1_0.bank_name,
        ba1_0.created_at,
        ba1_0.employee_id,
        ba1_0.ifsc_code,
        ba1_0.is_primary,
        ba1_0.owner_type,
        ba1_0.updated_at,
        ba1_0.vendor_id 
    from
        bank_accounts ba1_0 
    where
        ba1_0.employee_id=?
2025-12-18 01:08:34.216 [http-nio-8040-exec-3] TRACE org.hibernate.orm.jdbc.bind - binding parameter (1:BIGINT) <- [100]
2025-12-18 01:08:34.226 [http-nio-8040-exec-3] DEBUG org.hibernate.SQL - 
    select
        u1_0.id 
    from
        users u1_0 
    where
        u1_0.username=? 
    limit
        ?
2025-12-18 01:08:34.226 [http-nio-8040-exec-3] TRACE org.hibernate.orm.jdbc.bind - binding parameter (1:VARCHAR) <- [vasoj6725314217]
2025-12-18 01:08:34.226 [http-nio-8040-exec-3] TRACE org.hibernate.orm.jdbc.bind - binding parameter (2:INTEGER) <- [1]
2025-12-18 01:08:34.364 [http-nio-8040-exec-3] DEBUG org.hibernate.SQL - 
    insert 
    into
        users
        (created_at, email, full_name, is_active, organization_id, password, requires_password_change, role, updated_at, username) 
    values
        (?, ?, ?, ?, ?, ?, ?, ?, ?, ?)
2025-12-18 01:08:34.365 [http-nio-8040-exec-3] TRACE org.hibernate.orm.jdbc.bind - binding parameter (1:TIMESTAMP) <- [2025-12-18T01:08:34.362588]
2025-12-18 01:08:34.365 [http-nio-8040-exec-3] TRACE org.hibernate.orm.jdbc.bind - binding parameter (2:VARCHAR) <- [vasoj67253@fftube.com]
2025-12-18 01:08:34.365 [http-nio-8040-exec-3] TRACE org.hibernate.orm.jdbc.bind - binding parameter (3:VARCHAR) <- [jdfjkjksdfn]
2025-12-18 01:08:34.365 [http-nio-8040-exec-3] TRACE org.hibernate.orm.jdbc.bind - binding parameter (4:BOOLEAN) <- [true]
2025-12-18 01:08:34.365 [http-nio-8040-exec-3] TRACE org.hibernate.orm.jdbc.bind - binding parameter (5:INTEGER) <- [1]
2025-12-18 01:08:34.365 [http-nio-8040-exec-3] TRACE org.hibernate.orm.jdbc.bind - binding parameter (6:VARCHAR) <- [$2a$10$DRsWmXLWcCr/JZPd8ClGZe2YVkX/hPlgRbyym7nMdUWM2py0Z.Msy]
2025-12-18 01:08:34.366 [http-nio-8040-exec-3] TRACE org.hibernate.orm.jdbc.bind - binding parameter (7:BOOLEAN) <- [true]
2025-12-18 01:08:34.366 [http-nio-8040-exec-3] TRACE org.hibernate.orm.jdbc.bind - binding parameter (8:ENUM) <- [CLIENT]
2025-12-18 01:08:34.366 [http-nio-8040-exec-3] TRACE org.hibernate.orm.jdbc.bind - binding parameter (9:TIMESTAMP) <- [2025-12-18T01:08:34.362588]
2025-12-18 01:08:34.366 [http-nio-8040-exec-3] TRACE org.hibernate.orm.jdbc.bind - binding parameter (10:VARCHAR) <- [vasoj6725314217]
2025-12-18 01:08:34.369 [http-nio-8040-exec-3] WARN  o.h.e.jdbc.spi.SqlExceptionHelper - SQL Error: 1062, SQLState: 23000
2025-12-18 01:08:34.369 [http-nio-8040-exec-3] ERROR o.h.e.jdbc.spi.SqlExceptionHelper - Duplicate entry 'vasoj67253@fftube.com' for key 'users.UK6dotkott2kjsp8vw4d0m25fb7'
2025-12-18 01:08:34.376 [http-nio-8040-exec-3] ERROR c.a.p.e.GlobalExceptionHandler - Unexpected error
org.springframework.dao.DataIntegrityViolationException: could not execute statement [Duplicate entry 'vasoj67253@fftube.com' for key 'users.UK6dotkott2kjsp8vw4d0m25fb7'] [insert into users (created_at,email,full_name,is_active,organization_id,password,requires_password_change,role,updated_at,username) values (?,?,?,?,?,?,?,?,?,?)]; SQL [insert into users (created_at,email,full_name,is_active,organization_id,password,requires_password_change,role,updated_at,username) values (?,?,?,?,?,?,?,?,?,?)]; constraint [users.UK6dotkott2kjsp8vw4d0m25fb7]
	at org.springframework.orm.jpa.vendor.HibernateJpaDialect.convertHibernateAccessException(HibernateJpaDialect.java:294)
	at org.springframework.orm.jpa.vendor.HibernateJpaDialect.convertHibernateAccessException(HibernateJpaDialect.java:256)
	at org.springframework.orm.jpa.vendor.HibernateJpaDialect.translateExceptionIfPossible(HibernateJpaDialect.java:241)
	at org.springframework.orm.jpa.AbstractEntityManagerFactoryBean.translateExceptionIfPossible(AbstractEntityManagerFactoryBean.java:560)
	at org.springframework.dao.support.ChainedPersistenceExceptionTranslator.translateExceptionIfPossible(ChainedPersistenceExceptionTranslator.java:61)
	at org.springframework.dao.support.DataAccessUtils.translateIfNecessary(DataAccessUtils.java:343)
	at org.springframework.dao.support.PersistenceExceptionTranslationInterceptor.invoke(PersistenceExceptionTranslationInterceptor.java:160)
	at org.springframework.aop.framework.ReflectiveMethodInvocation.proceed(ReflectiveMethodInvocation.java:184)
	at org.springframework.data.jpa.repository.support.CrudMethodMetadataPostProcessor$CrudMethodMetadataPopulatingMethodInterceptor.invoke(CrudMethodMetadataPostProcessor.java:165)
	at org.springframework.aop.framework.ReflectiveMethodInvocation.proceed(ReflectiveMethodInvocation.java:184)
	at org.springframework.aop.framework.JdkDynamicAopProxy.invoke(JdkDynamicAopProxy.java:223)
	at jdk.proxy4/jdk.proxy4.$Proxy165.save(Unknown Source)
	at com.aurionpro.papms.service.client.ClientPortalServiceImpl.onboardClient(ClientPortalServiceImpl.java:115)
	at java.base/jdk.internal.reflect.NativeMethodAccessorImpl.invoke0(Native Method)
	at java.base/jdk.internal.reflect.NativeMethodAccessorImpl.invoke(NativeMethodAccessorImpl.java:77)
	at java.base/jdk.internal.reflect.DelegatingMethodAccessorImpl.invoke(DelegatingMethodAccessorImpl.java:43)
	at java.base/java.lang.reflect.Method.invoke(Method.java:568)
	at org.springframework.aop.support.AopUtils.invokeJoinpointUsingReflection(AopUtils.java:360)
	at org.springframework.aop.framework.ReflectiveMethodInvocation.invokeJoinpoint(ReflectiveMethodInvocation.java:196)
	at org.springframework.aop.framework.ReflectiveMethodInvocation.proceed(ReflectiveMethodInvocation.java:163)
	at org.springframework.transaction.interceptor.TransactionAspectSupport.invokeWithinTransaction(TransactionAspectSupport.java:380)
	at org.springframework.transaction.interceptor.TransactionInterceptor.invoke(TransactionInterceptor.java:119)
	at org.springframework.aop.framework.ReflectiveMethodInvocation.proceed(ReflectiveMethodInvocation.java:184)
	at org.springframework.aop.framework.CglibAopProxy$DynamicAdvisedInterceptor.intercept(CglibAopProxy.java:728)
	at com.aurionpro.papms.service.client.ClientPortalServiceImpl$$SpringCGLIB$$0.onboardClient(<generated>)
	at com.aurionpro.papms.controller.client.ClientPortalController.onboardClient(ClientPortalController.java:36)
	at java.base/jdk.internal.reflect.NativeMethodAccessorImpl.invoke0(Native Method)
	at java.base/jdk.internal.reflect.NativeMethodAccessorImpl.invoke(NativeMethodAccessorImpl.java:77)
	at java.base/jdk.internal.reflect.DelegatingMethodAccessorImpl.invoke(DelegatingMethodAccessorImpl.java:43)
	at java.base/java.lang.reflect.Method.invoke(Method.java:568)
	at org.springframework.aop.support.AopUtils.invokeJoinpointUsingReflection(AopUtils.java:360)
	at org.springframework.aop.framework.ReflectiveMethodInvocation.invokeJoinpoint(ReflectiveMethodInvocation.java:196)
	at org.springframework.aop.framework.ReflectiveMethodInvocation.proceed(ReflectiveMethodInvocation.java:163)
	at org.springframework.security.authorization.method.AuthorizationManagerBeforeMethodInterceptor.proceed(AuthorizationManagerBeforeMethodInterceptor.java:268)
	at org.springframework.security.authorization.method.AuthorizationManagerBeforeMethodInterceptor.attemptAuthorization(AuthorizationManagerBeforeMethodInterceptor.java:263)
	at org.springframework.security.authorization.method.AuthorizationManagerBeforeMethodInterceptor.invoke(AuthorizationManagerBeforeMethodInterceptor.java:196)
	at org.springframework.security.config.annotation.method.configuration.DeferringMethodInterceptor.invoke(DeferringMethodInterceptor.java:44)
	at org.springframework.aop.framework.ReflectiveMethodInvocation.proceed(ReflectiveMethodInvocation.java:184)
	at org.springframework.aop.framework.CglibAopProxy$DynamicAdvisedInterceptor.intercept(CglibAopProxy.java:728)
	at com.aurionpro.papms.controller.client.ClientPortalController$$SpringCGLIB$$0.onboardClient(<generated>)
	at java.base/jdk.internal.reflect.NativeMethodAccessorImpl.invoke0(Native Method)
	at java.base/jdk.internal.reflect.NativeMethodAccessorImpl.invoke(NativeMethodAccessorImpl.java:77)
	at java.base/jdk.internal.reflect.DelegatingMethodAccessorImpl.invoke(DelegatingMethodAccessorImpl.java:43)
	at java.base/java.lang.reflect.Method.invoke(Method.java:568)
	at org.springframework.web.method.support.InvocableHandlerMethod.doInvoke(InvocableHandlerMethod.java:258)
	at org.springframework.web.method.support.InvocableHandlerMethod.invokeForRequest(InvocableHandlerMethod.java:191)
	at org.springframework.web.servlet.mvc.method.annotation.ServletInvocableHandlerMethod.invokeAndHandle(ServletInvocableHandlerMethod.java:118)
	at org.springframework.web.servlet.mvc.method.annotation.RequestMappingHandlerAdapter.invokeHandlerMethod(RequestMappingHandlerAdapter.java:991)
	at org.springframework.web.servlet.mvc.method.annotation.RequestMappingHandlerAdapter.handleInternal(RequestMappingHandlerAdapter.java:896)
	at org.springframework.web.servlet.mvc.method.AbstractHandlerMethodAdapter.handle(AbstractHandlerMethodAdapter.java:87)
	at org.springframework.web.servlet.DispatcherServlet.doDispatch(DispatcherServlet.java:1089)
	at org.springframework.web.servlet.DispatcherServlet.doService(DispatcherServlet.java:979)
	at org.springframework.web.servlet.FrameworkServlet.processRequest(FrameworkServlet.java:1014)
	at org.springframework.web.servlet.FrameworkServlet.doPost(FrameworkServlet.java:914)
	at jakarta.servlet.http.HttpServlet.service(HttpServlet.java:590)
	at org.springframework.web.servlet.FrameworkServlet.service(FrameworkServlet.java:885)
	at jakarta.servlet.http.HttpServlet.service(HttpServlet.java:658)
	at org.apache.catalina.core.ApplicationFilterChain.internalDoFilter(ApplicationFilterChain.java:195)
	at org.apache.catalina.core.ApplicationFilterChain.doFilter(ApplicationFilterChain.java:140)
	at org.apache.tomcat.websocket.server.WsFilter.doFilter(WsFilter.java:51)
	at org.apache.catalina.core.ApplicationFilterChain.internalDoFilter(ApplicationFilterChain.java:164)
	at org.apache.catalina.core.ApplicationFilterChain.doFilter(ApplicationFilterChain.java:140)
	at org.springframework.web.filter.OncePerRequestFilter.doFilter(OncePerRequestFilter.java:110)
	at org.apache.catalina.core.ApplicationFilterChain.internalDoFilter(ApplicationFilterChain.java:164)
	at org.apache.catalina.core.ApplicationFilterChain.doFilter(ApplicationFilterChain.java:140)
	at org.springframework.web.filter.CompositeFilter$VirtualFilterChain.doFilter(CompositeFilter.java:108)
	at org.springframework.web.filter.CompositeFilter$VirtualFilterChain.doFilter(CompositeFilter.java:108)
	at org.springframework.security.web.FilterChainProxy.lambda$doFilterInternal$3(FilterChainProxy.java:231)
	at org.springframework.security.web.FilterChainProxy$VirtualFilterChain.doFilter(FilterChainProxy.java:365)
	at org.springframework.security.web.access.intercept.AuthorizationFilter.doFilter(AuthorizationFilter.java:101)
	at org.springframework.security.web.FilterChainProxy$VirtualFilterChain.doFilter(FilterChainProxy.java:374)
	at org.springframework.security.web.access.ExceptionTranslationFilter.doFilter(ExceptionTranslationFilter.java:125)
	at org.springframework.security.web.access.ExceptionTranslationFilter.doFilter(ExceptionTranslationFilter.java:119)
	at org.springframework.security.web.FilterChainProxy$VirtualFilterChain.doFilter(FilterChainProxy.java:374)
	at org.springframework.security.web.session.SessionManagementFilter.doFilter(SessionManagementFilter.java:131)
	at org.springframework.security.web.session.SessionManagementFilter.doFilter(SessionManagementFilter.java:85)
	at org.springframework.security.web.FilterChainProxy$VirtualFilterChain.doFilter(FilterChainProxy.java:374)
	at org.springframework.security.web.authentication.AnonymousAuthenticationFilter.doFilter(AnonymousAuthenticationFilter.java:100)
	at org.springframework.security.web.FilterChainProxy$VirtualFilterChain.doFilter(FilterChainProxy.java:374)
	at org.springframework.security.web.servletapi.SecurityContextHolderAwareRequestFilter.doFilter(SecurityContextHolderAwareRequestFilter.java:179)
	at org.springframework.security.web.FilterChainProxy$VirtualFilterChain.doFilter(FilterChainProxy.java:374)
	at org.springframework.security.web.savedrequest.RequestCacheAwareFilter.doFilter(RequestCacheAwareFilter.java:63)
	at org.springframework.security.web.FilterChainProxy$VirtualFilterChain.doFilter(FilterChainProxy.java:374)
	at com.aurionpro.papms.security.filter.JwtAuthFilter.doFilterInternal(JwtAuthFilter.java:71)
	at org.springframework.web.filter.OncePerRequestFilter.doFilter(OncePerRequestFilter.java:116)
	at org.springframework.security.web.FilterChainProxy$VirtualFilterChain.doFilter(FilterChainProxy.java:374)
	at org.springframework.security.web.authentication.logout.LogoutFilter.doFilter(LogoutFilter.java:107)
	at org.springframework.security.web.authentication.logout.LogoutFilter.doFilter(LogoutFilter.java:93)
	at org.springframework.security.web.FilterChainProxy$VirtualFilterChain.doFilter(FilterChainProxy.java:374)
	at org.springframework.web.filter.CorsFilter.doFilterInternal(CorsFilter.java:91)
	at org.springframework.web.filter.OncePerRequestFilter.doFilter(OncePerRequestFilter.java:116)
	at org.springframework.security.web.FilterChainProxy$VirtualFilterChain.doFilter(FilterChainProxy.java:374)
	at org.springframework.security.web.header.HeaderWriterFilter.doHeadersAfter(HeaderWriterFilter.java:90)
	at org.springframework.security.web.header.HeaderWriterFilter.doFilterInternal(HeaderWriterFilter.java:75)
	at org.springframework.web.filter.OncePerRequestFilter.doFilter(OncePerRequestFilter.java:116)
	at org.springframework.security.web.FilterChainProxy$VirtualFilterChain.doFilter(FilterChainProxy.java:374)
	at org.springframework.security.web.context.SecurityContextHolderFilter.doFilter(SecurityContextHolderFilter.java:82)
	at org.springframework.security.web.context.SecurityContextHolderFilter.doFilter(SecurityContextHolderFilter.java:69)
	at org.springframework.security.web.FilterChainProxy$VirtualFilterChain.doFilter(FilterChainProxy.java:374)
	at org.springframework.security.web.context.request.async.WebAsyncManagerIntegrationFilter.doFilterInternal(WebAsyncManagerIntegrationFilter.java:62)
	at org.springframework.web.filter.OncePerRequestFilter.doFilter(OncePerRequestFilter.java:116)
	at org.springframework.security.web.FilterChainProxy$VirtualFilterChain.doFilter(FilterChainProxy.java:374)
	at org.springframework.security.web.session.DisableEncodeUrlFilter.doFilterInternal(DisableEncodeUrlFilter.java:42)
	at org.springframework.web.filter.OncePerRequestFilter.doFilter(OncePerRequestFilter.java:116)
	at org.springframework.security.web.FilterChainProxy$VirtualFilterChain.doFilter(FilterChainProxy.java:374)
	at org.springframework.security.web.FilterChainProxy.doFilterInternal(FilterChainProxy.java:233)
	at org.springframework.security.web.FilterChainProxy.doFilter(FilterChainProxy.java:191)
	at org.springframework.web.filter.CompositeFilter$VirtualFilterChain.doFilter(CompositeFilter.java:113)
	at org.springframework.web.filter.ServletRequestPathFilter.doFilter(ServletRequestPathFilter.java:52)
	at org.springframework.web.filter.CompositeFilter$VirtualFilterChain.doFilter(CompositeFilter.java:113)
	at org.springframework.web.filter.CompositeFilter.doFilter(CompositeFilter.java:74)
	at org.springframework.security.config.annotation.web.configuration.WebSecurityConfiguration$CompositeFilterChainProxy.doFilter(WebSecurityConfiguration.java:319)
	at org.springframework.web.filter.CompositeFilter$VirtualFilterChain.doFilter(CompositeFilter.java:113)
	at org.springframework.web.servlet.handler.HandlerMappingIntrospector.lambda$createCacheFilter$4(HandlerMappingIntrospector.java:267)
	at org.springframework.web.filter.CompositeFilter$VirtualFilterChain.doFilter(CompositeFilter.java:113)
	at org.springframework.web.filter.CompositeFilter.doFilter(CompositeFilter.java:74)
	at org.springframework.security.config.annotation.web.configuration.WebMvcSecurityConfiguration$CompositeFilterChainProxy.doFilter(WebMvcSecurityConfiguration.java:240)
	at org.springframework.web.filter.DelegatingFilterProxy.invokeDelegate(DelegatingFilterProxy.java:362)
	at org.springframework.web.filter.DelegatingFilterProxy.doFilter(DelegatingFilterProxy.java:278)
	at org.apache.catalina.core.ApplicationFilterChain.internalDoFilter(ApplicationFilterChain.java:164)
	at org.apache.catalina.core.ApplicationFilterChain.doFilter(ApplicationFilterChain.java:140)
	at org.springframework.web.filter.RequestContextFilter.doFilterInternal(RequestContextFilter.java:100)
	at org.springframework.web.filter.OncePerRequestFilter.doFilter(OncePerRequestFilter.java:116)
	at org.apache.catalina.core.ApplicationFilterChain.internalDoFilter(ApplicationFilterChain.java:164)
	at org.apache.catalina.core.ApplicationFilterChain.doFilter(ApplicationFilterChain.java:140)
	at org.springframework.web.filter.FormContentFilter.doFilterInternal(FormContentFilter.java:93)
	at org.springframework.web.filter.OncePerRequestFilter.doFilter(OncePerRequestFilter.java:116)
	at org.apache.catalina.core.ApplicationFilterChain.internalDoFilter(ApplicationFilterChain.java:164)
	at org.apache.catalina.core.ApplicationFilterChain.doFilter(ApplicationFilterChain.java:140)
	at org.springframework.web.filter.CharacterEncodingFilter.doFilterInternal(CharacterEncodingFilter.java:201)
	at org.springframework.web.filter.OncePerRequestFilter.doFilter(OncePerRequestFilter.java:116)
	at org.apache.catalina.core.ApplicationFilterChain.internalDoFilter(ApplicationFilterChain.java:164)
	at org.apache.catalina.core.ApplicationFilterChain.doFilter(ApplicationFilterChain.java:140)
	at org.apache.catalina.core.StandardWrapperValve.invoke(StandardWrapperValve.java:167)
	at org.apache.catalina.core.StandardContextValve.invoke(StandardContextValve.java:90)
	at org.apache.catalina.authenticator.AuthenticatorBase.invoke(AuthenticatorBase.java:483)
	at org.apache.catalina.core.StandardHostValve.invoke(StandardHostValve.java:116)
	at org.apache.catalina.valves.ErrorReportValve.invoke(ErrorReportValve.java:93)
	at org.apache.catalina.core.StandardEngineValve.invoke(StandardEngineValve.java:74)
	at org.apache.catalina.connector.CoyoteAdapter.service(CoyoteAdapter.java:344)
	at org.apache.coyote.http11.Http11Processor.service(Http11Processor.java:398)
	at org.apache.coyote.AbstractProcessorLight.process(AbstractProcessorLight.java:63)
	at org.apache.coyote.AbstractProtocol$ConnectionHandler.process(AbstractProtocol.java:903)
	at org.apache.tomcat.util.net.NioEndpoint$SocketProcessor.doRun(NioEndpoint.java:1769)
	at org.apache.tomcat.util.net.SocketProcessorBase.run(SocketProcessorBase.java:52)
	at org.apache.tomcat.util.threads.ThreadPoolExecutor.runWorker(ThreadPoolExecutor.java:1189)
	at org.apache.tomcat.util.threads.ThreadPoolExecutor$Worker.run(ThreadPoolExecutor.java:658)
	at org.apache.tomcat.util.threads.TaskThread$WrappingRunnable.run(TaskThread.java:63)
	at java.base/java.lang.Thread.run(Thread.java:833)
Caused by: org.hibernate.exception.ConstraintViolationException: could not execute statement [Duplicate entry 'vasoj67253@fftube.com' for key 'users.UK6dotkott2kjsp8vw4d0m25fb7'] [insert into users (created_at,email,full_name,is_active,organization_id,password,requires_password_change,role,updated_at,username) values (?,?,?,?,?,?,?,?,?,?)]
	at org.hibernate.dialect.MySQLDialect.lambda$buildSQLExceptionConversionDelegate$3(MySQLDialect.java:1240)
	at org.hibernate.exception.internal.StandardSQLExceptionConverter.convert(StandardSQLExceptionConverter.java:58)
	at org.hibernate.engine.jdbc.spi.SqlExceptionHelper.convert(SqlExceptionHelper.java:108)
	at org.hibernate.engine.jdbc.internal.ResultSetReturnImpl.executeUpdate(ResultSetReturnImpl.java:197)
	at org.hibernate.id.insert.GetGeneratedKeysDelegate.performMutation(GetGeneratedKeysDelegate.java:116)
	at org.hibernate.engine.jdbc.mutation.internal.MutationExecutorSingleNonBatched.performNonBatchedOperations(MutationExecutorSingleNonBatched.java:47)
	at org.hibernate.engine.jdbc.mutation.internal.AbstractMutationExecutor.execute(AbstractMutationExecutor.java:55)
	at org.hibernate.persister.entity.mutation.InsertCoordinatorStandard.doStaticInserts(InsertCoordinatorStandard.java:194)
	at org.hibernate.persister.entity.mutation.InsertCoordinatorStandard.coordinateInsert(InsertCoordinatorStandard.java:132)
	at org.hibernate.persister.entity.mutation.InsertCoordinatorStandard.insert(InsertCoordinatorStandard.java:95)
	at org.hibernate.action.internal.EntityIdentityInsertAction.execute(EntityIdentityInsertAction.java:85)
	at org.hibernate.engine.spi.ActionQueue.execute(ActionQueue.java:682)
	at org.hibernate.engine.spi.ActionQueue.addResolvedEntityInsertAction(ActionQueue.java:293)
	at org.hibernate.engine.spi.ActionQueue.addInsertAction(ActionQueue.java:274)
	at org.hibernate.engine.spi.ActionQueue.addAction(ActionQueue.java:324)
	at org.hibernate.event.internal.AbstractSaveEventListener.addInsertAction(AbstractSaveEventListener.java:394)
	at org.hibernate.event.internal.AbstractSaveEventListener.performSaveOrReplicate(AbstractSaveEventListener.java:308)
	at org.hibernate.event.internal.AbstractSaveEventListener.performSave(AbstractSaveEventListener.java:224)
	at org.hibernate.event.internal.AbstractSaveEventListener.saveWithGeneratedId(AbstractSaveEventListener.java:136)
	at org.hibernate.event.internal.DefaultPersistEventListener.entityIsTransient(DefaultPersistEventListener.java:177)
	at org.hibernate.event.internal.DefaultPersistEventListener.persist(DefaultPersistEventListener.java:95)
	at org.hibernate.event.internal.DefaultPersistEventListener.onPersist(DefaultPersistEventListener.java:79)
	at org.hibernate.event.internal.DefaultPersistEventListener.onPersist(DefaultPersistEventListener.java:55)
	at org.hibernate.event.service.internal.EventListenerGroupImpl.fireEventOnEachListener(EventListenerGroupImpl.java:127)
	at org.hibernate.internal.SessionImpl.firePersist(SessionImpl.java:761)
	at org.hibernate.internal.SessionImpl.persist(SessionImpl.java:745)
	at java.base/jdk.internal.reflect.NativeMethodAccessorImpl.invoke0(Native Method)
	at java.base/jdk.internal.reflect.NativeMethodAccessorImpl.invoke(NativeMethodAccessorImpl.java:77)
	at java.base/jdk.internal.reflect.DelegatingMethodAccessorImpl.invoke(DelegatingMethodAccessorImpl.java:43)
	at java.base/java.lang.reflect.Method.invoke(Method.java:568)
	at org.springframework.orm.jpa.ExtendedEntityManagerCreator$ExtendedEntityManagerInvocationHandler.invoke(ExtendedEntityManagerCreator.java:364)
	at jdk.proxy4/jdk.proxy4.$Proxy160.persist(Unknown Source)
	at java.base/jdk.internal.reflect.NativeMethodAccessorImpl.invoke0(Native Method)
	at java.base/jdk.internal.reflect.NativeMethodAccessorImpl.invoke(NativeMethodAccessorImpl.java:77)
	at java.base/jdk.internal.reflect.DelegatingMethodAccessorImpl.invoke(DelegatingMethodAccessorImpl.java:43)
	at java.base/java.lang.reflect.Method.invoke(Method.java:568)
	at org.springframework.orm.jpa.SharedEntityManagerCreator$SharedEntityManagerInvocationHandler.invoke(SharedEntityManagerCreator.java:320)
	at jdk.proxy4/jdk.proxy4.$Proxy160.persist(Unknown Source)
	at org.springframework.data.jpa.repository.support.SimpleJpaRepository.save(SimpleJpaRepository.java:654)
	at java.base/jdk.internal.reflect.NativeMethodAccessorImpl.invoke0(Native Method)
	at java.base/jdk.internal.reflect.NativeMethodAccessorImpl.invoke(NativeMethodAccessorImpl.java:77)
	at java.base/jdk.internal.reflect.DelegatingMethodAccessorImpl.invoke(DelegatingMethodAccessorImpl.java:43)
	at java.base/java.lang.reflect.Method.invoke(Method.java:568)
	at org.springframework.aop.support.AopUtils.invokeJoinpointUsingReflection(AopUtils.java:360)
	at org.springframework.data.repository.core.support.RepositoryMethodInvoker$RepositoryFragmentMethodInvoker.lambda$new$0(RepositoryMethodInvoker.java:277)
	at org.springframework.data.repository.core.support.RepositoryMethodInvoker.doInvoke(RepositoryMethodInvoker.java:170)
	at org.springframework.data.repository.core.support.RepositoryMethodInvoker.invoke(RepositoryMethodInvoker.java:158)
	at org.springframework.data.repository.core.support.RepositoryComposition$RepositoryFragments.invoke(RepositoryComposition.java:515)
	at org.springframework.data.repository.core.support.RepositoryComposition.invoke(RepositoryComposition.java:284)
	at org.springframework.data.repository.core.support.RepositoryFactorySupport$ImplementationMethodExecutionInterceptor.invoke(RepositoryFactorySupport.java:734)
	at org.springframework.aop.framework.ReflectiveMethodInvocation.proceed(ReflectiveMethodInvocation.java:184)
	at org.springframework.data.repository.core.support.QueryExecutorMethodInterceptor.doInvoke(QueryExecutorMethodInterceptor.java:174)
	at org.springframework.data.repository.core.support.QueryExecutorMethodInterceptor.invoke(QueryExecutorMethodInterceptor.java:149)
	at org.springframework.aop.framework.ReflectiveMethodInvocation.proceed(ReflectiveMethodInvocation.java:184)
	at org.springframework.data.projection.DefaultMethodInvokingMethodInterceptor.invoke(DefaultMethodInvokingMethodInterceptor.java:69)
	at org.springframework.aop.framework.ReflectiveMethodInvocation.proceed(ReflectiveMethodInvocation.java:184)
	at org.springframework.transaction.interceptor.TransactionAspectSupport.invokeWithinTransaction(TransactionAspectSupport.java:380)
	at org.springframework.transaction.interceptor.TransactionInterceptor.invoke(TransactionInterceptor.java:119)
	at org.springframework.aop.framework.ReflectiveMethodInvocation.proceed(ReflectiveMethodInvocation.java:184)
	at org.springframework.dao.support.PersistenceExceptionTranslationInterceptor.invoke(PersistenceExceptionTranslationInterceptor.java:138)
	... 142 common frames omitted
Caused by: java.sql.SQLIntegrityConstraintViolationException: Duplicate entry 'vasoj67253@fftube.com' for key 'users.UK6dotkott2kjsp8vw4d0m25fb7'
	at com.mysql.cj.jdbc.exceptions.SQLError.createSQLException(SQLError.java:109)
	at com.mysql.cj.jdbc.exceptions.SQLExceptionsMapping.translateException(SQLExceptionsMapping.java:114)
	at com.mysql.cj.jdbc.ClientPreparedStatement.executeInternal(ClientPreparedStatement.java:988)
	at com.mysql.cj.jdbc.ClientPreparedStatement.executeUpdateInternal(ClientPreparedStatement.java:1166)
	at com.mysql.cj.jdbc.ClientPreparedStatement.executeUpdateInternal(ClientPreparedStatement.java:1101)
	at com.mysql.cj.jdbc.ClientPreparedStatement.executeLargeUpdate(ClientPreparedStatement.java:1448)
	at com.mysql.cj.jdbc.ClientPreparedStatement.executeUpdate(ClientPreparedStatement.java:1084)
	at com.zaxxer.hikari.pool.ProxyPreparedStatement.executeUpdate(ProxyPreparedStatement.java:61)
	at com.zaxxer.hikari.pool.HikariProxyPreparedStatement.executeUpdate(HikariProxyPreparedStatement.java)
	at org.hibernate.engine.jdbc.internal.ResultSetReturnImpl.executeUpdate(ResultSetReturnImpl.java:194)
	... 198 common frames omitted
2025-12-18 01:08:34.381 [http-nio-8040-exec-3] WARN  o.s.w.s.m.m.a.ExceptionHandlerExceptionResolver - Resolved [org.springframework.dao.DataIntegrityViolationException: could not execute statement [Duplicate entry 'vasoj67253@fftube.com' for key 'users.UK6dotkott2kjsp8vw4d0m25fb7'] [insert into users (created_at,email,full_name,is_active,organization_id,password,requires_password_change,role,updated_at,username) values (?,?,?,?,?,?,?,?,?,?)]; SQL [insert into users (created_at,email,full_name,is_active,organization_id,password,requires_password_change,role,updated_at,username) values (?,?,?,?,?,?,?,?,?,?)]; constraint [users.UK6dotkott2kjsp8vw4d0m25fb7]]
2025-12-18 01:09:22.102 [http-nio-8040-exec-5] DEBUG org.hibernate.SQL - 
    select
        u1_0.id,
        u1_0.created_at,
        u1_0.email,
        u1_0.full_name,
        u1_0.is_active,
        u1_0.organization_id,
        u1_0.password,
        u1_0.requires_password_change,
        u1_0.role,
        u1_0.updated_at,
        u1_0.username 
    from
        users u1_0 
    where
        u1_0.username=?
2025-12-18 01:09:22.103 [http-nio-8040-exec-5] TRACE org.hibernate.orm.jdbc.bind - binding parameter (1:VARCHAR) <- [sony]
2025-12-18 01:09:22.112 [http-nio-8040-exec-5] INFO  c.a.p.c.ClientDepositController - ORG_ADMIN sony fetching all deposit requests
2025-12-18 01:09:22.116 [http-nio-8040-exec-5] DEBUG org.hibernate.SQL - 
    select
        cdr1_0.id,
        cdr1_0.amount,
        cdr1_0.approved_by,
        cdr1_0.client_id,
        cdr1_0.created_at,
        cdr1_0.organization_id,
        cdr1_0.processed_at,
        cdr1_0.reference_number,
        cdr1_0.rejection_reason,
        cdr1_0.remarks,
        cdr1_0.status,
        cdr1_0.updated_at 
    from
        client_deposit_requests cdr1_0 
    left join
        organizations o1_0 
            on o1_0.id=cdr1_0.organization_id 
    where
        o1_0.id=? 
    order by
        cdr1_0.created_at desc
2025-12-18 01:09:22.117 [http-nio-8040-exec-5] TRACE org.hibernate.orm.jdbc.bind - binding parameter (1:INTEGER) <- [1]
2025-12-18 01:09:24.567 [http-nio-8040-exec-7] DEBUG org.hibernate.SQL - 
    select
        u1_0.id,
        u1_0.created_at,
        u1_0.email,
        u1_0.full_name,
        u1_0.is_active,
        u1_0.organization_id,
        u1_0.password,
        u1_0.requires_password_change,
        u1_0.role,
        u1_0.updated_at,
        u1_0.username 
    from
        users u1_0 
    where
        u1_0.username=?
2025-12-18 01:09:24.570 [http-nio-8040-exec-7] TRACE org.hibernate.orm.jdbc.bind - binding parameter (1:VARCHAR) <- [sony]
2025-12-18 01:09:24.575 [http-nio-8040-exec-7] INFO  c.a.p.controller.InvoiceController - Fetching invoices for organization: 1
2025-12-18 01:09:24.579 [http-nio-8040-exec-7] DEBUG org.hibernate.SQL - 
    select
        i1_0.id,
        i1_0.amount,
        i1_0.client_id,
        i1_0.created_at,
        i1_0.due_date,
        i1_0.invoice_number,
        i1_0.issue_date,
        i1_0.organization_id,
        i1_0.paid_amount,
        i1_0.paid_at,
        i1_0.status,
        i1_0.updated_at 
    from
        invoices i1_0 
    left join
        organizations o1_0 
            on o1_0.id=i1_0.organization_id 
    where
        o1_0.id=?
2025-12-18 01:09:24.579 [http-nio-8040-exec-7] TRACE org.hibernate.orm.jdbc.bind - binding parameter (1:INTEGER) <- [1]
2025-12-18 01:09:31.750 [http-nio-8040-exec-9] DEBUG org.hibernate.SQL - 
    select
        u1_0.id,
        u1_0.created_at,
        u1_0.email,
        u1_0.full_name,
        u1_0.is_active,
        u1_0.organization_id,
        u1_0.password,
        u1_0.requires_password_change,
        u1_0.role,
        u1_0.updated_at,
        u1_0.username 
    from
        users u1_0 
    where
        u1_0.username=?
2025-12-18 01:09:31.752 [http-nio-8040-exec-9] TRACE org.hibernate.orm.jdbc.bind - binding parameter (1:VARCHAR) <- [sony]
2025-12-18 01:09:31.760 [http-nio-8040-exec-9] INFO  c.a.p.controller.InvoiceController - Fetching invoices for organization: 1
2025-12-18 01:09:31.763 [http-nio-8040-exec-9] DEBUG org.hibernate.SQL - 
    select
        i1_0.id,
        i1_0.amount,
        i1_0.client_id,
        i1_0.created_at,
        i1_0.due_date,
        i1_0.invoice_number,
        i1_0.issue_date,
        i1_0.organization_id,
        i1_0.paid_amount,
        i1_0.paid_at,
        i1_0.status,
        i1_0.updated_at 
    from
        invoices i1_0 
    left join
        organizations o1_0 
            on o1_0.id=i1_0.organization_id 
    where
        o1_0.id=?
2025-12-18 01:09:31.764 [http-nio-8040-exec-9] TRACE org.hibernate.orm.jdbc.bind - binding parameter (1:INTEGER) <- [1]
2025-12-18 01:10:40.455 [http-nio-8040-exec-2] DEBUG org.hibernate.SQL - 
    select
        u1_0.id,
        u1_0.created_at,
        u1_0.email,
        u1_0.full_name,
        u1_0.is_active,
        u1_0.organization_id,
        u1_0.password,
        u1_0.requires_password_change,
        u1_0.role,
        u1_0.updated_at,
        u1_0.username 
    from
        users u1_0 
    where
        u1_0.username=?
2025-12-18 01:10:40.458 [http-nio-8040-exec-2] TRACE org.hibernate.orm.jdbc.bind - binding parameter (1:VARCHAR) <- [sony]
2025-12-18 01:10:40.463 [http-nio-8040-exec-2] INFO  c.a.p.controller.InvoiceController - Fetching invoices for organization: 1
2025-12-18 01:10:40.466 [http-nio-8040-exec-2] DEBUG org.hibernate.SQL - 
    select
        i1_0.id,
        i1_0.amount,
        i1_0.client_id,
        i1_0.created_at,
        i1_0.due_date,
        i1_0.invoice_number,
        i1_0.issue_date,
        i1_0.organization_id,
        i1_0.paid_amount,
        i1_0.paid_at,
        i1_0.status,
        i1_0.updated_at 
    from
        invoices i1_0 
    left join
        organizations o1_0 
            on o1_0.id=i1_0.organization_id 
    where
        o1_0.id=?
2025-12-18 01:10:40.467 [http-nio-8040-exec-2] TRACE org.hibernate.orm.jdbc.bind - binding parameter (1:INTEGER) <- [1]
2025-12-18 01:11:26.230 [http-nio-8040-exec-4] DEBUG org.hibernate.SQL - 
    select
        u1_0.id,
        u1_0.created_at,
        u1_0.email,
        u1_0.full_name,
        u1_0.is_active,
        u1_0.organization_id,
        u1_0.password,
        u1_0.requires_password_change,
        u1_0.role,
        u1_0.updated_at,
        u1_0.username 
    from
        users u1_0 
    where
        u1_0.username=?
2025-12-18 01:11:26.231 [http-nio-8040-exec-4] TRACE org.hibernate.orm.jdbc.bind - binding parameter (1:VARCHAR) <- [sony]
2025-12-18 01:11:26.235 [http-nio-8040-exec-4] INFO  c.a.p.controller.InvoiceController - Fetching invoices for organization: 1
2025-12-18 01:11:26.239 [http-nio-8040-exec-4] DEBUG org.hibernate.SQL - 
    select
        i1_0.id,
        i1_0.amount,
        i1_0.client_id,
        i1_0.created_at,
        i1_0.due_date,
        i1_0.invoice_number,
        i1_0.issue_date,
        i1_0.organization_id,
        i1_0.paid_amount,
        i1_0.paid_at,
        i1_0.status,
        i1_0.updated_at 
    from
        invoices i1_0 
    left join
        organizations o1_0 
            on o1_0.id=i1_0.organization_id 
    where
        o1_0.id=?
2025-12-18 01:11:26.239 [http-nio-8040-exec-4] TRACE org.hibernate.orm.jdbc.bind - binding parameter (1:INTEGER) <- [1]
2025-12-18 01:12:48.900 [http-nio-8040-exec-7] DEBUG org.hibernate.SQL - 
    select
        u1_0.id,
        u1_0.created_at,
        u1_0.email,
        u1_0.full_name,
        u1_0.is_active,
        u1_0.organization_id,
        u1_0.password,
        u1_0.requires_password_change,
        u1_0.role,
        u1_0.updated_at,
        u1_0.username 
    from
        users u1_0 
    where
        u1_0.username=?
2025-12-18 01:12:48.902 [http-nio-8040-exec-7] TRACE org.hibernate.orm.jdbc.bind - binding parameter (1:VARCHAR) <- [sony]
2025-12-18 01:12:48.908 [http-nio-8040-exec-7] INFO  c.a.p.controller.InvoiceController - Fetching invoices for organization: 1
2025-12-18 01:12:48.912 [http-nio-8040-exec-7] DEBUG org.hibernate.SQL - 
    select
        i1_0.id,
        i1_0.amount,
        i1_0.client_id,
        i1_0.created_at,
        i1_0.due_date,
        i1_0.invoice_number,
        i1_0.issue_date,
        i1_0.organization_id,
        i1_0.paid_amount,
        i1_0.paid_at,
        i1_0.status,
        i1_0.updated_at 
    from
        invoices i1_0 
    left join
        organizations o1_0 
            on o1_0.id=i1_0.organization_id 
    where
        o1_0.id=?
2025-12-18 01:12:48.912 [http-nio-8040-exec-7] TRACE org.hibernate.orm.jdbc.bind - binding parameter (1:INTEGER) <- [1]
2025-12-18 01:13:11.875 [http-nio-8040-exec-9] DEBUG org.hibernate.SQL - 
    select
        u1_0.id,
        u1_0.created_at,
        u1_0.email,
        u1_0.full_name,
        u1_0.is_active,
        u1_0.organization_id,
        u1_0.password,
        u1_0.requires_password_change,
        u1_0.role,
        u1_0.updated_at,
        u1_0.username 
    from
        users u1_0 
    where
        u1_0.username=?
2025-12-18 01:13:11.876 [http-nio-8040-exec-9] TRACE org.hibernate.orm.jdbc.bind - binding parameter (1:VARCHAR) <- [sony]
2025-12-18 01:13:11.880 [http-nio-8040-exec-9] INFO  c.a.p.c.c.ClientPortalController - Request to get all clients for organization
2025-12-18 01:13:11.883 [http-nio-8040-exec-9] DEBUG org.hibernate.SQL - 
    select
        u1_0.id,
        u1_0.created_at,
        u1_0.email,
        u1_0.full_name,
        u1_0.is_active,
        u1_0.organization_id,
        u1_0.password,
        u1_0.requires_password_change,
        u1_0.role,
        u1_0.updated_at,
        u1_0.username 
    from
        users u1_0 
    where
        u1_0.username=?
2025-12-18 01:13:11.883 [http-nio-8040-exec-9] TRACE org.hibernate.orm.jdbc.bind - binding parameter (1:VARCHAR) <- [sony]
2025-12-18 01:13:11.888 [http-nio-8040-exec-9] DEBUG org.hibernate.SQL - 
    select
        c1_0.id,
        c1_0.address,
        c1_0.balance,
        c1_0.client_name,
        c1_0.contact_email,
        c1_0.contact_phone,
        c1_0.created_at,
        c1_0.organization_id,
        c1_0.status,
        c1_0.updated_at,
        c1_0.user_id 
    from
        clients c1_0 
    left join
        organizations o1_0 
            on o1_0.id=c1_0.organization_id 
    where
        o1_0.id=?
2025-12-18 01:13:11.888 [http-nio-8040-exec-9] TRACE org.hibernate.orm.jdbc.bind - binding parameter (1:INTEGER) <- [1]
2025-12-18 01:13:51.738 [http-nio-8040-exec-1] DEBUG org.hibernate.SQL - 
    select
        u1_0.id,
        u1_0.created_at,
        u1_0.email,
        u1_0.full_name,
        u1_0.is_active,
        u1_0.organization_id,
        u1_0.password,
        u1_0.requires_password_change,
        u1_0.role,
        u1_0.updated_at,
        u1_0.username 
    from
        users u1_0 
    where
        u1_0.username=?
2025-12-18 01:13:51.739 [http-nio-8040-exec-1] TRACE org.hibernate.orm.jdbc.bind - binding parameter (1:VARCHAR) <- [sony]
2025-12-18 01:13:51.744 [http-nio-8040-exec-1] INFO  c.a.p.c.c.ClientPortalController - Request to get all clients for organization
2025-12-18 01:13:51.747 [http-nio-8040-exec-1] DEBUG org.hibernate.SQL - 
    select
        u1_0.id,
        u1_0.created_at,
        u1_0.email,
        u1_0.full_name,
        u1_0.is_active,
        u1_0.organization_id,
        u1_0.password,
        u1_0.requires_password_change,
        u1_0.role,
        u1_0.updated_at,
        u1_0.username 
    from
        users u1_0 
    where
        u1_0.username=?
2025-12-18 01:13:51.747 [http-nio-8040-exec-1] TRACE org.hibernate.orm.jdbc.bind - binding parameter (1:VARCHAR) <- [sony]
2025-12-18 01:13:51.751 [http-nio-8040-exec-1] DEBUG org.hibernate.SQL - 
    select
        c1_0.id,
        c1_0.address,
        c1_0.balance,
        c1_0.client_name,
        c1_0.contact_email,
        c1_0.contact_phone,
        c1_0.created_at,
        c1_0.organization_id,
        c1_0.status,
        c1_0.updated_at,
        c1_0.user_id 
    from
        clients c1_0 
    left join
        organizations o1_0 
            on o1_0.id=c1_0.organization_id 
    where
        o1_0.id=?
2025-12-18 01:13:51.751 [http-nio-8040-exec-1] TRACE org.hibernate.orm.jdbc.bind - binding parameter (1:INTEGER) <- [1]
2025-12-18 02:09:24.684 [HikariPool-1:housekeeper] WARN  com.zaxxer.hikari.pool.HikariPool - HikariPool-1 - Thread starvation or clock leap detected (housekeeper delta=52m14s459ms788µs100ns).
2025-12-18 08:59:03.741 [HikariPool-1:housekeeper] WARN  com.zaxxer.hikari.pool.HikariPool - HikariPool-1 - Thread starvation or clock leap detected (housekeeper delta=6h49m47s833ms897µs200ns).
2025-12-18 09:41:10.427 [scheduling-1] INFO  c.a.papms.batch.EmployeeDeletionTask - Running scheduled task to hard-delete employees scheduled for deletion before 2025-11-18T09:41:10.421097300
2025-12-18 09:41:10.720 [scheduling-1] DEBUG org.hibernate.SQL - 
    select
        e1_0.id,
        e1_0.created_at,
        e1_0.date_of_joining,
        e1_0.deletion_scheduled_at,
        e1_0.department,
        e1_0.employee_code,
        e1_0.is_active,
        e1_0.job_title,
        e1_0.organization_id,
        e1_0.profile_picture_url,
        e1_0.updated_at,
        e1_0.user_id 
    from
        employees e1_0 
    where
        e1_0.deletion_scheduled_at<?
2025-12-18 09:41:10.738 [scheduling-1] TRACE org.hibernate.orm.jdbc.bind - binding parameter (1:TIMESTAMP) <- [2025-11-18T09:41:10.421097300]
2025-12-18 09:41:10.970 [scheduling-1] INFO  c.a.papms.batch.EmployeeDeletionTask - No employees found for hard deletion.
2025-12-18 09:41:11.032 [scheduling-1] INFO  c.a.papms.batch.TokenCleanupTask - Running scheduled task to purge expired password reset tokens.
2025-12-18 09:41:11.041 [scheduling-1] DEBUG org.hibernate.SQL - 
    select
        prt1_0.id,
        prt1_0.expiry_date,
        prt1_0.token,
        prt1_0.user_id 
    from
        password_reset_tokens prt1_0 
    where
        prt1_0.expiry_date<?
2025-12-18 09:41:11.041 [scheduling-1] TRACE org.hibernate.orm.jdbc.bind - binding parameter (1:TIMESTAMP) <- [2025-12-18T09:41:11.032424]
2025-12-18 09:41:11.070 [scheduling-1] INFO  c.a.papms.batch.TokenCleanupTask - Successfully purged expired tokens.
2025-12-18 13:23:51.389 [HikariPool-1:housekeeper] WARN  com.zaxxer.hikari.pool.HikariPool - HikariPool-1 - Thread starvation or clock leap detected (housekeeper delta=23m43s169ms854µs199ns).
2025-12-18 13:42:11.736 [HikariPool-1:housekeeper] WARN  com.zaxxer.hikari.pool.HikariPool - HikariPool-1 - Thread starvation or clock leap detected (housekeeper delta=18m29s487ms73µs501ns).
2025-12-18 16:08:27.515 [SpringApplicationShutdownHook] INFO  o.s.b.w.e.tomcat.GracefulShutdown - Commencing graceful shutdown. Waiting for active requests to complete
2025-12-18 16:08:28.098 [tomcat-shutdown] INFO  o.s.b.w.e.tomcat.GracefulShutdown - Graceful shutdown complete
2025-12-18 16:08:28.207 [SpringApplicationShutdownHook] DEBUG o.s.b.c.c.s.JobRegistrySmartInitializingSingleton - Unregistering job: employeeCsvImportJob
2025-12-18 16:08:28.244 [SpringApplicationShutdownHook] INFO  o.s.o.j.LocalContainerEntityManagerFactoryBean - Closing JPA EntityManagerFactory for persistence unit 'default'
2025-12-18 16:08:28.311 [SpringApplicationShutdownHook] INFO  com.zaxxer.hikari.HikariDataSource - HikariPool-1 - Shutdown initiated...
2025-12-18 16:08:28.324 [SpringApplicationShutdownHook] INFO  com.zaxxer.hikari.HikariDataSource - HikariPool-1 - Shutdown completed.
