2025-10-16 13:47:07.953 [background-preinit] INFO  o.h.validator.internal.util.Version - HV000001: Hibernate Validator 8.0.3.Final
2025-10-16 13:47:08.006 [restartedMain] INFO  c.aurionpro.papms.PaPmsApplication - Starting PaPmsApplication using Java 17.0.1 with PID 31848 (D:\Swabhav_Java_FullStack\Project\Project\PaPMS\target\classes started by aniket.gupta in D:\Swabhav_Java_FullStack\Project\Project\PaPMS)
2025-10-16 13:47:08.007 [restartedMain] DEBUG c.aurionpro.papms.PaPmsApplication - Running with Spring Boot v3.5.5, Spring v6.2.10
2025-10-16 13:47:08.008 [restartedMain] INFO  c.aurionpro.papms.PaPmsApplication - No active profile set, falling back to 1 default profile: "default"
2025-10-16 13:47:08.050 [restartedMain] INFO  o.s.b.d.e.DevToolsPropertyDefaultsPostProcessor - Devtools property defaults active! Set 'spring.devtools.add-properties' to 'false' to disable
2025-10-16 13:47:08.051 [restartedMain] INFO  o.s.b.d.e.DevToolsPropertyDefaultsPostProcessor - For additional web related logging consider setting the 'logging.level.web' property to 'DEBUG'
2025-10-16 13:47:10.217 [restartedMain] INFO  o.s.d.r.c.RepositoryConfigurationDelegate - Bootstrapping Spring Data JPA repositories in DEFAULT mode.
2025-10-16 13:47:10.541 [restartedMain] INFO  o.s.d.r.c.RepositoryConfigurationDelegate - Finished Spring Data repository scanning in 308 ms. Found 18 JPA repository interfaces.
2025-10-16 13:47:11.519 [restartedMain] INFO  o.s.b.w.e.tomcat.TomcatWebServer - Tomcat initialized with port 8080 (http)
2025-10-16 13:47:11.534 [restartedMain] INFO  o.a.coyote.http11.Http11NioProtocol - Initializing ProtocolHandler ["http-nio-8080"]
2025-10-16 13:47:11.536 [restartedMain] INFO  o.a.catalina.core.StandardService - Starting service [Tomcat]
2025-10-16 13:47:11.537 [restartedMain] INFO  o.a.catalina.core.StandardEngine - Starting Servlet engine: [Apache Tomcat/10.1.44]
2025-10-16 13:47:11.625 [restartedMain] INFO  o.a.c.c.C.[Tomcat].[localhost].[/] - Initializing Spring embedded WebApplicationContext
2025-10-16 13:47:11.625 [restartedMain] INFO  o.s.b.w.s.c.ServletWebServerApplicationContext - Root WebApplicationContext: initialization completed in 3574 ms
2025-10-16 13:47:11.705 [restartedMain] INFO  com.zaxxer.hikari.HikariDataSource - HikariPool-1 - Starting...
2025-10-16 13:47:12.131 [restartedMain] INFO  com.zaxxer.hikari.pool.HikariPool - HikariPool-1 - Added connection com.mysql.cj.jdbc.ConnectionImpl@2d97c0c7
2025-10-16 13:47:12.133 [restartedMain] INFO  com.zaxxer.hikari.HikariDataSource - HikariPool-1 - Start completed.
2025-10-16 13:47:12.329 [restartedMain] INFO  o.h.jpa.internal.util.LogHelper - HHH000204: Processing PersistenceUnitInfo [name: default]
2025-10-16 13:47:12.427 [restartedMain] INFO  org.hibernate.Version - HHH000412: Hibernate ORM core version 6.6.26.Final
2025-10-16 13:47:12.476 [restartedMain] INFO  o.h.c.i.RegionFactoryInitiator - HHH000026: Second-level cache disabled
2025-10-16 13:47:12.781 [restartedMain] INFO  o.s.o.j.p.SpringPersistenceUnitInfo - No LoadTimeWeaver setup: ignoring JPA class transformer
2025-10-16 13:47:12.857 [restartedMain] WARN  org.hibernate.orm.deprecation - HHH90000025: MySQLDialect does not need to be specified explicitly using 'hibernate.dialect' (remove the property setting and it will be selected by default)
2025-10-16 13:47:12.873 [restartedMain] INFO  o.hibernate.orm.connections.pooling - HHH10001005: Database info:
	Database JDBC URL [Connecting through datasource 'HikariDataSource (HikariPool-1)']
	Database driver: undefined/unknown
	Database version: 8.0.42
	Autocommit mode: undefined/unknown
	Isolation level: undefined/unknown
	Minimum pool size: undefined/unknown
	Maximum pool size: undefined/unknown
2025-10-16 13:47:14.190 [restartedMain] INFO  o.h.e.t.j.p.i.JtaPlatformInitiator - HHH000489: No JTA platform available (set 'hibernate.transaction.jta.platform' to enable JTA platform integration)
2025-10-16 13:47:14.400 [restartedMain] INFO  o.s.o.j.LocalContainerEntityManagerFactoryBean - Initialized JPA EntityManagerFactory for persistence unit 'default'
2025-10-16 13:47:14.638 [restartedMain] INFO  o.s.d.j.r.query.QueryEnhancerFactory - Hibernate is in classpath; If applicable, HQL parser will be used.
2025-10-16 13:47:15.225 [restartedMain] DEBUG c.a.p.security.filter.JwtAuthFilter - Filter 'jwtAuthFilter' configured for use
2025-10-16 13:47:15.924 [restartedMain] INFO  o.s.s.c.a.a.c.InitializeAuthenticationProviderBeanManagerConfigurer$InitializeAuthenticationProviderManagerConfigurer - Global AuthenticationManager configured with AuthenticationProvider bean with name authenticationProvider
2025-10-16 13:47:15.925 [restartedMain] WARN  o.s.s.c.a.a.c.InitializeUserDetailsBeanManagerConfigurer$InitializeUserDetailsManagerConfigurer - Global AuthenticationManager configured with an AuthenticationProvider bean. UserDetailsService beans will not be used by Spring Security for automatically configuring username/password login. Consider removing the AuthenticationProvider bean. Alternatively, consider using the UserDetailsService in a manually instantiated DaoAuthenticationProvider. If the current configuration is intentional, to turn off this warning, increase the logging level of 'org.springframework.security.config.annotation.authentication.configuration.InitializeUserDetailsBeanManagerConfigurer' to ERROR
2025-10-16 13:47:16.990 [restartedMain] WARN  o.s.b.a.o.j.JpaBaseConfiguration$JpaWebConfiguration - spring.jpa.open-in-view is enabled by default. Therefore, database queries may be performed during view rendering. Explicitly configure spring.jpa.open-in-view to disable this warning
2025-10-16 13:47:18.200 [restartedMain] INFO  o.s.b.d.a.OptionalLiveReloadServer - LiveReload server is running on port 35729
2025-10-16 13:47:18.260 [restartedMain] DEBUG o.s.b.c.c.s.JobRegistrySmartInitializingSingleton - Registering job: employeeCsvImportJob
2025-10-16 13:47:18.265 [restartedMain] INFO  o.a.coyote.http11.Http11NioProtocol - Starting ProtocolHandler ["http-nio-8080"]
2025-10-16 13:47:18.287 [restartedMain] INFO  o.s.b.w.e.tomcat.TomcatWebServer - Tomcat started on port 8080 (http) with context path '/'
2025-10-16 13:47:18.300 [restartedMain] INFO  c.aurionpro.papms.PaPmsApplication - Started PaPmsApplication in 10.841 seconds (process running for 12.694)
2025-10-16 13:47:18.309 [restartedMain] INFO  c.aurionpro.papms.config.DataSeeder - DataSeeder running...
2025-10-16 13:47:18.370 [restartedMain] DEBUG org.hibernate.SQL - 
    select
        count(u1_0.id) 
    from
        users u1_0 
    where
        u1_0.role=?
2025-10-16 13:47:18.371 [restartedMain] TRACE org.hibernate.orm.jdbc.bind - binding parameter (1:ENUM) <- [BANK_ADMIN]
2025-10-16 13:47:18.386 [restartedMain] INFO  c.aurionpro.papms.config.DataSeeder - BANK_ADMIN user already exists. Skipping creation.
2025-10-16 13:47:18.390 [restartedMain] INFO  c.aurionpro.papms.PaPmsApplication - PaPmsApplication started successfully!
2025-10-16 14:34:29.366 [http-nio-8080-exec-1] INFO  o.a.c.c.C.[Tomcat].[localhost].[/] - Initializing Spring DispatcherServlet 'dispatcherServlet'
2025-10-16 14:34:29.372 [http-nio-8080-exec-1] INFO  o.s.web.servlet.DispatcherServlet - Initializing Servlet 'dispatcherServlet'
2025-10-16 14:34:29.393 [http-nio-8080-exec-1] INFO  o.s.web.servlet.DispatcherServlet - Completed initialization in 21 ms
2025-10-16 14:34:29.548 [http-nio-8080-exec-1] INFO  c.a.p.c.OrganizationController - Received request to register organization with documents. Logo present: true
2025-10-16 14:34:29.652 [http-nio-8080-exec-1] DEBUG org.hibernate.SQL - 
    select
        o1_0.id,
        o1_0.address,
        o1_0.bank_assigned_account_number,
        o1_0.company_name,
        o1_0.contact_email,
        o1_0.contact_phone,
        o1_0.created_at,
        o1_0.internal_balance,
        o1_0.logo_url,
        o1_0.rejection_reason,
        o1_0.status,
        o1_0.updated_at 
    from
        organizations o1_0 
    where
        o1_0.company_name=?
2025-10-16 14:34:29.653 [http-nio-8080-exec-1] TRACE org.hibernate.orm.jdbc.bind - binding parameter (1:VARCHAR) <- [sony]
2025-10-16 14:34:29.715 [http-nio-8080-exec-1] DEBUG org.hibernate.SQL - 
    select
        u1_0.id 
    from
        users u1_0 
    where
        u1_0.username=? 
    limit
        ?
2025-10-16 14:34:29.715 [http-nio-8080-exec-1] TRACE org.hibernate.orm.jdbc.bind - binding parameter (1:VARCHAR) <- [sony]
2025-10-16 14:34:29.715 [http-nio-8080-exec-1] TRACE org.hibernate.orm.jdbc.bind - binding parameter (2:INTEGER) <- [1]
2025-10-16 14:34:29.723 [http-nio-8080-exec-1] INFO  c.a.p.service.CloudinaryServiceImpl - Uploading file 'Egal-logo.png' to Cloudinary folder 'papms/sony/logo'
2025-10-16 14:34:33.432 [http-nio-8080-exec-1] INFO  c.a.p.service.CloudinaryServiceImpl - File uploaded successfully. Public ID: papms/sony/logo/uqzrftlfrrgk4gcgi9wl, URL: https://res.cloudinary.com/dkiykjjan/image/upload/v1760605472/papms/sony/logo/uqzrftlfrrgk4gcgi9wl.png
2025-10-16 14:34:33.472 [http-nio-8080-exec-1] DEBUG org.hibernate.SQL - 
    insert 
    into
        organizations
        (address, bank_assigned_account_number, company_name, contact_email, contact_phone, created_at, internal_balance, logo_url, rejection_reason, status, updated_at) 
    values
        (?, ?, ?, ?, ?, ?, ?, ?, ?, ?, ?)
2025-10-16 14:34:33.475 [http-nio-8080-exec-1] TRACE org.hibernate.orm.jdbc.bind - binding parameter (1:VARCHAR) <- [string]
2025-10-16 14:34:33.475 [http-nio-8080-exec-1] TRACE org.hibernate.orm.jdbc.bind - binding parameter (2:VARCHAR) <- [null]
2025-10-16 14:34:33.475 [http-nio-8080-exec-1] TRACE org.hibernate.orm.jdbc.bind - binding parameter (3:VARCHAR) <- [sony]
2025-10-16 14:34:33.475 [http-nio-8080-exec-1] TRACE org.hibernate.orm.jdbc.bind - binding parameter (4:VARCHAR) <- [30aniketgupta@gmail.com]
2025-10-16 14:34:33.475 [http-nio-8080-exec-1] TRACE org.hibernate.orm.jdbc.bind - binding parameter (5:VARCHAR) <- [null]
2025-10-16 14:34:33.475 [http-nio-8080-exec-1] TRACE org.hibernate.orm.jdbc.bind - binding parameter (6:TIMESTAMP) <- [2025-10-16T14:34:33.463522]
2025-10-16 14:34:33.476 [http-nio-8080-exec-1] TRACE org.hibernate.orm.jdbc.bind - binding parameter (7:NUMERIC) <- [0]
2025-10-16 14:34:33.476 [http-nio-8080-exec-1] TRACE org.hibernate.orm.jdbc.bind - binding parameter (8:VARCHAR) <- [https://res.cloudinary.com/dkiykjjan/image/upload/v1760605472/papms/sony/logo/uqzrftlfrrgk4gcgi9wl.png]
2025-10-16 14:34:33.476 [http-nio-8080-exec-1] TRACE org.hibernate.orm.jdbc.bind - binding parameter (9:VARCHAR) <- [null]
2025-10-16 14:34:33.476 [http-nio-8080-exec-1] TRACE org.hibernate.orm.jdbc.bind - binding parameter (10:ENUM) <- [PENDING_APPROVAL]
2025-10-16 14:34:33.476 [http-nio-8080-exec-1] TRACE org.hibernate.orm.jdbc.bind - binding parameter (11:TIMESTAMP) <- [2025-10-16T14:34:33.463522]
2025-10-16 14:34:33.591 [http-nio-8080-exec-1] DEBUG org.hibernate.SQL - 
    insert 
    into
        users
        (created_at, email, full_name, is_active, organization_id, password, requires_password_change, role, updated_at, username) 
    values
        (?, ?, ?, ?, ?, ?, ?, ?, ?, ?)
2025-10-16 14:34:33.592 [http-nio-8080-exec-1] TRACE org.hibernate.orm.jdbc.bind - binding parameter (1:TIMESTAMP) <- [2025-10-16T14:34:33.591309]
2025-10-16 14:34:33.592 [http-nio-8080-exec-1] TRACE org.hibernate.orm.jdbc.bind - binding parameter (2:VARCHAR) <- [30aniketgupta@gmail.com]
2025-10-16 14:34:33.592 [http-nio-8080-exec-1] TRACE org.hibernate.orm.jdbc.bind - binding parameter (3:VARCHAR) <- [sony]
2025-10-16 14:34:33.592 [http-nio-8080-exec-1] TRACE org.hibernate.orm.jdbc.bind - binding parameter (4:BOOLEAN) <- [false]
2025-10-16 14:34:33.593 [http-nio-8080-exec-1] TRACE org.hibernate.orm.jdbc.bind - binding parameter (5:INTEGER) <- [2]
2025-10-16 14:34:33.593 [http-nio-8080-exec-1] TRACE org.hibernate.orm.jdbc.bind - binding parameter (6:VARCHAR) <- [$2a$10$UvxbBNuzute4Ja5/ZZh/AuewRz/7e7NBb0FQOBgX1BIZS.cKl/f7u]
2025-10-16 14:34:33.593 [http-nio-8080-exec-1] TRACE org.hibernate.orm.jdbc.bind - binding parameter (7:BOOLEAN) <- [true]
2025-10-16 14:34:33.593 [http-nio-8080-exec-1] TRACE org.hibernate.orm.jdbc.bind - binding parameter (8:ENUM) <- [ORG_ADMIN]
2025-10-16 14:34:33.593 [http-nio-8080-exec-1] TRACE org.hibernate.orm.jdbc.bind - binding parameter (9:TIMESTAMP) <- [2025-10-16T14:34:33.591309]
2025-10-16 14:34:33.593 [http-nio-8080-exec-1] TRACE org.hibernate.orm.jdbc.bind - binding parameter (10:VARCHAR) <- [sony]
2025-10-16 14:34:33.608 [http-nio-8080-exec-1] INFO  c.a.p.service.CloudinaryServiceImpl - Uploading file 'invoice-1 (1).pdf' to Cloudinary folder 'papms/sony/verification_docs'
2025-10-16 14:34:34.756 [http-nio-8080-exec-1] INFO  c.a.p.service.CloudinaryServiceImpl - File uploaded successfully. Public ID: papms/sony/verification_docs/dydr4wl0ghldip4yowbd, URL: https://res.cloudinary.com/dkiykjjan/image/upload/v1760605474/papms/sony/verification_docs/dydr4wl0ghldip4yowbd.pdf
2025-10-16 14:34:34.756 [http-nio-8080-exec-1] INFO  c.a.p.service.CloudinaryServiceImpl - Uploading file 'invoice-1.pdf' to Cloudinary folder 'papms/sony/verification_docs'
2025-10-16 14:34:36.139 [http-nio-8080-exec-1] INFO  c.a.p.service.CloudinaryServiceImpl - File uploaded successfully. Public ID: papms/sony/verification_docs/v5e2q960tvavhx4i8jxb, URL: https://res.cloudinary.com/dkiykjjan/image/upload/v1760605475/papms/sony/verification_docs/v5e2q960tvavhx4i8jxb.pdf
2025-10-16 14:34:36.141 [http-nio-8080-exec-1] DEBUG org.hibernate.SQL - 
    insert 
    into
        documents
        (cloudinary_public_id, cloudinary_url, file_name, related_entity_id, related_entity_type, status, uploaded_at) 
    values
        (?, ?, ?, ?, ?, ?, ?)
2025-10-16 14:34:36.142 [http-nio-8080-exec-1] TRACE org.hibernate.orm.jdbc.bind - binding parameter (1:VARCHAR) <- [papms/sony/verification_docs/dydr4wl0ghldip4yowbd]
2025-10-16 14:34:36.142 [http-nio-8080-exec-1] TRACE org.hibernate.orm.jdbc.bind - binding parameter (2:VARCHAR) <- [https://res.cloudinary.com/dkiykjjan/image/upload/v1760605474/papms/sony/verification_docs/dydr4wl0ghldip4yowbd.pdf]
2025-10-16 14:34:36.143 [http-nio-8080-exec-1] TRACE org.hibernate.orm.jdbc.bind - binding parameter (3:VARCHAR) <- [invoice-11.pdf]
2025-10-16 14:34:36.143 [http-nio-8080-exec-1] TRACE org.hibernate.orm.jdbc.bind - binding parameter (4:INTEGER) <- [2]
2025-10-16 14:34:36.143 [http-nio-8080-exec-1] TRACE org.hibernate.orm.jdbc.bind - binding parameter (5:ENUM) <- [ORGANIZATION_VERIFICATION]
2025-10-16 14:34:36.143 [http-nio-8080-exec-1] TRACE org.hibernate.orm.jdbc.bind - binding parameter (6:ENUM) <- [Pending]
2025-10-16 14:34:36.143 [http-nio-8080-exec-1] TRACE org.hibernate.orm.jdbc.bind - binding parameter (7:TIMESTAMP) <- [2025-10-16T14:34:34.756566]
2025-10-16 14:34:36.216 [http-nio-8080-exec-1] DEBUG org.hibernate.SQL - 
    insert 
    into
        documents
        (cloudinary_public_id, cloudinary_url, file_name, related_entity_id, related_entity_type, status, uploaded_at) 
    values
        (?, ?, ?, ?, ?, ?, ?)
2025-10-16 14:34:36.217 [http-nio-8080-exec-1] TRACE org.hibernate.orm.jdbc.bind - binding parameter (1:VARCHAR) <- [papms/sony/verification_docs/v5e2q960tvavhx4i8jxb]
2025-10-16 14:34:36.217 [http-nio-8080-exec-1] TRACE org.hibernate.orm.jdbc.bind - binding parameter (2:VARCHAR) <- [https://res.cloudinary.com/dkiykjjan/image/upload/v1760605475/papms/sony/verification_docs/v5e2q960tvavhx4i8jxb.pdf]
2025-10-16 14:34:36.218 [http-nio-8080-exec-1] TRACE org.hibernate.orm.jdbc.bind - binding parameter (3:VARCHAR) <- [invoice-1.pdf]
2025-10-16 14:34:36.218 [http-nio-8080-exec-1] TRACE org.hibernate.orm.jdbc.bind - binding parameter (4:INTEGER) <- [2]
2025-10-16 14:34:36.218 [http-nio-8080-exec-1] TRACE org.hibernate.orm.jdbc.bind - binding parameter (5:ENUM) <- [ORGANIZATION_VERIFICATION]
2025-10-16 14:34:36.218 [http-nio-8080-exec-1] TRACE org.hibernate.orm.jdbc.bind - binding parameter (6:ENUM) <- [Pending]
2025-10-16 14:34:36.218 [http-nio-8080-exec-1] TRACE org.hibernate.orm.jdbc.bind - binding parameter (7:TIMESTAMP) <- [2025-10-16T14:34:36.140427300]
2025-10-16 14:34:36.234 [http-nio-8080-exec-1] INFO  c.a.p.c.OrganizationController - Organization registered successfully with ID: 2. Status: PENDING_APPROVAL
2025-10-16 14:35:32.867 [http-nio-8080-exec-2] INFO  c.a.papms.controller.AuthController - Login attempt for user: Ani
2025-10-16 14:35:32.954 [http-nio-8080-exec-2] DEBUG org.hibernate.SQL - 
    select
        u1_0.id,
        u1_0.created_at,
        u1_0.email,
        u1_0.full_name,
        u1_0.is_active,
        u1_0.organization_id,
        u1_0.password,
        u1_0.requires_password_change,
        u1_0.role,
        u1_0.updated_at,
        u1_0.username 
    from
        users u1_0 
    where
        u1_0.username=?
2025-10-16 14:35:32.955 [http-nio-8080-exec-2] TRACE org.hibernate.orm.jdbc.bind - binding parameter (1:VARCHAR) <- [Ani]
2025-10-16 14:35:33.033 [http-nio-8080-exec-2] INFO  c.a.papms.controller.AuthController - User Ani authenticated successfully.
2025-10-16 14:35:33.035 [http-nio-8080-exec-2] DEBUG org.hibernate.SQL - 
    select
        u1_0.id,
        u1_0.created_at,
        u1_0.email,
        u1_0.full_name,
        u1_0.is_active,
        u1_0.organization_id,
        u1_0.password,
        u1_0.requires_password_change,
        u1_0.role,
        u1_0.updated_at,
        u1_0.username 
    from
        users u1_0 
    where
        u1_0.username=?
2025-10-16 14:35:33.035 [http-nio-8080-exec-2] TRACE org.hibernate.orm.jdbc.bind - binding parameter (1:VARCHAR) <- [Ani]
2025-10-16 14:35:33.085 [http-nio-8080-exec-2] DEBUG org.hibernate.SQL - 
    select
        u1_0.id,
        u1_0.created_at,
        u1_0.email,
        u1_0.full_name,
        u1_0.is_active,
        u1_0.organization_id,
        u1_0.password,
        u1_0.requires_password_change,
        u1_0.role,
        u1_0.updated_at,
        u1_0.username 
    from
        users u1_0 
    where
        u1_0.username=?
2025-10-16 14:35:33.085 [http-nio-8080-exec-2] TRACE org.hibernate.orm.jdbc.bind - binding parameter (1:VARCHAR) <- [Ani]
2025-10-16 14:35:33.194 [http-nio-8080-exec-2] DEBUG org.hibernate.SQL - 
    select
        u1_0.id,
        u1_0.created_at,
        u1_0.email,
        u1_0.full_name,
        u1_0.is_active,
        u1_0.organization_id,
        u1_0.password,
        u1_0.requires_password_change,
        u1_0.role,
        u1_0.updated_at,
        u1_0.username 
    from
        users u1_0 
    where
        u1_0.username=?
2025-10-16 14:35:33.194 [http-nio-8080-exec-2] TRACE org.hibernate.orm.jdbc.bind - binding parameter (1:VARCHAR) <- [Ani]
2025-10-16 14:35:33.264 [http-nio-8080-exec-2] DEBUG c.a.papms.controller.AuthController - User is BANK_ADMIN, no extra details needed.
2025-10-16 14:35:33.264 [http-nio-8080-exec-2] INFO  c.a.papms.controller.AuthController - Login successful for user: Ani. Role: BANK_ADMIN
2025-10-16 14:36:28.524 [http-nio-8080-exec-4] DEBUG org.hibernate.SQL - 
    select
        u1_0.id,
        u1_0.created_at,
        u1_0.email,
        u1_0.full_name,
        u1_0.is_active,
        u1_0.organization_id,
        u1_0.password,
        u1_0.requires_password_change,
        u1_0.role,
        u1_0.updated_at,
        u1_0.username 
    from
        users u1_0 
    where
        u1_0.username=?
2025-10-16 14:36:28.525 [http-nio-8080-exec-4] TRACE org.hibernate.orm.jdbc.bind - binding parameter (1:VARCHAR) <- [Ani]
2025-10-16 14:36:28.541 [http-nio-8080-exec-4] INFO  c.a.p.controller.DocumentController - Request to APPROVE document ID 1 for organization ID 1
2025-10-16 14:36:28.541 [http-nio-8080-exec-4] INFO  c.a.p.service.DocumentServiceImpl - Attempting to approve document ID 1 for organization ID 1
2025-10-16 14:36:28.551 [http-nio-8080-exec-4] DEBUG org.hibernate.SQL - 
    select
        d1_0.id,
        d1_0.cloudinary_public_id,
        d1_0.cloudinary_url,
        d1_0.file_name,
        d1_0.related_entity_id,
        d1_0.related_entity_type,
        d1_0.status,
        d1_0.uploaded_at 
    from
        documents d1_0 
    where
        d1_0.id=?
2025-10-16 14:36:28.551 [http-nio-8080-exec-4] TRACE org.hibernate.orm.jdbc.bind - binding parameter (1:INTEGER) <- [1]
2025-10-16 14:36:28.562 [http-nio-8080-exec-4] INFO  c.a.p.service.DocumentServiceImpl - Document 1 approved successfully.
2025-10-16 14:36:28.571 [http-nio-8080-exec-4] DEBUG org.hibernate.SQL - 
    update
        documents 
    set
        cloudinary_public_id=?,
        cloudinary_url=?,
        file_name=?,
        related_entity_id=?,
        related_entity_type=?,
        status=? 
    where
        id=?
2025-10-16 14:36:28.572 [http-nio-8080-exec-4] TRACE org.hibernate.orm.jdbc.bind - binding parameter (1:VARCHAR) <- [papms/boat/verification_docs/udh6vomczyzzcybyfltk]
2025-10-16 14:36:28.572 [http-nio-8080-exec-4] TRACE org.hibernate.orm.jdbc.bind - binding parameter (2:VARCHAR) <- [https://res.cloudinary.com/dkiykjjan/image/upload/v1760440352/papms/boat/verification_docs/udh6vomczyzzcybyfltk.pdf]
2025-10-16 14:36:28.572 [http-nio-8080-exec-4] TRACE org.hibernate.orm.jdbc.bind - binding parameter (3:VARCHAR) <- [invoice-11.pdf]
2025-10-16 14:36:28.572 [http-nio-8080-exec-4] TRACE org.hibernate.orm.jdbc.bind - binding parameter (4:INTEGER) <- [1]
2025-10-16 14:36:28.572 [http-nio-8080-exec-4] TRACE org.hibernate.orm.jdbc.bind - binding parameter (5:ENUM) <- [ORGANIZATION_VERIFICATION]
2025-10-16 14:36:28.572 [http-nio-8080-exec-4] TRACE org.hibernate.orm.jdbc.bind - binding parameter (6:ENUM) <- [Approved]
2025-10-16 14:36:28.572 [http-nio-8080-exec-4] TRACE org.hibernate.orm.jdbc.bind - binding parameter (7:INTEGER) <- [1]
2025-10-16 14:36:28.645 [http-nio-8080-exec-4] INFO  c.a.p.controller.DocumentController - Successfully approved document ID 1. New status: Approved
2025-10-16 14:36:34.731 [http-nio-8080-exec-5] DEBUG org.hibernate.SQL - 
    select
        u1_0.id,
        u1_0.created_at,
        u1_0.email,
        u1_0.full_name,
        u1_0.is_active,
        u1_0.organization_id,
        u1_0.password,
        u1_0.requires_password_change,
        u1_0.role,
        u1_0.updated_at,
        u1_0.username 
    from
        users u1_0 
    where
        u1_0.username=?
2025-10-16 14:36:34.732 [http-nio-8080-exec-5] TRACE org.hibernate.orm.jdbc.bind - binding parameter (1:VARCHAR) <- [Ani]
2025-10-16 14:36:34.737 [http-nio-8080-exec-5] INFO  c.a.p.controller.DocumentController - Request to APPROVE document ID 2 for organization ID 1
2025-10-16 14:36:34.738 [http-nio-8080-exec-5] INFO  c.a.p.service.DocumentServiceImpl - Attempting to approve document ID 2 for organization ID 1
2025-10-16 14:36:34.739 [http-nio-8080-exec-5] DEBUG org.hibernate.SQL - 
    select
        d1_0.id,
        d1_0.cloudinary_public_id,
        d1_0.cloudinary_url,
        d1_0.file_name,
        d1_0.related_entity_id,
        d1_0.related_entity_type,
        d1_0.status,
        d1_0.uploaded_at 
    from
        documents d1_0 
    where
        d1_0.id=?
2025-10-16 14:36:34.739 [http-nio-8080-exec-5] TRACE org.hibernate.orm.jdbc.bind - binding parameter (1:INTEGER) <- [2]
2025-10-16 14:36:34.741 [http-nio-8080-exec-5] INFO  c.a.p.service.DocumentServiceImpl - Document 2 approved successfully.
2025-10-16 14:36:34.742 [http-nio-8080-exec-5] DEBUG org.hibernate.SQL - 
    update
        documents 
    set
        cloudinary_public_id=?,
        cloudinary_url=?,
        file_name=?,
        related_entity_id=?,
        related_entity_type=?,
        status=? 
    where
        id=?
2025-10-16 14:36:34.742 [http-nio-8080-exec-5] TRACE org.hibernate.orm.jdbc.bind - binding parameter (1:VARCHAR) <- [papms/boat/verification_docs/tpextajc7ybgbmpyogo8]
2025-10-16 14:36:34.742 [http-nio-8080-exec-5] TRACE org.hibernate.orm.jdbc.bind - binding parameter (2:VARCHAR) <- [https://res.cloudinary.com/dkiykjjan/image/upload/v1760440353/papms/boat/verification_docs/tpextajc7ybgbmpyogo8.pdf]
2025-10-16 14:36:34.742 [http-nio-8080-exec-5] TRACE org.hibernate.orm.jdbc.bind - binding parameter (3:VARCHAR) <- [invoice-1.pdf]
2025-10-16 14:36:34.742 [http-nio-8080-exec-5] TRACE org.hibernate.orm.jdbc.bind - binding parameter (4:INTEGER) <- [1]
2025-10-16 14:36:34.742 [http-nio-8080-exec-5] TRACE org.hibernate.orm.jdbc.bind - binding parameter (5:ENUM) <- [ORGANIZATION_VERIFICATION]
2025-10-16 14:36:34.742 [http-nio-8080-exec-5] TRACE org.hibernate.orm.jdbc.bind - binding parameter (6:ENUM) <- [Approved]
2025-10-16 14:36:34.742 [http-nio-8080-exec-5] TRACE org.hibernate.orm.jdbc.bind - binding parameter (7:INTEGER) <- [2]
2025-10-16 14:36:34.789 [http-nio-8080-exec-5] INFO  c.a.p.controller.DocumentController - Successfully approved document ID 2. New status: Approved
2025-10-16 14:37:14.329 [http-nio-8080-exec-6] DEBUG org.hibernate.SQL - 
    select
        u1_0.id,
        u1_0.created_at,
        u1_0.email,
        u1_0.full_name,
        u1_0.is_active,
        u1_0.organization_id,
        u1_0.password,
        u1_0.requires_password_change,
        u1_0.role,
        u1_0.updated_at,
        u1_0.username 
    from
        users u1_0 
    where
        u1_0.username=?
2025-10-16 14:37:14.330 [http-nio-8080-exec-6] TRACE org.hibernate.orm.jdbc.bind - binding parameter (1:VARCHAR) <- [Ani]
2025-10-16 14:37:14.333 [http-nio-8080-exec-6] INFO  c.a.p.c.OrganizationController - Bank Admin request to APPROVE organization ID: 2
2025-10-16 14:37:14.335 [http-nio-8080-exec-6] DEBUG org.hibernate.SQL - 
    select
        o1_0.id,
        o1_0.address,
        o1_0.bank_assigned_account_number,
        o1_0.company_name,
        o1_0.contact_email,
        o1_0.contact_phone,
        o1_0.created_at,
        o1_0.internal_balance,
        o1_0.logo_url,
        o1_0.rejection_reason,
        o1_0.status,
        o1_0.updated_at,
        e1_0.organization_id,
        e1_0.id,
        e1_0.created_at,
        e1_0.date_of_joining,
        e1_0.department,
        e1_0.employee_code,
        e1_0.is_active,
        e1_0.job_title,
        e1_0.profile_picture_url,
        e1_0.updated_at,
        e1_0.user_id 
    from
        organizations o1_0 
    left join
        employees e1_0 
            on o1_0.id=e1_0.organization_id 
    where
        o1_0.id=?
2025-10-16 14:37:14.335 [http-nio-8080-exec-6] TRACE org.hibernate.orm.jdbc.bind - binding parameter (1:INTEGER) <- [2]
2025-10-16 14:37:14.364 [http-nio-8080-exec-6] DEBUG org.hibernate.SQL - 
    select
        u1_0.id,
        u1_0.created_at,
        u1_0.email,
        u1_0.full_name,
        u1_0.is_active,
        u1_0.organization_id,
        u1_0.password,
        u1_0.requires_password_change,
        u1_0.role,
        u1_0.updated_at,
        u1_0.username 
    from
        users u1_0 
    where
        u1_0.organization_id=? 
        and u1_0.role=?
2025-10-16 14:37:14.364 [http-nio-8080-exec-6] TRACE org.hibernate.orm.jdbc.bind - binding parameter (1:INTEGER) <- [2]
2025-10-16 14:37:14.364 [http-nio-8080-exec-6] TRACE org.hibernate.orm.jdbc.bind - binding parameter (2:ENUM) <- [ORG_ADMIN]
2025-10-16 14:37:14.368 [http-nio-8080-exec-6] DEBUG org.hibernate.SQL - 
    update
        organizations 
    set
        address=?,
        bank_assigned_account_number=?,
        company_name=?,
        contact_email=?,
        contact_phone=?,
        internal_balance=?,
        logo_url=?,
        rejection_reason=?,
        status=?,
        updated_at=? 
    where
        id=?
2025-10-16 14:37:14.368 [http-nio-8080-exec-6] TRACE org.hibernate.orm.jdbc.bind - binding parameter (1:VARCHAR) <- [string]
2025-10-16 14:37:14.368 [http-nio-8080-exec-6] TRACE org.hibernate.orm.jdbc.bind - binding parameter (2:VARCHAR) <- [null]
2025-10-16 14:37:14.368 [http-nio-8080-exec-6] TRACE org.hibernate.orm.jdbc.bind - binding parameter (3:VARCHAR) <- [sony]
2025-10-16 14:37:14.369 [http-nio-8080-exec-6] TRACE org.hibernate.orm.jdbc.bind - binding parameter (4:VARCHAR) <- [30aniketgupta@gmail.com]
2025-10-16 14:37:14.369 [http-nio-8080-exec-6] TRACE org.hibernate.orm.jdbc.bind - binding parameter (5:VARCHAR) <- [null]
2025-10-16 14:37:14.369 [http-nio-8080-exec-6] TRACE org.hibernate.orm.jdbc.bind - binding parameter (6:NUMERIC) <- [0.00]
2025-10-16 14:37:14.369 [http-nio-8080-exec-6] TRACE org.hibernate.orm.jdbc.bind - binding parameter (7:VARCHAR) <- [https://res.cloudinary.com/dkiykjjan/image/upload/v1760605472/papms/sony/logo/uqzrftlfrrgk4gcgi9wl.png]
2025-10-16 14:37:14.369 [http-nio-8080-exec-6] TRACE org.hibernate.orm.jdbc.bind - binding parameter (8:VARCHAR) <- [null]
2025-10-16 14:37:14.369 [http-nio-8080-exec-6] TRACE org.hibernate.orm.jdbc.bind - binding parameter (9:ENUM) <- [ACTIVE]
2025-10-16 14:37:14.369 [http-nio-8080-exec-6] TRACE org.hibernate.orm.jdbc.bind - binding parameter (10:TIMESTAMP) <- [2025-10-16T14:37:14.368856]
2025-10-16 14:37:14.369 [http-nio-8080-exec-6] TRACE org.hibernate.orm.jdbc.bind - binding parameter (11:INTEGER) <- [2]
2025-10-16 14:37:14.374 [http-nio-8080-exec-6] DEBUG org.hibernate.SQL - 
    update
        users 
    set
        email=?,
        full_name=?,
        is_active=?,
        organization_id=?,
        password=?,
        requires_password_change=?,
        role=?,
        updated_at=?,
        username=? 
    where
        id=?
2025-10-16 14:37:14.374 [http-nio-8080-exec-6] TRACE org.hibernate.orm.jdbc.bind - binding parameter (1:VARCHAR) <- [30aniketgupta@gmail.com]
2025-10-16 14:37:14.374 [http-nio-8080-exec-6] TRACE org.hibernate.orm.jdbc.bind - binding parameter (2:VARCHAR) <- [sony]
2025-10-16 14:37:14.374 [http-nio-8080-exec-6] TRACE org.hibernate.orm.jdbc.bind - binding parameter (3:BOOLEAN) <- [true]
2025-10-16 14:37:14.374 [http-nio-8080-exec-6] TRACE org.hibernate.orm.jdbc.bind - binding parameter (4:INTEGER) <- [2]
2025-10-16 14:37:14.374 [http-nio-8080-exec-6] TRACE org.hibernate.orm.jdbc.bind - binding parameter (5:VARCHAR) <- [$2a$10$UvxbBNuzute4Ja5/ZZh/AuewRz/7e7NBb0FQOBgX1BIZS.cKl/f7u]
2025-10-16 14:37:14.374 [http-nio-8080-exec-6] TRACE org.hibernate.orm.jdbc.bind - binding parameter (6:BOOLEAN) <- [true]
2025-10-16 14:37:14.374 [http-nio-8080-exec-6] TRACE org.hibernate.orm.jdbc.bind - binding parameter (7:ENUM) <- [ORG_ADMIN]
2025-10-16 14:37:14.374 [http-nio-8080-exec-6] TRACE org.hibernate.orm.jdbc.bind - binding parameter (8:TIMESTAMP) <- [2025-10-16T14:37:14.374826]
2025-10-16 14:37:14.374 [http-nio-8080-exec-6] TRACE org.hibernate.orm.jdbc.bind - binding parameter (9:VARCHAR) <- [sony]
2025-10-16 14:37:14.374 [http-nio-8080-exec-6] TRACE org.hibernate.orm.jdbc.bind - binding parameter (10:BIGINT) <- [103]
2025-10-16 14:37:14.376 [http-nio-8080-exec-6] DEBUG org.hibernate.SQL - 
    select
        o1_0.id,
        o1_0.address,
        o1_0.bank_assigned_account_number,
        o1_0.company_name,
        o1_0.contact_email,
        o1_0.contact_phone,
        o1_0.created_at,
        o1_0.internal_balance,
        o1_0.logo_url,
        o1_0.rejection_reason,
        o1_0.status,
        o1_0.updated_at 
    from
        organizations o1_0 
    where
        o1_0.bank_assigned_account_number=?
2025-10-16 14:37:14.376 [http-nio-8080-exec-6] TRACE org.hibernate.orm.jdbc.bind - binding parameter (1:VARCHAR) <- [9645818485]
2025-10-16 14:37:14.378 [http-nio-8080-exec-6] DEBUG org.hibernate.SQL - 
    insert 
    into
        notifications
        (created_at, is_read, link, message, user_id) 
    values
        (?, ?, ?, ?, ?)
2025-10-16 14:37:14.379 [http-nio-8080-exec-6] TRACE org.hibernate.orm.jdbc.bind - binding parameter (1:TIMESTAMP) <- [2025-10-16T14:37:14.378845]
2025-10-16 14:37:14.379 [http-nio-8080-exec-6] TRACE org.hibernate.orm.jdbc.bind - binding parameter (2:BOOLEAN) <- [false]
2025-10-16 14:37:14.379 [http-nio-8080-exec-6] TRACE org.hibernate.orm.jdbc.bind - binding parameter (3:VARCHAR) <- [/dashboard]
2025-10-16 14:37:14.379 [http-nio-8080-exec-6] TRACE org.hibernate.orm.jdbc.bind - binding parameter (4:VARCHAR) <- [Welcome! Your organization, 'sony', has been approved. You can now access your dashboard.]
2025-10-16 14:37:14.379 [http-nio-8080-exec-6] TRACE org.hibernate.orm.jdbc.bind - binding parameter (5:BIGINT) <- [103]
2025-10-16 14:37:14.384 [http-nio-8080-exec-6] INFO  c.a.p.service.NotificationService - Created notification for user 'sony': Welcome! Your organization, 'sony', has been approved. You can now access your dashboard.
2025-10-16 14:37:14.384 [http-nio-8080-exec-6] INFO  c.a.papms.emails.EmailService - Preparing to send email from 'bank-email@example.com' to '30aniketgupta@gmail.com' with subject: Your Organization Registration is Approved
2025-10-16 14:37:18.855 [http-nio-8080-exec-6] INFO  c.a.papms.emails.EmailService - Email sent successfully to: 30aniketgupta@gmail.com
2025-10-16 14:37:18.858 [http-nio-8080-exec-6] DEBUG org.hibernate.SQL - 
    update
        organizations 
    set
        address=?,
        bank_assigned_account_number=?,
        company_name=?,
        contact_email=?,
        contact_phone=?,
        internal_balance=?,
        logo_url=?,
        rejection_reason=?,
        status=?,
        updated_at=? 
    where
        id=?
2025-10-16 14:37:18.858 [http-nio-8080-exec-6] TRACE org.hibernate.orm.jdbc.bind - binding parameter (1:VARCHAR) <- [string]
2025-10-16 14:37:18.858 [http-nio-8080-exec-6] TRACE org.hibernate.orm.jdbc.bind - binding parameter (2:VARCHAR) <- [9645818485]
2025-10-16 14:37:18.859 [http-nio-8080-exec-6] TRACE org.hibernate.orm.jdbc.bind - binding parameter (3:VARCHAR) <- [sony]
2025-10-16 14:37:18.859 [http-nio-8080-exec-6] TRACE org.hibernate.orm.jdbc.bind - binding parameter (4:VARCHAR) <- [30aniketgupta@gmail.com]
2025-10-16 14:37:18.859 [http-nio-8080-exec-6] TRACE org.hibernate.orm.jdbc.bind - binding parameter (5:VARCHAR) <- [null]
2025-10-16 14:37:18.859 [http-nio-8080-exec-6] TRACE org.hibernate.orm.jdbc.bind - binding parameter (6:NUMERIC) <- [0.00]
2025-10-16 14:37:18.859 [http-nio-8080-exec-6] TRACE org.hibernate.orm.jdbc.bind - binding parameter (7:VARCHAR) <- [https://res.cloudinary.com/dkiykjjan/image/upload/v1760605472/papms/sony/logo/uqzrftlfrrgk4gcgi9wl.png]
2025-10-16 14:37:18.859 [http-nio-8080-exec-6] TRACE org.hibernate.orm.jdbc.bind - binding parameter (8:VARCHAR) <- [null]
2025-10-16 14:37:18.859 [http-nio-8080-exec-6] TRACE org.hibernate.orm.jdbc.bind - binding parameter (9:ENUM) <- [ACTIVE]
2025-10-16 14:37:18.859 [http-nio-8080-exec-6] TRACE org.hibernate.orm.jdbc.bind - binding parameter (10:TIMESTAMP) <- [2025-10-16T14:37:18.858015]
2025-10-16 14:37:18.859 [http-nio-8080-exec-6] TRACE org.hibernate.orm.jdbc.bind - binding parameter (11:INTEGER) <- [2]
2025-10-16 14:37:18.917 [http-nio-8080-exec-6] DEBUG org.hibernate.SQL - 
    select
        d1_0.related_entity_id,
        d1_0.id,
        d1_0.cloudinary_public_id,
        d1_0.cloudinary_url,
        d1_0.file_name,
        d1_0.related_entity_type,
        d1_0.status,
        d1_0.uploaded_at 
    from
        documents d1_0 
    where
        d1_0.related_entity_id=? 
        and (
            d1_0.related_entity_type = 'ORGANIZATION_VERIFICATION'
        )
2025-10-16 14:37:18.918 [http-nio-8080-exec-6] TRACE org.hibernate.orm.jdbc.bind - binding parameter (1:INTEGER) <- [2]
2025-10-16 14:37:18.921 [http-nio-8080-exec-6] INFO  c.a.p.c.OrganizationController - Successfully approved organization ID 2. New status: ACTIVE
2025-10-16 14:37:46.909 [http-nio-8080-exec-7] DEBUG org.hibernate.SQL - 
    select
        u1_0.id,
        u1_0.created_at,
        u1_0.email,
        u1_0.full_name,
        u1_0.is_active,
        u1_0.organization_id,
        u1_0.password,
        u1_0.requires_password_change,
        u1_0.role,
        u1_0.updated_at,
        u1_0.username 
    from
        users u1_0 
    where
        u1_0.username=?
2025-10-16 14:37:46.910 [http-nio-8080-exec-7] TRACE org.hibernate.orm.jdbc.bind - binding parameter (1:VARCHAR) <- [Ani]
2025-10-16 14:37:46.962 [http-nio-8080-exec-7] INFO  c.a.p.controller.DocumentController - Request to APPROVE document ID 2 for organization ID 2
2025-10-16 14:37:46.963 [http-nio-8080-exec-7] INFO  c.a.p.service.DocumentServiceImpl - Attempting to approve document ID 2 for organization ID 2
2025-10-16 14:37:46.963 [http-nio-8080-exec-7] DEBUG org.hibernate.SQL - 
    select
        d1_0.id,
        d1_0.cloudinary_public_id,
        d1_0.cloudinary_url,
        d1_0.file_name,
        d1_0.related_entity_id,
        d1_0.related_entity_type,
        d1_0.status,
        d1_0.uploaded_at 
    from
        documents d1_0 
    where
        d1_0.id=?
2025-10-16 14:37:46.963 [http-nio-8080-exec-7] TRACE org.hibernate.orm.jdbc.bind - binding parameter (1:INTEGER) <- [2]
2025-10-16 14:37:46.966 [http-nio-8080-exec-7] ERROR c.a.p.service.DocumentServiceImpl - SECURITY ALERT: Attempt to access document 2 which does not belong to organization 2
2025-10-16 14:37:46.974 [http-nio-8080-exec-7] ERROR c.a.p.e.GlobalExceptionHandler - Unexpected error
java.lang.IllegalArgumentException: Access Denied: Document with ID 2 does not belong to organization with ID 2
	at com.aurionpro.papms.service.DocumentServiceImpl.validateDocumentOwnership(DocumentServiceImpl.java:64)
	at com.aurionpro.papms.service.DocumentServiceImpl.approveDocument(DocumentServiceImpl.java:26)
	at java.base/jdk.internal.reflect.NativeMethodAccessorImpl.invoke0(Native Method)
	at java.base/jdk.internal.reflect.NativeMethodAccessorImpl.invoke(NativeMethodAccessorImpl.java:77)
	at java.base/jdk.internal.reflect.DelegatingMethodAccessorImpl.invoke(DelegatingMethodAccessorImpl.java:43)
	at java.base/java.lang.reflect.Method.invoke(Method.java:568)
	at org.springframework.aop.support.AopUtils.invokeJoinpointUsingReflection(AopUtils.java:360)
	at org.springframework.aop.framework.ReflectiveMethodInvocation.invokeJoinpoint(ReflectiveMethodInvocation.java:196)
	at org.springframework.aop.framework.ReflectiveMethodInvocation.proceed(ReflectiveMethodInvocation.java:163)
	at org.springframework.transaction.interceptor.TransactionAspectSupport.invokeWithinTransaction(TransactionAspectSupport.java:380)
	at org.springframework.transaction.interceptor.TransactionInterceptor.invoke(TransactionInterceptor.java:119)
	at org.springframework.aop.framework.ReflectiveMethodInvocation.proceed(ReflectiveMethodInvocation.java:184)
	at org.springframework.aop.framework.CglibAopProxy$DynamicAdvisedInterceptor.intercept(CglibAopProxy.java:728)
	at com.aurionpro.papms.service.DocumentServiceImpl$$SpringCGLIB$$0.approveDocument(<generated>)
	at com.aurionpro.papms.controller.DocumentController.approveDocument(DocumentController.java:26)
	at java.base/jdk.internal.reflect.NativeMethodAccessorImpl.invoke0(Native Method)
	at java.base/jdk.internal.reflect.NativeMethodAccessorImpl.invoke(NativeMethodAccessorImpl.java:77)
	at java.base/jdk.internal.reflect.DelegatingMethodAccessorImpl.invoke(DelegatingMethodAccessorImpl.java:43)
	at java.base/java.lang.reflect.Method.invoke(Method.java:568)
	at org.springframework.aop.support.AopUtils.invokeJoinpointUsingReflection(AopUtils.java:360)
	at org.springframework.aop.framework.ReflectiveMethodInvocation.invokeJoinpoint(ReflectiveMethodInvocation.java:196)
	at org.springframework.aop.framework.ReflectiveMethodInvocation.proceed(ReflectiveMethodInvocation.java:163)
	at org.springframework.security.authorization.method.AuthorizationManagerBeforeMethodInterceptor.proceed(AuthorizationManagerBeforeMethodInterceptor.java:268)
	at org.springframework.security.authorization.method.AuthorizationManagerBeforeMethodInterceptor.attemptAuthorization(AuthorizationManagerBeforeMethodInterceptor.java:263)
	at org.springframework.security.authorization.method.AuthorizationManagerBeforeMethodInterceptor.invoke(AuthorizationManagerBeforeMethodInterceptor.java:196)
	at org.springframework.security.config.annotation.method.configuration.DeferringMethodInterceptor.invoke(DeferringMethodInterceptor.java:44)
	at org.springframework.aop.framework.ReflectiveMethodInvocation.proceed(ReflectiveMethodInvocation.java:184)
	at org.springframework.aop.framework.CglibAopProxy$DynamicAdvisedInterceptor.intercept(CglibAopProxy.java:728)
	at com.aurionpro.papms.controller.DocumentController$$SpringCGLIB$$0.approveDocument(<generated>)
	at java.base/jdk.internal.reflect.NativeMethodAccessorImpl.invoke0(Native Method)
	at java.base/jdk.internal.reflect.NativeMethodAccessorImpl.invoke(NativeMethodAccessorImpl.java:77)
	at java.base/jdk.internal.reflect.DelegatingMethodAccessorImpl.invoke(DelegatingMethodAccessorImpl.java:43)
	at java.base/java.lang.reflect.Method.invoke(Method.java:568)
	at org.springframework.web.method.support.InvocableHandlerMethod.doInvoke(InvocableHandlerMethod.java:258)
	at org.springframework.web.method.support.InvocableHandlerMethod.invokeForRequest(InvocableHandlerMethod.java:191)
	at org.springframework.web.servlet.mvc.method.annotation.ServletInvocableHandlerMethod.invokeAndHandle(ServletInvocableHandlerMethod.java:118)
	at org.springframework.web.servlet.mvc.method.annotation.RequestMappingHandlerAdapter.invokeHandlerMethod(RequestMappingHandlerAdapter.java:991)
	at org.springframework.web.servlet.mvc.method.annotation.RequestMappingHandlerAdapter.handleInternal(RequestMappingHandlerAdapter.java:896)
	at org.springframework.web.servlet.mvc.method.AbstractHandlerMethodAdapter.handle(AbstractHandlerMethodAdapter.java:87)
	at org.springframework.web.servlet.DispatcherServlet.doDispatch(DispatcherServlet.java:1089)
	at org.springframework.web.servlet.DispatcherServlet.doService(DispatcherServlet.java:979)
	at org.springframework.web.servlet.FrameworkServlet.processRequest(FrameworkServlet.java:1014)
	at org.springframework.web.servlet.FrameworkServlet.doPut(FrameworkServlet.java:925)
	at jakarta.servlet.http.HttpServlet.service(HttpServlet.java:593)
	at org.springframework.web.servlet.FrameworkServlet.service(FrameworkServlet.java:885)
	at jakarta.servlet.http.HttpServlet.service(HttpServlet.java:658)
	at org.apache.catalina.core.ApplicationFilterChain.internalDoFilter(ApplicationFilterChain.java:195)
	at org.apache.catalina.core.ApplicationFilterChain.doFilter(ApplicationFilterChain.java:140)
	at org.apache.tomcat.websocket.server.WsFilter.doFilter(WsFilter.java:51)
	at org.apache.catalina.core.ApplicationFilterChain.internalDoFilter(ApplicationFilterChain.java:164)
	at org.apache.catalina.core.ApplicationFilterChain.doFilter(ApplicationFilterChain.java:140)
	at org.springframework.web.filter.OncePerRequestFilter.doFilter(OncePerRequestFilter.java:110)
	at org.apache.catalina.core.ApplicationFilterChain.internalDoFilter(ApplicationFilterChain.java:164)
	at org.apache.catalina.core.ApplicationFilterChain.doFilter(ApplicationFilterChain.java:140)
	at org.springframework.web.filter.CompositeFilter$VirtualFilterChain.doFilter(CompositeFilter.java:108)
	at org.springframework.web.filter.CompositeFilter$VirtualFilterChain.doFilter(CompositeFilter.java:108)
	at org.springframework.security.web.FilterChainProxy.lambda$doFilterInternal$3(FilterChainProxy.java:231)
	at org.springframework.security.web.FilterChainProxy$VirtualFilterChain.doFilter(FilterChainProxy.java:365)
	at org.springframework.security.web.access.intercept.AuthorizationFilter.doFilter(AuthorizationFilter.java:101)
	at org.springframework.security.web.FilterChainProxy$VirtualFilterChain.doFilter(FilterChainProxy.java:374)
	at org.springframework.security.web.access.ExceptionTranslationFilter.doFilter(ExceptionTranslationFilter.java:125)
	at org.springframework.security.web.access.ExceptionTranslationFilter.doFilter(ExceptionTranslationFilter.java:119)
	at org.springframework.security.web.FilterChainProxy$VirtualFilterChain.doFilter(FilterChainProxy.java:374)
	at org.springframework.security.web.session.SessionManagementFilter.doFilter(SessionManagementFilter.java:131)
	at org.springframework.security.web.session.SessionManagementFilter.doFilter(SessionManagementFilter.java:85)
	at org.springframework.security.web.FilterChainProxy$VirtualFilterChain.doFilter(FilterChainProxy.java:374)
	at org.springframework.security.web.authentication.AnonymousAuthenticationFilter.doFilter(AnonymousAuthenticationFilter.java:100)
	at org.springframework.security.web.FilterChainProxy$VirtualFilterChain.doFilter(FilterChainProxy.java:374)
	at org.springframework.security.web.servletapi.SecurityContextHolderAwareRequestFilter.doFilter(SecurityContextHolderAwareRequestFilter.java:179)
	at org.springframework.security.web.FilterChainProxy$VirtualFilterChain.doFilter(FilterChainProxy.java:374)
	at org.springframework.security.web.savedrequest.RequestCacheAwareFilter.doFilter(RequestCacheAwareFilter.java:63)
	at org.springframework.security.web.FilterChainProxy$VirtualFilterChain.doFilter(FilterChainProxy.java:374)
	at com.aurionpro.papms.security.filter.JwtAuthFilter.doFilterInternal(JwtAuthFilter.java:71)
	at org.springframework.web.filter.OncePerRequestFilter.doFilter(OncePerRequestFilter.java:116)
	at org.springframework.security.web.FilterChainProxy$VirtualFilterChain.doFilter(FilterChainProxy.java:374)
	at org.springframework.security.web.authentication.logout.LogoutFilter.doFilter(LogoutFilter.java:107)
	at org.springframework.security.web.authentication.logout.LogoutFilter.doFilter(LogoutFilter.java:93)
	at org.springframework.security.web.FilterChainProxy$VirtualFilterChain.doFilter(FilterChainProxy.java:374)
	at org.springframework.web.filter.CorsFilter.doFilterInternal(CorsFilter.java:91)
	at org.springframework.web.filter.OncePerRequestFilter.doFilter(OncePerRequestFilter.java:116)
	at org.springframework.security.web.FilterChainProxy$VirtualFilterChain.doFilter(FilterChainProxy.java:374)
	at org.springframework.security.web.header.HeaderWriterFilter.doHeadersAfter(HeaderWriterFilter.java:90)
	at org.springframework.security.web.header.HeaderWriterFilter.doFilterInternal(HeaderWriterFilter.java:75)
	at org.springframework.web.filter.OncePerRequestFilter.doFilter(OncePerRequestFilter.java:116)
	at org.springframework.security.web.FilterChainProxy$VirtualFilterChain.doFilter(FilterChainProxy.java:374)
	at org.springframework.security.web.context.SecurityContextHolderFilter.doFilter(SecurityContextHolderFilter.java:82)
	at org.springframework.security.web.context.SecurityContextHolderFilter.doFilter(SecurityContextHolderFilter.java:69)
	at org.springframework.security.web.FilterChainProxy$VirtualFilterChain.doFilter(FilterChainProxy.java:374)
	at org.springframework.security.web.context.request.async.WebAsyncManagerIntegrationFilter.doFilterInternal(WebAsyncManagerIntegrationFilter.java:62)
	at org.springframework.web.filter.OncePerRequestFilter.doFilter(OncePerRequestFilter.java:116)
	at org.springframework.security.web.FilterChainProxy$VirtualFilterChain.doFilter(FilterChainProxy.java:374)
	at org.springframework.security.web.session.DisableEncodeUrlFilter.doFilterInternal(DisableEncodeUrlFilter.java:42)
	at org.springframework.web.filter.OncePerRequestFilter.doFilter(OncePerRequestFilter.java:116)
	at org.springframework.security.web.FilterChainProxy$VirtualFilterChain.doFilter(FilterChainProxy.java:374)
	at org.springframework.security.web.FilterChainProxy.doFilterInternal(FilterChainProxy.java:233)
	at org.springframework.security.web.FilterChainProxy.doFilter(FilterChainProxy.java:191)
	at org.springframework.web.filter.CompositeFilter$VirtualFilterChain.doFilter(CompositeFilter.java:113)
	at org.springframework.web.filter.ServletRequestPathFilter.doFilter(ServletRequestPathFilter.java:52)
	at org.springframework.web.filter.CompositeFilter$VirtualFilterChain.doFilter(CompositeFilter.java:113)
	at org.springframework.web.filter.CompositeFilter.doFilter(CompositeFilter.java:74)
	at org.springframework.security.config.annotation.web.configuration.WebSecurityConfiguration$CompositeFilterChainProxy.doFilter(WebSecurityConfiguration.java:319)
	at org.springframework.web.filter.CompositeFilter$VirtualFilterChain.doFilter(CompositeFilter.java:113)
	at org.springframework.web.servlet.handler.HandlerMappingIntrospector.lambda$createCacheFilter$4(HandlerMappingIntrospector.java:267)
	at org.springframework.web.filter.CompositeFilter$VirtualFilterChain.doFilter(CompositeFilter.java:113)
	at org.springframework.web.filter.CompositeFilter.doFilter(CompositeFilter.java:74)
	at org.springframework.security.config.annotation.web.configuration.WebMvcSecurityConfiguration$CompositeFilterChainProxy.doFilter(WebMvcSecurityConfiguration.java:240)
	at org.springframework.web.filter.DelegatingFilterProxy.invokeDelegate(DelegatingFilterProxy.java:362)
	at org.springframework.web.filter.DelegatingFilterProxy.doFilter(DelegatingFilterProxy.java:278)
	at org.apache.catalina.core.ApplicationFilterChain.internalDoFilter(ApplicationFilterChain.java:164)
	at org.apache.catalina.core.ApplicationFilterChain.doFilter(ApplicationFilterChain.java:140)
	at org.springframework.web.filter.RequestContextFilter.doFilterInternal(RequestContextFilter.java:100)
	at org.springframework.web.filter.OncePerRequestFilter.doFilter(OncePerRequestFilter.java:116)
	at org.apache.catalina.core.ApplicationFilterChain.internalDoFilter(ApplicationFilterChain.java:164)
	at org.apache.catalina.core.ApplicationFilterChain.doFilter(ApplicationFilterChain.java:140)
	at org.springframework.web.filter.FormContentFilter.doFilterInternal(FormContentFilter.java:93)
	at org.springframework.web.filter.OncePerRequestFilter.doFilter(OncePerRequestFilter.java:116)
	at org.apache.catalina.core.ApplicationFilterChain.internalDoFilter(ApplicationFilterChain.java:164)
	at org.apache.catalina.core.ApplicationFilterChain.doFilter(ApplicationFilterChain.java:140)
	at org.springframework.web.filter.CharacterEncodingFilter.doFilterInternal(CharacterEncodingFilter.java:201)
	at org.springframework.web.filter.OncePerRequestFilter.doFilter(OncePerRequestFilter.java:116)
	at org.apache.catalina.core.ApplicationFilterChain.internalDoFilter(ApplicationFilterChain.java:164)
	at org.apache.catalina.core.ApplicationFilterChain.doFilter(ApplicationFilterChain.java:140)
	at org.apache.catalina.core.StandardWrapperValve.invoke(StandardWrapperValve.java:167)
	at org.apache.catalina.core.StandardContextValve.invoke(StandardContextValve.java:90)
	at org.apache.catalina.authenticator.AuthenticatorBase.invoke(AuthenticatorBase.java:483)
	at org.apache.catalina.core.StandardHostValve.invoke(StandardHostValve.java:116)
	at org.apache.catalina.valves.ErrorReportValve.invoke(ErrorReportValve.java:93)
	at org.apache.catalina.core.StandardEngineValve.invoke(StandardEngineValve.java:74)
	at org.apache.catalina.connector.CoyoteAdapter.service(CoyoteAdapter.java:344)
	at org.apache.coyote.http11.Http11Processor.service(Http11Processor.java:398)
	at org.apache.coyote.AbstractProcessorLight.process(AbstractProcessorLight.java:63)
	at org.apache.coyote.AbstractProtocol$ConnectionHandler.process(AbstractProtocol.java:903)
	at org.apache.tomcat.util.net.NioEndpoint$SocketProcessor.doRun(NioEndpoint.java:1769)
	at org.apache.tomcat.util.net.SocketProcessorBase.run(SocketProcessorBase.java:52)
	at org.apache.tomcat.util.threads.ThreadPoolExecutor.runWorker(ThreadPoolExecutor.java:1189)
	at org.apache.tomcat.util.threads.ThreadPoolExecutor$Worker.run(ThreadPoolExecutor.java:658)
	at org.apache.tomcat.util.threads.TaskThread$WrappingRunnable.run(TaskThread.java:63)
	at java.base/java.lang.Thread.run(Thread.java:833)
2025-10-16 14:37:46.984 [http-nio-8080-exec-7] WARN  o.s.w.s.m.m.a.ExceptionHandlerExceptionResolver - Resolved [java.lang.IllegalArgumentException: Access Denied: Document with ID 2 does not belong to organization with ID 2]
2025-10-16 14:38:13.902 [http-nio-8080-exec-8] DEBUG org.hibernate.SQL - 
    select
        u1_0.id,
        u1_0.created_at,
        u1_0.email,
        u1_0.full_name,
        u1_0.is_active,
        u1_0.organization_id,
        u1_0.password,
        u1_0.requires_password_change,
        u1_0.role,
        u1_0.updated_at,
        u1_0.username 
    from
        users u1_0 
    where
        u1_0.username=?
2025-10-16 14:38:13.903 [http-nio-8080-exec-8] TRACE org.hibernate.orm.jdbc.bind - binding parameter (1:VARCHAR) <- [Ani]
2025-10-16 14:38:13.906 [http-nio-8080-exec-8] INFO  c.a.p.controller.DocumentController - Request to APPROVE document ID 3 for organization ID 2
2025-10-16 14:38:13.907 [http-nio-8080-exec-8] INFO  c.a.p.service.DocumentServiceImpl - Attempting to approve document ID 3 for organization ID 2
2025-10-16 14:38:13.908 [http-nio-8080-exec-8] DEBUG org.hibernate.SQL - 
    select
        d1_0.id,
        d1_0.cloudinary_public_id,
        d1_0.cloudinary_url,
        d1_0.file_name,
        d1_0.related_entity_id,
        d1_0.related_entity_type,
        d1_0.status,
        d1_0.uploaded_at 
    from
        documents d1_0 
    where
        d1_0.id=?
2025-10-16 14:38:13.908 [http-nio-8080-exec-8] TRACE org.hibernate.orm.jdbc.bind - binding parameter (1:INTEGER) <- [3]
2025-10-16 14:38:13.910 [http-nio-8080-exec-8] INFO  c.a.p.service.DocumentServiceImpl - Document 3 approved successfully.
2025-10-16 14:38:13.911 [http-nio-8080-exec-8] DEBUG org.hibernate.SQL - 
    update
        documents 
    set
        cloudinary_public_id=?,
        cloudinary_url=?,
        file_name=?,
        related_entity_id=?,
        related_entity_type=?,
        status=? 
    where
        id=?
2025-10-16 14:38:13.912 [http-nio-8080-exec-8] TRACE org.hibernate.orm.jdbc.bind - binding parameter (1:VARCHAR) <- [papms/sony/verification_docs/dydr4wl0ghldip4yowbd]
2025-10-16 14:38:13.912 [http-nio-8080-exec-8] TRACE org.hibernate.orm.jdbc.bind - binding parameter (2:VARCHAR) <- [https://res.cloudinary.com/dkiykjjan/image/upload/v1760605474/papms/sony/verification_docs/dydr4wl0ghldip4yowbd.pdf]
2025-10-16 14:38:13.912 [http-nio-8080-exec-8] TRACE org.hibernate.orm.jdbc.bind - binding parameter (3:VARCHAR) <- [invoice-11.pdf]
2025-10-16 14:38:13.912 [http-nio-8080-exec-8] TRACE org.hibernate.orm.jdbc.bind - binding parameter (4:INTEGER) <- [2]
2025-10-16 14:38:13.912 [http-nio-8080-exec-8] TRACE org.hibernate.orm.jdbc.bind - binding parameter (5:ENUM) <- [ORGANIZATION_VERIFICATION]
2025-10-16 14:38:13.912 [http-nio-8080-exec-8] TRACE org.hibernate.orm.jdbc.bind - binding parameter (6:ENUM) <- [Approved]
2025-10-16 14:38:13.912 [http-nio-8080-exec-8] TRACE org.hibernate.orm.jdbc.bind - binding parameter (7:INTEGER) <- [3]
2025-10-16 14:38:13.971 [http-nio-8080-exec-8] INFO  c.a.p.controller.DocumentController - Successfully approved document ID 3. New status: Approved
2025-10-16 14:38:18.917 [http-nio-8080-exec-9] DEBUG org.hibernate.SQL - 
    select
        u1_0.id,
        u1_0.created_at,
        u1_0.email,
        u1_0.full_name,
        u1_0.is_active,
        u1_0.organization_id,
        u1_0.password,
        u1_0.requires_password_change,
        u1_0.role,
        u1_0.updated_at,
        u1_0.username 
    from
        users u1_0 
    where
        u1_0.username=?
2025-10-16 14:38:18.918 [http-nio-8080-exec-9] TRACE org.hibernate.orm.jdbc.bind - binding parameter (1:VARCHAR) <- [Ani]
2025-10-16 14:38:18.921 [http-nio-8080-exec-9] INFO  c.a.p.controller.DocumentController - Request to APPROVE document ID 4 for organization ID 2
2025-10-16 14:38:18.922 [http-nio-8080-exec-9] INFO  c.a.p.service.DocumentServiceImpl - Attempting to approve document ID 4 for organization ID 2
2025-10-16 14:38:18.922 [http-nio-8080-exec-9] DEBUG org.hibernate.SQL - 
    select
        d1_0.id,
        d1_0.cloudinary_public_id,
        d1_0.cloudinary_url,
        d1_0.file_name,
        d1_0.related_entity_id,
        d1_0.related_entity_type,
        d1_0.status,
        d1_0.uploaded_at 
    from
        documents d1_0 
    where
        d1_0.id=?
2025-10-16 14:38:18.922 [http-nio-8080-exec-9] TRACE org.hibernate.orm.jdbc.bind - binding parameter (1:INTEGER) <- [4]
2025-10-16 14:38:18.923 [http-nio-8080-exec-9] INFO  c.a.p.service.DocumentServiceImpl - Document 4 approved successfully.
2025-10-16 14:38:18.924 [http-nio-8080-exec-9] DEBUG org.hibernate.SQL - 
    update
        documents 
    set
        cloudinary_public_id=?,
        cloudinary_url=?,
        file_name=?,
        related_entity_id=?,
        related_entity_type=?,
        status=? 
    where
        id=?
2025-10-16 14:38:18.924 [http-nio-8080-exec-9] TRACE org.hibernate.orm.jdbc.bind - binding parameter (1:VARCHAR) <- [papms/sony/verification_docs/v5e2q960tvavhx4i8jxb]
2025-10-16 14:38:18.924 [http-nio-8080-exec-9] TRACE org.hibernate.orm.jdbc.bind - binding parameter (2:VARCHAR) <- [https://res.cloudinary.com/dkiykjjan/image/upload/v1760605475/papms/sony/verification_docs/v5e2q960tvavhx4i8jxb.pdf]
2025-10-16 14:38:18.924 [http-nio-8080-exec-9] TRACE org.hibernate.orm.jdbc.bind - binding parameter (3:VARCHAR) <- [invoice-1.pdf]
2025-10-16 14:38:18.924 [http-nio-8080-exec-9] TRACE org.hibernate.orm.jdbc.bind - binding parameter (4:INTEGER) <- [2]
2025-10-16 14:38:18.924 [http-nio-8080-exec-9] TRACE org.hibernate.orm.jdbc.bind - binding parameter (5:ENUM) <- [ORGANIZATION_VERIFICATION]
2025-10-16 14:38:18.924 [http-nio-8080-exec-9] TRACE org.hibernate.orm.jdbc.bind - binding parameter (6:ENUM) <- [Approved]
2025-10-16 14:38:18.924 [http-nio-8080-exec-9] TRACE org.hibernate.orm.jdbc.bind - binding parameter (7:INTEGER) <- [4]
2025-10-16 14:38:18.935 [http-nio-8080-exec-9] INFO  c.a.p.controller.DocumentController - Successfully approved document ID 4. New status: Approved
2025-10-16 14:38:28.414 [http-nio-8080-exec-10] DEBUG org.hibernate.SQL - 
    select
        u1_0.id,
        u1_0.created_at,
        u1_0.email,
        u1_0.full_name,
        u1_0.is_active,
        u1_0.organization_id,
        u1_0.password,
        u1_0.requires_password_change,
        u1_0.role,
        u1_0.updated_at,
        u1_0.username 
    from
        users u1_0 
    where
        u1_0.username=?
2025-10-16 14:38:28.415 [http-nio-8080-exec-10] TRACE org.hibernate.orm.jdbc.bind - binding parameter (1:VARCHAR) <- [Ani]
2025-10-16 14:38:28.418 [http-nio-8080-exec-10] INFO  c.a.p.c.OrganizationController - Bank Admin request to APPROVE organization ID: 2
2025-10-16 14:38:28.420 [http-nio-8080-exec-10] DEBUG org.hibernate.SQL - 
    select
        o1_0.id,
        o1_0.address,
        o1_0.bank_assigned_account_number,
        o1_0.company_name,
        o1_0.contact_email,
        o1_0.contact_phone,
        o1_0.created_at,
        o1_0.internal_balance,
        o1_0.logo_url,
        o1_0.rejection_reason,
        o1_0.status,
        o1_0.updated_at,
        e1_0.organization_id,
        e1_0.id,
        e1_0.created_at,
        e1_0.date_of_joining,
        e1_0.department,
        e1_0.employee_code,
        e1_0.is_active,
        e1_0.job_title,
        e1_0.profile_picture_url,
        e1_0.updated_at,
        e1_0.user_id 
    from
        organizations o1_0 
    left join
        employees e1_0 
            on o1_0.id=e1_0.organization_id 
    where
        o1_0.id=?
2025-10-16 14:38:28.420 [http-nio-8080-exec-10] TRACE org.hibernate.orm.jdbc.bind - binding parameter (1:INTEGER) <- [2]
2025-10-16 14:38:28.429 [http-nio-8080-exec-10] ERROR c.a.p.e.GlobalExceptionHandler - Unexpected error
java.lang.IllegalStateException: Organization cannot be approved as its current status is ACTIVE
	at com.aurionpro.papms.service.OrganizationServiceImpl.approveOrganization(OrganizationServiceImpl.java:205)
	at java.base/jdk.internal.reflect.NativeMethodAccessorImpl.invoke0(Native Method)
	at java.base/jdk.internal.reflect.NativeMethodAccessorImpl.invoke(NativeMethodAccessorImpl.java:77)
	at java.base/jdk.internal.reflect.DelegatingMethodAccessorImpl.invoke(DelegatingMethodAccessorImpl.java:43)
	at java.base/java.lang.reflect.Method.invoke(Method.java:568)
	at org.springframework.aop.support.AopUtils.invokeJoinpointUsingReflection(AopUtils.java:360)
	at org.springframework.aop.framework.ReflectiveMethodInvocation.invokeJoinpoint(ReflectiveMethodInvocation.java:196)
	at org.springframework.aop.framework.ReflectiveMethodInvocation.proceed(ReflectiveMethodInvocation.java:163)
	at org.springframework.transaction.interceptor.TransactionAspectSupport.invokeWithinTransaction(TransactionAspectSupport.java:380)
	at org.springframework.transaction.interceptor.TransactionInterceptor.invoke(TransactionInterceptor.java:119)
	at org.springframework.aop.framework.ReflectiveMethodInvocation.proceed(ReflectiveMethodInvocation.java:184)
	at org.springframework.aop.framework.CglibAopProxy$DynamicAdvisedInterceptor.intercept(CglibAopProxy.java:728)
	at com.aurionpro.papms.service.OrganizationServiceImpl$$SpringCGLIB$$0.approveOrganization(<generated>)
	at com.aurionpro.papms.controller.OrganizationController.approveOrganization(OrganizationController.java:128)
	at java.base/jdk.internal.reflect.NativeMethodAccessorImpl.invoke0(Native Method)
	at java.base/jdk.internal.reflect.NativeMethodAccessorImpl.invoke(NativeMethodAccessorImpl.java:77)
	at java.base/jdk.internal.reflect.DelegatingMethodAccessorImpl.invoke(DelegatingMethodAccessorImpl.java:43)
	at java.base/java.lang.reflect.Method.invoke(Method.java:568)
	at org.springframework.aop.support.AopUtils.invokeJoinpointUsingReflection(AopUtils.java:360)
	at org.springframework.aop.framework.ReflectiveMethodInvocation.invokeJoinpoint(ReflectiveMethodInvocation.java:196)
	at org.springframework.aop.framework.ReflectiveMethodInvocation.proceed(ReflectiveMethodInvocation.java:163)
	at org.springframework.security.authorization.method.AuthorizationManagerBeforeMethodInterceptor.proceed(AuthorizationManagerBeforeMethodInterceptor.java:268)
	at org.springframework.security.authorization.method.AuthorizationManagerBeforeMethodInterceptor.attemptAuthorization(AuthorizationManagerBeforeMethodInterceptor.java:263)
	at org.springframework.security.authorization.method.AuthorizationManagerBeforeMethodInterceptor.invoke(AuthorizationManagerBeforeMethodInterceptor.java:196)
	at org.springframework.security.config.annotation.method.configuration.DeferringMethodInterceptor.invoke(DeferringMethodInterceptor.java:44)
	at org.springframework.aop.framework.ReflectiveMethodInvocation.proceed(ReflectiveMethodInvocation.java:184)
	at org.springframework.aop.framework.CglibAopProxy$DynamicAdvisedInterceptor.intercept(CglibAopProxy.java:728)
	at com.aurionpro.papms.controller.OrganizationController$$SpringCGLIB$$0.approveOrganization(<generated>)
	at java.base/jdk.internal.reflect.NativeMethodAccessorImpl.invoke0(Native Method)
	at java.base/jdk.internal.reflect.NativeMethodAccessorImpl.invoke(NativeMethodAccessorImpl.java:77)
	at java.base/jdk.internal.reflect.DelegatingMethodAccessorImpl.invoke(DelegatingMethodAccessorImpl.java:43)
	at java.base/java.lang.reflect.Method.invoke(Method.java:568)
	at org.springframework.web.method.support.InvocableHandlerMethod.doInvoke(InvocableHandlerMethod.java:258)
	at org.springframework.web.method.support.InvocableHandlerMethod.invokeForRequest(InvocableHandlerMethod.java:191)
	at org.springframework.web.servlet.mvc.method.annotation.ServletInvocableHandlerMethod.invokeAndHandle(ServletInvocableHandlerMethod.java:118)
	at org.springframework.web.servlet.mvc.method.annotation.RequestMappingHandlerAdapter.invokeHandlerMethod(RequestMappingHandlerAdapter.java:991)
	at org.springframework.web.servlet.mvc.method.annotation.RequestMappingHandlerAdapter.handleInternal(RequestMappingHandlerAdapter.java:896)
	at org.springframework.web.servlet.mvc.method.AbstractHandlerMethodAdapter.handle(AbstractHandlerMethodAdapter.java:87)
	at org.springframework.web.servlet.DispatcherServlet.doDispatch(DispatcherServlet.java:1089)
	at org.springframework.web.servlet.DispatcherServlet.doService(DispatcherServlet.java:979)
	at org.springframework.web.servlet.FrameworkServlet.processRequest(FrameworkServlet.java:1014)
	at org.springframework.web.servlet.FrameworkServlet.doPut(FrameworkServlet.java:925)
	at jakarta.servlet.http.HttpServlet.service(HttpServlet.java:593)
	at org.springframework.web.servlet.FrameworkServlet.service(FrameworkServlet.java:885)
	at jakarta.servlet.http.HttpServlet.service(HttpServlet.java:658)
	at org.apache.catalina.core.ApplicationFilterChain.internalDoFilter(ApplicationFilterChain.java:195)
	at org.apache.catalina.core.ApplicationFilterChain.doFilter(ApplicationFilterChain.java:140)
	at org.apache.tomcat.websocket.server.WsFilter.doFilter(WsFilter.java:51)
	at org.apache.catalina.core.ApplicationFilterChain.internalDoFilter(ApplicationFilterChain.java:164)
	at org.apache.catalina.core.ApplicationFilterChain.doFilter(ApplicationFilterChain.java:140)
	at org.springframework.web.filter.OncePerRequestFilter.doFilter(OncePerRequestFilter.java:110)
	at org.apache.catalina.core.ApplicationFilterChain.internalDoFilter(ApplicationFilterChain.java:164)
	at org.apache.catalina.core.ApplicationFilterChain.doFilter(ApplicationFilterChain.java:140)
	at org.springframework.web.filter.CompositeFilter$VirtualFilterChain.doFilter(CompositeFilter.java:108)
	at org.springframework.web.filter.CompositeFilter$VirtualFilterChain.doFilter(CompositeFilter.java:108)
	at org.springframework.security.web.FilterChainProxy.lambda$doFilterInternal$3(FilterChainProxy.java:231)
	at org.springframework.security.web.FilterChainProxy$VirtualFilterChain.doFilter(FilterChainProxy.java:365)
	at org.springframework.security.web.access.intercept.AuthorizationFilter.doFilter(AuthorizationFilter.java:101)
	at org.springframework.security.web.FilterChainProxy$VirtualFilterChain.doFilter(FilterChainProxy.java:374)
	at org.springframework.security.web.access.ExceptionTranslationFilter.doFilter(ExceptionTranslationFilter.java:125)
	at org.springframework.security.web.access.ExceptionTranslationFilter.doFilter(ExceptionTranslationFilter.java:119)
	at org.springframework.security.web.FilterChainProxy$VirtualFilterChain.doFilter(FilterChainProxy.java:374)
	at org.springframework.security.web.session.SessionManagementFilter.doFilter(SessionManagementFilter.java:131)
	at org.springframework.security.web.session.SessionManagementFilter.doFilter(SessionManagementFilter.java:85)
	at org.springframework.security.web.FilterChainProxy$VirtualFilterChain.doFilter(FilterChainProxy.java:374)
	at org.springframework.security.web.authentication.AnonymousAuthenticationFilter.doFilter(AnonymousAuthenticationFilter.java:100)
	at org.springframework.security.web.FilterChainProxy$VirtualFilterChain.doFilter(FilterChainProxy.java:374)
	at org.springframework.security.web.servletapi.SecurityContextHolderAwareRequestFilter.doFilter(SecurityContextHolderAwareRequestFilter.java:179)
	at org.springframework.security.web.FilterChainProxy$VirtualFilterChain.doFilter(FilterChainProxy.java:374)
	at org.springframework.security.web.savedrequest.RequestCacheAwareFilter.doFilter(RequestCacheAwareFilter.java:63)
	at org.springframework.security.web.FilterChainProxy$VirtualFilterChain.doFilter(FilterChainProxy.java:374)
	at com.aurionpro.papms.security.filter.JwtAuthFilter.doFilterInternal(JwtAuthFilter.java:71)
	at org.springframework.web.filter.OncePerRequestFilter.doFilter(OncePerRequestFilter.java:116)
	at org.springframework.security.web.FilterChainProxy$VirtualFilterChain.doFilter(FilterChainProxy.java:374)
	at org.springframework.security.web.authentication.logout.LogoutFilter.doFilter(LogoutFilter.java:107)
	at org.springframework.security.web.authentication.logout.LogoutFilter.doFilter(LogoutFilter.java:93)
	at org.springframework.security.web.FilterChainProxy$VirtualFilterChain.doFilter(FilterChainProxy.java:374)
	at org.springframework.web.filter.CorsFilter.doFilterInternal(CorsFilter.java:91)
	at org.springframework.web.filter.OncePerRequestFilter.doFilter(OncePerRequestFilter.java:116)
	at org.springframework.security.web.FilterChainProxy$VirtualFilterChain.doFilter(FilterChainProxy.java:374)
	at org.springframework.security.web.header.HeaderWriterFilter.doHeadersAfter(HeaderWriterFilter.java:90)
	at org.springframework.security.web.header.HeaderWriterFilter.doFilterInternal(HeaderWriterFilter.java:75)
	at org.springframework.web.filter.OncePerRequestFilter.doFilter(OncePerRequestFilter.java:116)
	at org.springframework.security.web.FilterChainProxy$VirtualFilterChain.doFilter(FilterChainProxy.java:374)
	at org.springframework.security.web.context.SecurityContextHolderFilter.doFilter(SecurityContextHolderFilter.java:82)
	at org.springframework.security.web.context.SecurityContextHolderFilter.doFilter(SecurityContextHolderFilter.java:69)
	at org.springframework.security.web.FilterChainProxy$VirtualFilterChain.doFilter(FilterChainProxy.java:374)
	at org.springframework.security.web.context.request.async.WebAsyncManagerIntegrationFilter.doFilterInternal(WebAsyncManagerIntegrationFilter.java:62)
	at org.springframework.web.filter.OncePerRequestFilter.doFilter(OncePerRequestFilter.java:116)
	at org.springframework.security.web.FilterChainProxy$VirtualFilterChain.doFilter(FilterChainProxy.java:374)
	at org.springframework.security.web.session.DisableEncodeUrlFilter.doFilterInternal(DisableEncodeUrlFilter.java:42)
	at org.springframework.web.filter.OncePerRequestFilter.doFilter(OncePerRequestFilter.java:116)
	at org.springframework.security.web.FilterChainProxy$VirtualFilterChain.doFilter(FilterChainProxy.java:374)
	at org.springframework.security.web.FilterChainProxy.doFilterInternal(FilterChainProxy.java:233)
	at org.springframework.security.web.FilterChainProxy.doFilter(FilterChainProxy.java:191)
	at org.springframework.web.filter.CompositeFilter$VirtualFilterChain.doFilter(CompositeFilter.java:113)
	at org.springframework.web.filter.ServletRequestPathFilter.doFilter(ServletRequestPathFilter.java:52)
	at org.springframework.web.filter.CompositeFilter$VirtualFilterChain.doFilter(CompositeFilter.java:113)
	at org.springframework.web.filter.CompositeFilter.doFilter(CompositeFilter.java:74)
	at org.springframework.security.config.annotation.web.configuration.WebSecurityConfiguration$CompositeFilterChainProxy.doFilter(WebSecurityConfiguration.java:319)
	at org.springframework.web.filter.CompositeFilter$VirtualFilterChain.doFilter(CompositeFilter.java:113)
	at org.springframework.web.servlet.handler.HandlerMappingIntrospector.lambda$createCacheFilter$4(HandlerMappingIntrospector.java:267)
	at org.springframework.web.filter.CompositeFilter$VirtualFilterChain.doFilter(CompositeFilter.java:113)
	at org.springframework.web.filter.CompositeFilter.doFilter(CompositeFilter.java:74)
	at org.springframework.security.config.annotation.web.configuration.WebMvcSecurityConfiguration$CompositeFilterChainProxy.doFilter(WebMvcSecurityConfiguration.java:240)
	at org.springframework.web.filter.DelegatingFilterProxy.invokeDelegate(DelegatingFilterProxy.java:362)
	at org.springframework.web.filter.DelegatingFilterProxy.doFilter(DelegatingFilterProxy.java:278)
	at org.apache.catalina.core.ApplicationFilterChain.internalDoFilter(ApplicationFilterChain.java:164)
	at org.apache.catalina.core.ApplicationFilterChain.doFilter(ApplicationFilterChain.java:140)
	at org.springframework.web.filter.RequestContextFilter.doFilterInternal(RequestContextFilter.java:100)
	at org.springframework.web.filter.OncePerRequestFilter.doFilter(OncePerRequestFilter.java:116)
	at org.apache.catalina.core.ApplicationFilterChain.internalDoFilter(ApplicationFilterChain.java:164)
	at org.apache.catalina.core.ApplicationFilterChain.doFilter(ApplicationFilterChain.java:140)
	at org.springframework.web.filter.FormContentFilter.doFilterInternal(FormContentFilter.java:93)
	at org.springframework.web.filter.OncePerRequestFilter.doFilter(OncePerRequestFilter.java:116)
	at org.apache.catalina.core.ApplicationFilterChain.internalDoFilter(ApplicationFilterChain.java:164)
	at org.apache.catalina.core.ApplicationFilterChain.doFilter(ApplicationFilterChain.java:140)
	at org.springframework.web.filter.CharacterEncodingFilter.doFilterInternal(CharacterEncodingFilter.java:201)
	at org.springframework.web.filter.OncePerRequestFilter.doFilter(OncePerRequestFilter.java:116)
	at org.apache.catalina.core.ApplicationFilterChain.internalDoFilter(ApplicationFilterChain.java:164)
	at org.apache.catalina.core.ApplicationFilterChain.doFilter(ApplicationFilterChain.java:140)
	at org.apache.catalina.core.StandardWrapperValve.invoke(StandardWrapperValve.java:167)
	at org.apache.catalina.core.StandardContextValve.invoke(StandardContextValve.java:90)
	at org.apache.catalina.authenticator.AuthenticatorBase.invoke(AuthenticatorBase.java:483)
	at org.apache.catalina.core.StandardHostValve.invoke(StandardHostValve.java:116)
	at org.apache.catalina.valves.ErrorReportValve.invoke(ErrorReportValve.java:93)
	at org.apache.catalina.core.StandardEngineValve.invoke(StandardEngineValve.java:74)
	at org.apache.catalina.connector.CoyoteAdapter.service(CoyoteAdapter.java:344)
	at org.apache.coyote.http11.Http11Processor.service(Http11Processor.java:398)
	at org.apache.coyote.AbstractProcessorLight.process(AbstractProcessorLight.java:63)
	at org.apache.coyote.AbstractProtocol$ConnectionHandler.process(AbstractProtocol.java:903)
	at org.apache.tomcat.util.net.NioEndpoint$SocketProcessor.doRun(NioEndpoint.java:1769)
	at org.apache.tomcat.util.net.SocketProcessorBase.run(SocketProcessorBase.java:52)
	at org.apache.tomcat.util.threads.ThreadPoolExecutor.runWorker(ThreadPoolExecutor.java:1189)
	at org.apache.tomcat.util.threads.ThreadPoolExecutor$Worker.run(ThreadPoolExecutor.java:658)
	at org.apache.tomcat.util.threads.TaskThread$WrappingRunnable.run(TaskThread.java:63)
	at java.base/java.lang.Thread.run(Thread.java:833)
2025-10-16 14:38:28.431 [http-nio-8080-exec-10] WARN  o.s.w.s.m.m.a.ExceptionHandlerExceptionResolver - Resolved [java.lang.IllegalStateException: Organization cannot be approved as its current status is ACTIVE]
2025-10-16 14:40:43.996 [http-nio-8080-exec-1] DEBUG org.hibernate.SQL - 
    select
        u1_0.id,
        u1_0.created_at,
        u1_0.email,
        u1_0.full_name,
        u1_0.is_active,
        u1_0.organization_id,
        u1_0.password,
        u1_0.requires_password_change,
        u1_0.role,
        u1_0.updated_at,
        u1_0.username 
    from
        users u1_0 
    where
        u1_0.username=?
2025-10-16 14:40:43.996 [http-nio-8080-exec-1] TRACE org.hibernate.orm.jdbc.bind - binding parameter (1:VARCHAR) <- [Ani]
2025-10-16 14:40:44.005 [http-nio-8080-exec-1] INFO  c.a.p.c.OrganizationController - Request to get organizations with pagination: Page request [number: 0, size 20, sort: UNSORTED] and status filter: ACTIVE
2025-10-16 14:40:44.009 [http-nio-8080-exec-1] DEBUG org.hibernate.SQL - 
    select
        o1_0.id,
        o1_0.address,
        o1_0.bank_assigned_account_number,
        o1_0.company_name,
        o1_0.contact_email,
        o1_0.contact_phone,
        o1_0.created_at,
        o1_0.internal_balance,
        o1_0.logo_url,
        o1_0.rejection_reason,
        o1_0.status,
        o1_0.updated_at 
    from
        organizations o1_0 
    where
        o1_0.status=? 
    limit
        ?
2025-10-16 14:40:44.009 [http-nio-8080-exec-1] TRACE org.hibernate.orm.jdbc.bind - binding parameter (1:ENUM) <- [ACTIVE]
2025-10-16 14:40:44.009 [http-nio-8080-exec-1] TRACE org.hibernate.orm.jdbc.bind - binding parameter (2:INTEGER) <- [20]
2025-10-16 14:40:44.010 [http-nio-8080-exec-1] DEBUG org.hibernate.SQL - 
    select
        e1_0.organization_id,
        e1_0.id,
        e1_0.created_at,
        e1_0.date_of_joining,
        e1_0.department,
        e1_0.employee_code,
        e1_0.is_active,
        e1_0.job_title,
        e1_0.profile_picture_url,
        e1_0.updated_at,
        e1_0.user_id 
    from
        employees e1_0 
    where
        e1_0.organization_id=?
2025-10-16 14:40:44.010 [http-nio-8080-exec-1] TRACE org.hibernate.orm.jdbc.bind - binding parameter (1:INTEGER) <- [2]
2025-10-16 14:40:44.012 [http-nio-8080-exec-1] DEBUG org.hibernate.SQL - 
    select
        e1_0.organization_id,
        e1_0.id,
        e1_0.created_at,
        e1_0.date_of_joining,
        e1_0.department,
        e1_0.employee_code,
        e1_0.is_active,
        e1_0.job_title,
        e1_0.profile_picture_url,
        e1_0.updated_at,
        e1_0.user_id 
    from
        employees e1_0 
    where
        e1_0.organization_id=?
2025-10-16 14:40:44.012 [http-nio-8080-exec-1] TRACE org.hibernate.orm.jdbc.bind - binding parameter (1:INTEGER) <- [1]
2025-10-16 14:40:44.018 [http-nio-8080-exec-1] DEBUG org.hibernate.SQL - 
    select
        ba1_0.id,
        ba1_0.account_holder_name,
        ba1_0.account_number,
        ba1_0.bank_name,
        ba1_0.created_at,
        ba1_0.employee_id,
        ba1_0.ifsc_code,
        ba1_0.is_primary,
        ba1_0.owner_type,
        ba1_0.updated_at,
        ba1_0.vendor_id 
    from
        bank_accounts ba1_0 
    where
        ba1_0.employee_id=?
2025-10-16 14:40:44.018 [http-nio-8080-exec-1] TRACE org.hibernate.orm.jdbc.bind - binding parameter (1:BIGINT) <- [1]
2025-10-16 14:40:44.023 [http-nio-8080-exec-1] DEBUG org.hibernate.SQL - 
    select
        ba1_0.id,
        ba1_0.account_holder_name,
        ba1_0.account_number,
        ba1_0.bank_name,
        ba1_0.created_at,
        ba1_0.employee_id,
        ba1_0.ifsc_code,
        ba1_0.is_primary,
        ba1_0.owner_type,
        ba1_0.updated_at,
        ba1_0.vendor_id 
    from
        bank_accounts ba1_0 
    where
        ba1_0.employee_id=?
2025-10-16 14:40:44.024 [http-nio-8080-exec-1] TRACE org.hibernate.orm.jdbc.bind - binding parameter (1:BIGINT) <- [2]
2025-10-16 14:40:44.025 [http-nio-8080-exec-1] DEBUG org.hibernate.SQL - 
    select
        ba1_0.id,
        ba1_0.account_holder_name,
        ba1_0.account_number,
        ba1_0.bank_name,
        ba1_0.created_at,
        ba1_0.employee_id,
        ba1_0.ifsc_code,
        ba1_0.is_primary,
        ba1_0.owner_type,
        ba1_0.updated_at,
        ba1_0.vendor_id 
    from
        bank_accounts ba1_0 
    where
        ba1_0.employee_id=?
2025-10-16 14:40:44.025 [http-nio-8080-exec-1] TRACE org.hibernate.orm.jdbc.bind - binding parameter (1:BIGINT) <- [3]
2025-10-16 14:40:44.026 [http-nio-8080-exec-1] DEBUG org.hibernate.SQL - 
    select
        ba1_0.id,
        ba1_0.account_holder_name,
        ba1_0.account_number,
        ba1_0.bank_name,
        ba1_0.created_at,
        ba1_0.employee_id,
        ba1_0.ifsc_code,
        ba1_0.is_primary,
        ba1_0.owner_type,
        ba1_0.updated_at,
        ba1_0.vendor_id 
    from
        bank_accounts ba1_0 
    where
        ba1_0.employee_id=?
2025-10-16 14:40:44.026 [http-nio-8080-exec-1] TRACE org.hibernate.orm.jdbc.bind - binding parameter (1:BIGINT) <- [4]
2025-10-16 14:40:44.027 [http-nio-8080-exec-1] DEBUG org.hibernate.SQL - 
    select
        ba1_0.id,
        ba1_0.account_holder_name,
        ba1_0.account_number,
        ba1_0.bank_name,
        ba1_0.created_at,
        ba1_0.employee_id,
        ba1_0.ifsc_code,
        ba1_0.is_primary,
        ba1_0.owner_type,
        ba1_0.updated_at,
        ba1_0.vendor_id 
    from
        bank_accounts ba1_0 
    where
        ba1_0.employee_id=?
2025-10-16 14:40:44.027 [http-nio-8080-exec-1] TRACE org.hibernate.orm.jdbc.bind - binding parameter (1:BIGINT) <- [5]
2025-10-16 14:40:44.028 [http-nio-8080-exec-1] DEBUG org.hibernate.SQL - 
    select
        ba1_0.id,
        ba1_0.account_holder_name,
        ba1_0.account_number,
        ba1_0.bank_name,
        ba1_0.created_at,
        ba1_0.employee_id,
        ba1_0.ifsc_code,
        ba1_0.is_primary,
        ba1_0.owner_type,
        ba1_0.updated_at,
        ba1_0.vendor_id 
    from
        bank_accounts ba1_0 
    where
        ba1_0.employee_id=?
2025-10-16 14:40:44.028 [http-nio-8080-exec-1] TRACE org.hibernate.orm.jdbc.bind - binding parameter (1:BIGINT) <- [6]
2025-10-16 14:40:44.030 [http-nio-8080-exec-1] DEBUG org.hibernate.SQL - 
    select
        ba1_0.id,
        ba1_0.account_holder_name,
        ba1_0.account_number,
        ba1_0.bank_name,
        ba1_0.created_at,
        ba1_0.employee_id,
        ba1_0.ifsc_code,
        ba1_0.is_primary,
        ba1_0.owner_type,
        ba1_0.updated_at,
        ba1_0.vendor_id 
    from
        bank_accounts ba1_0 
    where
        ba1_0.employee_id=?
2025-10-16 14:40:44.030 [http-nio-8080-exec-1] TRACE org.hibernate.orm.jdbc.bind - binding parameter (1:BIGINT) <- [7]
2025-10-16 14:40:44.031 [http-nio-8080-exec-1] DEBUG org.hibernate.SQL - 
    select
        ba1_0.id,
        ba1_0.account_holder_name,
        ba1_0.account_number,
        ba1_0.bank_name,
        ba1_0.created_at,
        ba1_0.employee_id,
        ba1_0.ifsc_code,
        ba1_0.is_primary,
        ba1_0.owner_type,
        ba1_0.updated_at,
        ba1_0.vendor_id 
    from
        bank_accounts ba1_0 
    where
        ba1_0.employee_id=?
2025-10-16 14:40:44.031 [http-nio-8080-exec-1] TRACE org.hibernate.orm.jdbc.bind - binding parameter (1:BIGINT) <- [8]
2025-10-16 14:40:44.032 [http-nio-8080-exec-1] DEBUG org.hibernate.SQL - 
    select
        ba1_0.id,
        ba1_0.account_holder_name,
        ba1_0.account_number,
        ba1_0.bank_name,
        ba1_0.created_at,
        ba1_0.employee_id,
        ba1_0.ifsc_code,
        ba1_0.is_primary,
        ba1_0.owner_type,
        ba1_0.updated_at,
        ba1_0.vendor_id 
    from
        bank_accounts ba1_0 
    where
        ba1_0.employee_id=?
2025-10-16 14:40:44.033 [http-nio-8080-exec-1] TRACE org.hibernate.orm.jdbc.bind - binding parameter (1:BIGINT) <- [9]
2025-10-16 14:40:44.034 [http-nio-8080-exec-1] DEBUG org.hibernate.SQL - 
    select
        ba1_0.id,
        ba1_0.account_holder_name,
        ba1_0.account_number,
        ba1_0.bank_name,
        ba1_0.created_at,
        ba1_0.employee_id,
        ba1_0.ifsc_code,
        ba1_0.is_primary,
        ba1_0.owner_type,
        ba1_0.updated_at,
        ba1_0.vendor_id 
    from
        bank_accounts ba1_0 
    where
        ba1_0.employee_id=?
2025-10-16 14:40:44.034 [http-nio-8080-exec-1] TRACE org.hibernate.orm.jdbc.bind - binding parameter (1:BIGINT) <- [10]
2025-10-16 14:40:44.036 [http-nio-8080-exec-1] DEBUG org.hibernate.SQL - 
    select
        ba1_0.id,
        ba1_0.account_holder_name,
        ba1_0.account_number,
        ba1_0.bank_name,
        ba1_0.created_at,
        ba1_0.employee_id,
        ba1_0.ifsc_code,
        ba1_0.is_primary,
        ba1_0.owner_type,
        ba1_0.updated_at,
        ba1_0.vendor_id 
    from
        bank_accounts ba1_0 
    where
        ba1_0.employee_id=?
2025-10-16 14:40:44.037 [http-nio-8080-exec-1] TRACE org.hibernate.orm.jdbc.bind - binding parameter (1:BIGINT) <- [11]
2025-10-16 14:40:44.037 [http-nio-8080-exec-1] DEBUG org.hibernate.SQL - 
    select
        ba1_0.id,
        ba1_0.account_holder_name,
        ba1_0.account_number,
        ba1_0.bank_name,
        ba1_0.created_at,
        ba1_0.employee_id,
        ba1_0.ifsc_code,
        ba1_0.is_primary,
        ba1_0.owner_type,
        ba1_0.updated_at,
        ba1_0.vendor_id 
    from
        bank_accounts ba1_0 
    where
        ba1_0.employee_id=?
2025-10-16 14:40:44.038 [http-nio-8080-exec-1] TRACE org.hibernate.orm.jdbc.bind - binding parameter (1:BIGINT) <- [12]
2025-10-16 14:40:44.039 [http-nio-8080-exec-1] DEBUG org.hibernate.SQL - 
    select
        ba1_0.id,
        ba1_0.account_holder_name,
        ba1_0.account_number,
        ba1_0.bank_name,
        ba1_0.created_at,
        ba1_0.employee_id,
        ba1_0.ifsc_code,
        ba1_0.is_primary,
        ba1_0.owner_type,
        ba1_0.updated_at,
        ba1_0.vendor_id 
    from
        bank_accounts ba1_0 
    where
        ba1_0.employee_id=?
2025-10-16 14:40:44.039 [http-nio-8080-exec-1] TRACE org.hibernate.orm.jdbc.bind - binding parameter (1:BIGINT) <- [13]
2025-10-16 14:40:44.040 [http-nio-8080-exec-1] DEBUG org.hibernate.SQL - 
    select
        ba1_0.id,
        ba1_0.account_holder_name,
        ba1_0.account_number,
        ba1_0.bank_name,
        ba1_0.created_at,
        ba1_0.employee_id,
        ba1_0.ifsc_code,
        ba1_0.is_primary,
        ba1_0.owner_type,
        ba1_0.updated_at,
        ba1_0.vendor_id 
    from
        bank_accounts ba1_0 
    where
        ba1_0.employee_id=?
2025-10-16 14:40:44.040 [http-nio-8080-exec-1] TRACE org.hibernate.orm.jdbc.bind - binding parameter (1:BIGINT) <- [14]
2025-10-16 14:40:44.041 [http-nio-8080-exec-1] DEBUG org.hibernate.SQL - 
    select
        ba1_0.id,
        ba1_0.account_holder_name,
        ba1_0.account_number,
        ba1_0.bank_name,
        ba1_0.created_at,
        ba1_0.employee_id,
        ba1_0.ifsc_code,
        ba1_0.is_primary,
        ba1_0.owner_type,
        ba1_0.updated_at,
        ba1_0.vendor_id 
    from
        bank_accounts ba1_0 
    where
        ba1_0.employee_id=?
2025-10-16 14:40:44.041 [http-nio-8080-exec-1] TRACE org.hibernate.orm.jdbc.bind - binding parameter (1:BIGINT) <- [15]
2025-10-16 14:40:44.043 [http-nio-8080-exec-1] DEBUG org.hibernate.SQL - 
    select
        ba1_0.id,
        ba1_0.account_holder_name,
        ba1_0.account_number,
        ba1_0.bank_name,
        ba1_0.created_at,
        ba1_0.employee_id,
        ba1_0.ifsc_code,
        ba1_0.is_primary,
        ba1_0.owner_type,
        ba1_0.updated_at,
        ba1_0.vendor_id 
    from
        bank_accounts ba1_0 
    where
        ba1_0.employee_id=?
2025-10-16 14:40:44.043 [http-nio-8080-exec-1] TRACE org.hibernate.orm.jdbc.bind - binding parameter (1:BIGINT) <- [16]
2025-10-16 14:40:44.046 [http-nio-8080-exec-1] DEBUG org.hibernate.SQL - 
    select
        ba1_0.id,
        ba1_0.account_holder_name,
        ba1_0.account_number,
        ba1_0.bank_name,
        ba1_0.created_at,
        ba1_0.employee_id,
        ba1_0.ifsc_code,
        ba1_0.is_primary,
        ba1_0.owner_type,
        ba1_0.updated_at,
        ba1_0.vendor_id 
    from
        bank_accounts ba1_0 
    where
        ba1_0.employee_id=?
2025-10-16 14:40:44.046 [http-nio-8080-exec-1] TRACE org.hibernate.orm.jdbc.bind - binding parameter (1:BIGINT) <- [17]
2025-10-16 14:40:44.047 [http-nio-8080-exec-1] DEBUG org.hibernate.SQL - 
    select
        ba1_0.id,
        ba1_0.account_holder_name,
        ba1_0.account_number,
        ba1_0.bank_name,
        ba1_0.created_at,
        ba1_0.employee_id,
        ba1_0.ifsc_code,
        ba1_0.is_primary,
        ba1_0.owner_type,
        ba1_0.updated_at,
        ba1_0.vendor_id 
    from
        bank_accounts ba1_0 
    where
        ba1_0.employee_id=?
2025-10-16 14:40:44.047 [http-nio-8080-exec-1] TRACE org.hibernate.orm.jdbc.bind - binding parameter (1:BIGINT) <- [18]
2025-10-16 14:40:44.048 [http-nio-8080-exec-1] DEBUG org.hibernate.SQL - 
    select
        ba1_0.id,
        ba1_0.account_holder_name,
        ba1_0.account_number,
        ba1_0.bank_name,
        ba1_0.created_at,
        ba1_0.employee_id,
        ba1_0.ifsc_code,
        ba1_0.is_primary,
        ba1_0.owner_type,
        ba1_0.updated_at,
        ba1_0.vendor_id 
    from
        bank_accounts ba1_0 
    where
        ba1_0.employee_id=?
2025-10-16 14:40:44.048 [http-nio-8080-exec-1] TRACE org.hibernate.orm.jdbc.bind - binding parameter (1:BIGINT) <- [19]
2025-10-16 14:40:44.050 [http-nio-8080-exec-1] DEBUG org.hibernate.SQL - 
    select
        ba1_0.id,
        ba1_0.account_holder_name,
        ba1_0.account_number,
        ba1_0.bank_name,
        ba1_0.created_at,
        ba1_0.employee_id,
        ba1_0.ifsc_code,
        ba1_0.is_primary,
        ba1_0.owner_type,
        ba1_0.updated_at,
        ba1_0.vendor_id 
    from
        bank_accounts ba1_0 
    where
        ba1_0.employee_id=?
2025-10-16 14:40:44.051 [http-nio-8080-exec-1] TRACE org.hibernate.orm.jdbc.bind - binding parameter (1:BIGINT) <- [20]
2025-10-16 14:40:44.052 [http-nio-8080-exec-1] DEBUG org.hibernate.SQL - 
    select
        ba1_0.id,
        ba1_0.account_holder_name,
        ba1_0.account_number,
        ba1_0.bank_name,
        ba1_0.created_at,
        ba1_0.employee_id,
        ba1_0.ifsc_code,
        ba1_0.is_primary,
        ba1_0.owner_type,
        ba1_0.updated_at,
        ba1_0.vendor_id 
    from
        bank_accounts ba1_0 
    where
        ba1_0.employee_id=?
2025-10-16 14:40:44.052 [http-nio-8080-exec-1] TRACE org.hibernate.orm.jdbc.bind - binding parameter (1:BIGINT) <- [21]
2025-10-16 14:40:44.053 [http-nio-8080-exec-1] DEBUG org.hibernate.SQL - 
    select
        ba1_0.id,
        ba1_0.account_holder_name,
        ba1_0.account_number,
        ba1_0.bank_name,
        ba1_0.created_at,
        ba1_0.employee_id,
        ba1_0.ifsc_code,
        ba1_0.is_primary,
        ba1_0.owner_type,
        ba1_0.updated_at,
        ba1_0.vendor_id 
    from
        bank_accounts ba1_0 
    where
        ba1_0.employee_id=?
2025-10-16 14:40:44.053 [http-nio-8080-exec-1] TRACE org.hibernate.orm.jdbc.bind - binding parameter (1:BIGINT) <- [22]
2025-10-16 14:40:44.054 [http-nio-8080-exec-1] DEBUG org.hibernate.SQL - 
    select
        ba1_0.id,
        ba1_0.account_holder_name,
        ba1_0.account_number,
        ba1_0.bank_name,
        ba1_0.created_at,
        ba1_0.employee_id,
        ba1_0.ifsc_code,
        ba1_0.is_primary,
        ba1_0.owner_type,
        ba1_0.updated_at,
        ba1_0.vendor_id 
    from
        bank_accounts ba1_0 
    where
        ba1_0.employee_id=?
2025-10-16 14:40:44.054 [http-nio-8080-exec-1] TRACE org.hibernate.orm.jdbc.bind - binding parameter (1:BIGINT) <- [23]
2025-10-16 14:40:44.054 [http-nio-8080-exec-1] DEBUG org.hibernate.SQL - 
    select
        ba1_0.id,
        ba1_0.account_holder_name,
        ba1_0.account_number,
        ba1_0.bank_name,
        ba1_0.created_at,
        ba1_0.employee_id,
        ba1_0.ifsc_code,
        ba1_0.is_primary,
        ba1_0.owner_type,
        ba1_0.updated_at,
        ba1_0.vendor_id 
    from
        bank_accounts ba1_0 
    where
        ba1_0.employee_id=?
2025-10-16 14:40:44.055 [http-nio-8080-exec-1] TRACE org.hibernate.orm.jdbc.bind - binding parameter (1:BIGINT) <- [24]
2025-10-16 14:40:44.055 [http-nio-8080-exec-1] DEBUG org.hibernate.SQL - 
    select
        ba1_0.id,
        ba1_0.account_holder_name,
        ba1_0.account_number,
        ba1_0.bank_name,
        ba1_0.created_at,
        ba1_0.employee_id,
        ba1_0.ifsc_code,
        ba1_0.is_primary,
        ba1_0.owner_type,
        ba1_0.updated_at,
        ba1_0.vendor_id 
    from
        bank_accounts ba1_0 
    where
        ba1_0.employee_id=?
2025-10-16 14:40:44.056 [http-nio-8080-exec-1] TRACE org.hibernate.orm.jdbc.bind - binding parameter (1:BIGINT) <- [25]
2025-10-16 14:40:44.057 [http-nio-8080-exec-1] DEBUG org.hibernate.SQL - 
    select
        ba1_0.id,
        ba1_0.account_holder_name,
        ba1_0.account_number,
        ba1_0.bank_name,
        ba1_0.created_at,
        ba1_0.employee_id,
        ba1_0.ifsc_code,
        ba1_0.is_primary,
        ba1_0.owner_type,
        ba1_0.updated_at,
        ba1_0.vendor_id 
    from
        bank_accounts ba1_0 
    where
        ba1_0.employee_id=?
2025-10-16 14:40:44.057 [http-nio-8080-exec-1] TRACE org.hibernate.orm.jdbc.bind - binding parameter (1:BIGINT) <- [26]
2025-10-16 14:40:44.058 [http-nio-8080-exec-1] DEBUG org.hibernate.SQL - 
    select
        ba1_0.id,
        ba1_0.account_holder_name,
        ba1_0.account_number,
        ba1_0.bank_name,
        ba1_0.created_at,
        ba1_0.employee_id,
        ba1_0.ifsc_code,
        ba1_0.is_primary,
        ba1_0.owner_type,
        ba1_0.updated_at,
        ba1_0.vendor_id 
    from
        bank_accounts ba1_0 
    where
        ba1_0.employee_id=?
2025-10-16 14:40:44.058 [http-nio-8080-exec-1] TRACE org.hibernate.orm.jdbc.bind - binding parameter (1:BIGINT) <- [27]
2025-10-16 14:40:44.059 [http-nio-8080-exec-1] DEBUG org.hibernate.SQL - 
    select
        ba1_0.id,
        ba1_0.account_holder_name,
        ba1_0.account_number,
        ba1_0.bank_name,
        ba1_0.created_at,
        ba1_0.employee_id,
        ba1_0.ifsc_code,
        ba1_0.is_primary,
        ba1_0.owner_type,
        ba1_0.updated_at,
        ba1_0.vendor_id 
    from
        bank_accounts ba1_0 
    where
        ba1_0.employee_id=?
2025-10-16 14:40:44.060 [http-nio-8080-exec-1] TRACE org.hibernate.orm.jdbc.bind - binding parameter (1:BIGINT) <- [28]
2025-10-16 14:40:44.061 [http-nio-8080-exec-1] DEBUG org.hibernate.SQL - 
    select
        ba1_0.id,
        ba1_0.account_holder_name,
        ba1_0.account_number,
        ba1_0.bank_name,
        ba1_0.created_at,
        ba1_0.employee_id,
        ba1_0.ifsc_code,
        ba1_0.is_primary,
        ba1_0.owner_type,
        ba1_0.updated_at,
        ba1_0.vendor_id 
    from
        bank_accounts ba1_0 
    where
        ba1_0.employee_id=?
2025-10-16 14:40:44.061 [http-nio-8080-exec-1] TRACE org.hibernate.orm.jdbc.bind - binding parameter (1:BIGINT) <- [29]
2025-10-16 14:40:44.062 [http-nio-8080-exec-1] DEBUG org.hibernate.SQL - 
    select
        ba1_0.id,
        ba1_0.account_holder_name,
        ba1_0.account_number,
        ba1_0.bank_name,
        ba1_0.created_at,
        ba1_0.employee_id,
        ba1_0.ifsc_code,
        ba1_0.is_primary,
        ba1_0.owner_type,
        ba1_0.updated_at,
        ba1_0.vendor_id 
    from
        bank_accounts ba1_0 
    where
        ba1_0.employee_id=?
2025-10-16 14:40:44.062 [http-nio-8080-exec-1] TRACE org.hibernate.orm.jdbc.bind - binding parameter (1:BIGINT) <- [30]
2025-10-16 14:40:44.063 [http-nio-8080-exec-1] DEBUG org.hibernate.SQL - 
    select
        ba1_0.id,
        ba1_0.account_holder_name,
        ba1_0.account_number,
        ba1_0.bank_name,
        ba1_0.created_at,
        ba1_0.employee_id,
        ba1_0.ifsc_code,
        ba1_0.is_primary,
        ba1_0.owner_type,
        ba1_0.updated_at,
        ba1_0.vendor_id 
    from
        bank_accounts ba1_0 
    where
        ba1_0.employee_id=?
2025-10-16 14:40:44.063 [http-nio-8080-exec-1] TRACE org.hibernate.orm.jdbc.bind - binding parameter (1:BIGINT) <- [31]
2025-10-16 14:40:44.064 [http-nio-8080-exec-1] DEBUG org.hibernate.SQL - 
    select
        ba1_0.id,
        ba1_0.account_holder_name,
        ba1_0.account_number,
        ba1_0.bank_name,
        ba1_0.created_at,
        ba1_0.employee_id,
        ba1_0.ifsc_code,
        ba1_0.is_primary,
        ba1_0.owner_type,
        ba1_0.updated_at,
        ba1_0.vendor_id 
    from
        bank_accounts ba1_0 
    where
        ba1_0.employee_id=?
2025-10-16 14:40:44.064 [http-nio-8080-exec-1] TRACE org.hibernate.orm.jdbc.bind - binding parameter (1:BIGINT) <- [32]
2025-10-16 14:40:44.066 [http-nio-8080-exec-1] DEBUG org.hibernate.SQL - 
    select
        ba1_0.id,
        ba1_0.account_holder_name,
        ba1_0.account_number,
        ba1_0.bank_name,
        ba1_0.created_at,
        ba1_0.employee_id,
        ba1_0.ifsc_code,
        ba1_0.is_primary,
        ba1_0.owner_type,
        ba1_0.updated_at,
        ba1_0.vendor_id 
    from
        bank_accounts ba1_0 
    where
        ba1_0.employee_id=?
2025-10-16 14:40:44.066 [http-nio-8080-exec-1] TRACE org.hibernate.orm.jdbc.bind - binding parameter (1:BIGINT) <- [33]
2025-10-16 14:40:44.067 [http-nio-8080-exec-1] DEBUG org.hibernate.SQL - 
    select
        ba1_0.id,
        ba1_0.account_holder_name,
        ba1_0.account_number,
        ba1_0.bank_name,
        ba1_0.created_at,
        ba1_0.employee_id,
        ba1_0.ifsc_code,
        ba1_0.is_primary,
        ba1_0.owner_type,
        ba1_0.updated_at,
        ba1_0.vendor_id 
    from
        bank_accounts ba1_0 
    where
        ba1_0.employee_id=?
2025-10-16 14:40:44.067 [http-nio-8080-exec-1] TRACE org.hibernate.orm.jdbc.bind - binding parameter (1:BIGINT) <- [34]
2025-10-16 14:40:44.068 [http-nio-8080-exec-1] DEBUG org.hibernate.SQL - 
    select
        ba1_0.id,
        ba1_0.account_holder_name,
        ba1_0.account_number,
        ba1_0.bank_name,
        ba1_0.created_at,
        ba1_0.employee_id,
        ba1_0.ifsc_code,
        ba1_0.is_primary,
        ba1_0.owner_type,
        ba1_0.updated_at,
        ba1_0.vendor_id 
    from
        bank_accounts ba1_0 
    where
        ba1_0.employee_id=?
2025-10-16 14:40:44.068 [http-nio-8080-exec-1] TRACE org.hibernate.orm.jdbc.bind - binding parameter (1:BIGINT) <- [35]
2025-10-16 14:40:44.069 [http-nio-8080-exec-1] DEBUG org.hibernate.SQL - 
    select
        ba1_0.id,
        ba1_0.account_holder_name,
        ba1_0.account_number,
        ba1_0.bank_name,
        ba1_0.created_at,
        ba1_0.employee_id,
        ba1_0.ifsc_code,
        ba1_0.is_primary,
        ba1_0.owner_type,
        ba1_0.updated_at,
        ba1_0.vendor_id 
    from
        bank_accounts ba1_0 
    where
        ba1_0.employee_id=?
2025-10-16 14:40:44.069 [http-nio-8080-exec-1] TRACE org.hibernate.orm.jdbc.bind - binding parameter (1:BIGINT) <- [36]
2025-10-16 14:40:44.070 [http-nio-8080-exec-1] DEBUG org.hibernate.SQL - 
    select
        ba1_0.id,
        ba1_0.account_holder_name,
        ba1_0.account_number,
        ba1_0.bank_name,
        ba1_0.created_at,
        ba1_0.employee_id,
        ba1_0.ifsc_code,
        ba1_0.is_primary,
        ba1_0.owner_type,
        ba1_0.updated_at,
        ba1_0.vendor_id 
    from
        bank_accounts ba1_0 
    where
        ba1_0.employee_id=?
2025-10-16 14:40:44.070 [http-nio-8080-exec-1] TRACE org.hibernate.orm.jdbc.bind - binding parameter (1:BIGINT) <- [37]
2025-10-16 14:40:44.072 [http-nio-8080-exec-1] DEBUG org.hibernate.SQL - 
    select
        ba1_0.id,
        ba1_0.account_holder_name,
        ba1_0.account_number,
        ba1_0.bank_name,
        ba1_0.created_at,
        ba1_0.employee_id,
        ba1_0.ifsc_code,
        ba1_0.is_primary,
        ba1_0.owner_type,
        ba1_0.updated_at,
        ba1_0.vendor_id 
    from
        bank_accounts ba1_0 
    where
        ba1_0.employee_id=?
2025-10-16 14:40:44.072 [http-nio-8080-exec-1] TRACE org.hibernate.orm.jdbc.bind - binding parameter (1:BIGINT) <- [38]
2025-10-16 14:40:44.073 [http-nio-8080-exec-1] DEBUG org.hibernate.SQL - 
    select
        ba1_0.id,
        ba1_0.account_holder_name,
        ba1_0.account_number,
        ba1_0.bank_name,
        ba1_0.created_at,
        ba1_0.employee_id,
        ba1_0.ifsc_code,
        ba1_0.is_primary,
        ba1_0.owner_type,
        ba1_0.updated_at,
        ba1_0.vendor_id 
    from
        bank_accounts ba1_0 
    where
        ba1_0.employee_id=?
2025-10-16 14:40:44.073 [http-nio-8080-exec-1] TRACE org.hibernate.orm.jdbc.bind - binding parameter (1:BIGINT) <- [39]
2025-10-16 14:40:44.074 [http-nio-8080-exec-1] DEBUG org.hibernate.SQL - 
    select
        ba1_0.id,
        ba1_0.account_holder_name,
        ba1_0.account_number,
        ba1_0.bank_name,
        ba1_0.created_at,
        ba1_0.employee_id,
        ba1_0.ifsc_code,
        ba1_0.is_primary,
        ba1_0.owner_type,
        ba1_0.updated_at,
        ba1_0.vendor_id 
    from
        bank_accounts ba1_0 
    where
        ba1_0.employee_id=?
2025-10-16 14:40:44.074 [http-nio-8080-exec-1] TRACE org.hibernate.orm.jdbc.bind - binding parameter (1:BIGINT) <- [40]
2025-10-16 14:40:44.075 [http-nio-8080-exec-1] DEBUG org.hibernate.SQL - 
    select
        ba1_0.id,
        ba1_0.account_holder_name,
        ba1_0.account_number,
        ba1_0.bank_name,
        ba1_0.created_at,
        ba1_0.employee_id,
        ba1_0.ifsc_code,
        ba1_0.is_primary,
        ba1_0.owner_type,
        ba1_0.updated_at,
        ba1_0.vendor_id 
    from
        bank_accounts ba1_0 
    where
        ba1_0.employee_id=?
2025-10-16 14:40:44.075 [http-nio-8080-exec-1] TRACE org.hibernate.orm.jdbc.bind - binding parameter (1:BIGINT) <- [41]
2025-10-16 14:40:44.076 [http-nio-8080-exec-1] DEBUG org.hibernate.SQL - 
    select
        ba1_0.id,
        ba1_0.account_holder_name,
        ba1_0.account_number,
        ba1_0.bank_name,
        ba1_0.created_at,
        ba1_0.employee_id,
        ba1_0.ifsc_code,
        ba1_0.is_primary,
        ba1_0.owner_type,
        ba1_0.updated_at,
        ba1_0.vendor_id 
    from
        bank_accounts ba1_0 
    where
        ba1_0.employee_id=?
2025-10-16 14:40:44.076 [http-nio-8080-exec-1] TRACE org.hibernate.orm.jdbc.bind - binding parameter (1:BIGINT) <- [42]
2025-10-16 14:40:44.077 [http-nio-8080-exec-1] DEBUG org.hibernate.SQL - 
    select
        ba1_0.id,
        ba1_0.account_holder_name,
        ba1_0.account_number,
        ba1_0.bank_name,
        ba1_0.created_at,
        ba1_0.employee_id,
        ba1_0.ifsc_code,
        ba1_0.is_primary,
        ba1_0.owner_type,
        ba1_0.updated_at,
        ba1_0.vendor_id 
    from
        bank_accounts ba1_0 
    where
        ba1_0.employee_id=?
2025-10-16 14:40:44.077 [http-nio-8080-exec-1] TRACE org.hibernate.orm.jdbc.bind - binding parameter (1:BIGINT) <- [43]
2025-10-16 14:40:44.079 [http-nio-8080-exec-1] DEBUG org.hibernate.SQL - 
    select
        ba1_0.id,
        ba1_0.account_holder_name,
        ba1_0.account_number,
        ba1_0.bank_name,
        ba1_0.created_at,
        ba1_0.employee_id,
        ba1_0.ifsc_code,
        ba1_0.is_primary,
        ba1_0.owner_type,
        ba1_0.updated_at,
        ba1_0.vendor_id 
    from
        bank_accounts ba1_0 
    where
        ba1_0.employee_id=?
2025-10-16 14:40:44.079 [http-nio-8080-exec-1] TRACE org.hibernate.orm.jdbc.bind - binding parameter (1:BIGINT) <- [44]
2025-10-16 14:40:44.079 [http-nio-8080-exec-1] DEBUG org.hibernate.SQL - 
    select
        ba1_0.id,
        ba1_0.account_holder_name,
        ba1_0.account_number,
        ba1_0.bank_name,
        ba1_0.created_at,
        ba1_0.employee_id,
        ba1_0.ifsc_code,
        ba1_0.is_primary,
        ba1_0.owner_type,
        ba1_0.updated_at,
        ba1_0.vendor_id 
    from
        bank_accounts ba1_0 
    where
        ba1_0.employee_id=?
2025-10-16 14:40:44.079 [http-nio-8080-exec-1] TRACE org.hibernate.orm.jdbc.bind - binding parameter (1:BIGINT) <- [45]
2025-10-16 14:40:44.080 [http-nio-8080-exec-1] DEBUG org.hibernate.SQL - 
    select
        ba1_0.id,
        ba1_0.account_holder_name,
        ba1_0.account_number,
        ba1_0.bank_name,
        ba1_0.created_at,
        ba1_0.employee_id,
        ba1_0.ifsc_code,
        ba1_0.is_primary,
        ba1_0.owner_type,
        ba1_0.updated_at,
        ba1_0.vendor_id 
    from
        bank_accounts ba1_0 
    where
        ba1_0.employee_id=?
2025-10-16 14:40:44.081 [http-nio-8080-exec-1] TRACE org.hibernate.orm.jdbc.bind - binding parameter (1:BIGINT) <- [46]
2025-10-16 14:40:44.081 [http-nio-8080-exec-1] DEBUG org.hibernate.SQL - 
    select
        ba1_0.id,
        ba1_0.account_holder_name,
        ba1_0.account_number,
        ba1_0.bank_name,
        ba1_0.created_at,
        ba1_0.employee_id,
        ba1_0.ifsc_code,
        ba1_0.is_primary,
        ba1_0.owner_type,
        ba1_0.updated_at,
        ba1_0.vendor_id 
    from
        bank_accounts ba1_0 
    where
        ba1_0.employee_id=?
2025-10-16 14:40:44.081 [http-nio-8080-exec-1] TRACE org.hibernate.orm.jdbc.bind - binding parameter (1:BIGINT) <- [47]
2025-10-16 14:40:44.082 [http-nio-8080-exec-1] DEBUG org.hibernate.SQL - 
    select
        ba1_0.id,
        ba1_0.account_holder_name,
        ba1_0.account_number,
        ba1_0.bank_name,
        ba1_0.created_at,
        ba1_0.employee_id,
        ba1_0.ifsc_code,
        ba1_0.is_primary,
        ba1_0.owner_type,
        ba1_0.updated_at,
        ba1_0.vendor_id 
    from
        bank_accounts ba1_0 
    where
        ba1_0.employee_id=?
2025-10-16 14:40:44.082 [http-nio-8080-exec-1] TRACE org.hibernate.orm.jdbc.bind - binding parameter (1:BIGINT) <- [48]
2025-10-16 14:40:44.085 [http-nio-8080-exec-1] DEBUG org.hibernate.SQL - 
    select
        ba1_0.id,
        ba1_0.account_holder_name,
        ba1_0.account_number,
        ba1_0.bank_name,
        ba1_0.created_at,
        ba1_0.employee_id,
        ba1_0.ifsc_code,
        ba1_0.is_primary,
        ba1_0.owner_type,
        ba1_0.updated_at,
        ba1_0.vendor_id 
    from
        bank_accounts ba1_0 
    where
        ba1_0.employee_id=?
2025-10-16 14:40:44.085 [http-nio-8080-exec-1] TRACE org.hibernate.orm.jdbc.bind - binding parameter (1:BIGINT) <- [49]
2025-10-16 14:40:44.086 [http-nio-8080-exec-1] DEBUG org.hibernate.SQL - 
    select
        ba1_0.id,
        ba1_0.account_holder_name,
        ba1_0.account_number,
        ba1_0.bank_name,
        ba1_0.created_at,
        ba1_0.employee_id,
        ba1_0.ifsc_code,
        ba1_0.is_primary,
        ba1_0.owner_type,
        ba1_0.updated_at,
        ba1_0.vendor_id 
    from
        bank_accounts ba1_0 
    where
        ba1_0.employee_id=?
2025-10-16 14:40:44.087 [http-nio-8080-exec-1] TRACE org.hibernate.orm.jdbc.bind - binding parameter (1:BIGINT) <- [50]
2025-10-16 14:40:44.087 [http-nio-8080-exec-1] DEBUG org.hibernate.SQL - 
    select
        ba1_0.id,
        ba1_0.account_holder_name,
        ba1_0.account_number,
        ba1_0.bank_name,
        ba1_0.created_at,
        ba1_0.employee_id,
        ba1_0.ifsc_code,
        ba1_0.is_primary,
        ba1_0.owner_type,
        ba1_0.updated_at,
        ba1_0.vendor_id 
    from
        bank_accounts ba1_0 
    where
        ba1_0.employee_id=?
2025-10-16 14:40:44.087 [http-nio-8080-exec-1] TRACE org.hibernate.orm.jdbc.bind - binding parameter (1:BIGINT) <- [51]
2025-10-16 14:40:44.088 [http-nio-8080-exec-1] DEBUG org.hibernate.SQL - 
    select
        ba1_0.id,
        ba1_0.account_holder_name,
        ba1_0.account_number,
        ba1_0.bank_name,
        ba1_0.created_at,
        ba1_0.employee_id,
        ba1_0.ifsc_code,
        ba1_0.is_primary,
        ba1_0.owner_type,
        ba1_0.updated_at,
        ba1_0.vendor_id 
    from
        bank_accounts ba1_0 
    where
        ba1_0.employee_id=?
2025-10-16 14:40:44.088 [http-nio-8080-exec-1] TRACE org.hibernate.orm.jdbc.bind - binding parameter (1:BIGINT) <- [52]
2025-10-16 14:40:44.089 [http-nio-8080-exec-1] DEBUG org.hibernate.SQL - 
    select
        ba1_0.id,
        ba1_0.account_holder_name,
        ba1_0.account_number,
        ba1_0.bank_name,
        ba1_0.created_at,
        ba1_0.employee_id,
        ba1_0.ifsc_code,
        ba1_0.is_primary,
        ba1_0.owner_type,
        ba1_0.updated_at,
        ba1_0.vendor_id 
    from
        bank_accounts ba1_0 
    where
        ba1_0.employee_id=?
2025-10-16 14:40:44.089 [http-nio-8080-exec-1] TRACE org.hibernate.orm.jdbc.bind - binding parameter (1:BIGINT) <- [53]
2025-10-16 14:40:44.090 [http-nio-8080-exec-1] DEBUG org.hibernate.SQL - 
    select
        ba1_0.id,
        ba1_0.account_holder_name,
        ba1_0.account_number,
        ba1_0.bank_name,
        ba1_0.created_at,
        ba1_0.employee_id,
        ba1_0.ifsc_code,
        ba1_0.is_primary,
        ba1_0.owner_type,
        ba1_0.updated_at,
        ba1_0.vendor_id 
    from
        bank_accounts ba1_0 
    where
        ba1_0.employee_id=?
2025-10-16 14:40:44.090 [http-nio-8080-exec-1] TRACE org.hibernate.orm.jdbc.bind - binding parameter (1:BIGINT) <- [54]
2025-10-16 14:40:44.091 [http-nio-8080-exec-1] DEBUG org.hibernate.SQL - 
    select
        ba1_0.id,
        ba1_0.account_holder_name,
        ba1_0.account_number,
        ba1_0.bank_name,
        ba1_0.created_at,
        ba1_0.employee_id,
        ba1_0.ifsc_code,
        ba1_0.is_primary,
        ba1_0.owner_type,
        ba1_0.updated_at,
        ba1_0.vendor_id 
    from
        bank_accounts ba1_0 
    where
        ba1_0.employee_id=?
2025-10-16 14:40:44.091 [http-nio-8080-exec-1] TRACE org.hibernate.orm.jdbc.bind - binding parameter (1:BIGINT) <- [55]
2025-10-16 14:40:44.092 [http-nio-8080-exec-1] DEBUG org.hibernate.SQL - 
    select
        ba1_0.id,
        ba1_0.account_holder_name,
        ba1_0.account_number,
        ba1_0.bank_name,
        ba1_0.created_at,
        ba1_0.employee_id,
        ba1_0.ifsc_code,
        ba1_0.is_primary,
        ba1_0.owner_type,
        ba1_0.updated_at,
        ba1_0.vendor_id 
    from
        bank_accounts ba1_0 
    where
        ba1_0.employee_id=?
2025-10-16 14:40:44.092 [http-nio-8080-exec-1] TRACE org.hibernate.orm.jdbc.bind - binding parameter (1:BIGINT) <- [56]
2025-10-16 14:40:44.093 [http-nio-8080-exec-1] DEBUG org.hibernate.SQL - 
    select
        ba1_0.id,
        ba1_0.account_holder_name,
        ba1_0.account_number,
        ba1_0.bank_name,
        ba1_0.created_at,
        ba1_0.employee_id,
        ba1_0.ifsc_code,
        ba1_0.is_primary,
        ba1_0.owner_type,
        ba1_0.updated_at,
        ba1_0.vendor_id 
    from
        bank_accounts ba1_0 
    where
        ba1_0.employee_id=?
2025-10-16 14:40:44.093 [http-nio-8080-exec-1] TRACE org.hibernate.orm.jdbc.bind - binding parameter (1:BIGINT) <- [57]
2025-10-16 14:40:44.094 [http-nio-8080-exec-1] DEBUG org.hibernate.SQL - 
    select
        ba1_0.id,
        ba1_0.account_holder_name,
        ba1_0.account_number,
        ba1_0.bank_name,
        ba1_0.created_at,
        ba1_0.employee_id,
        ba1_0.ifsc_code,
        ba1_0.is_primary,
        ba1_0.owner_type,
        ba1_0.updated_at,
        ba1_0.vendor_id 
    from
        bank_accounts ba1_0 
    where
        ba1_0.employee_id=?
2025-10-16 14:40:44.094 [http-nio-8080-exec-1] TRACE org.hibernate.orm.jdbc.bind - binding parameter (1:BIGINT) <- [58]
2025-10-16 14:40:44.143 [http-nio-8080-exec-1] DEBUG org.hibernate.SQL - 
    select
        ba1_0.id,
        ba1_0.account_holder_name,
        ba1_0.account_number,
        ba1_0.bank_name,
        ba1_0.created_at,
        ba1_0.employee_id,
        ba1_0.ifsc_code,
        ba1_0.is_primary,
        ba1_0.owner_type,
        ba1_0.updated_at,
        ba1_0.vendor_id 
    from
        bank_accounts ba1_0 
    where
        ba1_0.employee_id=?
2025-10-16 14:40:44.143 [http-nio-8080-exec-1] TRACE org.hibernate.orm.jdbc.bind - binding parameter (1:BIGINT) <- [59]
2025-10-16 14:40:44.144 [http-nio-8080-exec-1] DEBUG org.hibernate.SQL - 
    select
        ba1_0.id,
        ba1_0.account_holder_name,
        ba1_0.account_number,
        ba1_0.bank_name,
        ba1_0.created_at,
        ba1_0.employee_id,
        ba1_0.ifsc_code,
        ba1_0.is_primary,
        ba1_0.owner_type,
        ba1_0.updated_at,
        ba1_0.vendor_id 
    from
        bank_accounts ba1_0 
    where
        ba1_0.employee_id=?
2025-10-16 14:40:44.144 [http-nio-8080-exec-1] TRACE org.hibernate.orm.jdbc.bind - binding parameter (1:BIGINT) <- [60]
2025-10-16 14:40:44.145 [http-nio-8080-exec-1] DEBUG org.hibernate.SQL - 
    select
        ba1_0.id,
        ba1_0.account_holder_name,
        ba1_0.account_number,
        ba1_0.bank_name,
        ba1_0.created_at,
        ba1_0.employee_id,
        ba1_0.ifsc_code,
        ba1_0.is_primary,
        ba1_0.owner_type,
        ba1_0.updated_at,
        ba1_0.vendor_id 
    from
        bank_accounts ba1_0 
    where
        ba1_0.employee_id=?
2025-10-16 14:40:44.145 [http-nio-8080-exec-1] TRACE org.hibernate.orm.jdbc.bind - binding parameter (1:BIGINT) <- [61]
2025-10-16 14:40:44.146 [http-nio-8080-exec-1] DEBUG org.hibernate.SQL - 
    select
        ba1_0.id,
        ba1_0.account_holder_name,
        ba1_0.account_number,
        ba1_0.bank_name,
        ba1_0.created_at,
        ba1_0.employee_id,
        ba1_0.ifsc_code,
        ba1_0.is_primary,
        ba1_0.owner_type,
        ba1_0.updated_at,
        ba1_0.vendor_id 
    from
        bank_accounts ba1_0 
    where
        ba1_0.employee_id=?
2025-10-16 14:40:44.146 [http-nio-8080-exec-1] TRACE org.hibernate.orm.jdbc.bind - binding parameter (1:BIGINT) <- [62]
2025-10-16 14:40:44.147 [http-nio-8080-exec-1] DEBUG org.hibernate.SQL - 
    select
        ba1_0.id,
        ba1_0.account_holder_name,
        ba1_0.account_number,
        ba1_0.bank_name,
        ba1_0.created_at,
        ba1_0.employee_id,
        ba1_0.ifsc_code,
        ba1_0.is_primary,
        ba1_0.owner_type,
        ba1_0.updated_at,
        ba1_0.vendor_id 
    from
        bank_accounts ba1_0 
    where
        ba1_0.employee_id=?
2025-10-16 14:40:44.147 [http-nio-8080-exec-1] TRACE org.hibernate.orm.jdbc.bind - binding parameter (1:BIGINT) <- [63]
2025-10-16 14:40:44.148 [http-nio-8080-exec-1] DEBUG org.hibernate.SQL - 
    select
        ba1_0.id,
        ba1_0.account_holder_name,
        ba1_0.account_number,
        ba1_0.bank_name,
        ba1_0.created_at,
        ba1_0.employee_id,
        ba1_0.ifsc_code,
        ba1_0.is_primary,
        ba1_0.owner_type,
        ba1_0.updated_at,
        ba1_0.vendor_id 
    from
        bank_accounts ba1_0 
    where
        ba1_0.employee_id=?
2025-10-16 14:40:44.148 [http-nio-8080-exec-1] TRACE org.hibernate.orm.jdbc.bind - binding parameter (1:BIGINT) <- [64]
2025-10-16 14:40:44.149 [http-nio-8080-exec-1] DEBUG org.hibernate.SQL - 
    select
        ba1_0.id,
        ba1_0.account_holder_name,
        ba1_0.account_number,
        ba1_0.bank_name,
        ba1_0.created_at,
        ba1_0.employee_id,
        ba1_0.ifsc_code,
        ba1_0.is_primary,
        ba1_0.owner_type,
        ba1_0.updated_at,
        ba1_0.vendor_id 
    from
        bank_accounts ba1_0 
    where
        ba1_0.employee_id=?
2025-10-16 14:40:44.149 [http-nio-8080-exec-1] TRACE org.hibernate.orm.jdbc.bind - binding parameter (1:BIGINT) <- [65]
2025-10-16 14:40:44.151 [http-nio-8080-exec-1] DEBUG org.hibernate.SQL - 
    select
        ba1_0.id,
        ba1_0.account_holder_name,
        ba1_0.account_number,
        ba1_0.bank_name,
        ba1_0.created_at,
        ba1_0.employee_id,
        ba1_0.ifsc_code,
        ba1_0.is_primary,
        ba1_0.owner_type,
        ba1_0.updated_at,
        ba1_0.vendor_id 
    from
        bank_accounts ba1_0 
    where
        ba1_0.employee_id=?
2025-10-16 14:40:44.151 [http-nio-8080-exec-1] TRACE org.hibernate.orm.jdbc.bind - binding parameter (1:BIGINT) <- [66]
2025-10-16 14:40:44.152 [http-nio-8080-exec-1] DEBUG org.hibernate.SQL - 
    select
        ba1_0.id,
        ba1_0.account_holder_name,
        ba1_0.account_number,
        ba1_0.bank_name,
        ba1_0.created_at,
        ba1_0.employee_id,
        ba1_0.ifsc_code,
        ba1_0.is_primary,
        ba1_0.owner_type,
        ba1_0.updated_at,
        ba1_0.vendor_id 
    from
        bank_accounts ba1_0 
    where
        ba1_0.employee_id=?
2025-10-16 14:40:44.152 [http-nio-8080-exec-1] TRACE org.hibernate.orm.jdbc.bind - binding parameter (1:BIGINT) <- [67]
2025-10-16 14:40:44.153 [http-nio-8080-exec-1] DEBUG org.hibernate.SQL - 
    select
        ba1_0.id,
        ba1_0.account_holder_name,
        ba1_0.account_number,
        ba1_0.bank_name,
        ba1_0.created_at,
        ba1_0.employee_id,
        ba1_0.ifsc_code,
        ba1_0.is_primary,
        ba1_0.owner_type,
        ba1_0.updated_at,
        ba1_0.vendor_id 
    from
        bank_accounts ba1_0 
    where
        ba1_0.employee_id=?
2025-10-16 14:40:44.153 [http-nio-8080-exec-1] TRACE org.hibernate.orm.jdbc.bind - binding parameter (1:BIGINT) <- [68]
2025-10-16 14:40:44.154 [http-nio-8080-exec-1] DEBUG org.hibernate.SQL - 
    select
        ba1_0.id,
        ba1_0.account_holder_name,
        ba1_0.account_number,
        ba1_0.bank_name,
        ba1_0.created_at,
        ba1_0.employee_id,
        ba1_0.ifsc_code,
        ba1_0.is_primary,
        ba1_0.owner_type,
        ba1_0.updated_at,
        ba1_0.vendor_id 
    from
        bank_accounts ba1_0 
    where
        ba1_0.employee_id=?
2025-10-16 14:40:44.154 [http-nio-8080-exec-1] TRACE org.hibernate.orm.jdbc.bind - binding parameter (1:BIGINT) <- [69]
2025-10-16 14:40:44.155 [http-nio-8080-exec-1] DEBUG org.hibernate.SQL - 
    select
        ba1_0.id,
        ba1_0.account_holder_name,
        ba1_0.account_number,
        ba1_0.bank_name,
        ba1_0.created_at,
        ba1_0.employee_id,
        ba1_0.ifsc_code,
        ba1_0.is_primary,
        ba1_0.owner_type,
        ba1_0.updated_at,
        ba1_0.vendor_id 
    from
        bank_accounts ba1_0 
    where
        ba1_0.employee_id=?
2025-10-16 14:40:44.155 [http-nio-8080-exec-1] TRACE org.hibernate.orm.jdbc.bind - binding parameter (1:BIGINT) <- [70]
2025-10-16 14:40:44.156 [http-nio-8080-exec-1] DEBUG org.hibernate.SQL - 
    select
        ba1_0.id,
        ba1_0.account_holder_name,
        ba1_0.account_number,
        ba1_0.bank_name,
        ba1_0.created_at,
        ba1_0.employee_id,
        ba1_0.ifsc_code,
        ba1_0.is_primary,
        ba1_0.owner_type,
        ba1_0.updated_at,
        ba1_0.vendor_id 
    from
        bank_accounts ba1_0 
    where
        ba1_0.employee_id=?
2025-10-16 14:40:44.156 [http-nio-8080-exec-1] TRACE org.hibernate.orm.jdbc.bind - binding parameter (1:BIGINT) <- [71]
2025-10-16 14:40:44.157 [http-nio-8080-exec-1] DEBUG org.hibernate.SQL - 
    select
        ba1_0.id,
        ba1_0.account_holder_name,
        ba1_0.account_number,
        ba1_0.bank_name,
        ba1_0.created_at,
        ba1_0.employee_id,
        ba1_0.ifsc_code,
        ba1_0.is_primary,
        ba1_0.owner_type,
        ba1_0.updated_at,
        ba1_0.vendor_id 
    from
        bank_accounts ba1_0 
    where
        ba1_0.employee_id=?
2025-10-16 14:40:44.157 [http-nio-8080-exec-1] TRACE org.hibernate.orm.jdbc.bind - binding parameter (1:BIGINT) <- [72]
2025-10-16 14:40:44.159 [http-nio-8080-exec-1] DEBUG org.hibernate.SQL - 
    select
        ba1_0.id,
        ba1_0.account_holder_name,
        ba1_0.account_number,
        ba1_0.bank_name,
        ba1_0.created_at,
        ba1_0.employee_id,
        ba1_0.ifsc_code,
        ba1_0.is_primary,
        ba1_0.owner_type,
        ba1_0.updated_at,
        ba1_0.vendor_id 
    from
        bank_accounts ba1_0 
    where
        ba1_0.employee_id=?
2025-10-16 14:40:44.159 [http-nio-8080-exec-1] TRACE org.hibernate.orm.jdbc.bind - binding parameter (1:BIGINT) <- [73]
2025-10-16 14:40:44.159 [http-nio-8080-exec-1] DEBUG org.hibernate.SQL - 
    select
        ba1_0.id,
        ba1_0.account_holder_name,
        ba1_0.account_number,
        ba1_0.bank_name,
        ba1_0.created_at,
        ba1_0.employee_id,
        ba1_0.ifsc_code,
        ba1_0.is_primary,
        ba1_0.owner_type,
        ba1_0.updated_at,
        ba1_0.vendor_id 
    from
        bank_accounts ba1_0 
    where
        ba1_0.employee_id=?
2025-10-16 14:40:44.159 [http-nio-8080-exec-1] TRACE org.hibernate.orm.jdbc.bind - binding parameter (1:BIGINT) <- [74]
2025-10-16 14:40:44.159 [http-nio-8080-exec-1] DEBUG org.hibernate.SQL - 
    select
        ba1_0.id,
        ba1_0.account_holder_name,
        ba1_0.account_number,
        ba1_0.bank_name,
        ba1_0.created_at,
        ba1_0.employee_id,
        ba1_0.ifsc_code,
        ba1_0.is_primary,
        ba1_0.owner_type,
        ba1_0.updated_at,
        ba1_0.vendor_id 
    from
        bank_accounts ba1_0 
    where
        ba1_0.employee_id=?
2025-10-16 14:40:44.159 [http-nio-8080-exec-1] TRACE org.hibernate.orm.jdbc.bind - binding parameter (1:BIGINT) <- [75]
2025-10-16 14:40:44.161 [http-nio-8080-exec-1] DEBUG org.hibernate.SQL - 
    select
        ba1_0.id,
        ba1_0.account_holder_name,
        ba1_0.account_number,
        ba1_0.bank_name,
        ba1_0.created_at,
        ba1_0.employee_id,
        ba1_0.ifsc_code,
        ba1_0.is_primary,
        ba1_0.owner_type,
        ba1_0.updated_at,
        ba1_0.vendor_id 
    from
        bank_accounts ba1_0 
    where
        ba1_0.employee_id=?
2025-10-16 14:40:44.161 [http-nio-8080-exec-1] TRACE org.hibernate.orm.jdbc.bind - binding parameter (1:BIGINT) <- [76]
2025-10-16 14:40:44.162 [http-nio-8080-exec-1] DEBUG org.hibernate.SQL - 
    select
        ba1_0.id,
        ba1_0.account_holder_name,
        ba1_0.account_number,
        ba1_0.bank_name,
        ba1_0.created_at,
        ba1_0.employee_id,
        ba1_0.ifsc_code,
        ba1_0.is_primary,
        ba1_0.owner_type,
        ba1_0.updated_at,
        ba1_0.vendor_id 
    from
        bank_accounts ba1_0 
    where
        ba1_0.employee_id=?
2025-10-16 14:40:44.162 [http-nio-8080-exec-1] TRACE org.hibernate.orm.jdbc.bind - binding parameter (1:BIGINT) <- [77]
2025-10-16 14:40:44.163 [http-nio-8080-exec-1] DEBUG org.hibernate.SQL - 
    select
        ba1_0.id,
        ba1_0.account_holder_name,
        ba1_0.account_number,
        ba1_0.bank_name,
        ba1_0.created_at,
        ba1_0.employee_id,
        ba1_0.ifsc_code,
        ba1_0.is_primary,
        ba1_0.owner_type,
        ba1_0.updated_at,
        ba1_0.vendor_id 
    from
        bank_accounts ba1_0 
    where
        ba1_0.employee_id=?
2025-10-16 14:40:44.163 [http-nio-8080-exec-1] TRACE org.hibernate.orm.jdbc.bind - binding parameter (1:BIGINT) <- [78]
2025-10-16 14:40:44.164 [http-nio-8080-exec-1] DEBUG org.hibernate.SQL - 
    select
        ba1_0.id,
        ba1_0.account_holder_name,
        ba1_0.account_number,
        ba1_0.bank_name,
        ba1_0.created_at,
        ba1_0.employee_id,
        ba1_0.ifsc_code,
        ba1_0.is_primary,
        ba1_0.owner_type,
        ba1_0.updated_at,
        ba1_0.vendor_id 
    from
        bank_accounts ba1_0 
    where
        ba1_0.employee_id=?
2025-10-16 14:40:44.164 [http-nio-8080-exec-1] TRACE org.hibernate.orm.jdbc.bind - binding parameter (1:BIGINT) <- [79]
2025-10-16 14:40:44.164 [http-nio-8080-exec-1] DEBUG org.hibernate.SQL - 
    select
        ba1_0.id,
        ba1_0.account_holder_name,
        ba1_0.account_number,
        ba1_0.bank_name,
        ba1_0.created_at,
        ba1_0.employee_id,
        ba1_0.ifsc_code,
        ba1_0.is_primary,
        ba1_0.owner_type,
        ba1_0.updated_at,
        ba1_0.vendor_id 
    from
        bank_accounts ba1_0 
    where
        ba1_0.employee_id=?
2025-10-16 14:40:44.164 [http-nio-8080-exec-1] TRACE org.hibernate.orm.jdbc.bind - binding parameter (1:BIGINT) <- [80]
2025-10-16 14:40:44.165 [http-nio-8080-exec-1] DEBUG org.hibernate.SQL - 
    select
        ba1_0.id,
        ba1_0.account_holder_name,
        ba1_0.account_number,
        ba1_0.bank_name,
        ba1_0.created_at,
        ba1_0.employee_id,
        ba1_0.ifsc_code,
        ba1_0.is_primary,
        ba1_0.owner_type,
        ba1_0.updated_at,
        ba1_0.vendor_id 
    from
        bank_accounts ba1_0 
    where
        ba1_0.employee_id=?
2025-10-16 14:40:44.165 [http-nio-8080-exec-1] TRACE org.hibernate.orm.jdbc.bind - binding parameter (1:BIGINT) <- [81]
2025-10-16 14:40:44.167 [http-nio-8080-exec-1] DEBUG org.hibernate.SQL - 
    select
        ba1_0.id,
        ba1_0.account_holder_name,
        ba1_0.account_number,
        ba1_0.bank_name,
        ba1_0.created_at,
        ba1_0.employee_id,
        ba1_0.ifsc_code,
        ba1_0.is_primary,
        ba1_0.owner_type,
        ba1_0.updated_at,
        ba1_0.vendor_id 
    from
        bank_accounts ba1_0 
    where
        ba1_0.employee_id=?
2025-10-16 14:40:44.167 [http-nio-8080-exec-1] TRACE org.hibernate.orm.jdbc.bind - binding parameter (1:BIGINT) <- [82]
2025-10-16 14:40:44.167 [http-nio-8080-exec-1] DEBUG org.hibernate.SQL - 
    select
        ba1_0.id,
        ba1_0.account_holder_name,
        ba1_0.account_number,
        ba1_0.bank_name,
        ba1_0.created_at,
        ba1_0.employee_id,
        ba1_0.ifsc_code,
        ba1_0.is_primary,
        ba1_0.owner_type,
        ba1_0.updated_at,
        ba1_0.vendor_id 
    from
        bank_accounts ba1_0 
    where
        ba1_0.employee_id=?
2025-10-16 14:40:44.168 [http-nio-8080-exec-1] TRACE org.hibernate.orm.jdbc.bind - binding parameter (1:BIGINT) <- [83]
2025-10-16 14:40:44.169 [http-nio-8080-exec-1] DEBUG org.hibernate.SQL - 
    select
        ba1_0.id,
        ba1_0.account_holder_name,
        ba1_0.account_number,
        ba1_0.bank_name,
        ba1_0.created_at,
        ba1_0.employee_id,
        ba1_0.ifsc_code,
        ba1_0.is_primary,
        ba1_0.owner_type,
        ba1_0.updated_at,
        ba1_0.vendor_id 
    from
        bank_accounts ba1_0 
    where
        ba1_0.employee_id=?
2025-10-16 14:40:44.169 [http-nio-8080-exec-1] TRACE org.hibernate.orm.jdbc.bind - binding parameter (1:BIGINT) <- [84]
2025-10-16 14:40:44.171 [http-nio-8080-exec-1] DEBUG org.hibernate.SQL - 
    select
        ba1_0.id,
        ba1_0.account_holder_name,
        ba1_0.account_number,
        ba1_0.bank_name,
        ba1_0.created_at,
        ba1_0.employee_id,
        ba1_0.ifsc_code,
        ba1_0.is_primary,
        ba1_0.owner_type,
        ba1_0.updated_at,
        ba1_0.vendor_id 
    from
        bank_accounts ba1_0 
    where
        ba1_0.employee_id=?
2025-10-16 14:40:44.171 [http-nio-8080-exec-1] TRACE org.hibernate.orm.jdbc.bind - binding parameter (1:BIGINT) <- [85]
2025-10-16 14:40:44.172 [http-nio-8080-exec-1] DEBUG org.hibernate.SQL - 
    select
        ba1_0.id,
        ba1_0.account_holder_name,
        ba1_0.account_number,
        ba1_0.bank_name,
        ba1_0.created_at,
        ba1_0.employee_id,
        ba1_0.ifsc_code,
        ba1_0.is_primary,
        ba1_0.owner_type,
        ba1_0.updated_at,
        ba1_0.vendor_id 
    from
        bank_accounts ba1_0 
    where
        ba1_0.employee_id=?
2025-10-16 14:40:44.172 [http-nio-8080-exec-1] TRACE org.hibernate.orm.jdbc.bind - binding parameter (1:BIGINT) <- [86]
2025-10-16 14:40:44.173 [http-nio-8080-exec-1] DEBUG org.hibernate.SQL - 
    select
        ba1_0.id,
        ba1_0.account_holder_name,
        ba1_0.account_number,
        ba1_0.bank_name,
        ba1_0.created_at,
        ba1_0.employee_id,
        ba1_0.ifsc_code,
        ba1_0.is_primary,
        ba1_0.owner_type,
        ba1_0.updated_at,
        ba1_0.vendor_id 
    from
        bank_accounts ba1_0 
    where
        ba1_0.employee_id=?
2025-10-16 14:40:44.173 [http-nio-8080-exec-1] TRACE org.hibernate.orm.jdbc.bind - binding parameter (1:BIGINT) <- [87]
2025-10-16 14:40:44.174 [http-nio-8080-exec-1] DEBUG org.hibernate.SQL - 
    select
        ba1_0.id,
        ba1_0.account_holder_name,
        ba1_0.account_number,
        ba1_0.bank_name,
        ba1_0.created_at,
        ba1_0.employee_id,
        ba1_0.ifsc_code,
        ba1_0.is_primary,
        ba1_0.owner_type,
        ba1_0.updated_at,
        ba1_0.vendor_id 
    from
        bank_accounts ba1_0 
    where
        ba1_0.employee_id=?
2025-10-16 14:40:44.176 [http-nio-8080-exec-1] TRACE org.hibernate.orm.jdbc.bind - binding parameter (1:BIGINT) <- [88]
2025-10-16 14:40:44.176 [http-nio-8080-exec-1] DEBUG org.hibernate.SQL - 
    select
        ba1_0.id,
        ba1_0.account_holder_name,
        ba1_0.account_number,
        ba1_0.bank_name,
        ba1_0.created_at,
        ba1_0.employee_id,
        ba1_0.ifsc_code,
        ba1_0.is_primary,
        ba1_0.owner_type,
        ba1_0.updated_at,
        ba1_0.vendor_id 
    from
        bank_accounts ba1_0 
    where
        ba1_0.employee_id=?
2025-10-16 14:40:44.177 [http-nio-8080-exec-1] TRACE org.hibernate.orm.jdbc.bind - binding parameter (1:BIGINT) <- [89]
2025-10-16 14:40:44.177 [http-nio-8080-exec-1] DEBUG org.hibernate.SQL - 
    select
        ba1_0.id,
        ba1_0.account_holder_name,
        ba1_0.account_number,
        ba1_0.bank_name,
        ba1_0.created_at,
        ba1_0.employee_id,
        ba1_0.ifsc_code,
        ba1_0.is_primary,
        ba1_0.owner_type,
        ba1_0.updated_at,
        ba1_0.vendor_id 
    from
        bank_accounts ba1_0 
    where
        ba1_0.employee_id=?
2025-10-16 14:40:44.178 [http-nio-8080-exec-1] TRACE org.hibernate.orm.jdbc.bind - binding parameter (1:BIGINT) <- [90]
2025-10-16 14:40:44.178 [http-nio-8080-exec-1] DEBUG org.hibernate.SQL - 
    select
        ba1_0.id,
        ba1_0.account_holder_name,
        ba1_0.account_number,
        ba1_0.bank_name,
        ba1_0.created_at,
        ba1_0.employee_id,
        ba1_0.ifsc_code,
        ba1_0.is_primary,
        ba1_0.owner_type,
        ba1_0.updated_at,
        ba1_0.vendor_id 
    from
        bank_accounts ba1_0 
    where
        ba1_0.employee_id=?
2025-10-16 14:40:44.178 [http-nio-8080-exec-1] TRACE org.hibernate.orm.jdbc.bind - binding parameter (1:BIGINT) <- [91]
2025-10-16 14:40:44.179 [http-nio-8080-exec-1] DEBUG org.hibernate.SQL - 
    select
        ba1_0.id,
        ba1_0.account_holder_name,
        ba1_0.account_number,
        ba1_0.bank_name,
        ba1_0.created_at,
        ba1_0.employee_id,
        ba1_0.ifsc_code,
        ba1_0.is_primary,
        ba1_0.owner_type,
        ba1_0.updated_at,
        ba1_0.vendor_id 
    from
        bank_accounts ba1_0 
    where
        ba1_0.employee_id=?
2025-10-16 14:40:44.179 [http-nio-8080-exec-1] TRACE org.hibernate.orm.jdbc.bind - binding parameter (1:BIGINT) <- [92]
2025-10-16 14:40:44.180 [http-nio-8080-exec-1] DEBUG org.hibernate.SQL - 
    select
        ba1_0.id,
        ba1_0.account_holder_name,
        ba1_0.account_number,
        ba1_0.bank_name,
        ba1_0.created_at,
        ba1_0.employee_id,
        ba1_0.ifsc_code,
        ba1_0.is_primary,
        ba1_0.owner_type,
        ba1_0.updated_at,
        ba1_0.vendor_id 
    from
        bank_accounts ba1_0 
    where
        ba1_0.employee_id=?
2025-10-16 14:40:44.180 [http-nio-8080-exec-1] TRACE org.hibernate.orm.jdbc.bind - binding parameter (1:BIGINT) <- [93]
2025-10-16 14:40:44.181 [http-nio-8080-exec-1] DEBUG org.hibernate.SQL - 
    select
        ba1_0.id,
        ba1_0.account_holder_name,
        ba1_0.account_number,
        ba1_0.bank_name,
        ba1_0.created_at,
        ba1_0.employee_id,
        ba1_0.ifsc_code,
        ba1_0.is_primary,
        ba1_0.owner_type,
        ba1_0.updated_at,
        ba1_0.vendor_id 
    from
        bank_accounts ba1_0 
    where
        ba1_0.employee_id=?
2025-10-16 14:40:44.181 [http-nio-8080-exec-1] TRACE org.hibernate.orm.jdbc.bind - binding parameter (1:BIGINT) <- [94]
2025-10-16 14:40:44.181 [http-nio-8080-exec-1] DEBUG org.hibernate.SQL - 
    select
        ba1_0.id,
        ba1_0.account_holder_name,
        ba1_0.account_number,
        ba1_0.bank_name,
        ba1_0.created_at,
        ba1_0.employee_id,
        ba1_0.ifsc_code,
        ba1_0.is_primary,
        ba1_0.owner_type,
        ba1_0.updated_at,
        ba1_0.vendor_id 
    from
        bank_accounts ba1_0 
    where
        ba1_0.employee_id=?
2025-10-16 14:40:44.181 [http-nio-8080-exec-1] TRACE org.hibernate.orm.jdbc.bind - binding parameter (1:BIGINT) <- [95]
2025-10-16 14:40:44.182 [http-nio-8080-exec-1] DEBUG org.hibernate.SQL - 
    select
        ba1_0.id,
        ba1_0.account_holder_name,
        ba1_0.account_number,
        ba1_0.bank_name,
        ba1_0.created_at,
        ba1_0.employee_id,
        ba1_0.ifsc_code,
        ba1_0.is_primary,
        ba1_0.owner_type,
        ba1_0.updated_at,
        ba1_0.vendor_id 
    from
        bank_accounts ba1_0 
    where
        ba1_0.employee_id=?
2025-10-16 14:40:44.182 [http-nio-8080-exec-1] TRACE org.hibernate.orm.jdbc.bind - binding parameter (1:BIGINT) <- [96]
2025-10-16 14:40:44.185 [http-nio-8080-exec-1] DEBUG org.hibernate.SQL - 
    select
        ba1_0.id,
        ba1_0.account_holder_name,
        ba1_0.account_number,
        ba1_0.bank_name,
        ba1_0.created_at,
        ba1_0.employee_id,
        ba1_0.ifsc_code,
        ba1_0.is_primary,
        ba1_0.owner_type,
        ba1_0.updated_at,
        ba1_0.vendor_id 
    from
        bank_accounts ba1_0 
    where
        ba1_0.employee_id=?
2025-10-16 14:40:44.185 [http-nio-8080-exec-1] TRACE org.hibernate.orm.jdbc.bind - binding parameter (1:BIGINT) <- [97]
2025-10-16 14:40:44.185 [http-nio-8080-exec-1] DEBUG org.hibernate.SQL - 
    select
        ba1_0.id,
        ba1_0.account_holder_name,
        ba1_0.account_number,
        ba1_0.bank_name,
        ba1_0.created_at,
        ba1_0.employee_id,
        ba1_0.ifsc_code,
        ba1_0.is_primary,
        ba1_0.owner_type,
        ba1_0.updated_at,
        ba1_0.vendor_id 
    from
        bank_accounts ba1_0 
    where
        ba1_0.employee_id=?
2025-10-16 14:40:44.185 [http-nio-8080-exec-1] TRACE org.hibernate.orm.jdbc.bind - binding parameter (1:BIGINT) <- [98]
2025-10-16 14:40:44.187 [http-nio-8080-exec-1] DEBUG org.hibernate.SQL - 
    select
        ba1_0.id,
        ba1_0.account_holder_name,
        ba1_0.account_number,
        ba1_0.bank_name,
        ba1_0.created_at,
        ba1_0.employee_id,
        ba1_0.ifsc_code,
        ba1_0.is_primary,
        ba1_0.owner_type,
        ba1_0.updated_at,
        ba1_0.vendor_id 
    from
        bank_accounts ba1_0 
    where
        ba1_0.employee_id=?
2025-10-16 14:40:44.187 [http-nio-8080-exec-1] TRACE org.hibernate.orm.jdbc.bind - binding parameter (1:BIGINT) <- [99]
2025-10-16 14:40:44.188 [http-nio-8080-exec-1] DEBUG org.hibernate.SQL - 
    select
        ba1_0.id,
        ba1_0.account_holder_name,
        ba1_0.account_number,
        ba1_0.bank_name,
        ba1_0.created_at,
        ba1_0.employee_id,
        ba1_0.ifsc_code,
        ba1_0.is_primary,
        ba1_0.owner_type,
        ba1_0.updated_at,
        ba1_0.vendor_id 
    from
        bank_accounts ba1_0 
    where
        ba1_0.employee_id=?
2025-10-16 14:40:44.189 [http-nio-8080-exec-1] TRACE org.hibernate.orm.jdbc.bind - binding parameter (1:BIGINT) <- [100]
2025-10-16 14:40:44.192 [http-nio-8080-exec-1] INFO  c.a.p.c.OrganizationController - Returning 2 organizations on page 0
2025-10-16 14:40:44.196 [http-nio-8080-exec-1] WARN  o.s.d.w.c.SpringDataJacksonConfiguration$PageModule$WarningLoggingModifier - Serializing PageImpl instances as-is is not supported, meaning that there is no guarantee about the stability of the resulting JSON structure!
	For a stable JSON structure, please use Spring Data's PagedModel (globally via @EnableSpringDataWebSupport(pageSerializationMode = VIA_DTO))
	or Spring HATEOAS and Spring Data's PagedResourcesAssembler as documented in https://docs.spring.io/spring-data/commons/reference/repositories/core-extensions.html#core.web.pageables.

2025-10-16 14:41:22.832 [http-nio-8080-exec-2] DEBUG org.hibernate.SQL - 
    select
        u1_0.id,
        u1_0.created_at,
        u1_0.email,
        u1_0.full_name,
        u1_0.is_active,
        u1_0.organization_id,
        u1_0.password,
        u1_0.requires_password_change,
        u1_0.role,
        u1_0.updated_at,
        u1_0.username 
    from
        users u1_0 
    where
        u1_0.username=?
2025-10-16 14:41:22.833 [http-nio-8080-exec-2] TRACE org.hibernate.orm.jdbc.bind - binding parameter (1:VARCHAR) <- [Ani]
2025-10-16 14:41:22.837 [http-nio-8080-exec-2] INFO  c.a.papms.controller.AuthController - Login attempt for user: sony
2025-10-16 14:41:22.838 [http-nio-8080-exec-2] DEBUG org.hibernate.SQL - 
    select
        u1_0.id,
        u1_0.created_at,
        u1_0.email,
        u1_0.full_name,
        u1_0.is_active,
        u1_0.organization_id,
        u1_0.password,
        u1_0.requires_password_change,
        u1_0.role,
        u1_0.updated_at,
        u1_0.username 
    from
        users u1_0 
    where
        u1_0.username=?
2025-10-16 14:41:22.838 [http-nio-8080-exec-2] TRACE org.hibernate.orm.jdbc.bind - binding parameter (1:VARCHAR) <- [sony]
2025-10-16 14:41:22.907 [http-nio-8080-exec-2] INFO  c.a.papms.controller.AuthController - User sony authenticated successfully.
2025-10-16 14:41:22.909 [http-nio-8080-exec-2] DEBUG org.hibernate.SQL - 
    select
        u1_0.id,
        u1_0.created_at,
        u1_0.email,
        u1_0.full_name,
        u1_0.is_active,
        u1_0.organization_id,
        u1_0.password,
        u1_0.requires_password_change,
        u1_0.role,
        u1_0.updated_at,
        u1_0.username 
    from
        users u1_0 
    where
        u1_0.username=?
2025-10-16 14:41:22.909 [http-nio-8080-exec-2] TRACE org.hibernate.orm.jdbc.bind - binding parameter (1:VARCHAR) <- [sony]
2025-10-16 14:41:22.910 [http-nio-8080-exec-2] DEBUG org.hibernate.SQL - 
    select
        u1_0.id,
        u1_0.created_at,
        u1_0.email,
        u1_0.full_name,
        u1_0.is_active,
        u1_0.organization_id,
        u1_0.password,
        u1_0.requires_password_change,
        u1_0.role,
        u1_0.updated_at,
        u1_0.username 
    from
        users u1_0 
    where
        u1_0.username=?
2025-10-16 14:41:22.910 [http-nio-8080-exec-2] TRACE org.hibernate.orm.jdbc.bind - binding parameter (1:VARCHAR) <- [sony]
2025-10-16 14:41:22.912 [http-nio-8080-exec-2] DEBUG org.hibernate.SQL - 
    select
        u1_0.id,
        u1_0.created_at,
        u1_0.email,
        u1_0.full_name,
        u1_0.is_active,
        u1_0.organization_id,
        u1_0.password,
        u1_0.requires_password_change,
        u1_0.role,
        u1_0.updated_at,
        u1_0.username 
    from
        users u1_0 
    where
        u1_0.username=?
2025-10-16 14:41:22.912 [http-nio-8080-exec-2] TRACE org.hibernate.orm.jdbc.bind - binding parameter (1:VARCHAR) <- [sony]
2025-10-16 14:41:22.914 [http-nio-8080-exec-2] DEBUG c.a.papms.controller.AuthController - Fetching organization details for user: sony
2025-10-16 14:41:22.914 [http-nio-8080-exec-2] DEBUG org.hibernate.SQL - 
    select
        o1_0.id,
        o1_0.address,
        o1_0.bank_assigned_account_number,
        o1_0.company_name,
        o1_0.contact_email,
        o1_0.contact_phone,
        o1_0.created_at,
        o1_0.internal_balance,
        o1_0.logo_url,
        o1_0.rejection_reason,
        o1_0.status,
        o1_0.updated_at,
        e1_0.organization_id,
        e1_0.id,
        e1_0.created_at,
        e1_0.date_of_joining,
        e1_0.department,
        e1_0.employee_code,
        e1_0.is_active,
        e1_0.job_title,
        e1_0.profile_picture_url,
        e1_0.updated_at,
        e1_0.user_id 
    from
        organizations o1_0 
    left join
        employees e1_0 
            on o1_0.id=e1_0.organization_id 
    where
        o1_0.id=?
2025-10-16 14:41:22.915 [http-nio-8080-exec-2] TRACE org.hibernate.orm.jdbc.bind - binding parameter (1:INTEGER) <- [2]
2025-10-16 14:41:22.964 [http-nio-8080-exec-2] INFO  c.a.papms.controller.AuthController - Login successful for user: sony. Role: ORG_ADMIN
2025-10-16 14:42:57.676 [http-nio-8080-exec-4] DEBUG org.hibernate.SQL - 
    select
        u1_0.id,
        u1_0.created_at,
        u1_0.email,
        u1_0.full_name,
        u1_0.is_active,
        u1_0.organization_id,
        u1_0.password,
        u1_0.requires_password_change,
        u1_0.role,
        u1_0.updated_at,
        u1_0.username 
    from
        users u1_0 
    where
        u1_0.username=?
2025-10-16 14:42:57.677 [http-nio-8080-exec-4] TRACE org.hibernate.orm.jdbc.bind - binding parameter (1:VARCHAR) <- [sony]
2025-10-16 14:43:25.237 [http-nio-8080-exec-5] DEBUG org.hibernate.SQL - 
    select
        u1_0.id,
        u1_0.created_at,
        u1_0.email,
        u1_0.full_name,
        u1_0.is_active,
        u1_0.organization_id,
        u1_0.password,
        u1_0.requires_password_change,
        u1_0.role,
        u1_0.updated_at,
        u1_0.username 
    from
        users u1_0 
    where
        u1_0.username=?
2025-10-16 14:43:25.239 [http-nio-8080-exec-5] TRACE org.hibernate.orm.jdbc.bind - binding parameter (1:VARCHAR) <- [sony]
2025-10-16 14:43:25.333 [http-nio-8080-exec-5] INFO  c.a.papms.controller.AuthController - Received force password change request for user: sony
2025-10-16 14:43:25.334 [http-nio-8080-exec-5] DEBUG org.hibernate.SQL - 
    select
        u1_0.id,
        u1_0.created_at,
        u1_0.email,
        u1_0.full_name,
        u1_0.is_active,
        u1_0.organization_id,
        u1_0.password,
        u1_0.requires_password_change,
        u1_0.role,
        u1_0.updated_at,
        u1_0.username 
    from
        users u1_0 
    where
        u1_0.username=?
2025-10-16 14:43:25.334 [http-nio-8080-exec-5] TRACE org.hibernate.orm.jdbc.bind - binding parameter (1:VARCHAR) <- [sony]
2025-10-16 14:43:25.406 [http-nio-8080-exec-5] DEBUG org.hibernate.SQL - 
    update
        users 
    set
        email=?,
        full_name=?,
        is_active=?,
        organization_id=?,
        password=?,
        requires_password_change=?,
        role=?,
        updated_at=?,
        username=? 
    where
        id=?
2025-10-16 14:43:25.406 [http-nio-8080-exec-5] TRACE org.hibernate.orm.jdbc.bind - binding parameter (1:VARCHAR) <- [30aniketgupta@gmail.com]
2025-10-16 14:43:25.406 [http-nio-8080-exec-5] TRACE org.hibernate.orm.jdbc.bind - binding parameter (2:VARCHAR) <- [sony]
2025-10-16 14:43:25.406 [http-nio-8080-exec-5] TRACE org.hibernate.orm.jdbc.bind - binding parameter (3:BOOLEAN) <- [true]
2025-10-16 14:43:25.406 [http-nio-8080-exec-5] TRACE org.hibernate.orm.jdbc.bind - binding parameter (4:INTEGER) <- [2]
2025-10-16 14:43:25.406 [http-nio-8080-exec-5] TRACE org.hibernate.orm.jdbc.bind - binding parameter (5:VARCHAR) <- [$2a$10$k3GnsXDPBUrcchz6vh1DxO6gEiV/W5zKdardD0GYnmYQnvxNcUKwi]
2025-10-16 14:43:25.406 [http-nio-8080-exec-5] TRACE org.hibernate.orm.jdbc.bind - binding parameter (6:BOOLEAN) <- [false]
2025-10-16 14:43:25.406 [http-nio-8080-exec-5] TRACE org.hibernate.orm.jdbc.bind - binding parameter (7:ENUM) <- [ORG_ADMIN]
2025-10-16 14:43:25.406 [http-nio-8080-exec-5] TRACE org.hibernate.orm.jdbc.bind - binding parameter (8:TIMESTAMP) <- [2025-10-16T14:43:25.406386]
2025-10-16 14:43:25.406 [http-nio-8080-exec-5] TRACE org.hibernate.orm.jdbc.bind - binding parameter (9:VARCHAR) <- [sony]
2025-10-16 14:43:25.406 [http-nio-8080-exec-5] TRACE org.hibernate.orm.jdbc.bind - binding parameter (10:BIGINT) <- [103]
2025-10-16 14:43:25.461 [http-nio-8080-exec-5] INFO  c.a.papms.controller.AuthController - Password successfully changed for user: sony. User must now log in again.
2025-10-16 14:43:58.792 [http-nio-8080-exec-6] INFO  c.a.papms.controller.AuthController - Login attempt for user: sony
2025-10-16 14:43:58.793 [http-nio-8080-exec-6] DEBUG org.hibernate.SQL - 
    select
        u1_0.id,
        u1_0.created_at,
        u1_0.email,
        u1_0.full_name,
        u1_0.is_active,
        u1_0.organization_id,
        u1_0.password,
        u1_0.requires_password_change,
        u1_0.role,
        u1_0.updated_at,
        u1_0.username 
    from
        users u1_0 
    where
        u1_0.username=?
2025-10-16 14:43:58.793 [http-nio-8080-exec-6] TRACE org.hibernate.orm.jdbc.bind - binding parameter (1:VARCHAR) <- [sony]
2025-10-16 14:43:58.865 [http-nio-8080-exec-6] INFO  c.a.papms.controller.AuthController - User sony authenticated successfully.
2025-10-16 14:43:58.866 [http-nio-8080-exec-6] DEBUG org.hibernate.SQL - 
    select
        u1_0.id,
        u1_0.created_at,
        u1_0.email,
        u1_0.full_name,
        u1_0.is_active,
        u1_0.organization_id,
        u1_0.password,
        u1_0.requires_password_change,
        u1_0.role,
        u1_0.updated_at,
        u1_0.username 
    from
        users u1_0 
    where
        u1_0.username=?
2025-10-16 14:43:58.866 [http-nio-8080-exec-6] TRACE org.hibernate.orm.jdbc.bind - binding parameter (1:VARCHAR) <- [sony]
2025-10-16 14:43:58.868 [http-nio-8080-exec-6] DEBUG org.hibernate.SQL - 
    select
        u1_0.id,
        u1_0.created_at,
        u1_0.email,
        u1_0.full_name,
        u1_0.is_active,
        u1_0.organization_id,
        u1_0.password,
        u1_0.requires_password_change,
        u1_0.role,
        u1_0.updated_at,
        u1_0.username 
    from
        users u1_0 
    where
        u1_0.username=?
2025-10-16 14:43:58.868 [http-nio-8080-exec-6] TRACE org.hibernate.orm.jdbc.bind - binding parameter (1:VARCHAR) <- [sony]
2025-10-16 14:43:58.869 [http-nio-8080-exec-6] DEBUG org.hibernate.SQL - 
    select
        u1_0.id,
        u1_0.created_at,
        u1_0.email,
        u1_0.full_name,
        u1_0.is_active,
        u1_0.organization_id,
        u1_0.password,
        u1_0.requires_password_change,
        u1_0.role,
        u1_0.updated_at,
        u1_0.username 
    from
        users u1_0 
    where
        u1_0.username=?
2025-10-16 14:43:58.869 [http-nio-8080-exec-6] TRACE org.hibernate.orm.jdbc.bind - binding parameter (1:VARCHAR) <- [sony]
2025-10-16 14:43:58.870 [http-nio-8080-exec-6] DEBUG c.a.papms.controller.AuthController - Fetching organization details for user: sony
2025-10-16 14:43:58.871 [http-nio-8080-exec-6] DEBUG org.hibernate.SQL - 
    select
        o1_0.id,
        o1_0.address,
        o1_0.bank_assigned_account_number,
        o1_0.company_name,
        o1_0.contact_email,
        o1_0.contact_phone,
        o1_0.created_at,
        o1_0.internal_balance,
        o1_0.logo_url,
        o1_0.rejection_reason,
        o1_0.status,
        o1_0.updated_at,
        e1_0.organization_id,
        e1_0.id,
        e1_0.created_at,
        e1_0.date_of_joining,
        e1_0.department,
        e1_0.employee_code,
        e1_0.is_active,
        e1_0.job_title,
        e1_0.profile_picture_url,
        e1_0.updated_at,
        e1_0.user_id 
    from
        organizations o1_0 
    left join
        employees e1_0 
            on o1_0.id=e1_0.organization_id 
    where
        o1_0.id=?
2025-10-16 14:43:58.871 [http-nio-8080-exec-6] TRACE org.hibernate.orm.jdbc.bind - binding parameter (1:INTEGER) <- [2]
2025-10-16 14:43:58.920 [http-nio-8080-exec-6] INFO  c.a.papms.controller.AuthController - Login successful for user: sony. Role: ORG_ADMIN
2025-10-16 14:48:07.480 [http-nio-8080-exec-8] DEBUG org.hibernate.SQL - 
    select
        u1_0.id,
        u1_0.created_at,
        u1_0.email,
        u1_0.full_name,
        u1_0.is_active,
        u1_0.organization_id,
        u1_0.password,
        u1_0.requires_password_change,
        u1_0.role,
        u1_0.updated_at,
        u1_0.username 
    from
        users u1_0 
    where
        u1_0.username=?
2025-10-16 14:48:07.481 [http-nio-8080-exec-8] TRACE org.hibernate.orm.jdbc.bind - binding parameter (1:VARCHAR) <- [sony]
2025-10-16 14:48:07.541 [http-nio-8080-exec-8] INFO  c.a.p.controller.EmployeeController - Request to launch asynchronous batch import job for organization ID 2
2025-10-16 14:48:07.543 [http-nio-8080-exec-8] DEBUG org.hibernate.SQL - 
    select
        o1_0.id,
        o1_0.address,
        o1_0.bank_assigned_account_number,
        o1_0.company_name,
        o1_0.contact_email,
        o1_0.contact_phone,
        o1_0.created_at,
        o1_0.internal_balance,
        o1_0.logo_url,
        o1_0.rejection_reason,
        o1_0.status,
        o1_0.updated_at,
        e1_0.organization_id,
        e1_0.id,
        e1_0.created_at,
        e1_0.date_of_joining,
        e1_0.department,
        e1_0.employee_code,
        e1_0.is_active,
        e1_0.job_title,
        e1_0.profile_picture_url,
        e1_0.updated_at,
        e1_0.user_id 
    from
        organizations o1_0 
    left join
        employees e1_0 
            on o1_0.id=e1_0.organization_id 
    where
        o1_0.id=?
2025-10-16 14:48:07.543 [http-nio-8080-exec-8] TRACE org.hibernate.orm.jdbc.bind - binding parameter (1:INTEGER) <- [2]
2025-10-16 14:48:07.549 [http-nio-8080-exec-8] INFO  c.a.p.service.EmployeeServiceImpl - CSV file for organization 2 saved temporarily to: C:\Users\ANIKET~1.GUP\AppData\Local\Temp\papms-csv-import-14799526249864185379\1760606287548_employee - Copy.csv
2025-10-16 14:48:07.607 [http-nio-8080-exec-8] INFO  o.s.b.c.l.s.TaskExecutorJobLauncher - Job: [FlowJob: [name=employeeCsvImportJob]] launched with the following parameters: [{'organizationId':'{value=2, type=class java.lang.Long, identifying=true}','filePath':'{value=C:\Users\ANIKET~1.GUP\AppData\Local\Temp\papms-csv-import-14799526249864185379\1760606287548_employee - Copy.csv, type=class java.lang.String, identifying=true}','timestamp':'{value=1760606287551, type=class java.lang.Long, identifying=true}'}]
2025-10-16 14:48:07.607 [http-nio-8080-exec-8] DEBUG o.s.batch.core.job.AbstractJob - Job execution starting: JobExecution: id=2, version=0, startTime=null, endTime=null, lastUpdated=2025-10-16T14:48:07.583279700, status=STARTING, exitStatus=exitCode=UNKNOWN;exitDescription=, job=[JobInstance: id=2, version=0, Job=[employeeCsvImportJob]], jobParameters=[{'organizationId':'{value=2, type=class java.lang.Long, identifying=true}','filePath':'{value=C:\Users\ANIKET~1.GUP\AppData\Local\Temp\papms-csv-import-14799526249864185379\1760606287548_employee - Copy.csv, type=class java.lang.String, identifying=true}','timestamp':'{value=1760606287551, type=class java.lang.Long, identifying=true}'}]
2025-10-16 14:48:07.631 [http-nio-8080-exec-8] DEBUG o.s.b.c.job.flow.support.SimpleFlow - Resuming state=employeeCsvImportJob.step0 with status=UNKNOWN
2025-10-16 14:48:07.631 [http-nio-8080-exec-8] DEBUG o.s.b.c.job.flow.support.SimpleFlow - Handling state=employeeCsvImportJob.step0
2025-10-16 14:48:07.654 [http-nio-8080-exec-8] INFO  o.s.batch.core.job.SimpleStepHandler - Executing step: [employeeCsvImportStep]
2025-10-16 14:48:07.654 [http-nio-8080-exec-8] DEBUG o.s.batch.core.step.AbstractStep - Executing: id=2
2025-10-16 14:48:07.663 [http-nio-8080-exec-8] DEBUG o.s.batch.core.scope.StepScope - Creating object in scope=step, name=scopedTarget.employeeCsvProcessor
2025-10-16 14:48:07.664 [http-nio-8080-exec-8] INFO  c.a.p.batch.EmployeeCsvItemProcessor - Pre-loading existing usernames and account numbers for validation.
2025-10-16 14:48:07.668 [http-nio-8080-exec-8] DEBUG org.hibernate.SQL - 
    select
        u1_0.id,
        u1_0.created_at,
        u1_0.email,
        u1_0.full_name,
        u1_0.is_active,
        u1_0.organization_id,
        u1_0.password,
        u1_0.requires_password_change,
        u1_0.role,
        u1_0.updated_at,
        u1_0.username 
    from
        users u1_0
2025-10-16 14:48:07.677 [http-nio-8080-exec-8] DEBUG org.hibernate.SQL - 
    select
        ba1_0.id,
        ba1_0.account_holder_name,
        ba1_0.account_number,
        ba1_0.bank_name,
        ba1_0.created_at,
        ba1_0.employee_id,
        ba1_0.ifsc_code,
        ba1_0.is_primary,
        ba1_0.owner_type,
        ba1_0.updated_at,
        ba1_0.vendor_id 
    from
        bank_accounts ba1_0
2025-10-16 14:48:07.687 [http-nio-8080-exec-8] INFO  c.a.p.batch.EmployeeCsvItemProcessor - Pre-loading complete. Found 103 usernames and 100 account numbers.
2025-10-16 14:48:07.687 [http-nio-8080-exec-8] DEBUG o.s.batch.core.scope.StepScope - Creating object in scope=step, name=scopedTarget.employeeCsvReader
2025-10-16 14:48:07.702 [http-nio-8080-exec-8] DEBUG o.s.batch.core.scope.StepScope - Registered destruction callback in scope=step, name=scopedTarget.employeeCsvReader
2025-10-16 14:48:07.723 [http-nio-8080-exec-8] DEBUG o.s.b.r.s.TaskExecutorRepeatTemplate - Starting repeat context.
2025-10-16 14:48:07.727 [batch-thread-2] DEBUG o.s.b.r.s.TaskExecutorRepeatTemplate - Repeat operation about to start at count=3
2025-10-16 14:48:07.728 [batch-thread-1] DEBUG o.s.b.r.s.TaskExecutorRepeatTemplate - Repeat operation about to start at count=3
2025-10-16 14:48:07.728 [batch-thread-4] DEBUG o.s.b.r.s.TaskExecutorRepeatTemplate - Repeat operation about to start at count=4
2025-10-16 14:48:07.728 [batch-thread-3] DEBUG o.s.b.r.s.TaskExecutorRepeatTemplate - Repeat operation about to start at count=4
2025-10-16 14:48:07.728 [batch-thread-1] DEBUG o.s.b.c.s.c.StepContextRepeatCallback - Preparing chunk execution for StepContext: org.springframework.batch.core.scope.context.StepContext@4df5b744
2025-10-16 14:48:07.728 [batch-thread-2] DEBUG o.s.b.c.s.c.StepContextRepeatCallback - Preparing chunk execution for StepContext: org.springframework.batch.core.scope.context.StepContext@4df5b744
2025-10-16 14:48:07.728 [batch-thread-4] DEBUG o.s.b.c.s.c.StepContextRepeatCallback - Preparing chunk execution for StepContext: org.springframework.batch.core.scope.context.StepContext@4df5b744
2025-10-16 14:48:07.728 [batch-thread-3] DEBUG o.s.b.c.s.c.StepContextRepeatCallback - Preparing chunk execution for StepContext: org.springframework.batch.core.scope.context.StepContext@4df5b744
2025-10-16 14:48:07.728 [batch-thread-4] DEBUG o.s.b.c.s.c.StepContextRepeatCallback - Chunk execution starting: queue size=0
2025-10-16 14:48:07.728 [batch-thread-2] DEBUG o.s.b.c.s.c.StepContextRepeatCallback - Chunk execution starting: queue size=0
2025-10-16 14:48:07.728 [batch-thread-3] DEBUG o.s.b.c.s.c.StepContextRepeatCallback - Chunk execution starting: queue size=0
2025-10-16 14:48:07.728 [batch-thread-1] DEBUG o.s.b.c.s.c.StepContextRepeatCallback - Chunk execution starting: queue size=0
2025-10-16 14:48:07.731 [batch-thread-1] DEBUG o.s.b.repeat.support.RepeatTemplate - Starting repeat context.
2025-10-16 14:48:07.731 [batch-thread-3] DEBUG o.s.b.repeat.support.RepeatTemplate - Starting repeat context.
2025-10-16 14:48:07.731 [batch-thread-2] DEBUG o.s.b.repeat.support.RepeatTemplate - Starting repeat context.
2025-10-16 14:48:07.731 [batch-thread-4] DEBUG o.s.b.repeat.support.RepeatTemplate - Starting repeat context.
2025-10-16 14:48:07.732 [batch-thread-4] DEBUG o.s.b.repeat.support.RepeatTemplate - Repeat operation about to start at count=1
2025-10-16 14:48:07.732 [batch-thread-2] DEBUG o.s.b.repeat.support.RepeatTemplate - Repeat operation about to start at count=1
2025-10-16 14:48:07.732 [batch-thread-3] DEBUG o.s.b.repeat.support.RepeatTemplate - Repeat operation about to start at count=1
2025-10-16 14:48:07.732 [batch-thread-1] DEBUG o.s.b.repeat.support.RepeatTemplate - Repeat operation about to start at count=1
2025-10-16 14:48:07.740 [batch-thread-2] DEBUG o.s.b.repeat.support.RepeatTemplate - Repeat operation about to start at count=2
2025-10-16 14:48:07.740 [batch-thread-1] DEBUG o.s.b.repeat.support.RepeatTemplate - Repeat operation about to start at count=2
2025-10-16 14:48:07.740 [batch-thread-4] DEBUG o.s.b.repeat.support.RepeatTemplate - Repeat operation about to start at count=2
2025-10-16 14:48:07.740 [batch-thread-3] DEBUG o.s.b.repeat.support.RepeatTemplate - Repeat operation about to start at count=2
2025-10-16 14:48:07.740 [batch-thread-2] DEBUG o.s.b.repeat.support.RepeatTemplate - Repeat operation about to start at count=3
2025-10-16 14:48:07.740 [batch-thread-4] DEBUG o.s.b.repeat.support.RepeatTemplate - Repeat operation about to start at count=3
2025-10-16 14:48:07.740 [batch-thread-1] DEBUG o.s.b.repeat.support.RepeatTemplate - Repeat operation about to start at count=3
2025-10-16 14:48:07.740 [batch-thread-3] DEBUG o.s.b.repeat.support.RepeatTemplate - Repeat operation about to start at count=3
2025-10-16 14:48:07.740 [batch-thread-4] DEBUG o.s.b.repeat.support.RepeatTemplate - Repeat is complete according to policy and result value.
2025-10-16 14:48:07.740 [batch-thread-2] DEBUG o.s.b.repeat.support.RepeatTemplate - Repeat operation about to start at count=4
2025-10-16 14:48:07.740 [batch-thread-2] DEBUG o.s.b.repeat.support.RepeatTemplate - Repeat is complete according to policy and result value.
2025-10-16 14:48:07.740 [batch-thread-1] DEBUG o.s.b.repeat.support.RepeatTemplate - Repeat is complete according to policy and result value.
2025-10-16 14:48:07.740 [batch-thread-3] DEBUG o.s.b.repeat.support.RepeatTemplate - Repeat is complete according to policy and result value.
2025-10-16 14:48:07.741 [batch-thread-3] WARN  c.a.p.batch.EmployeeCsvItemProcessor - Skipping record. Bank account number already exists: 3456789012
2025-10-16 14:48:07.741 [batch-thread-1] WARN  c.a.p.batch.EmployeeCsvItemProcessor - Skipping record. Bank account number already exists: 0987654321
2025-10-16 14:48:07.741 [batch-thread-2] WARN  c.a.p.batch.EmployeeCsvItemProcessor - Skipping record. Bank account number already exists: 1234567890
2025-10-16 14:48:07.741 [batch-thread-4] WARN  c.a.p.batch.EmployeeCsvItemProcessor - Skipping record. Bank account number already exists: 2345678901
2025-10-16 14:48:07.741 [batch-thread-3] WARN  c.a.p.batch.EmployeeCsvItemProcessor - Skipping record. Bank account number already exists: 7890123456
2025-10-16 14:48:07.741 [batch-thread-4] WARN  c.a.p.batch.EmployeeCsvItemProcessor - Skipping record. Bank account number already exists: 6789012345
2025-10-16 14:48:07.741 [batch-thread-1] WARN  c.a.p.batch.EmployeeCsvItemProcessor - Skipping record. Bank account number already exists: 5678901234
2025-10-16 14:48:07.741 [batch-thread-2] WARN  c.a.p.batch.EmployeeCsvItemProcessor - Skipping record. Bank account number already exists: 4567890123
2025-10-16 14:48:07.741 [batch-thread-3] DEBUG o.s.b.item.database.JpaItemWriter - Writing to JPA with 0 items.
2025-10-16 14:48:07.741 [batch-thread-4] DEBUG o.s.b.item.database.JpaItemWriter - Writing to JPA with 0 items.
2025-10-16 14:48:07.741 [batch-thread-1] DEBUG o.s.b.item.database.JpaItemWriter - Writing to JPA with 0 items.
2025-10-16 14:48:07.741 [batch-thread-2] WARN  c.a.p.batch.EmployeeCsvItemProcessor - Skipping record. Bank account number already exists: 8901234567
2025-10-16 14:48:07.741 [batch-thread-3] DEBUG o.s.batch.core.scope.StepScope - Creating object in scope=step, name=scopedTarget.employeeEmailWriter
2025-10-16 14:48:07.741 [batch-thread-2] DEBUG o.s.b.item.database.JpaItemWriter - Writing to JPA with 0 items.
2025-10-16 14:48:07.742 [batch-thread-3] DEBUG org.hibernate.SQL - 
    select
        o1_0.id,
        o1_0.address,
        o1_0.bank_assigned_account_number,
        o1_0.company_name,
        o1_0.contact_email,
        o1_0.contact_phone,
        o1_0.created_at,
        o1_0.internal_balance,
        o1_0.logo_url,
        o1_0.rejection_reason,
        o1_0.status,
        o1_0.updated_at,
        e1_0.organization_id,
        e1_0.id,
        e1_0.created_at,
        e1_0.date_of_joining,
        e1_0.department,
        e1_0.employee_code,
        e1_0.is_active,
        e1_0.job_title,
        e1_0.profile_picture_url,
        e1_0.updated_at,
        e1_0.user_id 
    from
        organizations o1_0 
    left join
        employees e1_0 
            on o1_0.id=e1_0.organization_id 
    where
        o1_0.id=?
2025-10-16 14:48:07.742 [batch-thread-3] TRACE org.hibernate.orm.jdbc.bind - binding parameter (1:INTEGER) <- [2]
2025-10-16 14:48:07.747 [batch-thread-3] DEBUG o.s.b.c.s.item.ChunkOrientedTasklet - Inputs not busy, ended: true
2025-10-16 14:48:07.747 [batch-thread-2] DEBUG o.s.b.c.s.item.ChunkOrientedTasklet - Inputs not busy, ended: true
2025-10-16 14:48:07.747 [batch-thread-1] DEBUG o.s.b.c.s.item.ChunkOrientedTasklet - Inputs not busy, ended: true
2025-10-16 14:48:07.747 [batch-thread-4] DEBUG o.s.b.c.s.item.ChunkOrientedTasklet - Inputs not busy, ended: true
2025-10-16 14:48:07.751 [batch-thread-3] DEBUG o.s.b.core.step.tasklet.TaskletStep - Applying contribution: [StepContribution: read=2, written=0, filtered=2, readSkips=0, writeSkips=0, processSkips=0, exitStatus=EXECUTING]
2025-10-16 14:48:07.753 [batch-thread-3] DEBUG o.s.b.core.step.tasklet.TaskletStep - Saving step execution before commit: StepExecution: id=2, version=1, name=employeeCsvImportStep, status=STARTED, exitStatus=EXECUTING, readCount=2, filterCount=2, writeCount=0 readSkipCount=0, writeSkipCount=0, processSkipCount=0, commitCount=1, rollbackCount=0, exitDescription=
2025-10-16 14:48:07.761 [batch-thread-2] DEBUG o.s.b.core.step.tasklet.TaskletStep - Applying contribution: [StepContribution: read=3, written=0, filtered=3, readSkips=0, writeSkips=0, processSkips=0, exitStatus=EXECUTING]
2025-10-16 14:48:07.763 [batch-thread-5] DEBUG o.s.b.r.s.TaskExecutorRepeatTemplate - Repeat operation about to start at count=5
2025-10-16 14:48:07.763 [batch-thread-5] DEBUG o.s.b.c.s.c.StepContextRepeatCallback - Preparing chunk execution for StepContext: org.springframework.batch.core.scope.context.StepContext@4df5b744
2025-10-16 14:48:07.763 [batch-thread-5] DEBUG o.s.b.c.s.c.StepContextRepeatCallback - Chunk execution starting: queue size=0
2025-10-16 14:48:07.764 [batch-thread-5] DEBUG o.s.b.repeat.support.RepeatTemplate - Starting repeat context.
2025-10-16 14:48:07.764 [batch-thread-5] DEBUG o.s.b.repeat.support.RepeatTemplate - Repeat operation about to start at count=1
2025-10-16 14:48:07.765 [batch-thread-2] DEBUG o.s.b.core.step.tasklet.TaskletStep - Saving step execution before commit: StepExecution: id=2, version=2, name=employeeCsvImportStep, status=STARTED, exitStatus=EXECUTING, readCount=5, filterCount=5, writeCount=0 readSkipCount=0, writeSkipCount=0, processSkipCount=0, commitCount=2, rollbackCount=0, exitDescription=
2025-10-16 14:48:07.765 [batch-thread-5] DEBUG o.s.b.repeat.support.RepeatTemplate - Repeat is complete according to policy and result value.
2025-10-16 14:48:07.765 [batch-thread-5] DEBUG o.s.b.c.s.item.ChunkOrientedTasklet - Inputs not busy, ended: true
2025-10-16 14:48:07.774 [batch-thread-1] DEBUG o.s.b.core.step.tasklet.TaskletStep - Applying contribution: [StepContribution: read=2, written=0, filtered=2, readSkips=0, writeSkips=0, processSkips=0, exitStatus=EXECUTING]
2025-10-16 14:48:07.777 [batch-thread-1] DEBUG o.s.b.core.step.tasklet.TaskletStep - Saving step execution before commit: StepExecution: id=2, version=3, name=employeeCsvImportStep, status=STARTED, exitStatus=EXECUTING, readCount=7, filterCount=7, writeCount=0 readSkipCount=0, writeSkipCount=0, processSkipCount=0, commitCount=3, rollbackCount=0, exitDescription=
2025-10-16 14:48:07.784 [batch-thread-4] DEBUG o.s.b.core.step.tasklet.TaskletStep - Applying contribution: [StepContribution: read=2, written=0, filtered=2, readSkips=0, writeSkips=0, processSkips=0, exitStatus=EXECUTING]
2025-10-16 14:48:07.786 [batch-thread-4] DEBUG o.s.b.core.step.tasklet.TaskletStep - Saving step execution before commit: StepExecution: id=2, version=4, name=employeeCsvImportStep, status=STARTED, exitStatus=EXECUTING, readCount=9, filterCount=9, writeCount=0 readSkipCount=0, writeSkipCount=0, processSkipCount=0, commitCount=4, rollbackCount=0, exitDescription=
2025-10-16 14:48:07.795 [batch-thread-5] DEBUG o.s.b.core.step.tasklet.TaskletStep - Applying contribution: [StepContribution: read=0, written=0, filtered=0, readSkips=0, writeSkips=0, processSkips=0, exitStatus=EXECUTING]
2025-10-16 14:48:07.796 [batch-thread-5] DEBUG o.s.b.core.step.tasklet.TaskletStep - Saving step execution before commit: StepExecution: id=2, version=5, name=employeeCsvImportStep, status=STARTED, exitStatus=EXECUTING, readCount=9, filterCount=9, writeCount=0 readSkipCount=0, writeSkipCount=0, processSkipCount=0, commitCount=5, rollbackCount=0, exitDescription=
2025-10-16 14:48:07.803 [http-nio-8080-exec-8] DEBUG o.s.b.r.s.TaskExecutorRepeatTemplate - Repeat is complete according to policy and result value.
2025-10-16 14:48:07.803 [http-nio-8080-exec-8] DEBUG o.s.batch.core.step.AbstractStep - Step execution success: id=2
2025-10-16 14:48:07.804 [http-nio-8080-exec-8] INFO  o.s.batch.core.step.AbstractStep - Step: [employeeCsvImportStep] executed in 150ms
2025-10-16 14:48:07.817 [http-nio-8080-exec-8] DEBUG o.s.batch.core.step.AbstractStep - Step execution complete: StepExecution: id=2, version=7, name=employeeCsvImportStep, status=COMPLETED, exitStatus=COMPLETED, readCount=9, filterCount=9, writeCount=0 readSkipCount=0, writeSkipCount=0, processSkipCount=0, commitCount=5, rollbackCount=0
2025-10-16 14:48:07.824 [http-nio-8080-exec-8] DEBUG o.s.b.c.job.flow.support.SimpleFlow - Completed state=employeeCsvImportJob.step0 with status=COMPLETED
2025-10-16 14:48:07.824 [http-nio-8080-exec-8] DEBUG o.s.b.c.job.flow.support.SimpleFlow - Handling state=employeeCsvImportJob.COMPLETED
2025-10-16 14:48:07.825 [http-nio-8080-exec-8] DEBUG o.s.b.c.job.flow.support.SimpleFlow - Completed state=employeeCsvImportJob.COMPLETED with status=COMPLETED
2025-10-16 14:48:07.825 [http-nio-8080-exec-8] DEBUG o.s.batch.core.job.AbstractJob - Job execution complete: JobExecution: id=2, version=1, startTime=2025-10-16T14:48:07.619975800, endTime=null, lastUpdated=2025-10-16T14:48:07.619975800, status=COMPLETED, exitStatus=exitCode=COMPLETED;exitDescription=, job=[JobInstance: id=2, version=0, Job=[employeeCsvImportJob]], jobParameters=[{'organizationId':'{value=2, type=class java.lang.Long, identifying=true}','filePath':'{value=C:\Users\ANIKET~1.GUP\AppData\Local\Temp\papms-csv-import-14799526249864185379\1760606287548_employee - Copy.csv, type=class java.lang.String, identifying=true}','timestamp':'{value=1760606287551, type=class java.lang.Long, identifying=true}'}]
2025-10-16 14:48:07.832 [http-nio-8080-exec-8] DEBUG org.hibernate.SQL - 
    select
        u1_0.id,
        u1_0.created_at,
        u1_0.email,
        u1_0.full_name,
        u1_0.is_active,
        u1_0.organization_id,
        u1_0.password,
        u1_0.requires_password_change,
        u1_0.role,
        u1_0.updated_at,
        u1_0.username 
    from
        users u1_0 
    where
        u1_0.organization_id=? 
        and u1_0.role=?
2025-10-16 14:48:07.832 [http-nio-8080-exec-8] TRACE org.hibernate.orm.jdbc.bind - binding parameter (1:INTEGER) <- [2]
2025-10-16 14:48:07.832 [http-nio-8080-exec-8] TRACE org.hibernate.orm.jdbc.bind - binding parameter (2:ENUM) <- [ORG_ADMIN]
2025-10-16 14:48:07.837 [http-nio-8080-exec-8] INFO  c.a.p.b.JobCompletionNotificationListener - !!! EMPLOYEE IMPORT JOB FINISHED for 'sony'! 0 employees imported.
2025-10-16 14:48:07.837 [http-nio-8080-exec-8] DEBUG org.hibernate.SQL - 
    insert 
    into
        notifications
        (created_at, is_read, link, message, user_id) 
    values
        (?, ?, ?, ?, ?)
2025-10-16 14:48:07.839 [http-nio-8080-exec-8] TRACE org.hibernate.orm.jdbc.bind - binding parameter (1:TIMESTAMP) <- [2025-10-16T14:48:07.837524]
2025-10-16 14:48:07.839 [http-nio-8080-exec-8] TRACE org.hibernate.orm.jdbc.bind - binding parameter (2:BOOLEAN) <- [false]
2025-10-16 14:48:07.839 [http-nio-8080-exec-8] TRACE org.hibernate.orm.jdbc.bind - binding parameter (3:VARCHAR) <- [/dashboard]
2025-10-16 14:48:07.839 [http-nio-8080-exec-8] TRACE org.hibernate.orm.jdbc.bind - binding parameter (4:VARCHAR) <- [Bulk employee import for 'sony' is complete. 0 employees were successfully imported.]
2025-10-16 14:48:07.839 [http-nio-8080-exec-8] TRACE org.hibernate.orm.jdbc.bind - binding parameter (5:BIGINT) <- [103]
2025-10-16 14:48:07.840 [http-nio-8080-exec-8] INFO  c.a.p.service.NotificationService - Created notification for user 'sony': Bulk employee import for 'sony' is complete. 0 employees were successfully imported.
2025-10-16 14:48:07.845 [http-nio-8080-exec-8] INFO  c.a.p.b.JobCompletionNotificationListener - Successfully deleted temporary file: C:\Users\ANIKET~1.GUP\AppData\Local\Temp\papms-csv-import-14799526249864185379\1760606287548_employee - Copy.csv
2025-10-16 14:48:07.854 [http-nio-8080-exec-8] INFO  o.s.b.c.l.s.TaskExecutorJobLauncher - Job: [FlowJob: [name=employeeCsvImportJob]] completed with the following parameters: [{'organizationId':'{value=2, type=class java.lang.Long, identifying=true}','filePath':'{value=C:\Users\ANIKET~1.GUP\AppData\Local\Temp\papms-csv-import-14799526249864185379\1760606287548_employee - Copy.csv, type=class java.lang.String, identifying=true}','timestamp':'{value=1760606287551, type=class java.lang.Long, identifying=true}'}] and the following status: [COMPLETED] in 205ms
2025-10-16 14:48:07.854 [http-nio-8080-exec-8] INFO  c.a.p.controller.EmployeeController - Batch job for organization ID 2 launched successfully.
2025-10-16 14:49:39.311 [http-nio-8080-exec-10] DEBUG org.hibernate.SQL - 
    select
        u1_0.id,
        u1_0.created_at,
        u1_0.email,
        u1_0.full_name,
        u1_0.is_active,
        u1_0.organization_id,
        u1_0.password,
        u1_0.requires_password_change,
        u1_0.role,
        u1_0.updated_at,
        u1_0.username 
    from
        users u1_0 
    where
        u1_0.username=?
2025-10-16 14:49:39.312 [http-nio-8080-exec-10] TRACE org.hibernate.orm.jdbc.bind - binding parameter (1:VARCHAR) <- [sony]
2025-10-16 14:49:39.320 [http-nio-8080-exec-10] INFO  c.a.p.controller.EmployeeController - Request to launch asynchronous batch import job for organization ID 2
2025-10-16 14:49:39.321 [http-nio-8080-exec-10] DEBUG org.hibernate.SQL - 
    select
        o1_0.id,
        o1_0.address,
        o1_0.bank_assigned_account_number,
        o1_0.company_name,
        o1_0.contact_email,
        o1_0.contact_phone,
        o1_0.created_at,
        o1_0.internal_balance,
        o1_0.logo_url,
        o1_0.rejection_reason,
        o1_0.status,
        o1_0.updated_at,
        e1_0.organization_id,
        e1_0.id,
        e1_0.created_at,
        e1_0.date_of_joining,
        e1_0.department,
        e1_0.employee_code,
        e1_0.is_active,
        e1_0.job_title,
        e1_0.profile_picture_url,
        e1_0.updated_at,
        e1_0.user_id 
    from
        organizations o1_0 
    left join
        employees e1_0 
            on o1_0.id=e1_0.organization_id 
    where
        o1_0.id=?
2025-10-16 14:49:39.322 [http-nio-8080-exec-10] TRACE org.hibernate.orm.jdbc.bind - binding parameter (1:INTEGER) <- [2]
2025-10-16 14:49:39.326 [http-nio-8080-exec-10] INFO  c.a.p.service.EmployeeServiceImpl - CSV file for organization 2 saved temporarily to: C:\Users\ANIKET~1.GUP\AppData\Local\Temp\papms-csv-import-17617765323257115963\1760606379325_employee - Copy.csv
2025-10-16 14:49:39.632 [http-nio-8080-exec-10] INFO  o.s.b.c.l.s.TaskExecutorJobLauncher - Job: [FlowJob: [name=employeeCsvImportJob]] launched with the following parameters: [{'organizationId':'{value=2, type=class java.lang.Long, identifying=true}','filePath':'{value=C:\Users\ANIKET~1.GUP\AppData\Local\Temp\papms-csv-import-17617765323257115963\1760606379325_employee - Copy.csv, type=class java.lang.String, identifying=true}','timestamp':'{value=1760606379326, type=class java.lang.Long, identifying=true}'}]
2025-10-16 14:49:39.633 [http-nio-8080-exec-10] DEBUG o.s.batch.core.job.AbstractJob - Job execution starting: JobExecution: id=3, version=0, startTime=null, endTime=null, lastUpdated=2025-10-16T14:49:39.617076400, status=STARTING, exitStatus=exitCode=UNKNOWN;exitDescription=, job=[JobInstance: id=3, version=0, Job=[employeeCsvImportJob]], jobParameters=[{'organizationId':'{value=2, type=class java.lang.Long, identifying=true}','filePath':'{value=C:\Users\ANIKET~1.GUP\AppData\Local\Temp\papms-csv-import-17617765323257115963\1760606379325_employee - Copy.csv, type=class java.lang.String, identifying=true}','timestamp':'{value=1760606379326, type=class java.lang.Long, identifying=true}'}]
2025-10-16 14:49:39.641 [http-nio-8080-exec-10] DEBUG o.s.b.c.job.flow.support.SimpleFlow - Resuming state=employeeCsvImportJob.step0 with status=UNKNOWN
2025-10-16 14:49:39.641 [http-nio-8080-exec-10] DEBUG o.s.b.c.job.flow.support.SimpleFlow - Handling state=employeeCsvImportJob.step0
2025-10-16 14:49:39.662 [http-nio-8080-exec-10] INFO  o.s.batch.core.job.SimpleStepHandler - Executing step: [employeeCsvImportStep]
2025-10-16 14:49:39.663 [http-nio-8080-exec-10] DEBUG o.s.batch.core.step.AbstractStep - Executing: id=3
2025-10-16 14:49:39.671 [http-nio-8080-exec-10] DEBUG o.s.batch.core.scope.StepScope - Creating object in scope=step, name=scopedTarget.employeeCsvProcessor
2025-10-16 14:49:39.672 [http-nio-8080-exec-10] INFO  c.a.p.batch.EmployeeCsvItemProcessor - Pre-loading existing usernames and account numbers for validation.
2025-10-16 14:49:39.674 [http-nio-8080-exec-10] DEBUG org.hibernate.SQL - 
    select
        u1_0.id,
        u1_0.created_at,
        u1_0.email,
        u1_0.full_name,
        u1_0.is_active,
        u1_0.organization_id,
        u1_0.password,
        u1_0.requires_password_change,
        u1_0.role,
        u1_0.updated_at,
        u1_0.username 
    from
        users u1_0
2025-10-16 14:49:39.684 [http-nio-8080-exec-10] DEBUG org.hibernate.SQL - 
    select
        ba1_0.id,
        ba1_0.account_holder_name,
        ba1_0.account_number,
        ba1_0.bank_name,
        ba1_0.created_at,
        ba1_0.employee_id,
        ba1_0.ifsc_code,
        ba1_0.is_primary,
        ba1_0.owner_type,
        ba1_0.updated_at,
        ba1_0.vendor_id 
    from
        bank_accounts ba1_0
2025-10-16 14:49:39.693 [http-nio-8080-exec-10] INFO  c.a.p.batch.EmployeeCsvItemProcessor - Pre-loading complete. Found 103 usernames and 100 account numbers.
2025-10-16 14:49:39.694 [http-nio-8080-exec-10] DEBUG o.s.batch.core.scope.StepScope - Creating object in scope=step, name=scopedTarget.employeeCsvReader
2025-10-16 14:49:39.694 [http-nio-8080-exec-10] DEBUG o.s.batch.core.scope.StepScope - Registered destruction callback in scope=step, name=scopedTarget.employeeCsvReader
2025-10-16 14:49:39.706 [http-nio-8080-exec-10] DEBUG o.s.b.r.s.TaskExecutorRepeatTemplate - Starting repeat context.
2025-10-16 14:49:39.708 [batch-thread-6] DEBUG o.s.b.r.s.TaskExecutorRepeatTemplate - Repeat operation about to start at count=2
2025-10-16 14:49:39.708 [batch-thread-7] DEBUG o.s.b.r.s.TaskExecutorRepeatTemplate - Repeat operation about to start at count=2
2025-10-16 14:49:39.708 [batch-thread-6] DEBUG o.s.b.c.s.c.StepContextRepeatCallback - Preparing chunk execution for StepContext: org.springframework.batch.core.scope.context.StepContext@5e38096b
2025-10-16 14:49:39.708 [batch-thread-7] DEBUG o.s.b.c.s.c.StepContextRepeatCallback - Preparing chunk execution for StepContext: org.springframework.batch.core.scope.context.StepContext@5e38096b
2025-10-16 14:49:39.708 [batch-thread-6] DEBUG o.s.b.c.s.c.StepContextRepeatCallback - Chunk execution starting: queue size=0
2025-10-16 14:49:39.708 [batch-thread-7] DEBUG o.s.b.c.s.c.StepContextRepeatCallback - Chunk execution starting: queue size=0
2025-10-16 14:49:39.708 [batch-thread-8] DEBUG o.s.b.r.s.TaskExecutorRepeatTemplate - Repeat operation about to start at count=4
2025-10-16 14:49:39.708 [batch-thread-8] DEBUG o.s.b.c.s.c.StepContextRepeatCallback - Preparing chunk execution for StepContext: org.springframework.batch.core.scope.context.StepContext@5e38096b
2025-10-16 14:49:39.708 [batch-thread-8] DEBUG o.s.b.c.s.c.StepContextRepeatCallback - Chunk execution starting: queue size=0
2025-10-16 14:49:39.708 [batch-thread-9] DEBUG o.s.b.r.s.TaskExecutorRepeatTemplate - Repeat operation about to start at count=4
2025-10-16 14:49:39.708 [batch-thread-9] DEBUG o.s.b.c.s.c.StepContextRepeatCallback - Preparing chunk execution for StepContext: org.springframework.batch.core.scope.context.StepContext@5e38096b
2025-10-16 14:49:39.708 [batch-thread-9] DEBUG o.s.b.c.s.c.StepContextRepeatCallback - Chunk execution starting: queue size=0
2025-10-16 14:49:39.709 [batch-thread-6] DEBUG o.s.b.repeat.support.RepeatTemplate - Starting repeat context.
2025-10-16 14:49:39.709 [batch-thread-7] DEBUG o.s.b.repeat.support.RepeatTemplate - Starting repeat context.
2025-10-16 14:49:39.709 [batch-thread-8] DEBUG o.s.b.repeat.support.RepeatTemplate - Starting repeat context.
2025-10-16 14:49:39.709 [batch-thread-9] DEBUG o.s.b.repeat.support.RepeatTemplate - Starting repeat context.
2025-10-16 14:49:39.709 [batch-thread-6] DEBUG o.s.b.repeat.support.RepeatTemplate - Repeat operation about to start at count=1
2025-10-16 14:49:39.709 [batch-thread-8] DEBUG o.s.b.repeat.support.RepeatTemplate - Repeat operation about to start at count=1
2025-10-16 14:49:39.709 [batch-thread-7] DEBUG o.s.b.repeat.support.RepeatTemplate - Repeat operation about to start at count=1
2025-10-16 14:49:39.709 [batch-thread-9] DEBUG o.s.b.repeat.support.RepeatTemplate - Repeat operation about to start at count=1
2025-10-16 14:49:39.709 [batch-thread-8] DEBUG o.s.b.repeat.support.RepeatTemplate - Repeat operation about to start at count=2
2025-10-16 14:49:39.709 [batch-thread-6] DEBUG o.s.b.repeat.support.RepeatTemplate - Repeat operation about to start at count=2
2025-10-16 14:49:39.709 [batch-thread-7] DEBUG o.s.b.repeat.support.RepeatTemplate - Repeat operation about to start at count=2
2025-10-16 14:49:39.709 [batch-thread-9] DEBUG o.s.b.repeat.support.RepeatTemplate - Repeat operation about to start at count=2
2025-10-16 14:49:39.709 [batch-thread-6] DEBUG o.s.b.repeat.support.RepeatTemplate - Repeat operation about to start at count=3
2025-10-16 14:49:39.709 [batch-thread-9] DEBUG o.s.b.repeat.support.RepeatTemplate - Repeat operation about to start at count=3
2025-10-16 14:49:39.709 [batch-thread-8] DEBUG o.s.b.repeat.support.RepeatTemplate - Repeat operation about to start at count=3
2025-10-16 14:49:39.709 [batch-thread-7] DEBUG o.s.b.repeat.support.RepeatTemplate - Repeat operation about to start at count=3
2025-10-16 14:49:39.710 [batch-thread-8] DEBUG o.s.b.repeat.support.RepeatTemplate - Repeat is complete according to policy and result value.
2025-10-16 14:49:39.710 [batch-thread-7] DEBUG o.s.b.repeat.support.RepeatTemplate - Repeat is complete according to policy and result value.
2025-10-16 14:49:39.710 [batch-thread-6] DEBUG o.s.b.repeat.support.RepeatTemplate - Repeat is complete according to policy and result value.
2025-10-16 14:49:39.710 [batch-thread-7] WARN  c.a.p.batch.EmployeeCsvItemProcessor - Skipping record. Bank account number already exists: 2345678901
2025-10-16 14:49:39.710 [batch-thread-9] DEBUG o.s.b.repeat.support.RepeatTemplate - Repeat operation about to start at count=4
2025-10-16 14:49:39.710 [batch-thread-8] WARN  c.a.p.batch.EmployeeCsvItemProcessor - Skipping record. Bank account number already exists: 0987654321
2025-10-16 14:49:39.710 [batch-thread-6] WARN  c.a.p.batch.EmployeeCsvItemProcessor - Skipping record. Bank account number already exists: 1234567890
2025-10-16 14:49:39.710 [batch-thread-7] WARN  c.a.p.batch.EmployeeCsvItemProcessor - Skipping record. Bank account number already exists: 6789012345
2025-10-16 14:49:39.710 [batch-thread-9] DEBUG o.s.b.repeat.support.RepeatTemplate - Repeat is complete according to policy and result value.
2025-10-16 14:49:39.710 [batch-thread-8] WARN  c.a.p.batch.EmployeeCsvItemProcessor - Skipping record. Bank account number already exists: 4567890123
2025-10-16 14:49:39.710 [batch-thread-6] WARN  c.a.p.batch.EmployeeCsvItemProcessor - Skipping record. Bank account number already exists: 5678901234
2025-10-16 14:49:39.710 [batch-thread-9] WARN  c.a.p.batch.EmployeeCsvItemProcessor - Skipping record. Bank account number already exists: 3456789012
2025-10-16 14:49:39.710 [batch-thread-7] DEBUG o.s.b.item.database.JpaItemWriter - Writing to JPA with 0 items.
2025-10-16 14:49:39.710 [batch-thread-8] DEBUG o.s.b.item.database.JpaItemWriter - Writing to JPA with 0 items.
2025-10-16 14:49:39.710 [batch-thread-6] DEBUG o.s.b.item.database.JpaItemWriter - Writing to JPA with 0 items.
2025-10-16 14:49:39.710 [batch-thread-8] DEBUG o.s.batch.core.scope.StepScope - Creating object in scope=step, name=scopedTarget.employeeEmailWriter
2025-10-16 14:49:39.710 [batch-thread-9] WARN  c.a.p.batch.EmployeeCsvItemProcessor - Skipping record. Bank account number already exists: 7890123456
2025-10-16 14:49:39.711 [batch-thread-9] WARN  c.a.p.batch.EmployeeCsvItemProcessor - Skipping record. Bank account number already exists: 8901234567
2025-10-16 14:49:39.711 [batch-thread-8] DEBUG org.hibernate.SQL - 
    select
        o1_0.id,
        o1_0.address,
        o1_0.bank_assigned_account_number,
        o1_0.company_name,
        o1_0.contact_email,
        o1_0.contact_phone,
        o1_0.created_at,
        o1_0.internal_balance,
        o1_0.logo_url,
        o1_0.rejection_reason,
        o1_0.status,
        o1_0.updated_at,
        e1_0.organization_id,
        e1_0.id,
        e1_0.created_at,
        e1_0.date_of_joining,
        e1_0.department,
        e1_0.employee_code,
        e1_0.is_active,
        e1_0.job_title,
        e1_0.profile_picture_url,
        e1_0.updated_at,
        e1_0.user_id 
    from
        organizations o1_0 
    left join
        employees e1_0 
            on o1_0.id=e1_0.organization_id 
    where
        o1_0.id=?
2025-10-16 14:49:39.711 [batch-thread-9] DEBUG o.s.b.item.database.JpaItemWriter - Writing to JPA with 0 items.
2025-10-16 14:49:39.711 [batch-thread-8] TRACE org.hibernate.orm.jdbc.bind - binding parameter (1:INTEGER) <- [2]
2025-10-16 14:49:39.714 [batch-thread-7] DEBUG o.s.b.c.s.item.ChunkOrientedTasklet - Inputs not busy, ended: true
2025-10-16 14:49:39.714 [batch-thread-6] DEBUG o.s.b.c.s.item.ChunkOrientedTasklet - Inputs not busy, ended: true
2025-10-16 14:49:39.714 [batch-thread-9] DEBUG o.s.b.c.s.item.ChunkOrientedTasklet - Inputs not busy, ended: true
2025-10-16 14:49:39.714 [batch-thread-8] DEBUG o.s.b.c.s.item.ChunkOrientedTasklet - Inputs not busy, ended: true
2025-10-16 14:49:39.715 [batch-thread-7] DEBUG o.s.b.core.step.tasklet.TaskletStep - Applying contribution: [StepContribution: read=2, written=0, filtered=2, readSkips=0, writeSkips=0, processSkips=0, exitStatus=EXECUTING]
2025-10-16 14:49:39.716 [batch-thread-7] DEBUG o.s.b.core.step.tasklet.TaskletStep - Saving step execution before commit: StepExecution: id=3, version=1, name=employeeCsvImportStep, status=STARTED, exitStatus=EXECUTING, readCount=2, filterCount=2, writeCount=0 readSkipCount=0, writeSkipCount=0, processSkipCount=0, commitCount=1, rollbackCount=0, exitDescription=
2025-10-16 14:49:39.722 [batch-thread-6] DEBUG o.s.b.core.step.tasklet.TaskletStep - Applying contribution: [StepContribution: read=2, written=0, filtered=2, readSkips=0, writeSkips=0, processSkips=0, exitStatus=EXECUTING]
2025-10-16 14:49:39.723 [batch-thread-10] DEBUG o.s.b.r.s.TaskExecutorRepeatTemplate - Repeat operation about to start at count=5
2025-10-16 14:49:39.723 [batch-thread-10] DEBUG o.s.b.c.s.c.StepContextRepeatCallback - Preparing chunk execution for StepContext: org.springframework.batch.core.scope.context.StepContext@5e38096b
2025-10-16 14:49:39.723 [batch-thread-10] DEBUG o.s.b.c.s.c.StepContextRepeatCallback - Chunk execution starting: queue size=0
2025-10-16 14:49:39.723 [batch-thread-6] DEBUG o.s.b.core.step.tasklet.TaskletStep - Saving step execution before commit: StepExecution: id=3, version=2, name=employeeCsvImportStep, status=STARTED, exitStatus=EXECUTING, readCount=4, filterCount=4, writeCount=0 readSkipCount=0, writeSkipCount=0, processSkipCount=0, commitCount=2, rollbackCount=0, exitDescription=
2025-10-16 14:49:39.725 [batch-thread-10] DEBUG o.s.b.repeat.support.RepeatTemplate - Starting repeat context.
2025-10-16 14:49:39.725 [batch-thread-10] DEBUG o.s.b.repeat.support.RepeatTemplate - Repeat operation about to start at count=1
2025-10-16 14:49:39.725 [batch-thread-10] DEBUG o.s.b.repeat.support.RepeatTemplate - Repeat is complete according to policy and result value.
2025-10-16 14:49:39.725 [batch-thread-10] DEBUG o.s.b.c.s.item.ChunkOrientedTasklet - Inputs not busy, ended: true
2025-10-16 14:49:39.730 [batch-thread-9] DEBUG o.s.b.core.step.tasklet.TaskletStep - Applying contribution: [StepContribution: read=3, written=0, filtered=3, readSkips=0, writeSkips=0, processSkips=0, exitStatus=EXECUTING]
2025-10-16 14:49:39.732 [batch-thread-9] DEBUG o.s.b.core.step.tasklet.TaskletStep - Saving step execution before commit: StepExecution: id=3, version=3, name=employeeCsvImportStep, status=STARTED, exitStatus=EXECUTING, readCount=7, filterCount=7, writeCount=0 readSkipCount=0, writeSkipCount=0, processSkipCount=0, commitCount=3, rollbackCount=0, exitDescription=
2025-10-16 14:49:39.739 [batch-thread-8] DEBUG o.s.b.core.step.tasklet.TaskletStep - Applying contribution: [StepContribution: read=2, written=0, filtered=2, readSkips=0, writeSkips=0, processSkips=0, exitStatus=EXECUTING]
2025-10-16 14:49:39.740 [batch-thread-8] DEBUG o.s.b.core.step.tasklet.TaskletStep - Saving step execution before commit: StepExecution: id=3, version=4, name=employeeCsvImportStep, status=STARTED, exitStatus=EXECUTING, readCount=9, filterCount=9, writeCount=0 readSkipCount=0, writeSkipCount=0, processSkipCount=0, commitCount=4, rollbackCount=0, exitDescription=
2025-10-16 14:49:39.748 [batch-thread-10] DEBUG o.s.b.core.step.tasklet.TaskletStep - Applying contribution: [StepContribution: read=0, written=0, filtered=0, readSkips=0, writeSkips=0, processSkips=0, exitStatus=EXECUTING]
2025-10-16 14:49:39.749 [batch-thread-10] DEBUG o.s.b.core.step.tasklet.TaskletStep - Saving step execution before commit: StepExecution: id=3, version=5, name=employeeCsvImportStep, status=STARTED, exitStatus=EXECUTING, readCount=9, filterCount=9, writeCount=0 readSkipCount=0, writeSkipCount=0, processSkipCount=0, commitCount=5, rollbackCount=0, exitDescription=
2025-10-16 14:49:39.756 [http-nio-8080-exec-10] DEBUG o.s.b.r.s.TaskExecutorRepeatTemplate - Repeat is complete according to policy and result value.
2025-10-16 14:49:39.756 [http-nio-8080-exec-10] DEBUG o.s.batch.core.step.AbstractStep - Step execution success: id=3
2025-10-16 14:49:39.756 [http-nio-8080-exec-10] INFO  o.s.batch.core.step.AbstractStep - Step: [employeeCsvImportStep] executed in 93ms
2025-10-16 14:49:39.768 [http-nio-8080-exec-10] DEBUG o.s.batch.core.step.AbstractStep - Step execution complete: StepExecution: id=3, version=7, name=employeeCsvImportStep, status=COMPLETED, exitStatus=COMPLETED, readCount=9, filterCount=9, writeCount=0 readSkipCount=0, writeSkipCount=0, processSkipCount=0, commitCount=5, rollbackCount=0
2025-10-16 14:49:39.774 [http-nio-8080-exec-10] DEBUG o.s.b.c.job.flow.support.SimpleFlow - Completed state=employeeCsvImportJob.step0 with status=COMPLETED
2025-10-16 14:49:39.774 [http-nio-8080-exec-10] DEBUG o.s.b.c.job.flow.support.SimpleFlow - Handling state=employeeCsvImportJob.COMPLETED
2025-10-16 14:49:39.774 [http-nio-8080-exec-10] DEBUG o.s.b.c.job.flow.support.SimpleFlow - Completed state=employeeCsvImportJob.COMPLETED with status=COMPLETED
2025-10-16 14:49:39.775 [http-nio-8080-exec-10] DEBUG o.s.batch.core.job.AbstractJob - Job execution complete: JobExecution: id=3, version=1, startTime=2025-10-16T14:49:39.633348, endTime=null, lastUpdated=2025-10-16T14:49:39.633348, status=COMPLETED, exitStatus=exitCode=COMPLETED;exitDescription=, job=[JobInstance: id=3, version=0, Job=[employeeCsvImportJob]], jobParameters=[{'organizationId':'{value=2, type=class java.lang.Long, identifying=true}','filePath':'{value=C:\Users\ANIKET~1.GUP\AppData\Local\Temp\papms-csv-import-17617765323257115963\1760606379325_employee - Copy.csv, type=class java.lang.String, identifying=true}','timestamp':'{value=1760606379326, type=class java.lang.Long, identifying=true}'}]
2025-10-16 14:49:39.777 [http-nio-8080-exec-10] DEBUG org.hibernate.SQL - 
    select
        u1_0.id,
        u1_0.created_at,
        u1_0.email,
        u1_0.full_name,
        u1_0.is_active,
        u1_0.organization_id,
        u1_0.password,
        u1_0.requires_password_change,
        u1_0.role,
        u1_0.updated_at,
        u1_0.username 
    from
        users u1_0 
    where
        u1_0.organization_id=? 
        and u1_0.role=?
2025-10-16 14:49:39.777 [http-nio-8080-exec-10] TRACE org.hibernate.orm.jdbc.bind - binding parameter (1:INTEGER) <- [2]
2025-10-16 14:49:39.777 [http-nio-8080-exec-10] TRACE org.hibernate.orm.jdbc.bind - binding parameter (2:ENUM) <- [ORG_ADMIN]
2025-10-16 14:49:39.779 [http-nio-8080-exec-10] INFO  c.a.p.b.JobCompletionNotificationListener - !!! EMPLOYEE IMPORT JOB FINISHED for 'sony'! 0 employees imported.
2025-10-16 14:49:39.780 [http-nio-8080-exec-10] DEBUG org.hibernate.SQL - 
    insert 
    into
        notifications
        (created_at, is_read, link, message, user_id) 
    values
        (?, ?, ?, ?, ?)
2025-10-16 14:49:39.780 [http-nio-8080-exec-10] TRACE org.hibernate.orm.jdbc.bind - binding parameter (1:TIMESTAMP) <- [2025-10-16T14:49:39.779414]
2025-10-16 14:49:39.780 [http-nio-8080-exec-10] TRACE org.hibernate.orm.jdbc.bind - binding parameter (2:BOOLEAN) <- [false]
2025-10-16 14:49:39.780 [http-nio-8080-exec-10] TRACE org.hibernate.orm.jdbc.bind - binding parameter (3:VARCHAR) <- [/dashboard]
2025-10-16 14:49:39.780 [http-nio-8080-exec-10] TRACE org.hibernate.orm.jdbc.bind - binding parameter (4:VARCHAR) <- [Bulk employee import for 'sony' is complete. 0 employees were successfully imported.]
2025-10-16 14:49:39.780 [http-nio-8080-exec-10] TRACE org.hibernate.orm.jdbc.bind - binding parameter (5:BIGINT) <- [103]
2025-10-16 14:49:39.781 [http-nio-8080-exec-10] INFO  c.a.p.service.NotificationService - Created notification for user 'sony': Bulk employee import for 'sony' is complete. 0 employees were successfully imported.
2025-10-16 14:49:39.787 [http-nio-8080-exec-10] INFO  c.a.p.b.JobCompletionNotificationListener - Successfully deleted temporary file: C:\Users\ANIKET~1.GUP\AppData\Local\Temp\papms-csv-import-17617765323257115963\1760606379325_employee - Copy.csv
2025-10-16 14:49:39.796 [http-nio-8080-exec-10] INFO  o.s.b.c.l.s.TaskExecutorJobLauncher - Job: [FlowJob: [name=employeeCsvImportJob]] completed with the following parameters: [{'organizationId':'{value=2, type=class java.lang.Long, identifying=true}','filePath':'{value=C:\Users\ANIKET~1.GUP\AppData\Local\Temp\papms-csv-import-17617765323257115963\1760606379325_employee - Copy.csv, type=class java.lang.String, identifying=true}','timestamp':'{value=1760606379326, type=class java.lang.Long, identifying=true}'}] and the following status: [COMPLETED] in 141ms
2025-10-16 14:49:39.796 [http-nio-8080-exec-10] INFO  c.a.p.controller.EmployeeController - Batch job for organization ID 2 launched successfully.
2025-10-16 14:51:50.090 [http-nio-8080-exec-2] INFO  c.a.papms.controller.AuthController - Login attempt for user: sony
2025-10-16 14:51:50.092 [http-nio-8080-exec-2] DEBUG org.hibernate.SQL - 
    select
        u1_0.id,
        u1_0.created_at,
        u1_0.email,
        u1_0.full_name,
        u1_0.is_active,
        u1_0.organization_id,
        u1_0.password,
        u1_0.requires_password_change,
        u1_0.role,
        u1_0.updated_at,
        u1_0.username 
    from
        users u1_0 
    where
        u1_0.username=?
2025-10-16 14:51:50.093 [http-nio-8080-exec-2] TRACE org.hibernate.orm.jdbc.bind - binding parameter (1:VARCHAR) <- [sony]
2025-10-16 14:51:50.247 [http-nio-8080-exec-2] INFO  c.a.papms.controller.AuthController - User sony authenticated successfully.
2025-10-16 14:51:50.249 [http-nio-8080-exec-2] DEBUG org.hibernate.SQL - 
    select
        u1_0.id,
        u1_0.created_at,
        u1_0.email,
        u1_0.full_name,
        u1_0.is_active,
        u1_0.organization_id,
        u1_0.password,
        u1_0.requires_password_change,
        u1_0.role,
        u1_0.updated_at,
        u1_0.username 
    from
        users u1_0 
    where
        u1_0.username=?
2025-10-16 14:51:50.249 [http-nio-8080-exec-2] TRACE org.hibernate.orm.jdbc.bind - binding parameter (1:VARCHAR) <- [sony]
2025-10-16 14:51:50.252 [http-nio-8080-exec-2] DEBUG org.hibernate.SQL - 
    select
        u1_0.id,
        u1_0.created_at,
        u1_0.email,
        u1_0.full_name,
        u1_0.is_active,
        u1_0.organization_id,
        u1_0.password,
        u1_0.requires_password_change,
        u1_0.role,
        u1_0.updated_at,
        u1_0.username 
    from
        users u1_0 
    where
        u1_0.username=?
2025-10-16 14:51:50.252 [http-nio-8080-exec-2] TRACE org.hibernate.orm.jdbc.bind - binding parameter (1:VARCHAR) <- [sony]
2025-10-16 14:51:50.255 [http-nio-8080-exec-2] DEBUG org.hibernate.SQL - 
    select
        u1_0.id,
        u1_0.created_at,
        u1_0.email,
        u1_0.full_name,
        u1_0.is_active,
        u1_0.organization_id,
        u1_0.password,
        u1_0.requires_password_change,
        u1_0.role,
        u1_0.updated_at,
        u1_0.username 
    from
        users u1_0 
    where
        u1_0.username=?
2025-10-16 14:51:50.255 [http-nio-8080-exec-2] TRACE org.hibernate.orm.jdbc.bind - binding parameter (1:VARCHAR) <- [sony]
2025-10-16 14:51:50.256 [http-nio-8080-exec-2] DEBUG c.a.papms.controller.AuthController - Fetching organization details for user: sony
2025-10-16 14:51:50.258 [http-nio-8080-exec-2] DEBUG org.hibernate.SQL - 
    select
        o1_0.id,
        o1_0.address,
        o1_0.bank_assigned_account_number,
        o1_0.company_name,
        o1_0.contact_email,
        o1_0.contact_phone,
        o1_0.created_at,
        o1_0.internal_balance,
        o1_0.logo_url,
        o1_0.rejection_reason,
        o1_0.status,
        o1_0.updated_at,
        e1_0.organization_id,
        e1_0.id,
        e1_0.created_at,
        e1_0.date_of_joining,
        e1_0.department,
        e1_0.employee_code,
        e1_0.is_active,
        e1_0.job_title,
        e1_0.profile_picture_url,
        e1_0.updated_at,
        e1_0.user_id 
    from
        organizations o1_0 
    left join
        employees e1_0 
            on o1_0.id=e1_0.organization_id 
    where
        o1_0.id=?
2025-10-16 14:51:50.258 [http-nio-8080-exec-2] TRACE org.hibernate.orm.jdbc.bind - binding parameter (1:INTEGER) <- [2]
2025-10-16 14:51:50.259 [http-nio-8080-exec-2] INFO  c.a.papms.controller.AuthController - Login successful for user: sony. Role: ORG_ADMIN
2025-10-16 14:52:19.232 [http-nio-8080-exec-3] DEBUG org.hibernate.SQL - 
    select
        u1_0.id,
        u1_0.created_at,
        u1_0.email,
        u1_0.full_name,
        u1_0.is_active,
        u1_0.organization_id,
        u1_0.password,
        u1_0.requires_password_change,
        u1_0.role,
        u1_0.updated_at,
        u1_0.username 
    from
        users u1_0 
    where
        u1_0.username=?
2025-10-16 14:52:19.232 [http-nio-8080-exec-3] TRACE org.hibernate.orm.jdbc.bind - binding parameter (1:VARCHAR) <- [sony]
2025-10-16 14:52:19.242 [http-nio-8080-exec-3] INFO  c.a.p.controller.EmployeeController - Request to launch asynchronous batch import job for organization ID 2
2025-10-16 14:52:19.244 [http-nio-8080-exec-3] DEBUG org.hibernate.SQL - 
    select
        o1_0.id,
        o1_0.address,
        o1_0.bank_assigned_account_number,
        o1_0.company_name,
        o1_0.contact_email,
        o1_0.contact_phone,
        o1_0.created_at,
        o1_0.internal_balance,
        o1_0.logo_url,
        o1_0.rejection_reason,
        o1_0.status,
        o1_0.updated_at,
        e1_0.organization_id,
        e1_0.id,
        e1_0.created_at,
        e1_0.date_of_joining,
        e1_0.department,
        e1_0.employee_code,
        e1_0.is_active,
        e1_0.job_title,
        e1_0.profile_picture_url,
        e1_0.updated_at,
        e1_0.user_id 
    from
        organizations o1_0 
    left join
        employees e1_0 
            on o1_0.id=e1_0.organization_id 
    where
        o1_0.id=?
2025-10-16 14:52:19.244 [http-nio-8080-exec-3] TRACE org.hibernate.orm.jdbc.bind - binding parameter (1:INTEGER) <- [2]
2025-10-16 14:52:19.248 [http-nio-8080-exec-3] INFO  c.a.p.service.EmployeeServiceImpl - CSV file for organization 2 saved temporarily to: C:\Users\ANIKET~1.GUP\AppData\Local\Temp\papms-csv-import-8403186914403072407\1760606539248_employee - Copy.csv
2025-10-16 14:52:19.272 [http-nio-8080-exec-3] INFO  o.s.b.c.l.s.TaskExecutorJobLauncher - Job: [FlowJob: [name=employeeCsvImportJob]] launched with the following parameters: [{'organizationId':'{value=2, type=class java.lang.Long, identifying=true}','filePath':'{value=C:\Users\ANIKET~1.GUP\AppData\Local\Temp\papms-csv-import-8403186914403072407\1760606539248_employee - Copy.csv, type=class java.lang.String, identifying=true}','timestamp':'{value=1760606539249, type=class java.lang.Long, identifying=true}'}]
2025-10-16 14:52:19.272 [http-nio-8080-exec-3] DEBUG o.s.batch.core.job.AbstractJob - Job execution starting: JobExecution: id=4, version=0, startTime=null, endTime=null, lastUpdated=2025-10-16T14:52:19.260349700, status=STARTING, exitStatus=exitCode=UNKNOWN;exitDescription=, job=[JobInstance: id=4, version=0, Job=[employeeCsvImportJob]], jobParameters=[{'organizationId':'{value=2, type=class java.lang.Long, identifying=true}','filePath':'{value=C:\Users\ANIKET~1.GUP\AppData\Local\Temp\papms-csv-import-8403186914403072407\1760606539248_employee - Copy.csv, type=class java.lang.String, identifying=true}','timestamp':'{value=1760606539249, type=class java.lang.Long, identifying=true}'}]
2025-10-16 14:52:19.280 [http-nio-8080-exec-3] DEBUG o.s.b.c.job.flow.support.SimpleFlow - Resuming state=employeeCsvImportJob.step0 with status=UNKNOWN
2025-10-16 14:52:19.280 [http-nio-8080-exec-3] DEBUG o.s.b.c.job.flow.support.SimpleFlow - Handling state=employeeCsvImportJob.step0
2025-10-16 14:52:19.298 [http-nio-8080-exec-3] INFO  o.s.batch.core.job.SimpleStepHandler - Executing step: [employeeCsvImportStep]
2025-10-16 14:52:19.298 [http-nio-8080-exec-3] DEBUG o.s.batch.core.step.AbstractStep - Executing: id=4
2025-10-16 14:52:19.305 [http-nio-8080-exec-3] DEBUG o.s.batch.core.scope.StepScope - Creating object in scope=step, name=scopedTarget.employeeCsvProcessor
2025-10-16 14:52:19.305 [http-nio-8080-exec-3] INFO  c.a.p.batch.EmployeeCsvItemProcessor - Pre-loading existing usernames and account numbers for validation.
2025-10-16 14:52:19.307 [http-nio-8080-exec-3] DEBUG org.hibernate.SQL - 
    select
        u1_0.id,
        u1_0.created_at,
        u1_0.email,
        u1_0.full_name,
        u1_0.is_active,
        u1_0.organization_id,
        u1_0.password,
        u1_0.requires_password_change,
        u1_0.role,
        u1_0.updated_at,
        u1_0.username 
    from
        users u1_0
2025-10-16 14:52:19.314 [http-nio-8080-exec-3] DEBUG org.hibernate.SQL - 
    select
        ba1_0.id,
        ba1_0.account_holder_name,
        ba1_0.account_number,
        ba1_0.bank_name,
        ba1_0.created_at,
        ba1_0.employee_id,
        ba1_0.ifsc_code,
        ba1_0.is_primary,
        ba1_0.owner_type,
        ba1_0.updated_at,
        ba1_0.vendor_id 
    from
        bank_accounts ba1_0
2025-10-16 14:52:19.322 [http-nio-8080-exec-3] INFO  c.a.p.batch.EmployeeCsvItemProcessor - Pre-loading complete. Found 103 usernames and 100 account numbers.
2025-10-16 14:52:19.322 [http-nio-8080-exec-3] DEBUG o.s.batch.core.scope.StepScope - Creating object in scope=step, name=scopedTarget.employeeCsvReader
2025-10-16 14:52:19.322 [http-nio-8080-exec-3] DEBUG o.s.batch.core.scope.StepScope - Registered destruction callback in scope=step, name=scopedTarget.employeeCsvReader
2025-10-16 14:52:19.334 [http-nio-8080-exec-3] DEBUG o.s.b.r.s.TaskExecutorRepeatTemplate - Starting repeat context.
2025-10-16 14:52:19.335 [batch-thread-3] DEBUG o.s.b.r.s.TaskExecutorRepeatTemplate - Repeat operation about to start at count=4
2025-10-16 14:52:19.335 [batch-thread-2] DEBUG o.s.b.r.s.TaskExecutorRepeatTemplate - Repeat operation about to start at count=4
2025-10-16 14:52:19.335 [batch-thread-1] DEBUG o.s.b.r.s.TaskExecutorRepeatTemplate - Repeat operation about to start at count=4
2025-10-16 14:52:19.335 [batch-thread-4] DEBUG o.s.b.r.s.TaskExecutorRepeatTemplate - Repeat operation about to start at count=4
2025-10-16 14:52:19.335 [batch-thread-1] DEBUG o.s.b.c.s.c.StepContextRepeatCallback - Preparing chunk execution for StepContext: org.springframework.batch.core.scope.context.StepContext@67a03f69
2025-10-16 14:52:19.335 [batch-thread-3] DEBUG o.s.b.c.s.c.StepContextRepeatCallback - Preparing chunk execution for StepContext: org.springframework.batch.core.scope.context.StepContext@67a03f69
2025-10-16 14:52:19.335 [batch-thread-2] DEBUG o.s.b.c.s.c.StepContextRepeatCallback - Preparing chunk execution for StepContext: org.springframework.batch.core.scope.context.StepContext@67a03f69
2025-10-16 14:52:19.335 [batch-thread-3] DEBUG o.s.b.c.s.c.StepContextRepeatCallback - Chunk execution starting: queue size=0
2025-10-16 14:52:19.335 [batch-thread-2] DEBUG o.s.b.c.s.c.StepContextRepeatCallback - Chunk execution starting: queue size=0
2025-10-16 14:52:19.335 [batch-thread-4] DEBUG o.s.b.c.s.c.StepContextRepeatCallback - Preparing chunk execution for StepContext: org.springframework.batch.core.scope.context.StepContext@67a03f69
2025-10-16 14:52:19.335 [batch-thread-1] DEBUG o.s.b.c.s.c.StepContextRepeatCallback - Chunk execution starting: queue size=0
2025-10-16 14:52:19.335 [batch-thread-4] DEBUG o.s.b.c.s.c.StepContextRepeatCallback - Chunk execution starting: queue size=0
2025-10-16 14:52:19.335 [batch-thread-3] DEBUG o.s.b.repeat.support.RepeatTemplate - Starting repeat context.
2025-10-16 14:52:19.336 [batch-thread-3] DEBUG o.s.b.repeat.support.RepeatTemplate - Repeat operation about to start at count=1
2025-10-16 14:52:19.336 [batch-thread-2] DEBUG o.s.b.repeat.support.RepeatTemplate - Starting repeat context.
2025-10-16 14:52:19.336 [batch-thread-2] DEBUG o.s.b.repeat.support.RepeatTemplate - Repeat operation about to start at count=1
2025-10-16 14:52:19.336 [batch-thread-1] DEBUG o.s.b.repeat.support.RepeatTemplate - Starting repeat context.
2025-10-16 14:52:19.336 [batch-thread-4] DEBUG o.s.b.repeat.support.RepeatTemplate - Starting repeat context.
2025-10-16 14:52:19.336 [batch-thread-1] DEBUG o.s.b.repeat.support.RepeatTemplate - Repeat operation about to start at count=1
2025-10-16 14:52:19.336 [batch-thread-4] DEBUG o.s.b.repeat.support.RepeatTemplate - Repeat operation about to start at count=1
2025-10-16 14:52:19.336 [batch-thread-1] DEBUG o.s.b.repeat.support.RepeatTemplate - Repeat operation about to start at count=2
2025-10-16 14:52:19.336 [batch-thread-2] DEBUG o.s.b.repeat.support.RepeatTemplate - Repeat operation about to start at count=2
2025-10-16 14:52:19.336 [batch-thread-3] DEBUG o.s.b.repeat.support.RepeatTemplate - Repeat operation about to start at count=2
2025-10-16 14:52:19.337 [batch-thread-4] DEBUG o.s.b.repeat.support.RepeatTemplate - Repeat operation about to start at count=2
2025-10-16 14:52:19.337 [batch-thread-2] DEBUG o.s.b.repeat.support.RepeatTemplate - Repeat operation about to start at count=3
2025-10-16 14:52:19.337 [batch-thread-1] DEBUG o.s.b.repeat.support.RepeatTemplate - Repeat operation about to start at count=3
2025-10-16 14:52:19.337 [batch-thread-1] DEBUG o.s.b.repeat.support.RepeatTemplate - Repeat is complete according to policy and result value.
2025-10-16 14:52:19.337 [batch-thread-4] DEBUG o.s.b.repeat.support.RepeatTemplate - Repeat operation about to start at count=3
2025-10-16 14:52:19.337 [batch-thread-3] DEBUG o.s.b.repeat.support.RepeatTemplate - Repeat operation about to start at count=3
2025-10-16 14:52:19.337 [batch-thread-2] DEBUG o.s.b.repeat.support.RepeatTemplate - Repeat operation about to start at count=4
2025-10-16 14:52:19.337 [batch-thread-3] DEBUG o.s.b.repeat.support.RepeatTemplate - Repeat is complete according to policy and result value.
2025-10-16 14:52:19.337 [batch-thread-4] DEBUG o.s.b.repeat.support.RepeatTemplate - Repeat is complete according to policy and result value.
2025-10-16 14:52:19.337 [batch-thread-2] DEBUG o.s.b.repeat.support.RepeatTemplate - Repeat is complete according to policy and result value.
2025-10-16 14:52:19.337 [batch-thread-4] WARN  c.a.p.batch.EmployeeCsvItemProcessor - Skipping record. Bank account number already exists: 3456789012
2025-10-16 14:52:19.337 [batch-thread-3] WARN  c.a.p.batch.EmployeeCsvItemProcessor - Skipping record. Bank account number already exists: 1234567890
2025-10-16 14:52:19.337 [batch-thread-2] WARN  c.a.p.batch.EmployeeCsvItemProcessor - Skipping record. Bank account number already exists: 0987654321
2025-10-16 14:52:19.337 [batch-thread-4] WARN  c.a.p.batch.EmployeeCsvItemProcessor - Skipping record. Bank account number already exists: 7890123456
2025-10-16 14:52:19.337 [batch-thread-3] WARN  c.a.p.batch.EmployeeCsvItemProcessor - Skipping record. Bank account number already exists: 6789012345
2025-10-16 14:52:19.337 [batch-thread-2] WARN  c.a.p.batch.EmployeeCsvItemProcessor - Skipping record. Bank account number already exists: 5678901234
2025-10-16 14:52:19.337 [batch-thread-4] DEBUG o.s.b.item.database.JpaItemWriter - Writing to JPA with 0 items.
2025-10-16 14:52:19.337 [batch-thread-3] DEBUG o.s.b.item.database.JpaItemWriter - Writing to JPA with 0 items.
2025-10-16 14:52:19.337 [batch-thread-3] DEBUG o.s.batch.core.scope.StepScope - Creating object in scope=step, name=scopedTarget.employeeEmailWriter
2025-10-16 14:52:19.337 [batch-thread-2] WARN  c.a.p.batch.EmployeeCsvItemProcessor - Skipping record. Bank account number already exists: 8901234567
2025-10-16 14:52:19.338 [batch-thread-2] DEBUG o.s.b.item.database.JpaItemWriter - Writing to JPA with 0 items.
2025-10-16 14:52:19.338 [batch-thread-1] WARN  c.a.p.batch.EmployeeCsvItemProcessor - Skipping record. Bank account number already exists: 2345678901
2025-10-16 14:52:19.338 [batch-thread-3] DEBUG org.hibernate.SQL - 
    select
        o1_0.id,
        o1_0.address,
        o1_0.bank_assigned_account_number,
        o1_0.company_name,
        o1_0.contact_email,
        o1_0.contact_phone,
        o1_0.created_at,
        o1_0.internal_balance,
        o1_0.logo_url,
        o1_0.rejection_reason,
        o1_0.status,
        o1_0.updated_at,
        e1_0.organization_id,
        e1_0.id,
        e1_0.created_at,
        e1_0.date_of_joining,
        e1_0.department,
        e1_0.employee_code,
        e1_0.is_active,
        e1_0.job_title,
        e1_0.profile_picture_url,
        e1_0.updated_at,
        e1_0.user_id 
    from
        organizations o1_0 
    left join
        employees e1_0 
            on o1_0.id=e1_0.organization_id 
    where
        o1_0.id=?
2025-10-16 14:52:19.338 [batch-thread-1] WARN  c.a.p.batch.EmployeeCsvItemProcessor - Skipping record. Bank account number already exists: 4567890123
2025-10-16 14:52:19.338 [batch-thread-1] DEBUG o.s.b.item.database.JpaItemWriter - Writing to JPA with 0 items.
2025-10-16 14:52:19.338 [batch-thread-3] TRACE org.hibernate.orm.jdbc.bind - binding parameter (1:INTEGER) <- [2]
2025-10-16 14:52:19.339 [batch-thread-2] DEBUG o.s.b.c.s.item.ChunkOrientedTasklet - Inputs not busy, ended: true
2025-10-16 14:52:19.339 [batch-thread-1] DEBUG o.s.b.c.s.item.ChunkOrientedTasklet - Inputs not busy, ended: true
2025-10-16 14:52:19.339 [batch-thread-2] DEBUG o.s.b.core.step.tasklet.TaskletStep - Applying contribution: [StepContribution: read=3, written=0, filtered=3, readSkips=0, writeSkips=0, processSkips=0, exitStatus=EXECUTING]
2025-10-16 14:52:19.339 [batch-thread-4] DEBUG o.s.b.c.s.item.ChunkOrientedTasklet - Inputs not busy, ended: true
2025-10-16 14:52:19.339 [batch-thread-3] DEBUG o.s.b.c.s.item.ChunkOrientedTasklet - Inputs not busy, ended: true
2025-10-16 14:52:19.341 [batch-thread-2] DEBUG o.s.b.core.step.tasklet.TaskletStep - Saving step execution before commit: StepExecution: id=4, version=1, name=employeeCsvImportStep, status=STARTED, exitStatus=EXECUTING, readCount=3, filterCount=3, writeCount=0 readSkipCount=0, writeSkipCount=0, processSkipCount=0, commitCount=1, rollbackCount=0, exitDescription=
2025-10-16 14:52:19.348 [batch-thread-1] DEBUG o.s.b.core.step.tasklet.TaskletStep - Applying contribution: [StepContribution: read=2, written=0, filtered=2, readSkips=0, writeSkips=0, processSkips=0, exitStatus=EXECUTING]
2025-10-16 14:52:19.348 [batch-thread-5] DEBUG o.s.b.r.s.TaskExecutorRepeatTemplate - Repeat operation about to start at count=5
2025-10-16 14:52:19.348 [batch-thread-5] DEBUG o.s.b.c.s.c.StepContextRepeatCallback - Preparing chunk execution for StepContext: org.springframework.batch.core.scope.context.StepContext@67a03f69
2025-10-16 14:52:19.348 [batch-thread-5] DEBUG o.s.b.c.s.c.StepContextRepeatCallback - Chunk execution starting: queue size=0
2025-10-16 14:52:19.349 [batch-thread-5] DEBUG o.s.b.repeat.support.RepeatTemplate - Starting repeat context.
2025-10-16 14:52:19.349 [batch-thread-5] DEBUG o.s.b.repeat.support.RepeatTemplate - Repeat operation about to start at count=1
2025-10-16 14:52:19.349 [batch-thread-5] DEBUG o.s.b.repeat.support.RepeatTemplate - Repeat is complete according to policy and result value.
2025-10-16 14:52:19.349 [batch-thread-5] DEBUG o.s.b.c.s.item.ChunkOrientedTasklet - Inputs not busy, ended: true
2025-10-16 14:52:19.349 [batch-thread-1] DEBUG o.s.b.core.step.tasklet.TaskletStep - Saving step execution before commit: StepExecution: id=4, version=2, name=employeeCsvImportStep, status=STARTED, exitStatus=EXECUTING, readCount=5, filterCount=5, writeCount=0 readSkipCount=0, writeSkipCount=0, processSkipCount=0, commitCount=2, rollbackCount=0, exitDescription=
2025-10-16 14:52:19.356 [batch-thread-4] DEBUG o.s.b.core.step.tasklet.TaskletStep - Applying contribution: [StepContribution: read=2, written=0, filtered=2, readSkips=0, writeSkips=0, processSkips=0, exitStatus=EXECUTING]
2025-10-16 14:52:19.359 [batch-thread-4] DEBUG o.s.b.core.step.tasklet.TaskletStep - Saving step execution before commit: StepExecution: id=4, version=3, name=employeeCsvImportStep, status=STARTED, exitStatus=EXECUTING, readCount=7, filterCount=7, writeCount=0 readSkipCount=0, writeSkipCount=0, processSkipCount=0, commitCount=3, rollbackCount=0, exitDescription=
2025-10-16 14:52:19.365 [batch-thread-3] DEBUG o.s.b.core.step.tasklet.TaskletStep - Applying contribution: [StepContribution: read=2, written=0, filtered=2, readSkips=0, writeSkips=0, processSkips=0, exitStatus=EXECUTING]
2025-10-16 14:52:19.366 [batch-thread-3] DEBUG o.s.b.core.step.tasklet.TaskletStep - Saving step execution before commit: StepExecution: id=4, version=4, name=employeeCsvImportStep, status=STARTED, exitStatus=EXECUTING, readCount=9, filterCount=9, writeCount=0 readSkipCount=0, writeSkipCount=0, processSkipCount=0, commitCount=4, rollbackCount=0, exitDescription=
2025-10-16 14:52:19.372 [batch-thread-5] DEBUG o.s.b.core.step.tasklet.TaskletStep - Applying contribution: [StepContribution: read=0, written=0, filtered=0, readSkips=0, writeSkips=0, processSkips=0, exitStatus=EXECUTING]
2025-10-16 14:52:19.374 [batch-thread-5] DEBUG o.s.b.core.step.tasklet.TaskletStep - Saving step execution before commit: StepExecution: id=4, version=5, name=employeeCsvImportStep, status=STARTED, exitStatus=EXECUTING, readCount=9, filterCount=9, writeCount=0 readSkipCount=0, writeSkipCount=0, processSkipCount=0, commitCount=5, rollbackCount=0, exitDescription=
2025-10-16 14:52:19.380 [http-nio-8080-exec-3] DEBUG o.s.b.r.s.TaskExecutorRepeatTemplate - Repeat is complete according to policy and result value.
2025-10-16 14:52:19.380 [http-nio-8080-exec-3] DEBUG o.s.batch.core.step.AbstractStep - Step execution success: id=4
2025-10-16 14:52:19.380 [http-nio-8080-exec-3] INFO  o.s.batch.core.step.AbstractStep - Step: [employeeCsvImportStep] executed in 81ms
2025-10-16 14:52:19.391 [http-nio-8080-exec-3] DEBUG o.s.batch.core.step.AbstractStep - Step execution complete: StepExecution: id=4, version=7, name=employeeCsvImportStep, status=COMPLETED, exitStatus=COMPLETED, readCount=9, filterCount=9, writeCount=0 readSkipCount=0, writeSkipCount=0, processSkipCount=0, commitCount=5, rollbackCount=0
2025-10-16 14:52:19.397 [http-nio-8080-exec-3] DEBUG o.s.b.c.job.flow.support.SimpleFlow - Completed state=employeeCsvImportJob.step0 with status=COMPLETED
2025-10-16 14:52:19.397 [http-nio-8080-exec-3] DEBUG o.s.b.c.job.flow.support.SimpleFlow - Handling state=employeeCsvImportJob.COMPLETED
2025-10-16 14:52:19.397 [http-nio-8080-exec-3] DEBUG o.s.b.c.job.flow.support.SimpleFlow - Completed state=employeeCsvImportJob.COMPLETED with status=COMPLETED
2025-10-16 14:52:19.397 [http-nio-8080-exec-3] DEBUG o.s.batch.core.job.AbstractJob - Job execution complete: JobExecution: id=4, version=1, startTime=2025-10-16T14:52:19.272701400, endTime=null, lastUpdated=2025-10-16T14:52:19.273704900, status=COMPLETED, exitStatus=exitCode=COMPLETED;exitDescription=, job=[JobInstance: id=4, version=0, Job=[employeeCsvImportJob]], jobParameters=[{'organizationId':'{value=2, type=class java.lang.Long, identifying=true}','filePath':'{value=C:\Users\ANIKET~1.GUP\AppData\Local\Temp\papms-csv-import-8403186914403072407\1760606539248_employee - Copy.csv, type=class java.lang.String, identifying=true}','timestamp':'{value=1760606539249, type=class java.lang.Long, identifying=true}'}]
2025-10-16 14:52:19.399 [http-nio-8080-exec-3] DEBUG org.hibernate.SQL - 
    select
        u1_0.id,
        u1_0.created_at,
        u1_0.email,
        u1_0.full_name,
        u1_0.is_active,
        u1_0.organization_id,
        u1_0.password,
        u1_0.requires_password_change,
        u1_0.role,
        u1_0.updated_at,
        u1_0.username 
    from
        users u1_0 
    where
        u1_0.organization_id=? 
        and u1_0.role=?
2025-10-16 14:52:19.399 [http-nio-8080-exec-3] TRACE org.hibernate.orm.jdbc.bind - binding parameter (1:INTEGER) <- [2]
2025-10-16 14:52:19.399 [http-nio-8080-exec-3] TRACE org.hibernate.orm.jdbc.bind - binding parameter (2:ENUM) <- [ORG_ADMIN]
2025-10-16 14:52:19.400 [http-nio-8080-exec-3] INFO  c.a.p.b.JobCompletionNotificationListener - !!! EMPLOYEE IMPORT JOB FINISHED for 'sony'! 0 employees imported.
2025-10-16 14:52:19.401 [http-nio-8080-exec-3] DEBUG org.hibernate.SQL - 
    insert 
    into
        notifications
        (created_at, is_read, link, message, user_id) 
    values
        (?, ?, ?, ?, ?)
2025-10-16 14:52:19.401 [http-nio-8080-exec-3] TRACE org.hibernate.orm.jdbc.bind - binding parameter (1:TIMESTAMP) <- [2025-10-16T14:52:19.401396]
2025-10-16 14:52:19.401 [http-nio-8080-exec-3] TRACE org.hibernate.orm.jdbc.bind - binding parameter (2:BOOLEAN) <- [false]
2025-10-16 14:52:19.402 [http-nio-8080-exec-3] TRACE org.hibernate.orm.jdbc.bind - binding parameter (3:VARCHAR) <- [/dashboard]
2025-10-16 14:52:19.402 [http-nio-8080-exec-3] TRACE org.hibernate.orm.jdbc.bind - binding parameter (4:VARCHAR) <- [Bulk employee import for 'sony' is complete. 0 employees were successfully imported.]
2025-10-16 14:52:19.402 [http-nio-8080-exec-3] TRACE org.hibernate.orm.jdbc.bind - binding parameter (5:BIGINT) <- [103]
2025-10-16 14:52:19.402 [http-nio-8080-exec-3] INFO  c.a.p.service.NotificationService - Created notification for user 'sony': Bulk employee import for 'sony' is complete. 0 employees were successfully imported.
2025-10-16 14:52:19.409 [http-nio-8080-exec-3] INFO  c.a.p.b.JobCompletionNotificationListener - Successfully deleted temporary file: C:\Users\ANIKET~1.GUP\AppData\Local\Temp\papms-csv-import-8403186914403072407\1760606539248_employee - Copy.csv
2025-10-16 14:52:19.417 [http-nio-8080-exec-3] INFO  o.s.b.c.l.s.TaskExecutorJobLauncher - Job: [FlowJob: [name=employeeCsvImportJob]] completed with the following parameters: [{'organizationId':'{value=2, type=class java.lang.Long, identifying=true}','filePath':'{value=C:\Users\ANIKET~1.GUP\AppData\Local\Temp\papms-csv-import-8403186914403072407\1760606539248_employee - Copy.csv, type=class java.lang.String, identifying=true}','timestamp':'{value=1760606539249, type=class java.lang.Long, identifying=true}'}] and the following status: [COMPLETED] in 125ms
2025-10-16 14:52:19.417 [http-nio-8080-exec-3] INFO  c.a.p.controller.EmployeeController - Batch job for organization ID 2 launched successfully.
2025-10-16 15:15:27.073 [HikariPool-1:housekeeper] WARN  com.zaxxer.hikari.pool.HikariPool - HikariPool-1 - Thread starvation or clock leap detected (housekeeper delta=12m13s412ms585µs200ns).
2025-10-16 21:05:36.420 [HikariPool-1:housekeeper] WARN  com.zaxxer.hikari.pool.HikariPool - HikariPool-1 - Thread starvation or clock leap detected (housekeeper delta=5h50m9s347ms734µs500ns).
2025-10-16 21:06:35.370 [SpringApplicationShutdownHook] INFO  o.s.b.w.e.tomcat.GracefulShutdown - Commencing graceful shutdown. Waiting for active requests to complete
2025-10-16 21:06:35.964 [tomcat-shutdown] INFO  o.s.b.w.e.tomcat.GracefulShutdown - Graceful shutdown complete
2025-10-16 21:06:35.979 [SpringApplicationShutdownHook] DEBUG o.s.b.c.c.s.JobRegistrySmartInitializingSingleton - Unregistering job: employeeCsvImportJob
2025-10-16 21:06:35.991 [SpringApplicationShutdownHook] INFO  o.s.o.j.LocalContainerEntityManagerFactoryBean - Closing JPA EntityManagerFactory for persistence unit 'default'
2025-10-16 21:06:36.004 [SpringApplicationShutdownHook] INFO  com.zaxxer.hikari.HikariDataSource - HikariPool-1 - Shutdown initiated...
2025-10-16 21:06:36.012 [SpringApplicationShutdownHook] INFO  com.zaxxer.hikari.HikariDataSource - HikariPool-1 - Shutdown completed.
2025-10-16 21:16:38.007 [background-preinit] INFO  o.h.validator.internal.util.Version - HV000001: Hibernate Validator 8.0.3.Final
2025-10-16 21:16:38.090 [restartedMain] INFO  c.aurionpro.papms.PaPmsApplication - Starting PaPmsApplication using Java 17.0.1 with PID 33564 (D:\Swabhav_Java_FullStack\Project\Project\PaPMS\target\classes started by aniket.gupta in D:\Swabhav_Java_FullStack\Project\Project\PaPMS)
2025-10-16 21:16:38.091 [restartedMain] DEBUG c.aurionpro.papms.PaPmsApplication - Running with Spring Boot v3.5.5, Spring v6.2.10
2025-10-16 21:16:38.093 [restartedMain] INFO  c.aurionpro.papms.PaPmsApplication - No active profile set, falling back to 1 default profile: "default"
2025-10-16 21:16:38.166 [restartedMain] INFO  o.s.b.d.e.DevToolsPropertyDefaultsPostProcessor - Devtools property defaults active! Set 'spring.devtools.add-properties' to 'false' to disable
2025-10-16 21:16:38.166 [restartedMain] INFO  o.s.b.d.e.DevToolsPropertyDefaultsPostProcessor - For additional web related logging consider setting the 'logging.level.web' property to 'DEBUG'
2025-10-16 21:16:41.426 [restartedMain] INFO  o.s.d.r.c.RepositoryConfigurationDelegate - Bootstrapping Spring Data JPA repositories in DEFAULT mode.
2025-10-16 21:16:41.901 [restartedMain] INFO  o.s.d.r.c.RepositoryConfigurationDelegate - Finished Spring Data repository scanning in 451 ms. Found 18 JPA repository interfaces.
2025-10-16 21:16:43.792 [restartedMain] INFO  o.s.b.w.e.tomcat.TomcatWebServer - Tomcat initialized with port 8080 (http)
2025-10-16 21:16:43.811 [restartedMain] INFO  o.a.coyote.http11.Http11NioProtocol - Initializing ProtocolHandler ["http-nio-8080"]
2025-10-16 21:16:43.851 [restartedMain] INFO  o.a.catalina.core.StandardService - Starting service [Tomcat]
2025-10-16 21:16:43.851 [restartedMain] INFO  o.a.catalina.core.StandardEngine - Starting Servlet engine: [Apache Tomcat/10.1.44]
2025-10-16 21:16:43.977 [restartedMain] INFO  o.a.c.c.C.[Tomcat].[localhost].[/] - Initializing Spring embedded WebApplicationContext
2025-10-16 21:16:43.978 [restartedMain] INFO  o.s.b.w.s.c.ServletWebServerApplicationContext - Root WebApplicationContext: initialization completed in 5810 ms
2025-10-16 21:16:44.171 [restartedMain] INFO  com.zaxxer.hikari.HikariDataSource - HikariPool-1 - Starting...
2025-10-16 21:16:44.943 [restartedMain] INFO  com.zaxxer.hikari.pool.HikariPool - HikariPool-1 - Added connection com.mysql.cj.jdbc.ConnectionImpl@6d94021c
2025-10-16 21:16:44.946 [restartedMain] INFO  com.zaxxer.hikari.HikariDataSource - HikariPool-1 - Start completed.
2025-10-16 21:16:45.593 [restartedMain] INFO  o.h.jpa.internal.util.LogHelper - HHH000204: Processing PersistenceUnitInfo [name: default]
2025-10-16 21:16:45.710 [restartedMain] INFO  org.hibernate.Version - HHH000412: Hibernate ORM core version 6.6.26.Final
2025-10-16 21:16:45.790 [restartedMain] INFO  o.h.c.i.RegionFactoryInitiator - HHH000026: Second-level cache disabled
2025-10-16 21:16:46.297 [restartedMain] INFO  o.s.o.j.p.SpringPersistenceUnitInfo - No LoadTimeWeaver setup: ignoring JPA class transformer
2025-10-16 21:16:46.425 [restartedMain] WARN  org.hibernate.orm.deprecation - HHH90000025: MySQLDialect does not need to be specified explicitly using 'hibernate.dialect' (remove the property setting and it will be selected by default)
2025-10-16 21:16:46.455 [restartedMain] INFO  o.hibernate.orm.connections.pooling - HHH10001005: Database info:
	Database JDBC URL [Connecting through datasource 'HikariDataSource (HikariPool-1)']
	Database driver: undefined/unknown
	Database version: 8.0.42
	Autocommit mode: undefined/unknown
	Isolation level: undefined/unknown
	Minimum pool size: undefined/unknown
	Maximum pool size: undefined/unknown
2025-10-16 21:16:48.690 [restartedMain] INFO  o.h.e.t.j.p.i.JtaPlatformInitiator - HHH000489: No JTA platform available (set 'hibernate.transaction.jta.platform' to enable JTA platform integration)
2025-10-16 21:16:48.813 [restartedMain] DEBUG org.hibernate.SQL - 
    create table bank_accounts (
        id bigint not null auto_increment,
        account_holder_name varchar(255) not null,
        account_number varchar(50) not null,
        bank_name varchar(255) not null,
        created_at datetime(6) not null,
        ifsc_code varchar(11) not null,
        is_primary bit,
        owner_type enum ('EMPLOYEE','VENDOR') not null,
        updated_at datetime(6) not null,
        employee_id bigint,
        vendor_id bigint,
        primary key (id)
    ) engine=InnoDB
2025-10-16 21:16:48.851 [restartedMain] DEBUG org.hibernate.SQL - 
    create table clients (
        id integer not null auto_increment,
        company_name varchar(255),
        contact_person varchar(255),
        created_at datetime(6) not null,
        is_active bit,
        updated_at datetime(6) not null,
        organization_id integer not null,
        user_id bigint not null,
        primary key (id)
    ) engine=InnoDB
2025-10-16 21:16:48.892 [restartedMain] DEBUG org.hibernate.SQL - 
    create table concerns (
        id bigint not null auto_increment,
        created_at datetime(6),
        description TEXT not null,
        resolution_notes TEXT,
        status enum ('IN_PROGRESS','OPEN','RESOLVED') not null,
        subject varchar(255) not null,
        updated_at datetime(6),
        employee_id bigint not null,
        organization_id integer not null,
        resolved_by_admin_id bigint,
        primary key (id)
    ) engine=InnoDB
2025-10-16 21:16:48.930 [restartedMain] DEBUG org.hibernate.SQL - 
    create table deposits (
        id bigint not null auto_increment,
        amount decimal(38,2) not null,
        created_at datetime(6),
        deposit_date datetime(6) not null,
        transaction_id bigint,
        updated_at datetime(6),
        organization_id integer not null,
        primary key (id)
    ) engine=InnoDB
2025-10-16 21:16:48.967 [restartedMain] DEBUG org.hibernate.SQL - 
    create table documents (
        id integer not null auto_increment,
        cloudinary_public_id varchar(255) not null,
        cloudinary_url varchar(512) not null,
        file_name varchar(255) not null,
        related_entity_type enum ('EMPLOYEE_PAYROLL','EMPLOYEE_VERIFICATION','ORGANIZATION_VERIFICATION') not null,
        status enum ('Approved','Pending','Rejected') not null,
        uploaded_at datetime(6) not null,
        related_entity_id integer,
        primary key (id)
    ) engine=InnoDB
2025-10-16 21:16:49.002 [restartedMain] DEBUG org.hibernate.SQL - 
    create table employees (
        id bigint not null auto_increment,
        created_at datetime(6),
        date_of_joining date,
        department varchar(255),
        employee_code varchar(255) not null,
        is_active bit,
        job_title varchar(255),
        profile_picture_url varchar(512),
        updated_at datetime(6),
        organization_id integer not null,
        user_id bigint not null,
        primary key (id)
    ) engine=InnoDB
2025-10-16 21:16:49.039 [restartedMain] DEBUG org.hibernate.SQL - 
    create table invoices (
        id integer not null auto_increment,
        amount decimal(12,2) not null,
        created_at datetime(6) not null,
        due_date date not null,
        invoice_number varchar(50) not null,
        issue_date date not null,
        paid_at datetime(6),
        status enum ('CANCELLED','OVERDUE','PAID','SENT') not null,
        updated_at datetime(6) not null,
        client_id integer not null,
        organization_id integer not null,
        primary key (id)
    ) engine=InnoDB
2025-10-16 21:16:49.075 [restartedMain] DEBUG org.hibernate.SQL - 
    create table notifications (
        id bigint not null auto_increment,
        created_at datetime(6),
        is_read bit,
        link varchar(255),
        message varchar(512) not null,
        user_id bigint not null,
        primary key (id)
    ) engine=InnoDB
2025-10-16 21:16:49.111 [restartedMain] DEBUG org.hibernate.SQL - 
    create table organizations (
        id integer not null auto_increment,
        address TEXT,
        bank_assigned_account_number varchar(50),
        company_name varchar(255) not null,
        contact_email varchar(255) not null,
        contact_phone varchar(255),
        created_at datetime(6) not null,
        internal_balance decimal(38,2) not null,
        logo_url varchar(512),
        rejection_reason TEXT,
        status enum ('ACTIVE','PENDING_APPROVAL','REJECTED','SUSPENDED') not null,
        updated_at datetime(6) not null,
        primary key (id)
    ) engine=InnoDB
2025-10-16 21:16:49.147 [restartedMain] DEBUG org.hibernate.SQL - 
    create table password_reset_tokens (
        id bigint not null auto_increment,
        expiry_date datetime(6) not null,
        token varchar(255) not null,
        user_id bigint not null,
        primary key (id)
    ) engine=InnoDB
2025-10-16 21:16:49.183 [restartedMain] DEBUG org.hibernate.SQL - 
    create table payroll_batches (
        id bigint not null auto_increment,
        created_at datetime(6),
        payroll_month integer not null,
        payroll_year integer not null,
        rejection_reason TEXT,
        status enum ('APPROVED','COMPLETED','PENDING_APPROVAL','PROCESSING','REJECTED') not null,
        total_amount decimal(15,2) not null,
        total_employees integer not null,
        transaction_id bigint,
        updated_at datetime(6),
        approved_by_user_id bigint,
        organization_id integer not null,
        submitted_by_user_id bigint,
        primary key (id)
    ) engine=InnoDB
2025-10-16 21:16:49.220 [restartedMain] DEBUG org.hibernate.SQL - 
    create table payroll_payments (
        id bigint not null auto_increment,
        basic_salary decimal(10,2),
        created_at datetime(6),
        da decimal(10,2),
        hra decimal(10,2),
        net_salary_paid decimal(10,2) not null,
        other_allowances decimal(10,2),
        pf_contribution decimal(10,2),
        processed_at datetime(6),
        status enum ('FAILED','PENDING','PROCESSED') not null,
        employee_id bigint not null,
        payroll_batch_id bigint not null,
        primary key (id)
    ) engine=InnoDB
2025-10-16 21:16:49.254 [restartedMain] DEBUG org.hibernate.SQL - 
    create table salary_structures (
        id bigint not null auto_increment,
        basic_salary decimal(10,2) not null,
        created_at datetime(6),
        da decimal(10,2),
        effective_from_date date not null,
        hra decimal(10,2),
        is_active bit,
        other_allowances decimal(10,2),
        pf_contribution decimal(10,2),
        employee_id bigint not null,
        primary key (id)
    ) engine=InnoDB
2025-10-16 21:16:49.290 [restartedMain] DEBUG org.hibernate.SQL - 
    create table transactions (
        id bigint not null auto_increment,
        amount decimal(38,2) not null,
        balance_after_transaction decimal(38,2) not null,
        description varchar(255) not null,
        source_id bigint not null,
        source_type enum ('INVOICE','MANUAL_ADJUSTMENT','PAYROLL_PAYMENT','VENDOR_PAYMENT') not null,
        transaction_date datetime(6),
        transaction_type enum ('CREDIT','DEBIT') not null,
        organization_id integer not null,
        primary key (id)
    ) engine=InnoDB
2025-10-16 21:16:49.327 [restartedMain] DEBUG org.hibernate.SQL - 
    create table users (
        id bigint not null auto_increment,
        created_at datetime(6),
        email varchar(255) not null,
        full_name varchar(255) not null,
        is_active bit,
        organization_id integer,
        password varchar(255) not null,
        requires_password_change bit,
        role enum ('BANK_ADMIN','CLIENT','EMPLOYEE','ORG_ADMIN') not null,
        updated_at datetime(6),
        username varchar(255) not null,
        primary key (id)
    ) engine=InnoDB
2025-10-16 21:16:49.370 [restartedMain] DEBUG org.hibernate.SQL - 
    create table vendor_bills (
        id bigint not null auto_increment,
        amount decimal(38,2) not null,
        bill_date date not null,
        bill_number varchar(255) not null,
        created_at datetime(6),
        updated_at datetime(6),
        organization_id integer not null,
        vendor_id bigint not null,
        vendor_payment_id bigint not null,
        primary key (id)
    ) engine=InnoDB
2025-10-16 21:16:49.407 [restartedMain] DEBUG org.hibernate.SQL - 
    create table vendor_payments (
        id bigint not null auto_increment,
        amount decimal(38,2) not null,
        created_at datetime(6),
        description varchar(255),
        payment_date date not null,
        status enum ('FAILED','PENDING','PROCESSED') not null,
        transaction_id bigint,
        updated_at datetime(6),
        organization_id integer not null,
        vendor_id bigint not null,
        primary key (id)
    ) engine=InnoDB
2025-10-16 21:16:49.451 [restartedMain] DEBUG org.hibernate.SQL - 
    create table vendors (
        id bigint not null auto_increment,
        address TEXT,
        contact_email varchar(255),
        contact_phone varchar(255),
        created_at datetime(6),
        is_active bit,
        updated_at datetime(6),
        vendor_name varchar(255) not null,
        organization_id integer not null,
        primary key (id)
    ) engine=InnoDB
2025-10-16 21:16:49.503 [restartedMain] DEBUG org.hibernate.SQL - 
    alter table bank_accounts 
       drop index UKiqqtyol47i7e5cpv6d55td9ob
2025-10-16 21:16:49.513 [restartedMain] DEBUG org.hibernate.SQL - 
    alter table bank_accounts 
       add constraint UKiqqtyol47i7e5cpv6d55td9ob unique (employee_id)
2025-10-16 21:16:49.544 [restartedMain] DEBUG org.hibernate.SQL - 
    alter table clients 
       drop index UKsmrp6gi0tckq1w5rnd7boyowu
2025-10-16 21:16:49.548 [restartedMain] DEBUG org.hibernate.SQL - 
    alter table clients 
       add constraint UKsmrp6gi0tckq1w5rnd7boyowu unique (user_id)
2025-10-16 21:16:49.583 [restartedMain] DEBUG org.hibernate.SQL - 
    alter table deposits 
       drop index UK3gp528llfn6dhm5h4tg6r83uj
2025-10-16 21:16:49.587 [restartedMain] DEBUG org.hibernate.SQL - 
    alter table deposits 
       add constraint UK3gp528llfn6dhm5h4tg6r83uj unique (transaction_id)
2025-10-16 21:16:49.618 [restartedMain] DEBUG org.hibernate.SQL - 
    alter table employees 
       drop index UKa7bdqjnt9y7x74s8jsdbym0e1
2025-10-16 21:16:49.621 [restartedMain] DEBUG org.hibernate.SQL - 
    alter table employees 
       add constraint UKa7bdqjnt9y7x74s8jsdbym0e1 unique (organization_id, employee_code)
2025-10-16 21:16:49.652 [restartedMain] DEBUG org.hibernate.SQL - 
    alter table employees 
       drop index UKj2dmgsma6pont6kf7nic9elpd
2025-10-16 21:16:49.655 [restartedMain] DEBUG org.hibernate.SQL - 
    alter table employees 
       add constraint UKj2dmgsma6pont6kf7nic9elpd unique (user_id)
2025-10-16 21:16:49.681 [restartedMain] DEBUG org.hibernate.SQL - 
    alter table invoices 
       drop index UK4xbj1e2ar33fekfkhyfmmj7qs
2025-10-16 21:16:49.685 [restartedMain] DEBUG org.hibernate.SQL - 
    alter table invoices 
       add constraint UK4xbj1e2ar33fekfkhyfmmj7qs unique (organization_id, invoice_number)
2025-10-16 21:16:49.713 [restartedMain] DEBUG org.hibernate.SQL - 
    alter table organizations 
       drop index UKcv8bvkfl9h41e2bjc4w9t9sc6
2025-10-16 21:16:49.717 [restartedMain] DEBUG org.hibernate.SQL - 
    alter table organizations 
       add constraint UKcv8bvkfl9h41e2bjc4w9t9sc6 unique (bank_assigned_account_number)
2025-10-16 21:16:49.742 [restartedMain] DEBUG org.hibernate.SQL - 
    alter table organizations 
       drop index UKg29raxussl8gvofid5ujgxuuu
2025-10-16 21:16:49.744 [restartedMain] DEBUG org.hibernate.SQL - 
    alter table organizations 
       add constraint UKg29raxussl8gvofid5ujgxuuu unique (company_name)
2025-10-16 21:16:49.772 [restartedMain] DEBUG org.hibernate.SQL - 
    alter table password_reset_tokens 
       drop index UK71lqwbwtklmljk3qlsugr1mig
2025-10-16 21:16:49.776 [restartedMain] DEBUG org.hibernate.SQL - 
    alter table password_reset_tokens 
       add constraint UK71lqwbwtklmljk3qlsugr1mig unique (token)
2025-10-16 21:16:49.799 [restartedMain] DEBUG org.hibernate.SQL - 
    alter table password_reset_tokens 
       drop index UKla2ts67g4oh2sreayswhox1i6
2025-10-16 21:16:49.801 [restartedMain] DEBUG org.hibernate.SQL - 
    alter table password_reset_tokens 
       add constraint UKla2ts67g4oh2sreayswhox1i6 unique (user_id)
2025-10-16 21:16:49.827 [restartedMain] DEBUG org.hibernate.SQL - 
    alter table users 
       drop index UK6dotkott2kjsp8vw4d0m25fb7
2025-10-16 21:16:49.831 [restartedMain] DEBUG org.hibernate.SQL - 
    alter table users 
       add constraint UK6dotkott2kjsp8vw4d0m25fb7 unique (email)
2025-10-16 21:16:49.869 [restartedMain] DEBUG org.hibernate.SQL - 
    alter table users 
       drop index UKr43af9ap4edm43mmtq01oddj6
2025-10-16 21:16:49.872 [restartedMain] DEBUG org.hibernate.SQL - 
    alter table users 
       add constraint UKr43af9ap4edm43mmtq01oddj6 unique (username)
2025-10-16 21:16:49.898 [restartedMain] DEBUG org.hibernate.SQL - 
    alter table vendor_bills 
       drop index UKtlwiwx9ox314r07ul9524o8uj
2025-10-16 21:16:49.903 [restartedMain] DEBUG org.hibernate.SQL - 
    alter table vendor_bills 
       add constraint UKtlwiwx9ox314r07ul9524o8uj unique (bill_number)
2025-10-16 21:16:49.934 [restartedMain] DEBUG org.hibernate.SQL - 
    alter table vendor_bills 
       drop index UKrjam9j7yatenj6ho2bro7qla2
2025-10-16 21:16:49.937 [restartedMain] DEBUG org.hibernate.SQL - 
    alter table vendor_bills 
       add constraint UKrjam9j7yatenj6ho2bro7qla2 unique (vendor_payment_id)
2025-10-16 21:16:49.963 [restartedMain] DEBUG org.hibernate.SQL - 
    alter table vendor_payments 
       drop index UKm81wet0puj5k2hn19wdfxgylm
2025-10-16 21:16:49.967 [restartedMain] DEBUG org.hibernate.SQL - 
    alter table vendor_payments 
       add constraint UKm81wet0puj5k2hn19wdfxgylm unique (transaction_id)
2025-10-16 21:16:50.000 [restartedMain] DEBUG org.hibernate.SQL - 
    alter table bank_accounts 
       add constraint FKlj5q7h1lhmktlhn5o0gkspgrr 
       foreign key (employee_id) 
       references employees (id)
2025-10-16 21:16:50.102 [restartedMain] DEBUG org.hibernate.SQL - 
    alter table bank_accounts 
       add constraint FKje02p14u2sbvlb1q5xyfobw18 
       foreign key (vendor_id) 
       references vendors (id)
2025-10-16 21:16:50.208 [restartedMain] DEBUG org.hibernate.SQL - 
    alter table clients 
       add constraint FKqtabsk1bran5vu6akf0t5im81 
       foreign key (organization_id) 
       references organizations (id)
2025-10-16 21:16:50.307 [restartedMain] DEBUG org.hibernate.SQL - 
    alter table clients 
       add constraint FKtiuqdledq2lybrds2k3rfqrv4 
       foreign key (user_id) 
       references users (id)
2025-10-16 21:16:50.412 [restartedMain] DEBUG org.hibernate.SQL - 
    alter table concerns 
       add constraint FKforl06bkoddbbeypl2ecma41y 
       foreign key (employee_id) 
       references employees (id)
2025-10-16 21:16:50.506 [restartedMain] DEBUG org.hibernate.SQL - 
    alter table concerns 
       add constraint FKir20tr13nxom6ihogggm7221e 
       foreign key (organization_id) 
       references organizations (id)
2025-10-16 21:16:50.607 [restartedMain] DEBUG org.hibernate.SQL - 
    alter table concerns 
       add constraint FKlarmoyhiobltufdb0eby66rro 
       foreign key (resolved_by_admin_id) 
       references users (id)
2025-10-16 21:16:50.750 [restartedMain] DEBUG org.hibernate.SQL - 
    alter table deposits 
       add constraint FKml0jtqyc0veo1kkpkf5iovs42 
       foreign key (organization_id) 
       references organizations (id)
2025-10-16 21:16:50.847 [restartedMain] DEBUG org.hibernate.SQL - 
    alter table documents 
       add constraint FKr51wph1cxind8iock0jnhh1s5 
       foreign key (related_entity_id) 
       references organizations (id)
2025-10-16 21:16:50.946 [restartedMain] DEBUG org.hibernate.SQL - 
    alter table employees 
       add constraint FKh62l7gpgesex8wjd6himtb3e1 
       foreign key (organization_id) 
       references organizations (id)
2025-10-16 21:16:51.060 [restartedMain] DEBUG org.hibernate.SQL - 
    alter table employees 
       add constraint FK69x3vjuy1t5p18a5llb8h2fjx 
       foreign key (user_id) 
       references users (id)
2025-10-16 21:16:51.343 [restartedMain] DEBUG org.hibernate.SQL - 
    alter table invoices 
       add constraint FK9ioqm804urbgy986pdtwqtl0x 
       foreign key (client_id) 
       references clients (id)
2025-10-16 21:16:51.444 [restartedMain] DEBUG org.hibernate.SQL - 
    alter table invoices 
       add constraint FKjxvtmkdg1rgjdqnoqho4q9a5l 
       foreign key (organization_id) 
       references organizations (id)
2025-10-16 21:16:51.545 [restartedMain] DEBUG org.hibernate.SQL - 
    alter table notifications 
       add constraint FK9y21adhxn0ayjhfocscqox7bh 
       foreign key (user_id) 
       references users (id)
2025-10-16 21:16:51.641 [restartedMain] DEBUG org.hibernate.SQL - 
    alter table password_reset_tokens 
       add constraint FKk3ndxg5xp6v7wd4gjyusp15gq 
       foreign key (user_id) 
       references users (id)
2025-10-16 21:16:51.741 [restartedMain] DEBUG org.hibernate.SQL - 
    alter table payroll_batches 
       add constraint FKfra1t8bgo580b59hxwt89hbww 
       foreign key (approved_by_user_id) 
       references users (id)
2025-10-16 21:16:51.839 [restartedMain] DEBUG org.hibernate.SQL - 
    alter table payroll_batches 
       add constraint FK7rlqwo8df0qesmcj8thoxs7i1 
       foreign key (organization_id) 
       references organizations (id)
2025-10-16 21:16:51.948 [restartedMain] DEBUG org.hibernate.SQL - 
    alter table payroll_batches 
       add constraint FK59fall7wpsbwxpbhnubqjb5vw 
       foreign key (submitted_by_user_id) 
       references users (id)
2025-10-16 21:16:52.062 [restartedMain] DEBUG org.hibernate.SQL - 
    alter table payroll_payments 
       add constraint FKn8ob490yf682u8ee0y7cn2430 
       foreign key (employee_id) 
       references employees (id)
2025-10-16 21:16:52.162 [restartedMain] DEBUG org.hibernate.SQL - 
    alter table payroll_payments 
       add constraint FK633k2cbkknxlfi2k58gr3pl3d 
       foreign key (payroll_batch_id) 
       references payroll_batches (id)
2025-10-16 21:16:52.268 [restartedMain] DEBUG org.hibernate.SQL - 
    alter table salary_structures 
       add constraint FKmf930tso3vpkjjbb14lc3yy1y 
       foreign key (employee_id) 
       references employees (id)
2025-10-16 21:16:52.362 [restartedMain] DEBUG org.hibernate.SQL - 
    alter table transactions 
       add constraint FKdern1k9mj7u7j22pfowogecmy 
       foreign key (organization_id) 
       references organizations (id)
2025-10-16 21:16:52.461 [restartedMain] DEBUG org.hibernate.SQL - 
    alter table vendor_bills 
       add constraint FKn04uj7jkvg0g1li6kplyrq95n 
       foreign key (organization_id) 
       references organizations (id)
2025-10-16 21:16:52.574 [restartedMain] DEBUG org.hibernate.SQL - 
    alter table vendor_bills 
       add constraint FKgb141j1rkke3tnj7l5db2lu7j 
       foreign key (vendor_id) 
       references vendors (id)
2025-10-16 21:16:52.685 [restartedMain] DEBUG org.hibernate.SQL - 
    alter table vendor_bills 
       add constraint FKgqpfih8n9wxa98fxiqmrc44r3 
       foreign key (vendor_payment_id) 
       references vendor_payments (id)
2025-10-16 21:16:52.794 [restartedMain] DEBUG org.hibernate.SQL - 
    alter table vendor_payments 
       add constraint FKaqf9m13ynrphfgnvab6gwhqtq 
       foreign key (organization_id) 
       references organizations (id)
2025-10-16 21:16:52.898 [restartedMain] DEBUG org.hibernate.SQL - 
    alter table vendor_payments 
       add constraint FKta0ckdv8pqbryr862w11ycy70 
       foreign key (vendor_id) 
       references vendors (id)
2025-10-16 21:16:53.016 [restartedMain] DEBUG org.hibernate.SQL - 
    alter table vendors 
       add constraint FKftbosscin8e0jlxehx8hci34p 
       foreign key (organization_id) 
       references organizations (id)
2025-10-16 21:16:53.130 [restartedMain] INFO  o.s.o.j.LocalContainerEntityManagerFactoryBean - Initialized JPA EntityManagerFactory for persistence unit 'default'
2025-10-16 21:16:53.506 [restartedMain] INFO  o.s.d.j.r.query.QueryEnhancerFactory - Hibernate is in classpath; If applicable, HQL parser will be used.
2025-10-16 21:16:54.144 [restartedMain] DEBUG c.a.p.security.filter.JwtAuthFilter - Filter 'jwtAuthFilter' configured for use
2025-10-16 21:16:54.744 [restartedMain] INFO  o.s.s.c.a.a.c.InitializeAuthenticationProviderBeanManagerConfigurer$InitializeAuthenticationProviderManagerConfigurer - Global AuthenticationManager configured with AuthenticationProvider bean with name authenticationProvider
2025-10-16 21:16:54.745 [restartedMain] WARN  o.s.s.c.a.a.c.InitializeUserDetailsBeanManagerConfigurer$InitializeUserDetailsManagerConfigurer - Global AuthenticationManager configured with an AuthenticationProvider bean. UserDetailsService beans will not be used by Spring Security for automatically configuring username/password login. Consider removing the AuthenticationProvider bean. Alternatively, consider using the UserDetailsService in a manually instantiated DaoAuthenticationProvider. If the current configuration is intentional, to turn off this warning, increase the logging level of 'org.springframework.security.config.annotation.authentication.configuration.InitializeUserDetailsBeanManagerConfigurer' to ERROR
2025-10-16 21:16:56.104 [restartedMain] WARN  o.s.b.a.o.j.JpaBaseConfiguration$JpaWebConfiguration - spring.jpa.open-in-view is enabled by default. Therefore, database queries may be performed during view rendering. Explicitly configure spring.jpa.open-in-view to disable this warning
2025-10-16 21:16:57.464 [restartedMain] INFO  o.s.b.d.a.OptionalLiveReloadServer - LiveReload server is running on port 35729
2025-10-16 21:16:57.537 [restartedMain] DEBUG o.s.b.c.c.s.JobRegistrySmartInitializingSingleton - Registering job: employeeCsvImportJob
2025-10-16 21:16:57.544 [restartedMain] INFO  o.a.coyote.http11.Http11NioProtocol - Starting ProtocolHandler ["http-nio-8080"]
2025-10-16 21:16:57.577 [restartedMain] INFO  o.s.b.w.e.tomcat.TomcatWebServer - Tomcat started on port 8080 (http) with context path '/'
2025-10-16 21:16:57.597 [restartedMain] INFO  c.aurionpro.papms.PaPmsApplication - Started PaPmsApplication in 20.35 seconds (process running for 25.316)
2025-10-16 21:16:57.610 [restartedMain] INFO  c.aurionpro.papms.config.DataSeeder - DataSeeder running...
2025-10-16 21:16:57.705 [restartedMain] DEBUG org.hibernate.SQL - 
    select
        count(u1_0.id) 
    from
        users u1_0 
    where
        u1_0.role=?
2025-10-16 21:16:57.710 [restartedMain] TRACE org.hibernate.orm.jdbc.bind - binding parameter (1:ENUM) <- [BANK_ADMIN]
2025-10-16 21:16:57.731 [restartedMain] INFO  c.aurionpro.papms.config.DataSeeder - No BANK_ADMIN found. Creating default BANK_ADMIN user.
2025-10-16 21:16:57.910 [restartedMain] DEBUG org.hibernate.SQL - 
    insert 
    into
        users
        (created_at, email, full_name, is_active, organization_id, password, requires_password_change, role, updated_at, username) 
    values
        (?, ?, ?, ?, ?, ?, ?, ?, ?, ?)
2025-10-16 21:16:57.913 [restartedMain] TRACE org.hibernate.orm.jdbc.bind - binding parameter (1:TIMESTAMP) <- [2025-10-16T21:16:57.901669]
2025-10-16 21:16:57.914 [restartedMain] TRACE org.hibernate.orm.jdbc.bind - binding parameter (2:VARCHAR) <- [opaniketgupta@gmail.com]
2025-10-16 21:16:57.914 [restartedMain] TRACE org.hibernate.orm.jdbc.bind - binding parameter (3:VARCHAR) <- [Ani]
2025-10-16 21:16:57.914 [restartedMain] TRACE org.hibernate.orm.jdbc.bind - binding parameter (4:BOOLEAN) <- [true]
2025-10-16 21:16:57.914 [restartedMain] TRACE org.hibernate.orm.jdbc.bind - binding parameter (5:INTEGER) <- [null]
2025-10-16 21:16:57.914 [restartedMain] TRACE org.hibernate.orm.jdbc.bind - binding parameter (6:VARCHAR) <- [$2a$10$hX3z08ebT7/.5IXuMjsMk.27IfGygDChDQUVhzT0nES665SoZg71u]
2025-10-16 21:16:57.914 [restartedMain] TRACE org.hibernate.orm.jdbc.bind - binding parameter (7:BOOLEAN) <- [false]
2025-10-16 21:16:57.914 [restartedMain] TRACE org.hibernate.orm.jdbc.bind - binding parameter (8:ENUM) <- [BANK_ADMIN]
2025-10-16 21:16:57.914 [restartedMain] TRACE org.hibernate.orm.jdbc.bind - binding parameter (9:TIMESTAMP) <- [2025-10-16T21:16:57.901669]
2025-10-16 21:16:57.915 [restartedMain] TRACE org.hibernate.orm.jdbc.bind - binding parameter (10:VARCHAR) <- [Ani]
2025-10-16 21:16:57.955 [restartedMain] INFO  c.aurionpro.papms.config.DataSeeder - Default BANK_ADMIN user 'Ani' created successfully.
2025-10-16 21:16:57.971 [restartedMain] INFO  c.aurionpro.papms.PaPmsApplication - PaPmsApplication started successfully!
2025-10-16 21:20:40.507 [http-nio-8080-exec-1] INFO  o.a.c.c.C.[Tomcat].[localhost].[/] - Initializing Spring DispatcherServlet 'dispatcherServlet'
2025-10-16 21:20:40.507 [http-nio-8080-exec-1] INFO  o.s.web.servlet.DispatcherServlet - Initializing Servlet 'dispatcherServlet'
2025-10-16 21:20:40.511 [http-nio-8080-exec-1] INFO  o.s.web.servlet.DispatcherServlet - Completed initialization in 4 ms
2025-10-16 21:20:43.105 [http-nio-8080-exec-9] INFO  o.s.api.AbstractOpenApiResource - Init duration for springdoc-openapi is: 2002 ms
2025-10-16 21:24:39.567 [http-nio-8080-exec-7] INFO  c.a.p.c.OrganizationController - Received request to register organization with documents. Logo present: true
2025-10-16 21:24:39.575 [http-nio-8080-exec-7] DEBUG org.hibernate.SQL - 
    select
        o1_0.id,
        o1_0.address,
        o1_0.bank_assigned_account_number,
        o1_0.company_name,
        o1_0.contact_email,
        o1_0.contact_phone,
        o1_0.created_at,
        o1_0.internal_balance,
        o1_0.logo_url,
        o1_0.rejection_reason,
        o1_0.status,
        o1_0.updated_at 
    from
        organizations o1_0 
    where
        o1_0.company_name=?
2025-10-16 21:24:39.576 [http-nio-8080-exec-7] TRACE org.hibernate.orm.jdbc.bind - binding parameter (1:VARCHAR) <- [boat]
2025-10-16 21:24:39.592 [http-nio-8080-exec-7] DEBUG org.hibernate.SQL - 
    select
        u1_0.id 
    from
        users u1_0 
    where
        u1_0.username=? 
    limit
        ?
2025-10-16 21:24:39.592 [http-nio-8080-exec-7] TRACE org.hibernate.orm.jdbc.bind - binding parameter (1:VARCHAR) <- [boat]
2025-10-16 21:24:39.592 [http-nio-8080-exec-7] TRACE org.hibernate.orm.jdbc.bind - binding parameter (2:INTEGER) <- [1]
2025-10-16 21:24:39.596 [http-nio-8080-exec-7] INFO  c.a.p.service.CloudinaryServiceImpl - Uploading file 'Egal-logo.png' to Cloudinary folder 'papms/boat/logo'
2025-10-16 21:24:45.007 [http-nio-8080-exec-7] INFO  c.a.p.service.CloudinaryServiceImpl - File uploaded successfully. Public ID: papms/boat/logo/gerjb1bmvblbvaqtmc5u, URL: https://res.cloudinary.com/dkiykjjan/image/upload/v1760630083/papms/boat/logo/gerjb1bmvblbvaqtmc5u.png
2025-10-16 21:24:45.011 [http-nio-8080-exec-7] DEBUG org.hibernate.SQL - 
    insert 
    into
        organizations
        (address, bank_assigned_account_number, company_name, contact_email, contact_phone, created_at, internal_balance, logo_url, rejection_reason, status, updated_at) 
    values
        (?, ?, ?, ?, ?, ?, ?, ?, ?, ?, ?)
2025-10-16 21:24:45.012 [http-nio-8080-exec-7] TRACE org.hibernate.orm.jdbc.bind - binding parameter (1:VARCHAR) <- [string]
2025-10-16 21:24:45.012 [http-nio-8080-exec-7] TRACE org.hibernate.orm.jdbc.bind - binding parameter (2:VARCHAR) <- [null]
2025-10-16 21:24:45.012 [http-nio-8080-exec-7] TRACE org.hibernate.orm.jdbc.bind - binding parameter (3:VARCHAR) <- [boat]
2025-10-16 21:24:45.012 [http-nio-8080-exec-7] TRACE org.hibernate.orm.jdbc.bind - binding parameter (4:VARCHAR) <- [30aniketgupta@gmail.com]
2025-10-16 21:24:45.012 [http-nio-8080-exec-7] TRACE org.hibernate.orm.jdbc.bind - binding parameter (5:VARCHAR) <- [null]
2025-10-16 21:24:45.012 [http-nio-8080-exec-7] TRACE org.hibernate.orm.jdbc.bind - binding parameter (6:TIMESTAMP) <- [2025-10-16T21:24:45.010631]
2025-10-16 21:24:45.012 [http-nio-8080-exec-7] TRACE org.hibernate.orm.jdbc.bind - binding parameter (7:NUMERIC) <- [0]
2025-10-16 21:24:45.013 [http-nio-8080-exec-7] TRACE org.hibernate.orm.jdbc.bind - binding parameter (8:VARCHAR) <- [https://res.cloudinary.com/dkiykjjan/image/upload/v1760630083/papms/boat/logo/gerjb1bmvblbvaqtmc5u.png]
2025-10-16 21:24:45.013 [http-nio-8080-exec-7] TRACE org.hibernate.orm.jdbc.bind - binding parameter (9:VARCHAR) <- [null]
2025-10-16 21:24:45.013 [http-nio-8080-exec-7] TRACE org.hibernate.orm.jdbc.bind - binding parameter (10:ENUM) <- [PENDING_APPROVAL]
2025-10-16 21:24:45.013 [http-nio-8080-exec-7] TRACE org.hibernate.orm.jdbc.bind - binding parameter (11:TIMESTAMP) <- [2025-10-16T21:24:45.010631]
2025-10-16 21:24:45.138 [http-nio-8080-exec-7] DEBUG org.hibernate.SQL - 
    insert 
    into
        users
        (created_at, email, full_name, is_active, organization_id, password, requires_password_change, role, updated_at, username) 
    values
        (?, ?, ?, ?, ?, ?, ?, ?, ?, ?)
2025-10-16 21:24:45.139 [http-nio-8080-exec-7] TRACE org.hibernate.orm.jdbc.bind - binding parameter (1:TIMESTAMP) <- [2025-10-16T21:24:45.138088]
2025-10-16 21:24:45.139 [http-nio-8080-exec-7] TRACE org.hibernate.orm.jdbc.bind - binding parameter (2:VARCHAR) <- [30aniketgupta@gmail.com]
2025-10-16 21:24:45.139 [http-nio-8080-exec-7] TRACE org.hibernate.orm.jdbc.bind - binding parameter (3:VARCHAR) <- [boat]
2025-10-16 21:24:45.139 [http-nio-8080-exec-7] TRACE org.hibernate.orm.jdbc.bind - binding parameter (4:BOOLEAN) <- [false]
2025-10-16 21:24:45.139 [http-nio-8080-exec-7] TRACE org.hibernate.orm.jdbc.bind - binding parameter (5:INTEGER) <- [1]
2025-10-16 21:24:45.139 [http-nio-8080-exec-7] TRACE org.hibernate.orm.jdbc.bind - binding parameter (6:VARCHAR) <- [$2a$10$imLisTgcbN5.UgjxK30Mm.JrFjxnsqcojcjgFJKvmL3AouXncHPsC]
2025-10-16 21:24:45.139 [http-nio-8080-exec-7] TRACE org.hibernate.orm.jdbc.bind - binding parameter (7:BOOLEAN) <- [true]
2025-10-16 21:24:45.139 [http-nio-8080-exec-7] TRACE org.hibernate.orm.jdbc.bind - binding parameter (8:ENUM) <- [ORG_ADMIN]
2025-10-16 21:24:45.139 [http-nio-8080-exec-7] TRACE org.hibernate.orm.jdbc.bind - binding parameter (9:TIMESTAMP) <- [2025-10-16T21:24:45.138088]
2025-10-16 21:24:45.139 [http-nio-8080-exec-7] TRACE org.hibernate.orm.jdbc.bind - binding parameter (10:VARCHAR) <- [boat]
2025-10-16 21:24:45.141 [http-nio-8080-exec-7] INFO  c.a.p.service.CloudinaryServiceImpl - Uploading file 'invoice-1.pdf' to Cloudinary folder 'papms/boat/verification_docs'
2025-10-16 21:24:46.641 [http-nio-8080-exec-7] INFO  c.a.p.service.CloudinaryServiceImpl - File uploaded successfully. Public ID: papms/boat/verification_docs/xzwrhnfs8d5vslefbf0u, URL: https://res.cloudinary.com/dkiykjjan/image/upload/v1760630085/papms/boat/verification_docs/xzwrhnfs8d5vslefbf0u.pdf
2025-10-16 21:24:46.642 [http-nio-8080-exec-7] INFO  c.a.p.service.CloudinaryServiceImpl - Uploading file 'invoice-1 (1).pdf' to Cloudinary folder 'papms/boat/verification_docs'
2025-10-16 21:24:48.783 [http-nio-8080-exec-7] INFO  c.a.p.service.CloudinaryServiceImpl - File uploaded successfully. Public ID: papms/boat/verification_docs/ueuf9hkxgveswkw3jpnc, URL: https://res.cloudinary.com/dkiykjjan/image/upload/v1760630087/papms/boat/verification_docs/ueuf9hkxgveswkw3jpnc.pdf
2025-10-16 21:24:48.784 [http-nio-8080-exec-7] DEBUG org.hibernate.SQL - 
    insert 
    into
        documents
        (cloudinary_public_id, cloudinary_url, file_name, related_entity_id, related_entity_type, status, uploaded_at) 
    values
        (?, ?, ?, ?, ?, ?, ?)
2025-10-16 21:24:48.785 [http-nio-8080-exec-7] TRACE org.hibernate.orm.jdbc.bind - binding parameter (1:VARCHAR) <- [papms/boat/verification_docs/xzwrhnfs8d5vslefbf0u]
2025-10-16 21:24:48.785 [http-nio-8080-exec-7] TRACE org.hibernate.orm.jdbc.bind - binding parameter (2:VARCHAR) <- [https://res.cloudinary.com/dkiykjjan/image/upload/v1760630085/papms/boat/verification_docs/xzwrhnfs8d5vslefbf0u.pdf]
2025-10-16 21:24:48.785 [http-nio-8080-exec-7] TRACE org.hibernate.orm.jdbc.bind - binding parameter (3:VARCHAR) <- [invoice-1.pdf]
2025-10-16 21:24:48.785 [http-nio-8080-exec-7] TRACE org.hibernate.orm.jdbc.bind - binding parameter (4:INTEGER) <- [1]
2025-10-16 21:24:48.785 [http-nio-8080-exec-7] TRACE org.hibernate.orm.jdbc.bind - binding parameter (5:ENUM) <- [ORGANIZATION_VERIFICATION]
2025-10-16 21:24:48.785 [http-nio-8080-exec-7] TRACE org.hibernate.orm.jdbc.bind - binding parameter (6:ENUM) <- [Pending]
2025-10-16 21:24:48.785 [http-nio-8080-exec-7] TRACE org.hibernate.orm.jdbc.bind - binding parameter (7:TIMESTAMP) <- [2025-10-16T21:24:46.642869300]
2025-10-16 21:24:48.787 [http-nio-8080-exec-7] DEBUG org.hibernate.SQL - 
    insert 
    into
        documents
        (cloudinary_public_id, cloudinary_url, file_name, related_entity_id, related_entity_type, status, uploaded_at) 
    values
        (?, ?, ?, ?, ?, ?, ?)
2025-10-16 21:24:48.788 [http-nio-8080-exec-7] TRACE org.hibernate.orm.jdbc.bind - binding parameter (1:VARCHAR) <- [papms/boat/verification_docs/ueuf9hkxgveswkw3jpnc]
2025-10-16 21:24:48.788 [http-nio-8080-exec-7] TRACE org.hibernate.orm.jdbc.bind - binding parameter (2:VARCHAR) <- [https://res.cloudinary.com/dkiykjjan/image/upload/v1760630087/papms/boat/verification_docs/ueuf9hkxgveswkw3jpnc.pdf]
2025-10-16 21:24:48.788 [http-nio-8080-exec-7] TRACE org.hibernate.orm.jdbc.bind - binding parameter (3:VARCHAR) <- [invoice-11.pdf]
2025-10-16 21:24:48.788 [http-nio-8080-exec-7] TRACE org.hibernate.orm.jdbc.bind - binding parameter (4:INTEGER) <- [1]
2025-10-16 21:24:48.788 [http-nio-8080-exec-7] TRACE org.hibernate.orm.jdbc.bind - binding parameter (5:ENUM) <- [ORGANIZATION_VERIFICATION]
2025-10-16 21:24:48.788 [http-nio-8080-exec-7] TRACE org.hibernate.orm.jdbc.bind - binding parameter (6:ENUM) <- [Pending]
2025-10-16 21:24:48.788 [http-nio-8080-exec-7] TRACE org.hibernate.orm.jdbc.bind - binding parameter (7:TIMESTAMP) <- [2025-10-16T21:24:48.783708200]
2025-10-16 21:24:48.842 [http-nio-8080-exec-7] INFO  c.a.p.c.OrganizationController - Organization registered successfully with ID: 1. Status: PENDING_APPROVAL
2025-10-16 21:29:35.320 [http-nio-8080-exec-2] INFO  c.a.p.c.OrganizationController - Received request to register organization with documents. Logo present: false
2025-10-16 21:29:35.323 [http-nio-8080-exec-2] DEBUG org.hibernate.SQL - 
    select
        o1_0.id,
        o1_0.address,
        o1_0.bank_assigned_account_number,
        o1_0.company_name,
        o1_0.contact_email,
        o1_0.contact_phone,
        o1_0.created_at,
        o1_0.internal_balance,
        o1_0.logo_url,
        o1_0.rejection_reason,
        o1_0.status,
        o1_0.updated_at 
    from
        organizations o1_0 
    where
        o1_0.company_name=?
2025-10-16 21:29:35.323 [http-nio-8080-exec-2] TRACE org.hibernate.orm.jdbc.bind - binding parameter (1:VARCHAR) <- [sony]
2025-10-16 21:29:35.325 [http-nio-8080-exec-2] DEBUG org.hibernate.SQL - 
    select
        u1_0.id 
    from
        users u1_0 
    where
        u1_0.username=? 
    limit
        ?
2025-10-16 21:29:35.325 [http-nio-8080-exec-2] TRACE org.hibernate.orm.jdbc.bind - binding parameter (1:VARCHAR) <- [sony]
2025-10-16 21:29:35.325 [http-nio-8080-exec-2] TRACE org.hibernate.orm.jdbc.bind - binding parameter (2:INTEGER) <- [1]
2025-10-16 21:29:35.328 [http-nio-8080-exec-2] DEBUG org.hibernate.SQL - 
    insert 
    into
        organizations
        (address, bank_assigned_account_number, company_name, contact_email, contact_phone, created_at, internal_balance, logo_url, rejection_reason, status, updated_at) 
    values
        (?, ?, ?, ?, ?, ?, ?, ?, ?, ?, ?)
2025-10-16 21:29:35.329 [http-nio-8080-exec-2] TRACE org.hibernate.orm.jdbc.bind - binding parameter (1:VARCHAR) <- [string]
2025-10-16 21:29:35.329 [http-nio-8080-exec-2] TRACE org.hibernate.orm.jdbc.bind - binding parameter (2:VARCHAR) <- [null]
2025-10-16 21:29:35.329 [http-nio-8080-exec-2] TRACE org.hibernate.orm.jdbc.bind - binding parameter (3:VARCHAR) <- [sony]
2025-10-16 21:29:35.329 [http-nio-8080-exec-2] TRACE org.hibernate.orm.jdbc.bind - binding parameter (4:VARCHAR) <- [akin3019@gmail.com]
2025-10-16 21:29:35.329 [http-nio-8080-exec-2] TRACE org.hibernate.orm.jdbc.bind - binding parameter (5:VARCHAR) <- [null]
2025-10-16 21:29:35.329 [http-nio-8080-exec-2] TRACE org.hibernate.orm.jdbc.bind - binding parameter (6:TIMESTAMP) <- [2025-10-16T21:29:35.328062]
2025-10-16 21:29:35.329 [http-nio-8080-exec-2] TRACE org.hibernate.orm.jdbc.bind - binding parameter (7:NUMERIC) <- [0]
2025-10-16 21:29:35.329 [http-nio-8080-exec-2] TRACE org.hibernate.orm.jdbc.bind - binding parameter (8:VARCHAR) <- [null]
2025-10-16 21:29:35.329 [http-nio-8080-exec-2] TRACE org.hibernate.orm.jdbc.bind - binding parameter (9:VARCHAR) <- [null]
2025-10-16 21:29:35.329 [http-nio-8080-exec-2] TRACE org.hibernate.orm.jdbc.bind - binding parameter (10:ENUM) <- [PENDING_APPROVAL]
2025-10-16 21:29:35.330 [http-nio-8080-exec-2] TRACE org.hibernate.orm.jdbc.bind - binding parameter (11:TIMESTAMP) <- [2025-10-16T21:29:35.328062]
2025-10-16 21:29:35.445 [http-nio-8080-exec-2] DEBUG org.hibernate.SQL - 
    insert 
    into
        users
        (created_at, email, full_name, is_active, organization_id, password, requires_password_change, role, updated_at, username) 
    values
        (?, ?, ?, ?, ?, ?, ?, ?, ?, ?)
2025-10-16 21:29:35.445 [http-nio-8080-exec-2] TRACE org.hibernate.orm.jdbc.bind - binding parameter (1:TIMESTAMP) <- [2025-10-16T21:29:35.443877]
2025-10-16 21:29:35.445 [http-nio-8080-exec-2] TRACE org.hibernate.orm.jdbc.bind - binding parameter (2:VARCHAR) <- [akin3019@gmail.com]
2025-10-16 21:29:35.445 [http-nio-8080-exec-2] TRACE org.hibernate.orm.jdbc.bind - binding parameter (3:VARCHAR) <- [sony]
2025-10-16 21:29:35.445 [http-nio-8080-exec-2] TRACE org.hibernate.orm.jdbc.bind - binding parameter (4:BOOLEAN) <- [false]
2025-10-16 21:29:35.445 [http-nio-8080-exec-2] TRACE org.hibernate.orm.jdbc.bind - binding parameter (5:INTEGER) <- [2]
2025-10-16 21:29:35.445 [http-nio-8080-exec-2] TRACE org.hibernate.orm.jdbc.bind - binding parameter (6:VARCHAR) <- [$2a$10$mid/owGHYl74SCRYGG3b8e8j5d392m2qFeKjPdQFbnrnYrnpBG60q]
2025-10-16 21:29:35.445 [http-nio-8080-exec-2] TRACE org.hibernate.orm.jdbc.bind - binding parameter (7:BOOLEAN) <- [true]
2025-10-16 21:29:35.445 [http-nio-8080-exec-2] TRACE org.hibernate.orm.jdbc.bind - binding parameter (8:ENUM) <- [ORG_ADMIN]
2025-10-16 21:29:35.445 [http-nio-8080-exec-2] TRACE org.hibernate.orm.jdbc.bind - binding parameter (9:TIMESTAMP) <- [2025-10-16T21:29:35.443877]
2025-10-16 21:29:35.445 [http-nio-8080-exec-2] TRACE org.hibernate.orm.jdbc.bind - binding parameter (10:VARCHAR) <- [sony]
2025-10-16 21:29:35.448 [http-nio-8080-exec-2] INFO  c.a.p.service.CloudinaryServiceImpl - Uploading file 'Aurionpro TB Capstone.pdf' to Cloudinary folder 'papms/sony/verification_docs'
2025-10-16 21:29:38.169 [http-nio-8080-exec-2] INFO  c.a.p.service.CloudinaryServiceImpl - File uploaded successfully. Public ID: papms/sony/verification_docs/m7og82q5uqdoiigs7hav, URL: https://res.cloudinary.com/dkiykjjan/image/upload/v1760630377/papms/sony/verification_docs/m7og82q5uqdoiigs7hav.pdf
2025-10-16 21:29:38.169 [http-nio-8080-exec-2] INFO  c.a.p.service.CloudinaryServiceImpl - Uploading file 'invoice-1 (1).pdf' to Cloudinary folder 'papms/sony/verification_docs'
2025-10-16 21:29:40.203 [http-nio-8080-exec-2] INFO  c.a.p.service.CloudinaryServiceImpl - File uploaded successfully. Public ID: papms/sony/verification_docs/jt4v6surrin5aryllyy4, URL: https://res.cloudinary.com/dkiykjjan/image/upload/v1760630379/papms/sony/verification_docs/jt4v6surrin5aryllyy4.pdf
2025-10-16 21:29:40.204 [http-nio-8080-exec-2] DEBUG org.hibernate.SQL - 
    insert 
    into
        documents
        (cloudinary_public_id, cloudinary_url, file_name, related_entity_id, related_entity_type, status, uploaded_at) 
    values
        (?, ?, ?, ?, ?, ?, ?)
2025-10-16 21:29:40.204 [http-nio-8080-exec-2] TRACE org.hibernate.orm.jdbc.bind - binding parameter (1:VARCHAR) <- [papms/sony/verification_docs/m7og82q5uqdoiigs7hav]
2025-10-16 21:29:40.204 [http-nio-8080-exec-2] TRACE org.hibernate.orm.jdbc.bind - binding parameter (2:VARCHAR) <- [https://res.cloudinary.com/dkiykjjan/image/upload/v1760630377/papms/sony/verification_docs/m7og82q5uqdoiigs7hav.pdf]
2025-10-16 21:29:40.204 [http-nio-8080-exec-2] TRACE org.hibernate.orm.jdbc.bind - binding parameter (3:VARCHAR) <- [AurionproTBCapstone.pdf]
2025-10-16 21:29:40.204 [http-nio-8080-exec-2] TRACE org.hibernate.orm.jdbc.bind - binding parameter (4:INTEGER) <- [2]
2025-10-16 21:29:40.204 [http-nio-8080-exec-2] TRACE org.hibernate.orm.jdbc.bind - binding parameter (5:ENUM) <- [ORGANIZATION_VERIFICATION]
2025-10-16 21:29:40.205 [http-nio-8080-exec-2] TRACE org.hibernate.orm.jdbc.bind - binding parameter (6:ENUM) <- [Pending]
2025-10-16 21:29:40.205 [http-nio-8080-exec-2] TRACE org.hibernate.orm.jdbc.bind - binding parameter (7:TIMESTAMP) <- [2025-10-16T21:29:38.169136400]
2025-10-16 21:29:40.207 [http-nio-8080-exec-2] DEBUG org.hibernate.SQL - 
    insert 
    into
        documents
        (cloudinary_public_id, cloudinary_url, file_name, related_entity_id, related_entity_type, status, uploaded_at) 
    values
        (?, ?, ?, ?, ?, ?, ?)
2025-10-16 21:29:40.207 [http-nio-8080-exec-2] TRACE org.hibernate.orm.jdbc.bind - binding parameter (1:VARCHAR) <- [papms/sony/verification_docs/jt4v6surrin5aryllyy4]
2025-10-16 21:29:40.207 [http-nio-8080-exec-2] TRACE org.hibernate.orm.jdbc.bind - binding parameter (2:VARCHAR) <- [https://res.cloudinary.com/dkiykjjan/image/upload/v1760630379/papms/sony/verification_docs/jt4v6surrin5aryllyy4.pdf]
2025-10-16 21:29:40.208 [http-nio-8080-exec-2] TRACE org.hibernate.orm.jdbc.bind - binding parameter (3:VARCHAR) <- [invoice-11.pdf]
2025-10-16 21:29:40.208 [http-nio-8080-exec-2] TRACE org.hibernate.orm.jdbc.bind - binding parameter (4:INTEGER) <- [2]
2025-10-16 21:29:40.208 [http-nio-8080-exec-2] TRACE org.hibernate.orm.jdbc.bind - binding parameter (5:ENUM) <- [ORGANIZATION_VERIFICATION]
2025-10-16 21:29:40.208 [http-nio-8080-exec-2] TRACE org.hibernate.orm.jdbc.bind - binding parameter (6:ENUM) <- [Pending]
2025-10-16 21:29:40.208 [http-nio-8080-exec-2] TRACE org.hibernate.orm.jdbc.bind - binding parameter (7:TIMESTAMP) <- [2025-10-16T21:29:40.203198200]
2025-10-16 21:29:40.260 [http-nio-8080-exec-2] INFO  c.a.p.c.OrganizationController - Organization registered successfully with ID: 2. Status: PENDING_APPROVAL
2025-10-16 21:31:13.472 [http-nio-8080-exec-4] INFO  c.a.papms.controller.AuthController - Login attempt for user: Ani
2025-10-16 21:31:13.593 [http-nio-8080-exec-4] DEBUG org.hibernate.SQL - 
    select
        u1_0.id,
        u1_0.created_at,
        u1_0.email,
        u1_0.full_name,
        u1_0.is_active,
        u1_0.organization_id,
        u1_0.password,
        u1_0.requires_password_change,
        u1_0.role,
        u1_0.updated_at,
        u1_0.username 
    from
        users u1_0 
    where
        u1_0.username=?
2025-10-16 21:31:13.594 [http-nio-8080-exec-4] TRACE org.hibernate.orm.jdbc.bind - binding parameter (1:VARCHAR) <- [Ani]
2025-10-16 21:31:13.720 [http-nio-8080-exec-4] INFO  c.a.papms.controller.AuthController - User Ani authenticated successfully.
2025-10-16 21:31:13.722 [http-nio-8080-exec-4] DEBUG org.hibernate.SQL - 
    select
        u1_0.id,
        u1_0.created_at,
        u1_0.email,
        u1_0.full_name,
        u1_0.is_active,
        u1_0.organization_id,
        u1_0.password,
        u1_0.requires_password_change,
        u1_0.role,
        u1_0.updated_at,
        u1_0.username 
    from
        users u1_0 
    where
        u1_0.username=?
2025-10-16 21:31:13.723 [http-nio-8080-exec-4] TRACE org.hibernate.orm.jdbc.bind - binding parameter (1:VARCHAR) <- [Ani]
2025-10-16 21:31:13.726 [http-nio-8080-exec-4] DEBUG org.hibernate.SQL - 
    select
        u1_0.id,
        u1_0.created_at,
        u1_0.email,
        u1_0.full_name,
        u1_0.is_active,
        u1_0.organization_id,
        u1_0.password,
        u1_0.requires_password_change,
        u1_0.role,
        u1_0.updated_at,
        u1_0.username 
    from
        users u1_0 
    where
        u1_0.username=?
2025-10-16 21:31:13.726 [http-nio-8080-exec-4] TRACE org.hibernate.orm.jdbc.bind - binding parameter (1:VARCHAR) <- [Ani]
2025-10-16 21:31:13.865 [http-nio-8080-exec-4] DEBUG org.hibernate.SQL - 
    select
        u1_0.id,
        u1_0.created_at,
        u1_0.email,
        u1_0.full_name,
        u1_0.is_active,
        u1_0.organization_id,
        u1_0.password,
        u1_0.requires_password_change,
        u1_0.role,
        u1_0.updated_at,
        u1_0.username 
    from
        users u1_0 
    where
        u1_0.username=?
2025-10-16 21:31:13.866 [http-nio-8080-exec-4] TRACE org.hibernate.orm.jdbc.bind - binding parameter (1:VARCHAR) <- [Ani]
2025-10-16 21:31:13.867 [http-nio-8080-exec-4] DEBUG c.a.papms.controller.AuthController - User is BANK_ADMIN, no extra details needed.
2025-10-16 21:31:13.868 [http-nio-8080-exec-4] INFO  c.a.papms.controller.AuthController - Login successful for user: Ani. Role: BANK_ADMIN
2025-10-16 21:31:53.124 [http-nio-8080-exec-9] DEBUG org.hibernate.SQL - 
    select
        u1_0.id,
        u1_0.created_at,
        u1_0.email,
        u1_0.full_name,
        u1_0.is_active,
        u1_0.organization_id,
        u1_0.password,
        u1_0.requires_password_change,
        u1_0.role,
        u1_0.updated_at,
        u1_0.username 
    from
        users u1_0 
    where
        u1_0.username=?
2025-10-16 21:31:53.125 [http-nio-8080-exec-9] TRACE org.hibernate.orm.jdbc.bind - binding parameter (1:VARCHAR) <- [Ani]
2025-10-16 21:31:53.144 [http-nio-8080-exec-9] INFO  c.a.p.controller.DocumentController - Request to APPROVE document ID 1 for organization ID 1
2025-10-16 21:31:53.145 [http-nio-8080-exec-9] INFO  c.a.p.service.DocumentServiceImpl - Attempting to approve document ID 1 for organization ID 1
2025-10-16 21:31:53.156 [http-nio-8080-exec-9] DEBUG org.hibernate.SQL - 
    select
        d1_0.id,
        d1_0.cloudinary_public_id,
        d1_0.cloudinary_url,
        d1_0.file_name,
        d1_0.related_entity_id,
        d1_0.related_entity_type,
        d1_0.status,
        d1_0.uploaded_at 
    from
        documents d1_0 
    where
        d1_0.id=?
2025-10-16 21:31:53.156 [http-nio-8080-exec-9] TRACE org.hibernate.orm.jdbc.bind - binding parameter (1:INTEGER) <- [1]
2025-10-16 21:31:53.165 [http-nio-8080-exec-9] INFO  c.a.p.service.DocumentServiceImpl - Document 1 approved successfully.
2025-10-16 21:31:53.176 [http-nio-8080-exec-9] DEBUG org.hibernate.SQL - 
    update
        documents 
    set
        cloudinary_public_id=?,
        cloudinary_url=?,
        file_name=?,
        related_entity_id=?,
        related_entity_type=?,
        status=? 
    where
        id=?
2025-10-16 21:31:53.176 [http-nio-8080-exec-9] TRACE org.hibernate.orm.jdbc.bind - binding parameter (1:VARCHAR) <- [papms/boat/verification_docs/xzwrhnfs8d5vslefbf0u]
2025-10-16 21:31:53.176 [http-nio-8080-exec-9] TRACE org.hibernate.orm.jdbc.bind - binding parameter (2:VARCHAR) <- [https://res.cloudinary.com/dkiykjjan/image/upload/v1760630085/papms/boat/verification_docs/xzwrhnfs8d5vslefbf0u.pdf]
2025-10-16 21:31:53.176 [http-nio-8080-exec-9] TRACE org.hibernate.orm.jdbc.bind - binding parameter (3:VARCHAR) <- [invoice-1.pdf]
2025-10-16 21:31:53.177 [http-nio-8080-exec-9] TRACE org.hibernate.orm.jdbc.bind - binding parameter (4:INTEGER) <- [1]
2025-10-16 21:31:53.177 [http-nio-8080-exec-9] TRACE org.hibernate.orm.jdbc.bind - binding parameter (5:ENUM) <- [ORGANIZATION_VERIFICATION]
2025-10-16 21:31:53.177 [http-nio-8080-exec-9] TRACE org.hibernate.orm.jdbc.bind - binding parameter (6:ENUM) <- [Approved]
2025-10-16 21:31:53.177 [http-nio-8080-exec-9] TRACE org.hibernate.orm.jdbc.bind - binding parameter (7:INTEGER) <- [1]
2025-10-16 21:31:53.187 [http-nio-8080-exec-9] INFO  c.a.p.controller.DocumentController - Successfully approved document ID 1. New status: Approved
2025-10-16 21:32:01.307 [http-nio-8080-exec-10] DEBUG org.hibernate.SQL - 
    select
        u1_0.id,
        u1_0.created_at,
        u1_0.email,
        u1_0.full_name,
        u1_0.is_active,
        u1_0.organization_id,
        u1_0.password,
        u1_0.requires_password_change,
        u1_0.role,
        u1_0.updated_at,
        u1_0.username 
    from
        users u1_0 
    where
        u1_0.username=?
2025-10-16 21:32:01.307 [http-nio-8080-exec-10] TRACE org.hibernate.orm.jdbc.bind - binding parameter (1:VARCHAR) <- [Ani]
2025-10-16 21:32:01.312 [http-nio-8080-exec-10] INFO  c.a.p.controller.DocumentController - Request to APPROVE document ID 1 for organization ID 2
2025-10-16 21:32:01.312 [http-nio-8080-exec-10] INFO  c.a.p.service.DocumentServiceImpl - Attempting to approve document ID 1 for organization ID 2
2025-10-16 21:32:01.313 [http-nio-8080-exec-10] DEBUG org.hibernate.SQL - 
    select
        d1_0.id,
        d1_0.cloudinary_public_id,
        d1_0.cloudinary_url,
        d1_0.file_name,
        d1_0.related_entity_id,
        d1_0.related_entity_type,
        d1_0.status,
        d1_0.uploaded_at 
    from
        documents d1_0 
    where
        d1_0.id=?
2025-10-16 21:32:01.313 [http-nio-8080-exec-10] TRACE org.hibernate.orm.jdbc.bind - binding parameter (1:INTEGER) <- [1]
2025-10-16 21:32:01.314 [http-nio-8080-exec-10] ERROR c.a.p.service.DocumentServiceImpl - SECURITY ALERT: Attempt to access document 1 which does not belong to organization 2
2025-10-16 21:32:01.319 [http-nio-8080-exec-10] ERROR c.a.p.e.GlobalExceptionHandler - Unexpected error
java.lang.IllegalArgumentException: Access Denied: Document with ID 1 does not belong to organization with ID 2
	at com.aurionpro.papms.service.DocumentServiceImpl.validateDocumentOwnership(DocumentServiceImpl.java:64)
	at com.aurionpro.papms.service.DocumentServiceImpl.approveDocument(DocumentServiceImpl.java:26)
	at java.base/jdk.internal.reflect.NativeMethodAccessorImpl.invoke0(Native Method)
	at java.base/jdk.internal.reflect.NativeMethodAccessorImpl.invoke(NativeMethodAccessorImpl.java:77)
	at java.base/jdk.internal.reflect.DelegatingMethodAccessorImpl.invoke(DelegatingMethodAccessorImpl.java:43)
	at java.base/java.lang.reflect.Method.invoke(Method.java:568)
	at org.springframework.aop.support.AopUtils.invokeJoinpointUsingReflection(AopUtils.java:360)
	at org.springframework.aop.framework.ReflectiveMethodInvocation.invokeJoinpoint(ReflectiveMethodInvocation.java:196)
	at org.springframework.aop.framework.ReflectiveMethodInvocation.proceed(ReflectiveMethodInvocation.java:163)
	at org.springframework.transaction.interceptor.TransactionAspectSupport.invokeWithinTransaction(TransactionAspectSupport.java:380)
	at org.springframework.transaction.interceptor.TransactionInterceptor.invoke(TransactionInterceptor.java:119)
	at org.springframework.aop.framework.ReflectiveMethodInvocation.proceed(ReflectiveMethodInvocation.java:184)
	at org.springframework.aop.framework.CglibAopProxy$DynamicAdvisedInterceptor.intercept(CglibAopProxy.java:728)
	at com.aurionpro.papms.service.DocumentServiceImpl$$SpringCGLIB$$0.approveDocument(<generated>)
	at com.aurionpro.papms.controller.DocumentController.approveDocument(DocumentController.java:26)
	at java.base/jdk.internal.reflect.NativeMethodAccessorImpl.invoke0(Native Method)
	at java.base/jdk.internal.reflect.NativeMethodAccessorImpl.invoke(NativeMethodAccessorImpl.java:77)
	at java.base/jdk.internal.reflect.DelegatingMethodAccessorImpl.invoke(DelegatingMethodAccessorImpl.java:43)
	at java.base/java.lang.reflect.Method.invoke(Method.java:568)
	at org.springframework.aop.support.AopUtils.invokeJoinpointUsingReflection(AopUtils.java:360)
	at org.springframework.aop.framework.ReflectiveMethodInvocation.invokeJoinpoint(ReflectiveMethodInvocation.java:196)
	at org.springframework.aop.framework.ReflectiveMethodInvocation.proceed(ReflectiveMethodInvocation.java:163)
	at org.springframework.security.authorization.method.AuthorizationManagerBeforeMethodInterceptor.proceed(AuthorizationManagerBeforeMethodInterceptor.java:268)
	at org.springframework.security.authorization.method.AuthorizationManagerBeforeMethodInterceptor.attemptAuthorization(AuthorizationManagerBeforeMethodInterceptor.java:263)
	at org.springframework.security.authorization.method.AuthorizationManagerBeforeMethodInterceptor.invoke(AuthorizationManagerBeforeMethodInterceptor.java:196)
	at org.springframework.security.config.annotation.method.configuration.DeferringMethodInterceptor.invoke(DeferringMethodInterceptor.java:44)
	at org.springframework.aop.framework.ReflectiveMethodInvocation.proceed(ReflectiveMethodInvocation.java:184)
	at org.springframework.aop.framework.CglibAopProxy$DynamicAdvisedInterceptor.intercept(CglibAopProxy.java:728)
	at com.aurionpro.papms.controller.DocumentController$$SpringCGLIB$$0.approveDocument(<generated>)
	at java.base/jdk.internal.reflect.NativeMethodAccessorImpl.invoke0(Native Method)
	at java.base/jdk.internal.reflect.NativeMethodAccessorImpl.invoke(NativeMethodAccessorImpl.java:77)
	at java.base/jdk.internal.reflect.DelegatingMethodAccessorImpl.invoke(DelegatingMethodAccessorImpl.java:43)
	at java.base/java.lang.reflect.Method.invoke(Method.java:568)
	at org.springframework.web.method.support.InvocableHandlerMethod.doInvoke(InvocableHandlerMethod.java:258)
	at org.springframework.web.method.support.InvocableHandlerMethod.invokeForRequest(InvocableHandlerMethod.java:191)
	at org.springframework.web.servlet.mvc.method.annotation.ServletInvocableHandlerMethod.invokeAndHandle(ServletInvocableHandlerMethod.java:118)
	at org.springframework.web.servlet.mvc.method.annotation.RequestMappingHandlerAdapter.invokeHandlerMethod(RequestMappingHandlerAdapter.java:991)
	at org.springframework.web.servlet.mvc.method.annotation.RequestMappingHandlerAdapter.handleInternal(RequestMappingHandlerAdapter.java:896)
	at org.springframework.web.servlet.mvc.method.AbstractHandlerMethodAdapter.handle(AbstractHandlerMethodAdapter.java:87)
	at org.springframework.web.servlet.DispatcherServlet.doDispatch(DispatcherServlet.java:1089)
	at org.springframework.web.servlet.DispatcherServlet.doService(DispatcherServlet.java:979)
	at org.springframework.web.servlet.FrameworkServlet.processRequest(FrameworkServlet.java:1014)
	at org.springframework.web.servlet.FrameworkServlet.doPut(FrameworkServlet.java:925)
	at jakarta.servlet.http.HttpServlet.service(HttpServlet.java:593)
	at org.springframework.web.servlet.FrameworkServlet.service(FrameworkServlet.java:885)
	at jakarta.servlet.http.HttpServlet.service(HttpServlet.java:658)
	at org.apache.catalina.core.ApplicationFilterChain.internalDoFilter(ApplicationFilterChain.java:195)
	at org.apache.catalina.core.ApplicationFilterChain.doFilter(ApplicationFilterChain.java:140)
	at org.apache.tomcat.websocket.server.WsFilter.doFilter(WsFilter.java:51)
	at org.apache.catalina.core.ApplicationFilterChain.internalDoFilter(ApplicationFilterChain.java:164)
	at org.apache.catalina.core.ApplicationFilterChain.doFilter(ApplicationFilterChain.java:140)
	at org.springframework.web.filter.OncePerRequestFilter.doFilter(OncePerRequestFilter.java:110)
	at org.apache.catalina.core.ApplicationFilterChain.internalDoFilter(ApplicationFilterChain.java:164)
	at org.apache.catalina.core.ApplicationFilterChain.doFilter(ApplicationFilterChain.java:140)
	at org.springframework.web.filter.CompositeFilter$VirtualFilterChain.doFilter(CompositeFilter.java:108)
	at org.springframework.web.filter.CompositeFilter$VirtualFilterChain.doFilter(CompositeFilter.java:108)
	at org.springframework.security.web.FilterChainProxy.lambda$doFilterInternal$3(FilterChainProxy.java:231)
	at org.springframework.security.web.FilterChainProxy$VirtualFilterChain.doFilter(FilterChainProxy.java:365)
	at org.springframework.security.web.access.intercept.AuthorizationFilter.doFilter(AuthorizationFilter.java:101)
	at org.springframework.security.web.FilterChainProxy$VirtualFilterChain.doFilter(FilterChainProxy.java:374)
	at org.springframework.security.web.access.ExceptionTranslationFilter.doFilter(ExceptionTranslationFilter.java:125)
	at org.springframework.security.web.access.ExceptionTranslationFilter.doFilter(ExceptionTranslationFilter.java:119)
	at org.springframework.security.web.FilterChainProxy$VirtualFilterChain.doFilter(FilterChainProxy.java:374)
	at org.springframework.security.web.session.SessionManagementFilter.doFilter(SessionManagementFilter.java:131)
	at org.springframework.security.web.session.SessionManagementFilter.doFilter(SessionManagementFilter.java:85)
	at org.springframework.security.web.FilterChainProxy$VirtualFilterChain.doFilter(FilterChainProxy.java:374)
	at org.springframework.security.web.authentication.AnonymousAuthenticationFilter.doFilter(AnonymousAuthenticationFilter.java:100)
	at org.springframework.security.web.FilterChainProxy$VirtualFilterChain.doFilter(FilterChainProxy.java:374)
	at org.springframework.security.web.servletapi.SecurityContextHolderAwareRequestFilter.doFilter(SecurityContextHolderAwareRequestFilter.java:179)
	at org.springframework.security.web.FilterChainProxy$VirtualFilterChain.doFilter(FilterChainProxy.java:374)
	at org.springframework.security.web.savedrequest.RequestCacheAwareFilter.doFilter(RequestCacheAwareFilter.java:63)
	at org.springframework.security.web.FilterChainProxy$VirtualFilterChain.doFilter(FilterChainProxy.java:374)
	at com.aurionpro.papms.security.filter.JwtAuthFilter.doFilterInternal(JwtAuthFilter.java:71)
	at org.springframework.web.filter.OncePerRequestFilter.doFilter(OncePerRequestFilter.java:116)
	at org.springframework.security.web.FilterChainProxy$VirtualFilterChain.doFilter(FilterChainProxy.java:374)
	at org.springframework.security.web.authentication.logout.LogoutFilter.doFilter(LogoutFilter.java:107)
	at org.springframework.security.web.authentication.logout.LogoutFilter.doFilter(LogoutFilter.java:93)
	at org.springframework.security.web.FilterChainProxy$VirtualFilterChain.doFilter(FilterChainProxy.java:374)
	at org.springframework.web.filter.CorsFilter.doFilterInternal(CorsFilter.java:91)
	at org.springframework.web.filter.OncePerRequestFilter.doFilter(OncePerRequestFilter.java:116)
	at org.springframework.security.web.FilterChainProxy$VirtualFilterChain.doFilter(FilterChainProxy.java:374)
	at org.springframework.security.web.header.HeaderWriterFilter.doHeadersAfter(HeaderWriterFilter.java:90)
	at org.springframework.security.web.header.HeaderWriterFilter.doFilterInternal(HeaderWriterFilter.java:75)
	at org.springframework.web.filter.OncePerRequestFilter.doFilter(OncePerRequestFilter.java:116)
	at org.springframework.security.web.FilterChainProxy$VirtualFilterChain.doFilter(FilterChainProxy.java:374)
	at org.springframework.security.web.context.SecurityContextHolderFilter.doFilter(SecurityContextHolderFilter.java:82)
	at org.springframework.security.web.context.SecurityContextHolderFilter.doFilter(SecurityContextHolderFilter.java:69)
	at org.springframework.security.web.FilterChainProxy$VirtualFilterChain.doFilter(FilterChainProxy.java:374)
	at org.springframework.security.web.context.request.async.WebAsyncManagerIntegrationFilter.doFilterInternal(WebAsyncManagerIntegrationFilter.java:62)
	at org.springframework.web.filter.OncePerRequestFilter.doFilter(OncePerRequestFilter.java:116)
	at org.springframework.security.web.FilterChainProxy$VirtualFilterChain.doFilter(FilterChainProxy.java:374)
	at org.springframework.security.web.session.DisableEncodeUrlFilter.doFilterInternal(DisableEncodeUrlFilter.java:42)
	at org.springframework.web.filter.OncePerRequestFilter.doFilter(OncePerRequestFilter.java:116)
	at org.springframework.security.web.FilterChainProxy$VirtualFilterChain.doFilter(FilterChainProxy.java:374)
	at org.springframework.security.web.FilterChainProxy.doFilterInternal(FilterChainProxy.java:233)
	at org.springframework.security.web.FilterChainProxy.doFilter(FilterChainProxy.java:191)
	at org.springframework.web.filter.CompositeFilter$VirtualFilterChain.doFilter(CompositeFilter.java:113)
	at org.springframework.web.filter.ServletRequestPathFilter.doFilter(ServletRequestPathFilter.java:52)
	at org.springframework.web.filter.CompositeFilter$VirtualFilterChain.doFilter(CompositeFilter.java:113)
	at org.springframework.web.filter.CompositeFilter.doFilter(CompositeFilter.java:74)
	at org.springframework.security.config.annotation.web.configuration.WebSecurityConfiguration$CompositeFilterChainProxy.doFilter(WebSecurityConfiguration.java:319)
	at org.springframework.web.filter.CompositeFilter$VirtualFilterChain.doFilter(CompositeFilter.java:113)
	at org.springframework.web.servlet.handler.HandlerMappingIntrospector.lambda$createCacheFilter$4(HandlerMappingIntrospector.java:267)
	at org.springframework.web.filter.CompositeFilter$VirtualFilterChain.doFilter(CompositeFilter.java:113)
	at org.springframework.web.filter.CompositeFilter.doFilter(CompositeFilter.java:74)
	at org.springframework.security.config.annotation.web.configuration.WebMvcSecurityConfiguration$CompositeFilterChainProxy.doFilter(WebMvcSecurityConfiguration.java:240)
	at org.springframework.web.filter.DelegatingFilterProxy.invokeDelegate(DelegatingFilterProxy.java:362)
	at org.springframework.web.filter.DelegatingFilterProxy.doFilter(DelegatingFilterProxy.java:278)
	at org.apache.catalina.core.ApplicationFilterChain.internalDoFilter(ApplicationFilterChain.java:164)
	at org.apache.catalina.core.ApplicationFilterChain.doFilter(ApplicationFilterChain.java:140)
	at org.springframework.web.filter.RequestContextFilter.doFilterInternal(RequestContextFilter.java:100)
	at org.springframework.web.filter.OncePerRequestFilter.doFilter(OncePerRequestFilter.java:116)
	at org.apache.catalina.core.ApplicationFilterChain.internalDoFilter(ApplicationFilterChain.java:164)
	at org.apache.catalina.core.ApplicationFilterChain.doFilter(ApplicationFilterChain.java:140)
	at org.springframework.web.filter.FormContentFilter.doFilterInternal(FormContentFilter.java:93)
	at org.springframework.web.filter.OncePerRequestFilter.doFilter(OncePerRequestFilter.java:116)
	at org.apache.catalina.core.ApplicationFilterChain.internalDoFilter(ApplicationFilterChain.java:164)
	at org.apache.catalina.core.ApplicationFilterChain.doFilter(ApplicationFilterChain.java:140)
	at org.springframework.web.filter.CharacterEncodingFilter.doFilterInternal(CharacterEncodingFilter.java:201)
	at org.springframework.web.filter.OncePerRequestFilter.doFilter(OncePerRequestFilter.java:116)
	at org.apache.catalina.core.ApplicationFilterChain.internalDoFilter(ApplicationFilterChain.java:164)
	at org.apache.catalina.core.ApplicationFilterChain.doFilter(ApplicationFilterChain.java:140)
	at org.apache.catalina.core.StandardWrapperValve.invoke(StandardWrapperValve.java:167)
	at org.apache.catalina.core.StandardContextValve.invoke(StandardContextValve.java:90)
	at org.apache.catalina.authenticator.AuthenticatorBase.invoke(AuthenticatorBase.java:483)
	at org.apache.catalina.core.StandardHostValve.invoke(StandardHostValve.java:116)
	at org.apache.catalina.valves.ErrorReportValve.invoke(ErrorReportValve.java:93)
	at org.apache.catalina.core.StandardEngineValve.invoke(StandardEngineValve.java:74)
	at org.apache.catalina.connector.CoyoteAdapter.service(CoyoteAdapter.java:344)
	at org.apache.coyote.http11.Http11Processor.service(Http11Processor.java:398)
	at org.apache.coyote.AbstractProcessorLight.process(AbstractProcessorLight.java:63)
	at org.apache.coyote.AbstractProtocol$ConnectionHandler.process(AbstractProtocol.java:903)
	at org.apache.tomcat.util.net.NioEndpoint$SocketProcessor.doRun(NioEndpoint.java:1769)
	at org.apache.tomcat.util.net.SocketProcessorBase.run(SocketProcessorBase.java:52)
	at org.apache.tomcat.util.threads.ThreadPoolExecutor.runWorker(ThreadPoolExecutor.java:1189)
	at org.apache.tomcat.util.threads.ThreadPoolExecutor$Worker.run(ThreadPoolExecutor.java:658)
	at org.apache.tomcat.util.threads.TaskThread$WrappingRunnable.run(TaskThread.java:63)
	at java.base/java.lang.Thread.run(Thread.java:833)
2025-10-16 21:32:01.325 [http-nio-8080-exec-10] WARN  o.s.w.s.m.m.a.ExceptionHandlerExceptionResolver - Resolved [java.lang.IllegalArgumentException: Access Denied: Document with ID 1 does not belong to organization with ID 2]
2025-10-16 21:32:16.931 [http-nio-8080-exec-3] DEBUG org.hibernate.SQL - 
    select
        u1_0.id,
        u1_0.created_at,
        u1_0.email,
        u1_0.full_name,
        u1_0.is_active,
        u1_0.organization_id,
        u1_0.password,
        u1_0.requires_password_change,
        u1_0.role,
        u1_0.updated_at,
        u1_0.username 
    from
        users u1_0 
    where
        u1_0.username=?
2025-10-16 21:32:16.932 [http-nio-8080-exec-3] TRACE org.hibernate.orm.jdbc.bind - binding parameter (1:VARCHAR) <- [Ani]
2025-10-16 21:32:16.935 [http-nio-8080-exec-3] INFO  c.a.p.controller.DocumentController - Request to APPROVE document ID 2 for organization ID 1
2025-10-16 21:32:16.936 [http-nio-8080-exec-3] INFO  c.a.p.service.DocumentServiceImpl - Attempting to approve document ID 2 for organization ID 1
2025-10-16 21:32:16.937 [http-nio-8080-exec-3] DEBUG org.hibernate.SQL - 
    select
        d1_0.id,
        d1_0.cloudinary_public_id,
        d1_0.cloudinary_url,
        d1_0.file_name,
        d1_0.related_entity_id,
        d1_0.related_entity_type,
        d1_0.status,
        d1_0.uploaded_at 
    from
        documents d1_0 
    where
        d1_0.id=?
2025-10-16 21:32:16.937 [http-nio-8080-exec-3] TRACE org.hibernate.orm.jdbc.bind - binding parameter (1:INTEGER) <- [2]
2025-10-16 21:32:16.939 [http-nio-8080-exec-3] INFO  c.a.p.service.DocumentServiceImpl - Document 2 approved successfully.
2025-10-16 21:32:16.940 [http-nio-8080-exec-3] DEBUG org.hibernate.SQL - 
    update
        documents 
    set
        cloudinary_public_id=?,
        cloudinary_url=?,
        file_name=?,
        related_entity_id=?,
        related_entity_type=?,
        status=? 
    where
        id=?
2025-10-16 21:32:16.940 [http-nio-8080-exec-3] TRACE org.hibernate.orm.jdbc.bind - binding parameter (1:VARCHAR) <- [papms/boat/verification_docs/ueuf9hkxgveswkw3jpnc]
2025-10-16 21:32:16.941 [http-nio-8080-exec-3] TRACE org.hibernate.orm.jdbc.bind - binding parameter (2:VARCHAR) <- [https://res.cloudinary.com/dkiykjjan/image/upload/v1760630087/papms/boat/verification_docs/ueuf9hkxgveswkw3jpnc.pdf]
2025-10-16 21:32:16.941 [http-nio-8080-exec-3] TRACE org.hibernate.orm.jdbc.bind - binding parameter (3:VARCHAR) <- [invoice-11.pdf]
2025-10-16 21:32:16.941 [http-nio-8080-exec-3] TRACE org.hibernate.orm.jdbc.bind - binding parameter (4:INTEGER) <- [1]
2025-10-16 21:32:16.941 [http-nio-8080-exec-3] TRACE org.hibernate.orm.jdbc.bind - binding parameter (5:ENUM) <- [ORGANIZATION_VERIFICATION]
2025-10-16 21:32:16.941 [http-nio-8080-exec-3] TRACE org.hibernate.orm.jdbc.bind - binding parameter (6:ENUM) <- [Approved]
2025-10-16 21:32:16.941 [http-nio-8080-exec-3] TRACE org.hibernate.orm.jdbc.bind - binding parameter (7:INTEGER) <- [2]
2025-10-16 21:32:16.952 [http-nio-8080-exec-3] INFO  c.a.p.controller.DocumentController - Successfully approved document ID 2. New status: Approved
2025-10-16 21:32:29.532 [http-nio-8080-exec-4] DEBUG org.hibernate.SQL - 
    select
        u1_0.id,
        u1_0.created_at,
        u1_0.email,
        u1_0.full_name,
        u1_0.is_active,
        u1_0.organization_id,
        u1_0.password,
        u1_0.requires_password_change,
        u1_0.role,
        u1_0.updated_at,
        u1_0.username 
    from
        users u1_0 
    where
        u1_0.username=?
2025-10-16 21:32:29.533 [http-nio-8080-exec-4] TRACE org.hibernate.orm.jdbc.bind - binding parameter (1:VARCHAR) <- [Ani]
2025-10-16 21:32:29.540 [http-nio-8080-exec-4] INFO  c.a.p.controller.DocumentController - Request to APPROVE document ID 3 for organization ID 2
2025-10-16 21:32:29.542 [http-nio-8080-exec-4] INFO  c.a.p.service.DocumentServiceImpl - Attempting to approve document ID 3 for organization ID 2
2025-10-16 21:32:29.542 [http-nio-8080-exec-4] DEBUG org.hibernate.SQL - 
    select
        d1_0.id,
        d1_0.cloudinary_public_id,
        d1_0.cloudinary_url,
        d1_0.file_name,
        d1_0.related_entity_id,
        d1_0.related_entity_type,
        d1_0.status,
        d1_0.uploaded_at 
    from
        documents d1_0 
    where
        d1_0.id=?
2025-10-16 21:32:29.543 [http-nio-8080-exec-4] TRACE org.hibernate.orm.jdbc.bind - binding parameter (1:INTEGER) <- [3]
2025-10-16 21:32:29.545 [http-nio-8080-exec-4] INFO  c.a.p.service.DocumentServiceImpl - Document 3 approved successfully.
2025-10-16 21:32:29.546 [http-nio-8080-exec-4] DEBUG org.hibernate.SQL - 
    update
        documents 
    set
        cloudinary_public_id=?,
        cloudinary_url=?,
        file_name=?,
        related_entity_id=?,
        related_entity_type=?,
        status=? 
    where
        id=?
2025-10-16 21:32:29.546 [http-nio-8080-exec-4] TRACE org.hibernate.orm.jdbc.bind - binding parameter (1:VARCHAR) <- [papms/sony/verification_docs/m7og82q5uqdoiigs7hav]
2025-10-16 21:32:29.546 [http-nio-8080-exec-4] TRACE org.hibernate.orm.jdbc.bind - binding parameter (2:VARCHAR) <- [https://res.cloudinary.com/dkiykjjan/image/upload/v1760630377/papms/sony/verification_docs/m7og82q5uqdoiigs7hav.pdf]
2025-10-16 21:32:29.546 [http-nio-8080-exec-4] TRACE org.hibernate.orm.jdbc.bind - binding parameter (3:VARCHAR) <- [AurionproTBCapstone.pdf]
2025-10-16 21:32:29.546 [http-nio-8080-exec-4] TRACE org.hibernate.orm.jdbc.bind - binding parameter (4:INTEGER) <- [2]
2025-10-16 21:32:29.546 [http-nio-8080-exec-4] TRACE org.hibernate.orm.jdbc.bind - binding parameter (5:ENUM) <- [ORGANIZATION_VERIFICATION]
2025-10-16 21:32:29.546 [http-nio-8080-exec-4] TRACE org.hibernate.orm.jdbc.bind - binding parameter (6:ENUM) <- [Approved]
2025-10-16 21:32:29.547 [http-nio-8080-exec-4] TRACE org.hibernate.orm.jdbc.bind - binding parameter (7:INTEGER) <- [3]
2025-10-16 21:32:29.565 [http-nio-8080-exec-4] INFO  c.a.p.controller.DocumentController - Successfully approved document ID 3. New status: Approved
2025-10-16 21:32:34.908 [http-nio-8080-exec-8] DEBUG org.hibernate.SQL - 
    select
        u1_0.id,
        u1_0.created_at,
        u1_0.email,
        u1_0.full_name,
        u1_0.is_active,
        u1_0.organization_id,
        u1_0.password,
        u1_0.requires_password_change,
        u1_0.role,
        u1_0.updated_at,
        u1_0.username 
    from
        users u1_0 
    where
        u1_0.username=?
2025-10-16 21:32:34.909 [http-nio-8080-exec-8] TRACE org.hibernate.orm.jdbc.bind - binding parameter (1:VARCHAR) <- [Ani]
2025-10-16 21:32:34.913 [http-nio-8080-exec-8] INFO  c.a.p.controller.DocumentController - Request to APPROVE document ID 4 for organization ID 2
2025-10-16 21:32:34.914 [http-nio-8080-exec-8] INFO  c.a.p.service.DocumentServiceImpl - Attempting to approve document ID 4 for organization ID 2
2025-10-16 21:32:34.915 [http-nio-8080-exec-8] DEBUG org.hibernate.SQL - 
    select
        d1_0.id,
        d1_0.cloudinary_public_id,
        d1_0.cloudinary_url,
        d1_0.file_name,
        d1_0.related_entity_id,
        d1_0.related_entity_type,
        d1_0.status,
        d1_0.uploaded_at 
    from
        documents d1_0 
    where
        d1_0.id=?
2025-10-16 21:32:34.915 [http-nio-8080-exec-8] TRACE org.hibernate.orm.jdbc.bind - binding parameter (1:INTEGER) <- [4]
2025-10-16 21:32:34.917 [http-nio-8080-exec-8] INFO  c.a.p.service.DocumentServiceImpl - Document 4 approved successfully.
2025-10-16 21:32:34.918 [http-nio-8080-exec-8] DEBUG org.hibernate.SQL - 
    update
        documents 
    set
        cloudinary_public_id=?,
        cloudinary_url=?,
        file_name=?,
        related_entity_id=?,
        related_entity_type=?,
        status=? 
    where
        id=?
2025-10-16 21:32:34.918 [http-nio-8080-exec-8] TRACE org.hibernate.orm.jdbc.bind - binding parameter (1:VARCHAR) <- [papms/sony/verification_docs/jt4v6surrin5aryllyy4]
2025-10-16 21:32:34.918 [http-nio-8080-exec-8] TRACE org.hibernate.orm.jdbc.bind - binding parameter (2:VARCHAR) <- [https://res.cloudinary.com/dkiykjjan/image/upload/v1760630379/papms/sony/verification_docs/jt4v6surrin5aryllyy4.pdf]
2025-10-16 21:32:34.918 [http-nio-8080-exec-8] TRACE org.hibernate.orm.jdbc.bind - binding parameter (3:VARCHAR) <- [invoice-11.pdf]
2025-10-16 21:32:34.918 [http-nio-8080-exec-8] TRACE org.hibernate.orm.jdbc.bind - binding parameter (4:INTEGER) <- [2]
2025-10-16 21:32:34.918 [http-nio-8080-exec-8] TRACE org.hibernate.orm.jdbc.bind - binding parameter (5:ENUM) <- [ORGANIZATION_VERIFICATION]
2025-10-16 21:32:34.918 [http-nio-8080-exec-8] TRACE org.hibernate.orm.jdbc.bind - binding parameter (6:ENUM) <- [Approved]
2025-10-16 21:32:34.918 [http-nio-8080-exec-8] TRACE org.hibernate.orm.jdbc.bind - binding parameter (7:INTEGER) <- [4]
2025-10-16 21:32:34.936 [http-nio-8080-exec-8] INFO  c.a.p.controller.DocumentController - Successfully approved document ID 4. New status: Approved
2025-10-16 21:32:40.428 [http-nio-8080-exec-7] DEBUG org.hibernate.SQL - 
    select
        u1_0.id,
        u1_0.created_at,
        u1_0.email,
        u1_0.full_name,
        u1_0.is_active,
        u1_0.organization_id,
        u1_0.password,
        u1_0.requires_password_change,
        u1_0.role,
        u1_0.updated_at,
        u1_0.username 
    from
        users u1_0 
    where
        u1_0.username=?
2025-10-16 21:32:40.429 [http-nio-8080-exec-7] TRACE org.hibernate.orm.jdbc.bind - binding parameter (1:VARCHAR) <- [Ani]
2025-10-16 21:32:40.434 [http-nio-8080-exec-7] INFO  c.a.p.controller.DocumentController - Request to APPROVE document ID 5 for organization ID 2
2025-10-16 21:32:40.436 [http-nio-8080-exec-7] INFO  c.a.p.service.DocumentServiceImpl - Attempting to approve document ID 5 for organization ID 2
2025-10-16 21:32:40.436 [http-nio-8080-exec-7] DEBUG org.hibernate.SQL - 
    select
        d1_0.id,
        d1_0.cloudinary_public_id,
        d1_0.cloudinary_url,
        d1_0.file_name,
        d1_0.related_entity_id,
        d1_0.related_entity_type,
        d1_0.status,
        d1_0.uploaded_at 
    from
        documents d1_0 
    where
        d1_0.id=?
2025-10-16 21:32:40.436 [http-nio-8080-exec-7] TRACE org.hibernate.orm.jdbc.bind - binding parameter (1:INTEGER) <- [5]
2025-10-16 21:32:40.442 [http-nio-8080-exec-7] WARN  o.s.w.s.m.m.a.ExceptionHandlerExceptionResolver - Resolved [com.aurionpro.papms.exception.NotFoundException: Document not found with ID: 5]
2025-10-16 21:32:56.700 [http-nio-8080-exec-1] DEBUG org.hibernate.SQL - 
    select
        u1_0.id,
        u1_0.created_at,
        u1_0.email,
        u1_0.full_name,
        u1_0.is_active,
        u1_0.organization_id,
        u1_0.password,
        u1_0.requires_password_change,
        u1_0.role,
        u1_0.updated_at,
        u1_0.username 
    from
        users u1_0 
    where
        u1_0.username=?
2025-10-16 21:32:56.700 [http-nio-8080-exec-1] TRACE org.hibernate.orm.jdbc.bind - binding parameter (1:VARCHAR) <- [Ani]
2025-10-16 21:32:56.704 [http-nio-8080-exec-1] INFO  c.a.p.c.OrganizationController - Bank Admin request to APPROVE organization ID: 1
2025-10-16 21:32:56.705 [http-nio-8080-exec-1] DEBUG org.hibernate.SQL - 
    select
        o1_0.id,
        o1_0.address,
        o1_0.bank_assigned_account_number,
        o1_0.company_name,
        o1_0.contact_email,
        o1_0.contact_phone,
        o1_0.created_at,
        o1_0.internal_balance,
        o1_0.logo_url,
        o1_0.rejection_reason,
        o1_0.status,
        o1_0.updated_at,
        e1_0.organization_id,
        e1_0.id,
        e1_0.created_at,
        e1_0.date_of_joining,
        e1_0.department,
        e1_0.employee_code,
        e1_0.is_active,
        e1_0.job_title,
        e1_0.profile_picture_url,
        e1_0.updated_at,
        e1_0.user_id 
    from
        organizations o1_0 
    left join
        employees e1_0 
            on o1_0.id=e1_0.organization_id 
    where
        o1_0.id=?
2025-10-16 21:32:56.706 [http-nio-8080-exec-1] TRACE org.hibernate.orm.jdbc.bind - binding parameter (1:INTEGER) <- [1]
2025-10-16 21:32:56.732 [http-nio-8080-exec-1] DEBUG org.hibernate.SQL - 
    select
        u1_0.id,
        u1_0.created_at,
        u1_0.email,
        u1_0.full_name,
        u1_0.is_active,
        u1_0.organization_id,
        u1_0.password,
        u1_0.requires_password_change,
        u1_0.role,
        u1_0.updated_at,
        u1_0.username 
    from
        users u1_0 
    where
        u1_0.organization_id=? 
        and u1_0.role=?
2025-10-16 21:32:56.732 [http-nio-8080-exec-1] TRACE org.hibernate.orm.jdbc.bind - binding parameter (1:INTEGER) <- [1]
2025-10-16 21:32:56.734 [http-nio-8080-exec-1] TRACE org.hibernate.orm.jdbc.bind - binding parameter (2:ENUM) <- [ORG_ADMIN]
2025-10-16 21:32:56.738 [http-nio-8080-exec-1] DEBUG org.hibernate.SQL - 
    update
        organizations 
    set
        address=?,
        bank_assigned_account_number=?,
        company_name=?,
        contact_email=?,
        contact_phone=?,
        internal_balance=?,
        logo_url=?,
        rejection_reason=?,
        status=?,
        updated_at=? 
    where
        id=?
2025-10-16 21:32:56.739 [http-nio-8080-exec-1] TRACE org.hibernate.orm.jdbc.bind - binding parameter (1:VARCHAR) <- [string]
2025-10-16 21:32:56.739 [http-nio-8080-exec-1] TRACE org.hibernate.orm.jdbc.bind - binding parameter (2:VARCHAR) <- [null]
2025-10-16 21:32:56.739 [http-nio-8080-exec-1] TRACE org.hibernate.orm.jdbc.bind - binding parameter (3:VARCHAR) <- [boat]
2025-10-16 21:32:56.739 [http-nio-8080-exec-1] TRACE org.hibernate.orm.jdbc.bind - binding parameter (4:VARCHAR) <- [30aniketgupta@gmail.com]
2025-10-16 21:32:56.739 [http-nio-8080-exec-1] TRACE org.hibernate.orm.jdbc.bind - binding parameter (5:VARCHAR) <- [null]
2025-10-16 21:32:56.739 [http-nio-8080-exec-1] TRACE org.hibernate.orm.jdbc.bind - binding parameter (6:NUMERIC) <- [0.00]
2025-10-16 21:32:56.739 [http-nio-8080-exec-1] TRACE org.hibernate.orm.jdbc.bind - binding parameter (7:VARCHAR) <- [https://res.cloudinary.com/dkiykjjan/image/upload/v1760630083/papms/boat/logo/gerjb1bmvblbvaqtmc5u.png]
2025-10-16 21:32:56.739 [http-nio-8080-exec-1] TRACE org.hibernate.orm.jdbc.bind - binding parameter (8:VARCHAR) <- [null]
2025-10-16 21:32:56.739 [http-nio-8080-exec-1] TRACE org.hibernate.orm.jdbc.bind - binding parameter (9:ENUM) <- [ACTIVE]
2025-10-16 21:32:56.739 [http-nio-8080-exec-1] TRACE org.hibernate.orm.jdbc.bind - binding parameter (10:TIMESTAMP) <- [2025-10-16T21:32:56.738122]
2025-10-16 21:32:56.740 [http-nio-8080-exec-1] TRACE org.hibernate.orm.jdbc.bind - binding parameter (11:INTEGER) <- [1]
2025-10-16 21:32:56.741 [http-nio-8080-exec-1] DEBUG org.hibernate.SQL - 
    update
        users 
    set
        email=?,
        full_name=?,
        is_active=?,
        organization_id=?,
        password=?,
        requires_password_change=?,
        role=?,
        updated_at=?,
        username=? 
    where
        id=?
2025-10-16 21:32:56.741 [http-nio-8080-exec-1] TRACE org.hibernate.orm.jdbc.bind - binding parameter (1:VARCHAR) <- [30aniketgupta@gmail.com]
2025-10-16 21:32:56.741 [http-nio-8080-exec-1] TRACE org.hibernate.orm.jdbc.bind - binding parameter (2:VARCHAR) <- [boat]
2025-10-16 21:32:56.741 [http-nio-8080-exec-1] TRACE org.hibernate.orm.jdbc.bind - binding parameter (3:BOOLEAN) <- [true]
2025-10-16 21:32:56.741 [http-nio-8080-exec-1] TRACE org.hibernate.orm.jdbc.bind - binding parameter (4:INTEGER) <- [1]
2025-10-16 21:32:56.741 [http-nio-8080-exec-1] TRACE org.hibernate.orm.jdbc.bind - binding parameter (5:VARCHAR) <- [$2a$10$imLisTgcbN5.UgjxK30Mm.JrFjxnsqcojcjgFJKvmL3AouXncHPsC]
2025-10-16 21:32:56.741 [http-nio-8080-exec-1] TRACE org.hibernate.orm.jdbc.bind - binding parameter (6:BOOLEAN) <- [true]
2025-10-16 21:32:56.742 [http-nio-8080-exec-1] TRACE org.hibernate.orm.jdbc.bind - binding parameter (7:ENUM) <- [ORG_ADMIN]
2025-10-16 21:32:56.742 [http-nio-8080-exec-1] TRACE org.hibernate.orm.jdbc.bind - binding parameter (8:TIMESTAMP) <- [2025-10-16T21:32:56.741124]
2025-10-16 21:32:56.742 [http-nio-8080-exec-1] TRACE org.hibernate.orm.jdbc.bind - binding parameter (9:VARCHAR) <- [boat]
2025-10-16 21:32:56.742 [http-nio-8080-exec-1] TRACE org.hibernate.orm.jdbc.bind - binding parameter (10:BIGINT) <- [2]
2025-10-16 21:32:56.743 [http-nio-8080-exec-1] DEBUG org.hibernate.SQL - 
    select
        o1_0.id,
        o1_0.address,
        o1_0.bank_assigned_account_number,
        o1_0.company_name,
        o1_0.contact_email,
        o1_0.contact_phone,
        o1_0.created_at,
        o1_0.internal_balance,
        o1_0.logo_url,
        o1_0.rejection_reason,
        o1_0.status,
        o1_0.updated_at 
    from
        organizations o1_0 
    where
        o1_0.bank_assigned_account_number=?
2025-10-16 21:32:56.743 [http-nio-8080-exec-1] TRACE org.hibernate.orm.jdbc.bind - binding parameter (1:VARCHAR) <- [8022596653]
2025-10-16 21:32:56.745 [http-nio-8080-exec-1] DEBUG org.hibernate.SQL - 
    insert 
    into
        notifications
        (created_at, is_read, link, message, user_id) 
    values
        (?, ?, ?, ?, ?)
2025-10-16 21:32:56.746 [http-nio-8080-exec-1] TRACE org.hibernate.orm.jdbc.bind - binding parameter (1:TIMESTAMP) <- [2025-10-16T21:32:56.745126]
2025-10-16 21:32:56.746 [http-nio-8080-exec-1] TRACE org.hibernate.orm.jdbc.bind - binding parameter (2:BOOLEAN) <- [false]
2025-10-16 21:32:56.746 [http-nio-8080-exec-1] TRACE org.hibernate.orm.jdbc.bind - binding parameter (3:VARCHAR) <- [/dashboard]
2025-10-16 21:32:56.746 [http-nio-8080-exec-1] TRACE org.hibernate.orm.jdbc.bind - binding parameter (4:VARCHAR) <- [Welcome! Your organization, 'boat', has been approved. You can now access your dashboard.]
2025-10-16 21:32:56.746 [http-nio-8080-exec-1] TRACE org.hibernate.orm.jdbc.bind - binding parameter (5:BIGINT) <- [2]
2025-10-16 21:32:56.747 [http-nio-8080-exec-1] INFO  c.a.p.service.NotificationService - Created notification for user 'boat': Welcome! Your organization, 'boat', has been approved. You can now access your dashboard.
2025-10-16 21:32:56.747 [http-nio-8080-exec-1] INFO  c.a.papms.emails.EmailService - Preparing to send email from 'bank-email@example.com' to '30aniketgupta@gmail.com' with subject: Your Organization Registration is Approved
2025-10-16 21:33:02.264 [http-nio-8080-exec-1] INFO  c.a.papms.emails.EmailService - Email sent successfully to: 30aniketgupta@gmail.com
2025-10-16 21:33:02.265 [http-nio-8080-exec-1] DEBUG org.hibernate.SQL - 
    update
        organizations 
    set
        address=?,
        bank_assigned_account_number=?,
        company_name=?,
        contact_email=?,
        contact_phone=?,
        internal_balance=?,
        logo_url=?,
        rejection_reason=?,
        status=?,
        updated_at=? 
    where
        id=?
2025-10-16 21:33:02.265 [http-nio-8080-exec-1] TRACE org.hibernate.orm.jdbc.bind - binding parameter (1:VARCHAR) <- [string]
2025-10-16 21:33:02.265 [http-nio-8080-exec-1] TRACE org.hibernate.orm.jdbc.bind - binding parameter (2:VARCHAR) <- [8022596653]
2025-10-16 21:33:02.265 [http-nio-8080-exec-1] TRACE org.hibernate.orm.jdbc.bind - binding parameter (3:VARCHAR) <- [boat]
2025-10-16 21:33:02.265 [http-nio-8080-exec-1] TRACE org.hibernate.orm.jdbc.bind - binding parameter (4:VARCHAR) <- [30aniketgupta@gmail.com]
2025-10-16 21:33:02.265 [http-nio-8080-exec-1] TRACE org.hibernate.orm.jdbc.bind - binding parameter (5:VARCHAR) <- [null]
2025-10-16 21:33:02.265 [http-nio-8080-exec-1] TRACE org.hibernate.orm.jdbc.bind - binding parameter (6:NUMERIC) <- [0.00]
2025-10-16 21:33:02.265 [http-nio-8080-exec-1] TRACE org.hibernate.orm.jdbc.bind - binding parameter (7:VARCHAR) <- [https://res.cloudinary.com/dkiykjjan/image/upload/v1760630083/papms/boat/logo/gerjb1bmvblbvaqtmc5u.png]
2025-10-16 21:33:02.265 [http-nio-8080-exec-1] TRACE org.hibernate.orm.jdbc.bind - binding parameter (8:VARCHAR) <- [null]
2025-10-16 21:33:02.265 [http-nio-8080-exec-1] TRACE org.hibernate.orm.jdbc.bind - binding parameter (9:ENUM) <- [ACTIVE]
2025-10-16 21:33:02.265 [http-nio-8080-exec-1] TRACE org.hibernate.orm.jdbc.bind - binding parameter (10:TIMESTAMP) <- [2025-10-16T21:33:02.265313]
2025-10-16 21:33:02.266 [http-nio-8080-exec-1] TRACE org.hibernate.orm.jdbc.bind - binding parameter (11:INTEGER) <- [1]
2025-10-16 21:33:02.284 [http-nio-8080-exec-1] DEBUG org.hibernate.SQL - 
    select
        d1_0.related_entity_id,
        d1_0.id,
        d1_0.cloudinary_public_id,
        d1_0.cloudinary_url,
        d1_0.file_name,
        d1_0.related_entity_type,
        d1_0.status,
        d1_0.uploaded_at 
    from
        documents d1_0 
    where
        d1_0.related_entity_id=? 
        and (
            d1_0.related_entity_type = 'ORGANIZATION_VERIFICATION'
        )
2025-10-16 21:33:02.285 [http-nio-8080-exec-1] TRACE org.hibernate.orm.jdbc.bind - binding parameter (1:INTEGER) <- [1]
2025-10-16 21:33:02.289 [http-nio-8080-exec-1] INFO  c.a.p.c.OrganizationController - Successfully approved organization ID 1. New status: ACTIVE
2025-10-16 21:34:19.068 [http-nio-8080-exec-3] DEBUG org.hibernate.SQL - 
    select
        u1_0.id,
        u1_0.created_at,
        u1_0.email,
        u1_0.full_name,
        u1_0.is_active,
        u1_0.organization_id,
        u1_0.password,
        u1_0.requires_password_change,
        u1_0.role,
        u1_0.updated_at,
        u1_0.username 
    from
        users u1_0 
    where
        u1_0.username=?
2025-10-16 21:34:19.069 [http-nio-8080-exec-3] TRACE org.hibernate.orm.jdbc.bind - binding parameter (1:VARCHAR) <- [Ani]
2025-10-16 21:34:19.073 [http-nio-8080-exec-3] INFO  c.a.p.c.OrganizationController - Bank Admin request to APPROVE organization ID: 2
2025-10-16 21:34:19.075 [http-nio-8080-exec-3] DEBUG org.hibernate.SQL - 
    select
        o1_0.id,
        o1_0.address,
        o1_0.bank_assigned_account_number,
        o1_0.company_name,
        o1_0.contact_email,
        o1_0.contact_phone,
        o1_0.created_at,
        o1_0.internal_balance,
        o1_0.logo_url,
        o1_0.rejection_reason,
        o1_0.status,
        o1_0.updated_at,
        e1_0.organization_id,
        e1_0.id,
        e1_0.created_at,
        e1_0.date_of_joining,
        e1_0.department,
        e1_0.employee_code,
        e1_0.is_active,
        e1_0.job_title,
        e1_0.profile_picture_url,
        e1_0.updated_at,
        e1_0.user_id 
    from
        organizations o1_0 
    left join
        employees e1_0 
            on o1_0.id=e1_0.organization_id 
    where
        o1_0.id=?
2025-10-16 21:34:19.075 [http-nio-8080-exec-3] TRACE org.hibernate.orm.jdbc.bind - binding parameter (1:INTEGER) <- [2]
2025-10-16 21:34:19.078 [http-nio-8080-exec-3] DEBUG org.hibernate.SQL - 
    select
        u1_0.id,
        u1_0.created_at,
        u1_0.email,
        u1_0.full_name,
        u1_0.is_active,
        u1_0.organization_id,
        u1_0.password,
        u1_0.requires_password_change,
        u1_0.role,
        u1_0.updated_at,
        u1_0.username 
    from
        users u1_0 
    where
        u1_0.organization_id=? 
        and u1_0.role=?
2025-10-16 21:34:19.079 [http-nio-8080-exec-3] TRACE org.hibernate.orm.jdbc.bind - binding parameter (1:INTEGER) <- [2]
2025-10-16 21:34:19.079 [http-nio-8080-exec-3] TRACE org.hibernate.orm.jdbc.bind - binding parameter (2:ENUM) <- [ORG_ADMIN]
2025-10-16 21:34:19.081 [http-nio-8080-exec-3] DEBUG org.hibernate.SQL - 
    update
        organizations 
    set
        address=?,
        bank_assigned_account_number=?,
        company_name=?,
        contact_email=?,
        contact_phone=?,
        internal_balance=?,
        logo_url=?,
        rejection_reason=?,
        status=?,
        updated_at=? 
    where
        id=?
2025-10-16 21:34:19.081 [http-nio-8080-exec-3] TRACE org.hibernate.orm.jdbc.bind - binding parameter (1:VARCHAR) <- [string]
2025-10-16 21:34:19.081 [http-nio-8080-exec-3] TRACE org.hibernate.orm.jdbc.bind - binding parameter (2:VARCHAR) <- [null]
2025-10-16 21:34:19.082 [http-nio-8080-exec-3] TRACE org.hibernate.orm.jdbc.bind - binding parameter (3:VARCHAR) <- [sony]
2025-10-16 21:34:19.082 [http-nio-8080-exec-3] TRACE org.hibernate.orm.jdbc.bind - binding parameter (4:VARCHAR) <- [akin3019@gmail.com]
2025-10-16 21:34:19.082 [http-nio-8080-exec-3] TRACE org.hibernate.orm.jdbc.bind - binding parameter (5:VARCHAR) <- [null]
2025-10-16 21:34:19.082 [http-nio-8080-exec-3] TRACE org.hibernate.orm.jdbc.bind - binding parameter (6:NUMERIC) <- [0.00]
2025-10-16 21:34:19.082 [http-nio-8080-exec-3] TRACE org.hibernate.orm.jdbc.bind - binding parameter (7:VARCHAR) <- [null]
2025-10-16 21:34:19.082 [http-nio-8080-exec-3] TRACE org.hibernate.orm.jdbc.bind - binding parameter (8:VARCHAR) <- [null]
2025-10-16 21:34:19.082 [http-nio-8080-exec-3] TRACE org.hibernate.orm.jdbc.bind - binding parameter (9:ENUM) <- [ACTIVE]
2025-10-16 21:34:19.082 [http-nio-8080-exec-3] TRACE org.hibernate.orm.jdbc.bind - binding parameter (10:TIMESTAMP) <- [2025-10-16T21:34:19.081693]
2025-10-16 21:34:19.082 [http-nio-8080-exec-3] TRACE org.hibernate.orm.jdbc.bind - binding parameter (11:INTEGER) <- [2]
2025-10-16 21:34:19.083 [http-nio-8080-exec-3] DEBUG org.hibernate.SQL - 
    update
        users 
    set
        email=?,
        full_name=?,
        is_active=?,
        organization_id=?,
        password=?,
        requires_password_change=?,
        role=?,
        updated_at=?,
        username=? 
    where
        id=?
2025-10-16 21:34:19.083 [http-nio-8080-exec-3] TRACE org.hibernate.orm.jdbc.bind - binding parameter (1:VARCHAR) <- [akin3019@gmail.com]
2025-10-16 21:34:19.083 [http-nio-8080-exec-3] TRACE org.hibernate.orm.jdbc.bind - binding parameter (2:VARCHAR) <- [sony]
2025-10-16 21:34:19.083 [http-nio-8080-exec-3] TRACE org.hibernate.orm.jdbc.bind - binding parameter (3:BOOLEAN) <- [true]
2025-10-16 21:34:19.083 [http-nio-8080-exec-3] TRACE org.hibernate.orm.jdbc.bind - binding parameter (4:INTEGER) <- [2]
2025-10-16 21:34:19.083 [http-nio-8080-exec-3] TRACE org.hibernate.orm.jdbc.bind - binding parameter (5:VARCHAR) <- [$2a$10$mid/owGHYl74SCRYGG3b8e8j5d392m2qFeKjPdQFbnrnYrnpBG60q]
2025-10-16 21:34:19.083 [http-nio-8080-exec-3] TRACE org.hibernate.orm.jdbc.bind - binding parameter (6:BOOLEAN) <- [true]
2025-10-16 21:34:19.083 [http-nio-8080-exec-3] TRACE org.hibernate.orm.jdbc.bind - binding parameter (7:ENUM) <- [ORG_ADMIN]
2025-10-16 21:34:19.083 [http-nio-8080-exec-3] TRACE org.hibernate.orm.jdbc.bind - binding parameter (8:TIMESTAMP) <- [2025-10-16T21:34:19.083262]
2025-10-16 21:34:19.083 [http-nio-8080-exec-3] TRACE org.hibernate.orm.jdbc.bind - binding parameter (9:VARCHAR) <- [sony]
2025-10-16 21:34:19.083 [http-nio-8080-exec-3] TRACE org.hibernate.orm.jdbc.bind - binding parameter (10:BIGINT) <- [3]
2025-10-16 21:34:19.084 [http-nio-8080-exec-3] DEBUG org.hibernate.SQL - 
    select
        o1_0.id,
        o1_0.address,
        o1_0.bank_assigned_account_number,
        o1_0.company_name,
        o1_0.contact_email,
        o1_0.contact_phone,
        o1_0.created_at,
        o1_0.internal_balance,
        o1_0.logo_url,
        o1_0.rejection_reason,
        o1_0.status,
        o1_0.updated_at 
    from
        organizations o1_0 
    where
        o1_0.bank_assigned_account_number=?
2025-10-16 21:34:19.084 [http-nio-8080-exec-3] TRACE org.hibernate.orm.jdbc.bind - binding parameter (1:VARCHAR) <- [4494249917]
2025-10-16 21:34:19.086 [http-nio-8080-exec-3] DEBUG org.hibernate.SQL - 
    insert 
    into
        notifications
        (created_at, is_read, link, message, user_id) 
    values
        (?, ?, ?, ?, ?)
2025-10-16 21:34:19.087 [http-nio-8080-exec-3] TRACE org.hibernate.orm.jdbc.bind - binding parameter (1:TIMESTAMP) <- [2025-10-16T21:34:19.086851]
2025-10-16 21:34:19.087 [http-nio-8080-exec-3] TRACE org.hibernate.orm.jdbc.bind - binding parameter (2:BOOLEAN) <- [false]
2025-10-16 21:34:19.087 [http-nio-8080-exec-3] TRACE org.hibernate.orm.jdbc.bind - binding parameter (3:VARCHAR) <- [/dashboard]
2025-10-16 21:34:19.087 [http-nio-8080-exec-3] TRACE org.hibernate.orm.jdbc.bind - binding parameter (4:VARCHAR) <- [Welcome! Your organization, 'sony', has been approved. You can now access your dashboard.]
2025-10-16 21:34:19.087 [http-nio-8080-exec-3] TRACE org.hibernate.orm.jdbc.bind - binding parameter (5:BIGINT) <- [3]
2025-10-16 21:34:19.088 [http-nio-8080-exec-3] INFO  c.a.p.service.NotificationService - Created notification for user 'sony': Welcome! Your organization, 'sony', has been approved. You can now access your dashboard.
2025-10-16 21:34:19.088 [http-nio-8080-exec-3] INFO  c.a.papms.emails.EmailService - Preparing to send email from 'bank-email@example.com' to 'akin3019@gmail.com' with subject: Your Organization Registration is Approved
2025-10-16 21:34:24.759 [http-nio-8080-exec-3] INFO  c.a.papms.emails.EmailService - Email sent successfully to: akin3019@gmail.com
2025-10-16 21:34:24.761 [http-nio-8080-exec-3] DEBUG org.hibernate.SQL - 
    update
        organizations 
    set
        address=?,
        bank_assigned_account_number=?,
        company_name=?,
        contact_email=?,
        contact_phone=?,
        internal_balance=?,
        logo_url=?,
        rejection_reason=?,
        status=?,
        updated_at=? 
    where
        id=?
2025-10-16 21:34:24.761 [http-nio-8080-exec-3] TRACE org.hibernate.orm.jdbc.bind - binding parameter (1:VARCHAR) <- [string]
2025-10-16 21:34:24.761 [http-nio-8080-exec-3] TRACE org.hibernate.orm.jdbc.bind - binding parameter (2:VARCHAR) <- [4494249917]
2025-10-16 21:34:24.761 [http-nio-8080-exec-3] TRACE org.hibernate.orm.jdbc.bind - binding parameter (3:VARCHAR) <- [sony]
2025-10-16 21:34:24.761 [http-nio-8080-exec-3] TRACE org.hibernate.orm.jdbc.bind - binding parameter (4:VARCHAR) <- [akin3019@gmail.com]
2025-10-16 21:34:24.761 [http-nio-8080-exec-3] TRACE org.hibernate.orm.jdbc.bind - binding parameter (5:VARCHAR) <- [null]
2025-10-16 21:34:24.761 [http-nio-8080-exec-3] TRACE org.hibernate.orm.jdbc.bind - binding parameter (6:NUMERIC) <- [0.00]
2025-10-16 21:34:24.761 [http-nio-8080-exec-3] TRACE org.hibernate.orm.jdbc.bind - binding parameter (7:VARCHAR) <- [null]
2025-10-16 21:34:24.761 [http-nio-8080-exec-3] TRACE org.hibernate.orm.jdbc.bind - binding parameter (8:VARCHAR) <- [null]
2025-10-16 21:34:24.761 [http-nio-8080-exec-3] TRACE org.hibernate.orm.jdbc.bind - binding parameter (9:ENUM) <- [ACTIVE]
2025-10-16 21:34:24.761 [http-nio-8080-exec-3] TRACE org.hibernate.orm.jdbc.bind - binding parameter (10:TIMESTAMP) <- [2025-10-16T21:34:24.760420]
2025-10-16 21:34:24.761 [http-nio-8080-exec-3] TRACE org.hibernate.orm.jdbc.bind - binding parameter (11:INTEGER) <- [2]
2025-10-16 21:34:24.772 [http-nio-8080-exec-3] DEBUG org.hibernate.SQL - 
    select
        d1_0.related_entity_id,
        d1_0.id,
        d1_0.cloudinary_public_id,
        d1_0.cloudinary_url,
        d1_0.file_name,
        d1_0.related_entity_type,
        d1_0.status,
        d1_0.uploaded_at 
    from
        documents d1_0 
    where
        d1_0.related_entity_id=? 
        and (
            d1_0.related_entity_type = 'ORGANIZATION_VERIFICATION'
        )
2025-10-16 21:34:24.773 [http-nio-8080-exec-3] TRACE org.hibernate.orm.jdbc.bind - binding parameter (1:INTEGER) <- [2]
2025-10-16 21:34:24.774 [http-nio-8080-exec-3] INFO  c.a.p.c.OrganizationController - Successfully approved organization ID 2. New status: ACTIVE
2025-10-16 22:20:04.570 [http-nio-8080-exec-3] DEBUG org.hibernate.SQL - 
    select
        u1_0.id,
        u1_0.created_at,
        u1_0.email,
        u1_0.full_name,
        u1_0.is_active,
        u1_0.organization_id,
        u1_0.password,
        u1_0.requires_password_change,
        u1_0.role,
        u1_0.updated_at,
        u1_0.username 
    from
        users u1_0 
    where
        u1_0.username=?
2025-10-16 22:20:04.573 [http-nio-8080-exec-3] TRACE org.hibernate.orm.jdbc.bind - binding parameter (1:VARCHAR) <- [Ani]
2025-10-16 22:20:04.595 [http-nio-8080-exec-3] INFO  c.a.papms.controller.AuthController - Login attempt for user: Ani
2025-10-16 22:20:04.597 [http-nio-8080-exec-3] DEBUG org.hibernate.SQL - 
    select
        u1_0.id,
        u1_0.created_at,
        u1_0.email,
        u1_0.full_name,
        u1_0.is_active,
        u1_0.organization_id,
        u1_0.password,
        u1_0.requires_password_change,
        u1_0.role,
        u1_0.updated_at,
        u1_0.username 
    from
        users u1_0 
    where
        u1_0.username=?
2025-10-16 22:20:04.598 [http-nio-8080-exec-3] TRACE org.hibernate.orm.jdbc.bind - binding parameter (1:VARCHAR) <- [Ani]
2025-10-16 22:20:04.730 [http-nio-8080-exec-3] INFO  c.a.papms.controller.AuthController - User Ani authenticated successfully.
2025-10-16 22:20:04.731 [http-nio-8080-exec-3] DEBUG org.hibernate.SQL - 
    select
        u1_0.id,
        u1_0.created_at,
        u1_0.email,
        u1_0.full_name,
        u1_0.is_active,
        u1_0.organization_id,
        u1_0.password,
        u1_0.requires_password_change,
        u1_0.role,
        u1_0.updated_at,
        u1_0.username 
    from
        users u1_0 
    where
        u1_0.username=?
2025-10-16 22:20:04.732 [http-nio-8080-exec-3] TRACE org.hibernate.orm.jdbc.bind - binding parameter (1:VARCHAR) <- [Ani]
2025-10-16 22:20:04.735 [http-nio-8080-exec-3] DEBUG org.hibernate.SQL - 
    select
        u1_0.id,
        u1_0.created_at,
        u1_0.email,
        u1_0.full_name,
        u1_0.is_active,
        u1_0.organization_id,
        u1_0.password,
        u1_0.requires_password_change,
        u1_0.role,
        u1_0.updated_at,
        u1_0.username 
    from
        users u1_0 
    where
        u1_0.username=?
2025-10-16 22:20:04.735 [http-nio-8080-exec-3] TRACE org.hibernate.orm.jdbc.bind - binding parameter (1:VARCHAR) <- [Ani]
2025-10-16 22:20:04.741 [http-nio-8080-exec-3] DEBUG org.hibernate.SQL - 
    select
        u1_0.id,
        u1_0.created_at,
        u1_0.email,
        u1_0.full_name,
        u1_0.is_active,
        u1_0.organization_id,
        u1_0.password,
        u1_0.requires_password_change,
        u1_0.role,
        u1_0.updated_at,
        u1_0.username 
    from
        users u1_0 
    where
        u1_0.username=?
2025-10-16 22:20:04.741 [http-nio-8080-exec-3] TRACE org.hibernate.orm.jdbc.bind - binding parameter (1:VARCHAR) <- [Ani]
2025-10-16 22:20:04.744 [http-nio-8080-exec-3] DEBUG c.a.papms.controller.AuthController - User is BANK_ADMIN, no extra details needed.
2025-10-16 22:20:04.744 [http-nio-8080-exec-3] INFO  c.a.papms.controller.AuthController - Login successful for user: Ani. Role: BANK_ADMIN
2025-10-16 22:20:44.772 [http-nio-8080-exec-7] INFO  c.a.papms.controller.AuthController - Login attempt for user: Ani
2025-10-16 22:20:44.773 [http-nio-8080-exec-7] DEBUG org.hibernate.SQL - 
    select
        u1_0.id,
        u1_0.created_at,
        u1_0.email,
        u1_0.full_name,
        u1_0.is_active,
        u1_0.organization_id,
        u1_0.password,
        u1_0.requires_password_change,
        u1_0.role,
        u1_0.updated_at,
        u1_0.username 
    from
        users u1_0 
    where
        u1_0.username=?
2025-10-16 22:20:44.774 [http-nio-8080-exec-7] TRACE org.hibernate.orm.jdbc.bind - binding parameter (1:VARCHAR) <- [Ani]
2025-10-16 22:20:44.917 [http-nio-8080-exec-7] INFO  c.a.papms.controller.AuthController - User Ani authenticated successfully.
2025-10-16 22:20:44.919 [http-nio-8080-exec-7] DEBUG org.hibernate.SQL - 
    select
        u1_0.id,
        u1_0.created_at,
        u1_0.email,
        u1_0.full_name,
        u1_0.is_active,
        u1_0.organization_id,
        u1_0.password,
        u1_0.requires_password_change,
        u1_0.role,
        u1_0.updated_at,
        u1_0.username 
    from
        users u1_0 
    where
        u1_0.username=?
2025-10-16 22:20:44.919 [http-nio-8080-exec-7] TRACE org.hibernate.orm.jdbc.bind - binding parameter (1:VARCHAR) <- [Ani]
2025-10-16 22:20:44.922 [http-nio-8080-exec-7] DEBUG org.hibernate.SQL - 
    select
        u1_0.id,
        u1_0.created_at,
        u1_0.email,
        u1_0.full_name,
        u1_0.is_active,
        u1_0.organization_id,
        u1_0.password,
        u1_0.requires_password_change,
        u1_0.role,
        u1_0.updated_at,
        u1_0.username 
    from
        users u1_0 
    where
        u1_0.username=?
2025-10-16 22:20:44.923 [http-nio-8080-exec-7] TRACE org.hibernate.orm.jdbc.bind - binding parameter (1:VARCHAR) <- [Ani]
2025-10-16 22:20:44.926 [http-nio-8080-exec-7] DEBUG org.hibernate.SQL - 
    select
        u1_0.id,
        u1_0.created_at,
        u1_0.email,
        u1_0.full_name,
        u1_0.is_active,
        u1_0.organization_id,
        u1_0.password,
        u1_0.requires_password_change,
        u1_0.role,
        u1_0.updated_at,
        u1_0.username 
    from
        users u1_0 
    where
        u1_0.username=?
2025-10-16 22:20:44.927 [http-nio-8080-exec-7] TRACE org.hibernate.orm.jdbc.bind - binding parameter (1:VARCHAR) <- [Ani]
2025-10-16 22:20:44.928 [http-nio-8080-exec-7] DEBUG c.a.papms.controller.AuthController - User is BANK_ADMIN, no extra details needed.
2025-10-16 22:20:44.928 [http-nio-8080-exec-7] INFO  c.a.papms.controller.AuthController - Login successful for user: Ani. Role: BANK_ADMIN
2025-10-16 22:22:12.297 [http-nio-8080-exec-6] INFO  c.a.papms.controller.AuthController - Login attempt for user: Ani
2025-10-16 22:22:12.298 [http-nio-8080-exec-6] DEBUG org.hibernate.SQL - 
    select
        u1_0.id,
        u1_0.created_at,
        u1_0.email,
        u1_0.full_name,
        u1_0.is_active,
        u1_0.organization_id,
        u1_0.password,
        u1_0.requires_password_change,
        u1_0.role,
        u1_0.updated_at,
        u1_0.username 
    from
        users u1_0 
    where
        u1_0.username=?
2025-10-16 22:22:12.299 [http-nio-8080-exec-6] TRACE org.hibernate.orm.jdbc.bind - binding parameter (1:VARCHAR) <- [Ani]
2025-10-16 22:22:12.436 [http-nio-8080-exec-6] INFO  c.a.papms.controller.AuthController - User Ani authenticated successfully.
2025-10-16 22:22:12.438 [http-nio-8080-exec-6] DEBUG org.hibernate.SQL - 
    select
        u1_0.id,
        u1_0.created_at,
        u1_0.email,
        u1_0.full_name,
        u1_0.is_active,
        u1_0.organization_id,
        u1_0.password,
        u1_0.requires_password_change,
        u1_0.role,
        u1_0.updated_at,
        u1_0.username 
    from
        users u1_0 
    where
        u1_0.username=?
2025-10-16 22:22:12.438 [http-nio-8080-exec-6] TRACE org.hibernate.orm.jdbc.bind - binding parameter (1:VARCHAR) <- [Ani]
2025-10-16 22:22:12.441 [http-nio-8080-exec-6] DEBUG org.hibernate.SQL - 
    select
        u1_0.id,
        u1_0.created_at,
        u1_0.email,
        u1_0.full_name,
        u1_0.is_active,
        u1_0.organization_id,
        u1_0.password,
        u1_0.requires_password_change,
        u1_0.role,
        u1_0.updated_at,
        u1_0.username 
    from
        users u1_0 
    where
        u1_0.username=?
2025-10-16 22:22:12.441 [http-nio-8080-exec-6] TRACE org.hibernate.orm.jdbc.bind - binding parameter (1:VARCHAR) <- [Ani]
2025-10-16 22:22:12.445 [http-nio-8080-exec-6] DEBUG org.hibernate.SQL - 
    select
        u1_0.id,
        u1_0.created_at,
        u1_0.email,
        u1_0.full_name,
        u1_0.is_active,
        u1_0.organization_id,
        u1_0.password,
        u1_0.requires_password_change,
        u1_0.role,
        u1_0.updated_at,
        u1_0.username 
    from
        users u1_0 
    where
        u1_0.username=?
2025-10-16 22:22:12.446 [http-nio-8080-exec-6] TRACE org.hibernate.orm.jdbc.bind - binding parameter (1:VARCHAR) <- [Ani]
2025-10-16 22:22:12.448 [http-nio-8080-exec-6] DEBUG c.a.papms.controller.AuthController - User is BANK_ADMIN, no extra details needed.
2025-10-16 22:22:12.448 [http-nio-8080-exec-6] INFO  c.a.papms.controller.AuthController - Login successful for user: Ani. Role: BANK_ADMIN
2025-10-16 22:23:12.285 [http-nio-8080-exec-7] INFO  c.a.papms.controller.AuthController - Login attempt for user: Ani
2025-10-16 22:23:12.288 [http-nio-8080-exec-7] DEBUG org.hibernate.SQL - 
    select
        u1_0.id,
        u1_0.created_at,
        u1_0.email,
        u1_0.full_name,
        u1_0.is_active,
        u1_0.organization_id,
        u1_0.password,
        u1_0.requires_password_change,
        u1_0.role,
        u1_0.updated_at,
        u1_0.username 
    from
        users u1_0 
    where
        u1_0.username=?
2025-10-16 22:23:12.289 [http-nio-8080-exec-7] TRACE org.hibernate.orm.jdbc.bind - binding parameter (1:VARCHAR) <- [Ani]
2025-10-16 22:23:12.431 [http-nio-8080-exec-7] INFO  c.a.papms.controller.AuthController - User Ani authenticated successfully.
2025-10-16 22:23:12.433 [http-nio-8080-exec-7] DEBUG org.hibernate.SQL - 
    select
        u1_0.id,
        u1_0.created_at,
        u1_0.email,
        u1_0.full_name,
        u1_0.is_active,
        u1_0.organization_id,
        u1_0.password,
        u1_0.requires_password_change,
        u1_0.role,
        u1_0.updated_at,
        u1_0.username 
    from
        users u1_0 
    where
        u1_0.username=?
2025-10-16 22:23:12.434 [http-nio-8080-exec-7] TRACE org.hibernate.orm.jdbc.bind - binding parameter (1:VARCHAR) <- [Ani]
2025-10-16 22:23:12.436 [http-nio-8080-exec-7] DEBUG org.hibernate.SQL - 
    select
        u1_0.id,
        u1_0.created_at,
        u1_0.email,
        u1_0.full_name,
        u1_0.is_active,
        u1_0.organization_id,
        u1_0.password,
        u1_0.requires_password_change,
        u1_0.role,
        u1_0.updated_at,
        u1_0.username 
    from
        users u1_0 
    where
        u1_0.username=?
2025-10-16 22:23:12.438 [http-nio-8080-exec-7] TRACE org.hibernate.orm.jdbc.bind - binding parameter (1:VARCHAR) <- [Ani]
2025-10-16 22:23:12.441 [http-nio-8080-exec-7] DEBUG org.hibernate.SQL - 
    select
        u1_0.id,
        u1_0.created_at,
        u1_0.email,
        u1_0.full_name,
        u1_0.is_active,
        u1_0.organization_id,
        u1_0.password,
        u1_0.requires_password_change,
        u1_0.role,
        u1_0.updated_at,
        u1_0.username 
    from
        users u1_0 
    where
        u1_0.username=?
2025-10-16 22:23:12.441 [http-nio-8080-exec-7] TRACE org.hibernate.orm.jdbc.bind - binding parameter (1:VARCHAR) <- [Ani]
2025-10-16 22:23:12.444 [http-nio-8080-exec-7] DEBUG c.a.papms.controller.AuthController - User is BANK_ADMIN, no extra details needed.
2025-10-16 22:23:12.444 [http-nio-8080-exec-7] INFO  c.a.papms.controller.AuthController - Login successful for user: Ani. Role: BANK_ADMIN
2025-10-16 22:26:55.016 [http-nio-8080-exec-2] INFO  c.a.papms.controller.AuthController - Login attempt for user: Ani
2025-10-16 22:26:55.017 [http-nio-8080-exec-2] DEBUG org.hibernate.SQL - 
    select
        u1_0.id,
        u1_0.created_at,
        u1_0.email,
        u1_0.full_name,
        u1_0.is_active,
        u1_0.organization_id,
        u1_0.password,
        u1_0.requires_password_change,
        u1_0.role,
        u1_0.updated_at,
        u1_0.username 
    from
        users u1_0 
    where
        u1_0.username=?
2025-10-16 22:26:55.018 [http-nio-8080-exec-2] TRACE org.hibernate.orm.jdbc.bind - binding parameter (1:VARCHAR) <- [Ani]
2025-10-16 22:26:55.144 [http-nio-8080-exec-2] INFO  c.a.papms.controller.AuthController - User Ani authenticated successfully.
2025-10-16 22:26:55.146 [http-nio-8080-exec-2] DEBUG org.hibernate.SQL - 
    select
        u1_0.id,
        u1_0.created_at,
        u1_0.email,
        u1_0.full_name,
        u1_0.is_active,
        u1_0.organization_id,
        u1_0.password,
        u1_0.requires_password_change,
        u1_0.role,
        u1_0.updated_at,
        u1_0.username 
    from
        users u1_0 
    where
        u1_0.username=?
2025-10-16 22:26:55.146 [http-nio-8080-exec-2] TRACE org.hibernate.orm.jdbc.bind - binding parameter (1:VARCHAR) <- [Ani]
2025-10-16 22:26:55.149 [http-nio-8080-exec-2] DEBUG org.hibernate.SQL - 
    select
        u1_0.id,
        u1_0.created_at,
        u1_0.email,
        u1_0.full_name,
        u1_0.is_active,
        u1_0.organization_id,
        u1_0.password,
        u1_0.requires_password_change,
        u1_0.role,
        u1_0.updated_at,
        u1_0.username 
    from
        users u1_0 
    where
        u1_0.username=?
2025-10-16 22:26:55.149 [http-nio-8080-exec-2] TRACE org.hibernate.orm.jdbc.bind - binding parameter (1:VARCHAR) <- [Ani]
2025-10-16 22:26:55.154 [http-nio-8080-exec-2] DEBUG org.hibernate.SQL - 
    select
        u1_0.id,
        u1_0.created_at,
        u1_0.email,
        u1_0.full_name,
        u1_0.is_active,
        u1_0.organization_id,
        u1_0.password,
        u1_0.requires_password_change,
        u1_0.role,
        u1_0.updated_at,
        u1_0.username 
    from
        users u1_0 
    where
        u1_0.username=?
2025-10-16 22:26:55.154 [http-nio-8080-exec-2] TRACE org.hibernate.orm.jdbc.bind - binding parameter (1:VARCHAR) <- [Ani]
2025-10-16 22:26:55.156 [http-nio-8080-exec-2] DEBUG c.a.papms.controller.AuthController - User is BANK_ADMIN, no extra details needed.
2025-10-16 22:26:55.156 [http-nio-8080-exec-2] INFO  c.a.papms.controller.AuthController - Login successful for user: Ani. Role: BANK_ADMIN
2025-10-16 22:26:57.233 [http-nio-8080-exec-3] INFO  c.a.papms.controller.AuthController - Login attempt for user: Ani
2025-10-16 22:26:57.235 [http-nio-8080-exec-3] DEBUG org.hibernate.SQL - 
    select
        u1_0.id,
        u1_0.created_at,
        u1_0.email,
        u1_0.full_name,
        u1_0.is_active,
        u1_0.organization_id,
        u1_0.password,
        u1_0.requires_password_change,
        u1_0.role,
        u1_0.updated_at,
        u1_0.username 
    from
        users u1_0 
    where
        u1_0.username=?
2025-10-16 22:26:57.236 [http-nio-8080-exec-3] TRACE org.hibernate.orm.jdbc.bind - binding parameter (1:VARCHAR) <- [Ani]
2025-10-16 22:26:57.382 [http-nio-8080-exec-3] INFO  c.a.papms.controller.AuthController - User Ani authenticated successfully.
2025-10-16 22:26:57.383 [http-nio-8080-exec-3] DEBUG org.hibernate.SQL - 
    select
        u1_0.id,
        u1_0.created_at,
        u1_0.email,
        u1_0.full_name,
        u1_0.is_active,
        u1_0.organization_id,
        u1_0.password,
        u1_0.requires_password_change,
        u1_0.role,
        u1_0.updated_at,
        u1_0.username 
    from
        users u1_0 
    where
        u1_0.username=?
2025-10-16 22:26:57.383 [http-nio-8080-exec-3] TRACE org.hibernate.orm.jdbc.bind - binding parameter (1:VARCHAR) <- [Ani]
2025-10-16 22:26:57.386 [http-nio-8080-exec-3] DEBUG org.hibernate.SQL - 
    select
        u1_0.id,
        u1_0.created_at,
        u1_0.email,
        u1_0.full_name,
        u1_0.is_active,
        u1_0.organization_id,
        u1_0.password,
        u1_0.requires_password_change,
        u1_0.role,
        u1_0.updated_at,
        u1_0.username 
    from
        users u1_0 
    where
        u1_0.username=?
2025-10-16 22:26:57.387 [http-nio-8080-exec-3] TRACE org.hibernate.orm.jdbc.bind - binding parameter (1:VARCHAR) <- [Ani]
2025-10-16 22:26:57.389 [http-nio-8080-exec-3] DEBUG org.hibernate.SQL - 
    select
        u1_0.id,
        u1_0.created_at,
        u1_0.email,
        u1_0.full_name,
        u1_0.is_active,
        u1_0.organization_id,
        u1_0.password,
        u1_0.requires_password_change,
        u1_0.role,
        u1_0.updated_at,
        u1_0.username 
    from
        users u1_0 
    where
        u1_0.username=?
2025-10-16 22:26:57.390 [http-nio-8080-exec-3] TRACE org.hibernate.orm.jdbc.bind - binding parameter (1:VARCHAR) <- [Ani]
2025-10-16 22:26:57.390 [http-nio-8080-exec-3] DEBUG c.a.papms.controller.AuthController - User is BANK_ADMIN, no extra details needed.
2025-10-16 22:26:57.390 [http-nio-8080-exec-3] INFO  c.a.papms.controller.AuthController - Login successful for user: Ani. Role: BANK_ADMIN
2025-10-16 22:26:58.526 [http-nio-8080-exec-5] INFO  c.a.papms.controller.AuthController - Login attempt for user: Ani
2025-10-16 22:26:58.528 [http-nio-8080-exec-5] DEBUG org.hibernate.SQL - 
    select
        u1_0.id,
        u1_0.created_at,
        u1_0.email,
        u1_0.full_name,
        u1_0.is_active,
        u1_0.organization_id,
        u1_0.password,
        u1_0.requires_password_change,
        u1_0.role,
        u1_0.updated_at,
        u1_0.username 
    from
        users u1_0 
    where
        u1_0.username=?
2025-10-16 22:26:58.529 [http-nio-8080-exec-5] TRACE org.hibernate.orm.jdbc.bind - binding parameter (1:VARCHAR) <- [Ani]
2025-10-16 22:26:58.666 [http-nio-8080-exec-5] INFO  c.a.papms.controller.AuthController - User Ani authenticated successfully.
2025-10-16 22:26:58.668 [http-nio-8080-exec-5] DEBUG org.hibernate.SQL - 
    select
        u1_0.id,
        u1_0.created_at,
        u1_0.email,
        u1_0.full_name,
        u1_0.is_active,
        u1_0.organization_id,
        u1_0.password,
        u1_0.requires_password_change,
        u1_0.role,
        u1_0.updated_at,
        u1_0.username 
    from
        users u1_0 
    where
        u1_0.username=?
2025-10-16 22:26:58.668 [http-nio-8080-exec-5] TRACE org.hibernate.orm.jdbc.bind - binding parameter (1:VARCHAR) <- [Ani]
2025-10-16 22:26:58.672 [http-nio-8080-exec-5] DEBUG org.hibernate.SQL - 
    select
        u1_0.id,
        u1_0.created_at,
        u1_0.email,
        u1_0.full_name,
        u1_0.is_active,
        u1_0.organization_id,
        u1_0.password,
        u1_0.requires_password_change,
        u1_0.role,
        u1_0.updated_at,
        u1_0.username 
    from
        users u1_0 
    where
        u1_0.username=?
2025-10-16 22:26:58.672 [http-nio-8080-exec-5] TRACE org.hibernate.orm.jdbc.bind - binding parameter (1:VARCHAR) <- [Ani]
2025-10-16 22:26:58.676 [http-nio-8080-exec-5] DEBUG org.hibernate.SQL - 
    select
        u1_0.id,
        u1_0.created_at,
        u1_0.email,
        u1_0.full_name,
        u1_0.is_active,
        u1_0.organization_id,
        u1_0.password,
        u1_0.requires_password_change,
        u1_0.role,
        u1_0.updated_at,
        u1_0.username 
    from
        users u1_0 
    where
        u1_0.username=?
2025-10-16 22:26:58.676 [http-nio-8080-exec-5] TRACE org.hibernate.orm.jdbc.bind - binding parameter (1:VARCHAR) <- [Ani]
2025-10-16 22:26:58.678 [http-nio-8080-exec-5] DEBUG c.a.papms.controller.AuthController - User is BANK_ADMIN, no extra details needed.
2025-10-16 22:26:58.678 [http-nio-8080-exec-5] INFO  c.a.papms.controller.AuthController - Login successful for user: Ani. Role: BANK_ADMIN
2025-10-16 22:26:58.703 [http-nio-8080-exec-6] INFO  c.a.papms.controller.AuthController - Login attempt for user: Ani
2025-10-16 22:26:58.704 [http-nio-8080-exec-6] DEBUG org.hibernate.SQL - 
    select
        u1_0.id,
        u1_0.created_at,
        u1_0.email,
        u1_0.full_name,
        u1_0.is_active,
        u1_0.organization_id,
        u1_0.password,
        u1_0.requires_password_change,
        u1_0.role,
        u1_0.updated_at,
        u1_0.username 
    from
        users u1_0 
    where
        u1_0.username=?
2025-10-16 22:26:58.705 [http-nio-8080-exec-6] TRACE org.hibernate.orm.jdbc.bind - binding parameter (1:VARCHAR) <- [Ani]
2025-10-16 22:26:58.841 [http-nio-8080-exec-6] INFO  c.a.papms.controller.AuthController - User Ani authenticated successfully.
2025-10-16 22:26:58.843 [http-nio-8080-exec-6] DEBUG org.hibernate.SQL - 
    select
        u1_0.id,
        u1_0.created_at,
        u1_0.email,
        u1_0.full_name,
        u1_0.is_active,
        u1_0.organization_id,
        u1_0.password,
        u1_0.requires_password_change,
        u1_0.role,
        u1_0.updated_at,
        u1_0.username 
    from
        users u1_0 
    where
        u1_0.username=?
2025-10-16 22:26:58.843 [http-nio-8080-exec-6] TRACE org.hibernate.orm.jdbc.bind - binding parameter (1:VARCHAR) <- [Ani]
2025-10-16 22:26:58.846 [http-nio-8080-exec-6] DEBUG org.hibernate.SQL - 
    select
        u1_0.id,
        u1_0.created_at,
        u1_0.email,
        u1_0.full_name,
        u1_0.is_active,
        u1_0.organization_id,
        u1_0.password,
        u1_0.requires_password_change,
        u1_0.role,
        u1_0.updated_at,
        u1_0.username 
    from
        users u1_0 
    where
        u1_0.username=?
2025-10-16 22:26:58.847 [http-nio-8080-exec-6] TRACE org.hibernate.orm.jdbc.bind - binding parameter (1:VARCHAR) <- [Ani]
2025-10-16 22:26:58.851 [http-nio-8080-exec-6] DEBUG org.hibernate.SQL - 
    select
        u1_0.id,
        u1_0.created_at,
        u1_0.email,
        u1_0.full_name,
        u1_0.is_active,
        u1_0.organization_id,
        u1_0.password,
        u1_0.requires_password_change,
        u1_0.role,
        u1_0.updated_at,
        u1_0.username 
    from
        users u1_0 
    where
        u1_0.username=?
2025-10-16 22:26:58.852 [http-nio-8080-exec-6] TRACE org.hibernate.orm.jdbc.bind - binding parameter (1:VARCHAR) <- [Ani]
2025-10-16 22:26:58.853 [http-nio-8080-exec-6] DEBUG c.a.papms.controller.AuthController - User is BANK_ADMIN, no extra details needed.
2025-10-16 22:26:58.853 [http-nio-8080-exec-6] INFO  c.a.papms.controller.AuthController - Login successful for user: Ani. Role: BANK_ADMIN
2025-10-16 22:26:58.934 [http-nio-8080-exec-4] INFO  c.a.papms.controller.AuthController - Login attempt for user: Ani
2025-10-16 22:26:58.936 [http-nio-8080-exec-4] DEBUG org.hibernate.SQL - 
    select
        u1_0.id,
        u1_0.created_at,
        u1_0.email,
        u1_0.full_name,
        u1_0.is_active,
        u1_0.organization_id,
        u1_0.password,
        u1_0.requires_password_change,
        u1_0.role,
        u1_0.updated_at,
        u1_0.username 
    from
        users u1_0 
    where
        u1_0.username=?
2025-10-16 22:26:58.936 [http-nio-8080-exec-4] TRACE org.hibernate.orm.jdbc.bind - binding parameter (1:VARCHAR) <- [Ani]
2025-10-16 22:26:59.062 [http-nio-8080-exec-4] INFO  c.a.papms.controller.AuthController - User Ani authenticated successfully.
2025-10-16 22:26:59.063 [http-nio-8080-exec-4] DEBUG org.hibernate.SQL - 
    select
        u1_0.id,
        u1_0.created_at,
        u1_0.email,
        u1_0.full_name,
        u1_0.is_active,
        u1_0.organization_id,
        u1_0.password,
        u1_0.requires_password_change,
        u1_0.role,
        u1_0.updated_at,
        u1_0.username 
    from
        users u1_0 
    where
        u1_0.username=?
2025-10-16 22:26:59.064 [http-nio-8080-exec-4] TRACE org.hibernate.orm.jdbc.bind - binding parameter (1:VARCHAR) <- [Ani]
2025-10-16 22:26:59.066 [http-nio-8080-exec-4] DEBUG org.hibernate.SQL - 
    select
        u1_0.id,
        u1_0.created_at,
        u1_0.email,
        u1_0.full_name,
        u1_0.is_active,
        u1_0.organization_id,
        u1_0.password,
        u1_0.requires_password_change,
        u1_0.role,
        u1_0.updated_at,
        u1_0.username 
    from
        users u1_0 
    where
        u1_0.username=?
2025-10-16 22:26:59.067 [http-nio-8080-exec-4] TRACE org.hibernate.orm.jdbc.bind - binding parameter (1:VARCHAR) <- [Ani]
2025-10-16 22:26:59.071 [http-nio-8080-exec-4] DEBUG org.hibernate.SQL - 
    select
        u1_0.id,
        u1_0.created_at,
        u1_0.email,
        u1_0.full_name,
        u1_0.is_active,
        u1_0.organization_id,
        u1_0.password,
        u1_0.requires_password_change,
        u1_0.role,
        u1_0.updated_at,
        u1_0.username 
    from
        users u1_0 
    where
        u1_0.username=?
2025-10-16 22:26:59.071 [http-nio-8080-exec-4] TRACE org.hibernate.orm.jdbc.bind - binding parameter (1:VARCHAR) <- [Ani]
2025-10-16 22:26:59.073 [http-nio-8080-exec-4] DEBUG c.a.papms.controller.AuthController - User is BANK_ADMIN, no extra details needed.
2025-10-16 22:26:59.074 [http-nio-8080-exec-4] INFO  c.a.papms.controller.AuthController - Login successful for user: Ani. Role: BANK_ADMIN
2025-10-16 22:26:59.614 [http-nio-8080-exec-8] INFO  c.a.papms.controller.AuthController - Login attempt for user: Ani
2025-10-16 22:26:59.616 [http-nio-8080-exec-8] DEBUG org.hibernate.SQL - 
    select
        u1_0.id,
        u1_0.created_at,
        u1_0.email,
        u1_0.full_name,
        u1_0.is_active,
        u1_0.organization_id,
        u1_0.password,
        u1_0.requires_password_change,
        u1_0.role,
        u1_0.updated_at,
        u1_0.username 
    from
        users u1_0 
    where
        u1_0.username=?
2025-10-16 22:26:59.617 [http-nio-8080-exec-8] TRACE org.hibernate.orm.jdbc.bind - binding parameter (1:VARCHAR) <- [Ani]
2025-10-16 22:26:59.738 [http-nio-8080-exec-8] INFO  c.a.papms.controller.AuthController - User Ani authenticated successfully.
2025-10-16 22:26:59.739 [http-nio-8080-exec-8] DEBUG org.hibernate.SQL - 
    select
        u1_0.id,
        u1_0.created_at,
        u1_0.email,
        u1_0.full_name,
        u1_0.is_active,
        u1_0.organization_id,
        u1_0.password,
        u1_0.requires_password_change,
        u1_0.role,
        u1_0.updated_at,
        u1_0.username 
    from
        users u1_0 
    where
        u1_0.username=?
2025-10-16 22:26:59.739 [http-nio-8080-exec-8] TRACE org.hibernate.orm.jdbc.bind - binding parameter (1:VARCHAR) <- [Ani]
2025-10-16 22:26:59.740 [http-nio-8080-exec-8] DEBUG org.hibernate.SQL - 
    select
        u1_0.id,
        u1_0.created_at,
        u1_0.email,
        u1_0.full_name,
        u1_0.is_active,
        u1_0.organization_id,
        u1_0.password,
        u1_0.requires_password_change,
        u1_0.role,
        u1_0.updated_at,
        u1_0.username 
    from
        users u1_0 
    where
        u1_0.username=?
2025-10-16 22:26:59.742 [http-nio-8080-exec-8] TRACE org.hibernate.orm.jdbc.bind - binding parameter (1:VARCHAR) <- [Ani]
2025-10-16 22:26:59.743 [http-nio-8080-exec-8] DEBUG org.hibernate.SQL - 
    select
        u1_0.id,
        u1_0.created_at,
        u1_0.email,
        u1_0.full_name,
        u1_0.is_active,
        u1_0.organization_id,
        u1_0.password,
        u1_0.requires_password_change,
        u1_0.role,
        u1_0.updated_at,
        u1_0.username 
    from
        users u1_0 
    where
        u1_0.username=?
2025-10-16 22:26:59.745 [http-nio-8080-exec-8] TRACE org.hibernate.orm.jdbc.bind - binding parameter (1:VARCHAR) <- [Ani]
2025-10-16 22:26:59.746 [http-nio-8080-exec-8] DEBUG c.a.papms.controller.AuthController - User is BANK_ADMIN, no extra details needed.
2025-10-16 22:26:59.746 [http-nio-8080-exec-8] INFO  c.a.papms.controller.AuthController - Login successful for user: Ani. Role: BANK_ADMIN
2025-10-16 22:27:15.708 [http-nio-8080-exec-9] INFO  c.a.papms.controller.AuthController - Login attempt for user: Ani
2025-10-16 22:27:15.709 [http-nio-8080-exec-9] DEBUG org.hibernate.SQL - 
    select
        u1_0.id,
        u1_0.created_at,
        u1_0.email,
        u1_0.full_name,
        u1_0.is_active,
        u1_0.organization_id,
        u1_0.password,
        u1_0.requires_password_change,
        u1_0.role,
        u1_0.updated_at,
        u1_0.username 
    from
        users u1_0 
    where
        u1_0.username=?
2025-10-16 22:27:15.710 [http-nio-8080-exec-9] TRACE org.hibernate.orm.jdbc.bind - binding parameter (1:VARCHAR) <- [Ani]
2025-10-16 22:27:15.837 [http-nio-8080-exec-9] INFO  c.a.papms.controller.AuthController - User Ani authenticated successfully.
2025-10-16 22:27:15.839 [http-nio-8080-exec-9] DEBUG org.hibernate.SQL - 
    select
        u1_0.id,
        u1_0.created_at,
        u1_0.email,
        u1_0.full_name,
        u1_0.is_active,
        u1_0.organization_id,
        u1_0.password,
        u1_0.requires_password_change,
        u1_0.role,
        u1_0.updated_at,
        u1_0.username 
    from
        users u1_0 
    where
        u1_0.username=?
2025-10-16 22:27:15.839 [http-nio-8080-exec-9] TRACE org.hibernate.orm.jdbc.bind - binding parameter (1:VARCHAR) <- [Ani]
2025-10-16 22:27:15.842 [http-nio-8080-exec-9] DEBUG org.hibernate.SQL - 
    select
        u1_0.id,
        u1_0.created_at,
        u1_0.email,
        u1_0.full_name,
        u1_0.is_active,
        u1_0.organization_id,
        u1_0.password,
        u1_0.requires_password_change,
        u1_0.role,
        u1_0.updated_at,
        u1_0.username 
    from
        users u1_0 
    where
        u1_0.username=?
2025-10-16 22:27:15.842 [http-nio-8080-exec-9] TRACE org.hibernate.orm.jdbc.bind - binding parameter (1:VARCHAR) <- [Ani]
2025-10-16 22:27:15.845 [http-nio-8080-exec-9] DEBUG org.hibernate.SQL - 
    select
        u1_0.id,
        u1_0.created_at,
        u1_0.email,
        u1_0.full_name,
        u1_0.is_active,
        u1_0.organization_id,
        u1_0.password,
        u1_0.requires_password_change,
        u1_0.role,
        u1_0.updated_at,
        u1_0.username 
    from
        users u1_0 
    where
        u1_0.username=?
2025-10-16 22:27:15.845 [http-nio-8080-exec-9] TRACE org.hibernate.orm.jdbc.bind - binding parameter (1:VARCHAR) <- [Ani]
2025-10-16 22:27:15.847 [http-nio-8080-exec-9] DEBUG c.a.papms.controller.AuthController - User is BANK_ADMIN, no extra details needed.
2025-10-16 22:27:15.847 [http-nio-8080-exec-9] INFO  c.a.papms.controller.AuthController - Login successful for user: Ani. Role: BANK_ADMIN
2025-10-16 22:28:04.411 [http-nio-8080-exec-1] INFO  c.a.papms.controller.AuthController - Login attempt for user: Ani
2025-10-16 22:28:04.413 [http-nio-8080-exec-1] DEBUG org.hibernate.SQL - 
    select
        u1_0.id,
        u1_0.created_at,
        u1_0.email,
        u1_0.full_name,
        u1_0.is_active,
        u1_0.organization_id,
        u1_0.password,
        u1_0.requires_password_change,
        u1_0.role,
        u1_0.updated_at,
        u1_0.username 
    from
        users u1_0 
    where
        u1_0.username=?
2025-10-16 22:28:04.413 [http-nio-8080-exec-1] TRACE org.hibernate.orm.jdbc.bind - binding parameter (1:VARCHAR) <- [Ani]
2025-10-16 22:28:04.542 [http-nio-8080-exec-1] INFO  c.a.papms.controller.AuthController - User Ani authenticated successfully.
2025-10-16 22:28:04.544 [http-nio-8080-exec-1] DEBUG org.hibernate.SQL - 
    select
        u1_0.id,
        u1_0.created_at,
        u1_0.email,
        u1_0.full_name,
        u1_0.is_active,
        u1_0.organization_id,
        u1_0.password,
        u1_0.requires_password_change,
        u1_0.role,
        u1_0.updated_at,
        u1_0.username 
    from
        users u1_0 
    where
        u1_0.username=?
2025-10-16 22:28:04.544 [http-nio-8080-exec-1] TRACE org.hibernate.orm.jdbc.bind - binding parameter (1:VARCHAR) <- [Ani]
2025-10-16 22:28:04.546 [http-nio-8080-exec-1] DEBUG org.hibernate.SQL - 
    select
        u1_0.id,
        u1_0.created_at,
        u1_0.email,
        u1_0.full_name,
        u1_0.is_active,
        u1_0.organization_id,
        u1_0.password,
        u1_0.requires_password_change,
        u1_0.role,
        u1_0.updated_at,
        u1_0.username 
    from
        users u1_0 
    where
        u1_0.username=?
2025-10-16 22:28:04.546 [http-nio-8080-exec-1] TRACE org.hibernate.orm.jdbc.bind - binding parameter (1:VARCHAR) <- [Ani]
2025-10-16 22:28:04.549 [http-nio-8080-exec-1] DEBUG org.hibernate.SQL - 
    select
        u1_0.id,
        u1_0.created_at,
        u1_0.email,
        u1_0.full_name,
        u1_0.is_active,
        u1_0.organization_id,
        u1_0.password,
        u1_0.requires_password_change,
        u1_0.role,
        u1_0.updated_at,
        u1_0.username 
    from
        users u1_0 
    where
        u1_0.username=?
2025-10-16 22:28:04.550 [http-nio-8080-exec-1] TRACE org.hibernate.orm.jdbc.bind - binding parameter (1:VARCHAR) <- [Ani]
2025-10-16 22:28:04.551 [http-nio-8080-exec-1] DEBUG c.a.papms.controller.AuthController - User is BANK_ADMIN, no extra details needed.
2025-10-16 22:28:04.551 [http-nio-8080-exec-1] INFO  c.a.papms.controller.AuthController - Login successful for user: Ani. Role: BANK_ADMIN
