2025-10-12 02:11:47,290 ERROR org.springframework.boot.SpringApplication [restartedMain] Application run failed
java.lang.IllegalStateException: java.lang.IllegalStateException: Logback configuration error detected: 
ERROR in ch.qos.logback.classic.pattern.ClassOfCallerConverter@63d8265b - failed to parse integer string [1.] java.lang.NumberFormatException: For input string: "1."
ERROR in ch.qos.logback.classic.pattern.ClassOfCallerConverter@19dc5c08 - failed to parse integer string [1.] java.lang.NumberFormatException: For input string: "1."
	at org.springframework.boot.context.logging.LoggingApplicationListener.initializeSystem(LoggingApplicationListener.java:347)
	at org.springframework.boot.context.logging.LoggingApplicationListener.initialize(LoggingApplicationListener.java:298)
	at org.springframework.boot.context.logging.LoggingApplicationListener.onApplicationEnvironmentPreparedEvent(LoggingApplicationListener.java:246)
	at org.springframework.boot.context.logging.LoggingApplicationListener.onApplicationEvent(LoggingApplicationListener.java:223)
	at org.springframework.context.event.SimpleApplicationEventMulticaster.doInvokeListener(SimpleApplicationEventMulticaster.java:185)
	at org.springframework.context.event.SimpleApplicationEventMulticaster.invokeListener(SimpleApplicationEventMulticaster.java:178)
	at org.springframework.context.event.SimpleApplicationEventMulticaster.multicastEvent(SimpleApplicationEventMulticaster.java:156)
	at org.springframework.context.event.SimpleApplicationEventMulticaster.multicastEvent(SimpleApplicationEventMulticaster.java:138)
	at org.springframework.boot.context.event.EventPublishingRunListener.multicastInitialEvent(EventPublishingRunListener.java:136)
	at org.springframework.boot.context.event.EventPublishingRunListener.environmentPrepared(EventPublishingRunListener.java:81)
	at org.springframework.boot.SpringApplicationRunListeners.lambda$environmentPrepared$2(SpringApplicationRunListeners.java:64)
	at java.base/java.lang.Iterable.forEach(Iterable.java:75)
	at org.springframework.boot.SpringApplicationRunListeners.doWithListeners(SpringApplicationRunListeners.java:118)
	at org.springframework.boot.SpringApplicationRunListeners.doWithListeners(SpringApplicationRunListeners.java:112)
	at org.springframework.boot.SpringApplicationRunListeners.environmentPrepared(SpringApplicationRunListeners.java:63)
	at org.springframework.boot.SpringApplication.prepareEnvironment(SpringApplication.java:353)
	at org.springframework.boot.SpringApplication.run(SpringApplication.java:313)
	at org.springframework.boot.SpringApplication.run(SpringApplication.java:1361)
	at org.springframework.boot.SpringApplication.run(SpringApplication.java:1350)
	at com.aurionpro.papms.PaPmsApplication.main(PaPmsApplication.java:12)
	at java.base/jdk.internal.reflect.NativeMethodAccessorImpl.invoke0(Native Method)
	at java.base/jdk.internal.reflect.NativeMethodAccessorImpl.invoke(NativeMethodAccessorImpl.java:77)
	at java.base/jdk.internal.reflect.DelegatingMethodAccessorImpl.invoke(DelegatingMethodAccessorImpl.java:43)
	at java.base/java.lang.reflect.Method.invoke(Method.java:568)
	at org.springframework.boot.devtools.restart.RestartLauncher.run(RestartLauncher.java:50)
Caused by: java.lang.IllegalStateException: Logback configuration error detected: 
ERROR in ch.qos.logback.classic.pattern.ClassOfCallerConverter@63d8265b - failed to parse integer string [1.] java.lang.NumberFormatException: For input string: "1."
ERROR in ch.qos.logback.classic.pattern.ClassOfCallerConverter@19dc5c08 - failed to parse integer string [1.] java.lang.NumberFormatException: For input string: "1."
	at org.springframework.boot.logging.logback.LogbackLoggingSystem.reportConfigurationErrorsIfNecessary(LogbackLoggingSystem.java:289)
	at org.springframework.boot.logging.logback.LogbackLoggingSystem.loadConfiguration(LogbackLoggingSystem.java:267)
	at org.springframework.boot.logging.AbstractLoggingSystem.initializeWithConventions(AbstractLoggingSystem.java:81)
	at org.springframework.boot.logging.AbstractLoggingSystem.initialize(AbstractLoggingSystem.java:61)
	at org.springframework.boot.logging.logback.LogbackLoggingSystem.initialize(LogbackLoggingSystem.java:195)
	at org.springframework.boot.context.logging.LoggingApplicationListener.initializeSystem(LoggingApplicationListener.java:332)
	... 24 common frames omitted
	Suppressed: java.lang.NumberFormatException: For input string: "1."
		at java.base/java.lang.NumberFormatException.forInputString(NumberFormatException.java:67)
		at java.base/java.lang.Integer.parseInt(Integer.java:668)
		at java.base/java.lang.Integer.parseInt(Integer.java:786)
		at ch.qos.logback.classic.pattern.NamedConverter.start(NamedConverter.java:92)
		at ch.qos.logback.core.pattern.ConverterUtil.startConverters(ConverterUtil.java:37)
		at ch.qos.logback.core.pattern.PatternLayoutBase.start(PatternLayoutBase.java:148)
		at ch.qos.logback.classic.encoder.PatternLayoutEncoder.start(PatternLayoutEncoder.java:28)
		at ch.qos.logback.core.model.processor.ImplicitModelHandler.postHandleComplex(ImplicitModelHandler.java:207)
		at ch.qos.logback.core.model.processor.ImplicitModelHandler.postHandle(ImplicitModelHandler.java:186)
		at ch.qos.logback.core.model.processor.DefaultProcessor.secondPhaseTraverse(DefaultProcessor.java:257)
		at ch.qos.logback.core.model.processor.DefaultProcessor.secondPhaseTraverse(DefaultProcessor.java:253)
		at ch.qos.logback.core.model.processor.DefaultProcessor.secondPhaseTraverse(DefaultProcessor.java:253)
		at ch.qos.logback.core.model.processor.DefaultProcessor.traversalLoop(DefaultProcessor.java:90)
		at ch.qos.logback.core.model.processor.DefaultProcessor.process(DefaultProcessor.java:106)
		at ch.qos.logback.core.joran.GenericXMLConfigurator.processModel(GenericXMLConfigurator.java:222)
		at org.springframework.boot.logging.logback.SpringBootJoranConfigurator.processModel(SpringBootJoranConfigurator.java:136)
		at ch.qos.logback.core.joran.GenericXMLConfigurator.doConfigure(GenericXMLConfigurator.java:178)
		at ch.qos.logback.core.joran.GenericXMLConfigurator.doConfigure(GenericXMLConfigurator.java:123)
		at ch.qos.logback.core.joran.GenericXMLConfigurator.doConfigure(GenericXMLConfigurator.java:66)
		at org.springframework.boot.logging.logback.LogbackLoggingSystem.configureByResourceUrl(LogbackLoggingSystem.java:298)
		at org.springframework.boot.logging.logback.LogbackLoggingSystem.lambda$loadConfiguration$2(LogbackLoggingSystem.java:260)
		at org.springframework.boot.logging.logback.LogbackLoggingSystem.withLoggingSuppressed(LogbackLoggingSystem.java:481)
		at org.springframework.boot.logging.logback.LogbackLoggingSystem.loadConfiguration(LogbackLoggingSystem.java:252)
		... 28 common frames omitted
	Suppressed: java.lang.NumberFormatException: For input string: "1."
		at java.base/java.lang.NumberFormatException.forInputString(NumberFormatException.java:67)
		at java.base/java.lang.Integer.parseInt(Integer.java:668)
		at java.base/java.lang.Integer.parseInt(Integer.java:786)
		at ch.qos.logback.classic.pattern.NamedConverter.start(NamedConverter.java:92)
		at ch.qos.logback.core.pattern.ConverterUtil.startConverters(ConverterUtil.java:37)
		at ch.qos.logback.core.pattern.PatternLayoutBase.start(PatternLayoutBase.java:148)
		at ch.qos.logback.classic.encoder.PatternLayoutEncoder.start(PatternLayoutEncoder.java:28)
		at ch.qos.logback.core.model.processor.ImplicitModelHandler.postHandleComplex(ImplicitModelHandler.java:207)
		at ch.qos.logback.core.model.processor.ImplicitModelHandler.postHandle(ImplicitModelHandler.java:186)
		at ch.qos.logback.core.model.processor.DefaultProcessor.secondPhaseTraverse(DefaultProcessor.java:257)
		at ch.qos.logback.core.model.processor.DefaultProcessor.secondPhaseTraverse(DefaultProcessor.java:253)
		at ch.qos.logback.core.model.processor.DefaultProcessor.secondPhaseTraverse(DefaultProcessor.java:253)
		at ch.qos.logback.core.model.processor.DefaultProcessor.traversalLoop(DefaultProcessor.java:90)
		at ch.qos.logback.core.model.processor.DefaultProcessor.process(DefaultProcessor.java:106)
		at ch.qos.logback.core.joran.GenericXMLConfigurator.processModel(GenericXMLConfigurator.java:222)
		at org.springframework.boot.logging.logback.SpringBootJoranConfigurator.processModel(SpringBootJoranConfigurator.java:136)
		at ch.qos.logback.core.joran.GenericXMLConfigurator.doConfigure(GenericXMLConfigurator.java:178)
		at ch.qos.logback.core.joran.GenericXMLConfigurator.doConfigure(GenericXMLConfigurator.java:123)
		at ch.qos.logback.core.joran.GenericXMLConfigurator.doConfigure(GenericXMLConfigurator.java:66)
		at org.springframework.boot.logging.logback.LogbackLoggingSystem.configureByResourceUrl(LogbackLoggingSystem.java:298)
		at org.springframework.boot.logging.logback.LogbackLoggingSystem.lambda$loadConfiguration$2(LogbackLoggingSystem.java:260)
		at org.springframework.boot.logging.logback.LogbackLoggingSystem.withLoggingSuppressed(LogbackLoggingSystem.java:481)
		at org.springframework.boot.logging.logback.LogbackLoggingSystem.loadConfiguration(LogbackLoggingSystem.java:252)
		... 28 common frames omitted
2025-10-12 02:12:40,760 ERROR org.springframework.boot.SpringApplication [restartedMain] Application run failed
java.lang.IllegalStateException: java.lang.IllegalStateException: Logback configuration error detected: 
ERROR in ch.qos.logback.classic.pattern.ClassOfCallerConverter@4c27f6ad - failed to parse integer string [1.] java.lang.NumberFormatException: For input string: "1."
ERROR in ch.qos.logback.classic.pattern.ClassOfCallerConverter@4eab27cf - failed to parse integer string [1.] java.lang.NumberFormatException: For input string: "1."
	at org.springframework.boot.context.logging.LoggingApplicationListener.initializeSystem(LoggingApplicationListener.java:347)
	at org.springframework.boot.context.logging.LoggingApplicationListener.initialize(LoggingApplicationListener.java:298)
	at org.springframework.boot.context.logging.LoggingApplicationListener.onApplicationEnvironmentPreparedEvent(LoggingApplicationListener.java:246)
	at org.springframework.boot.context.logging.LoggingApplicationListener.onApplicationEvent(LoggingApplicationListener.java:223)
	at org.springframework.context.event.SimpleApplicationEventMulticaster.doInvokeListener(SimpleApplicationEventMulticaster.java:185)
	at org.springframework.context.event.SimpleApplicationEventMulticaster.invokeListener(SimpleApplicationEventMulticaster.java:178)
	at org.springframework.context.event.SimpleApplicationEventMulticaster.multicastEvent(SimpleApplicationEventMulticaster.java:156)
	at org.springframework.context.event.SimpleApplicationEventMulticaster.multicastEvent(SimpleApplicationEventMulticaster.java:138)
	at org.springframework.boot.context.event.EventPublishingRunListener.multicastInitialEvent(EventPublishingRunListener.java:136)
	at org.springframework.boot.context.event.EventPublishingRunListener.environmentPrepared(EventPublishingRunListener.java:81)
	at org.springframework.boot.SpringApplicationRunListeners.lambda$environmentPrepared$2(SpringApplicationRunListeners.java:64)
	at java.base/java.lang.Iterable.forEach(Iterable.java:75)
	at org.springframework.boot.SpringApplicationRunListeners.doWithListeners(SpringApplicationRunListeners.java:118)
	at org.springframework.boot.SpringApplicationRunListeners.doWithListeners(SpringApplicationRunListeners.java:112)
	at org.springframework.boot.SpringApplicationRunListeners.environmentPrepared(SpringApplicationRunListeners.java:63)
	at org.springframework.boot.SpringApplication.prepareEnvironment(SpringApplication.java:353)
	at org.springframework.boot.SpringApplication.run(SpringApplication.java:313)
	at org.springframework.boot.SpringApplication.run(SpringApplication.java:1361)
	at org.springframework.boot.SpringApplication.run(SpringApplication.java:1350)
	at com.aurionpro.papms.PaPmsApplication.main(PaPmsApplication.java:12)
	at java.base/jdk.internal.reflect.NativeMethodAccessorImpl.invoke0(Native Method)
	at java.base/jdk.internal.reflect.NativeMethodAccessorImpl.invoke(NativeMethodAccessorImpl.java:77)
	at java.base/jdk.internal.reflect.DelegatingMethodAccessorImpl.invoke(DelegatingMethodAccessorImpl.java:43)
	at java.base/java.lang.reflect.Method.invoke(Method.java:568)
	at org.springframework.boot.devtools.restart.RestartLauncher.run(RestartLauncher.java:50)
Caused by: java.lang.IllegalStateException: Logback configuration error detected: 
ERROR in ch.qos.logback.classic.pattern.ClassOfCallerConverter@4c27f6ad - failed to parse integer string [1.] java.lang.NumberFormatException: For input string: "1."
ERROR in ch.qos.logback.classic.pattern.ClassOfCallerConverter@4eab27cf - failed to parse integer string [1.] java.lang.NumberFormatException: For input string: "1."
	at org.springframework.boot.logging.logback.LogbackLoggingSystem.reportConfigurationErrorsIfNecessary(LogbackLoggingSystem.java:289)
	at org.springframework.boot.logging.logback.LogbackLoggingSystem.loadConfiguration(LogbackLoggingSystem.java:267)
	at org.springframework.boot.logging.AbstractLoggingSystem.initializeWithConventions(AbstractLoggingSystem.java:81)
	at org.springframework.boot.logging.AbstractLoggingSystem.initialize(AbstractLoggingSystem.java:61)
	at org.springframework.boot.logging.logback.LogbackLoggingSystem.initialize(LogbackLoggingSystem.java:195)
	at org.springframework.boot.context.logging.LoggingApplicationListener.initializeSystem(LoggingApplicationListener.java:332)
	... 24 common frames omitted
	Suppressed: java.lang.NumberFormatException: For input string: "1."
		at java.base/java.lang.NumberFormatException.forInputString(NumberFormatException.java:67)
		at java.base/java.lang.Integer.parseInt(Integer.java:668)
		at java.base/java.lang.Integer.parseInt(Integer.java:786)
		at ch.qos.logback.classic.pattern.NamedConverter.start(NamedConverter.java:92)
		at ch.qos.logback.core.pattern.ConverterUtil.startConverters(ConverterUtil.java:37)
		at ch.qos.logback.core.pattern.PatternLayoutBase.start(PatternLayoutBase.java:148)
		at ch.qos.logback.classic.encoder.PatternLayoutEncoder.start(PatternLayoutEncoder.java:28)
		at ch.qos.logback.core.model.processor.ImplicitModelHandler.postHandleComplex(ImplicitModelHandler.java:207)
		at ch.qos.logback.core.model.processor.ImplicitModelHandler.postHandle(ImplicitModelHandler.java:186)
		at ch.qos.logback.core.model.processor.DefaultProcessor.secondPhaseTraverse(DefaultProcessor.java:257)
		at ch.qos.logback.core.model.processor.DefaultProcessor.secondPhaseTraverse(DefaultProcessor.java:253)
		at ch.qos.logback.core.model.processor.DefaultProcessor.secondPhaseTraverse(DefaultProcessor.java:253)
		at ch.qos.logback.core.model.processor.DefaultProcessor.traversalLoop(DefaultProcessor.java:90)
		at ch.qos.logback.core.model.processor.DefaultProcessor.process(DefaultProcessor.java:106)
		at ch.qos.logback.core.joran.GenericXMLConfigurator.processModel(GenericXMLConfigurator.java:222)
		at org.springframework.boot.logging.logback.SpringBootJoranConfigurator.processModel(SpringBootJoranConfigurator.java:136)
		at ch.qos.logback.core.joran.GenericXMLConfigurator.doConfigure(GenericXMLConfigurator.java:178)
		at ch.qos.logback.core.joran.GenericXMLConfigurator.doConfigure(GenericXMLConfigurator.java:123)
		at ch.qos.logback.core.joran.GenericXMLConfigurator.doConfigure(GenericXMLConfigurator.java:66)
		at org.springframework.boot.logging.logback.LogbackLoggingSystem.configureByResourceUrl(LogbackLoggingSystem.java:298)
		at org.springframework.boot.logging.logback.LogbackLoggingSystem.lambda$loadConfiguration$2(LogbackLoggingSystem.java:260)
		at org.springframework.boot.logging.logback.LogbackLoggingSystem.withLoggingSuppressed(LogbackLoggingSystem.java:481)
		at org.springframework.boot.logging.logback.LogbackLoggingSystem.loadConfiguration(LogbackLoggingSystem.java:252)
		... 28 common frames omitted
	Suppressed: java.lang.NumberFormatException: For input string: "1."
		at java.base/java.lang.NumberFormatException.forInputString(NumberFormatException.java:67)
		at java.base/java.lang.Integer.parseInt(Integer.java:668)
		at java.base/java.lang.Integer.parseInt(Integer.java:786)
		at ch.qos.logback.classic.pattern.NamedConverter.start(NamedConverter.java:92)
		at ch.qos.logback.core.pattern.ConverterUtil.startConverters(ConverterUtil.java:37)
		at ch.qos.logback.core.pattern.PatternLayoutBase.start(PatternLayoutBase.java:148)
		at ch.qos.logback.classic.encoder.PatternLayoutEncoder.start(PatternLayoutEncoder.java:28)
		at ch.qos.logback.core.model.processor.ImplicitModelHandler.postHandleComplex(ImplicitModelHandler.java:207)
		at ch.qos.logback.core.model.processor.ImplicitModelHandler.postHandle(ImplicitModelHandler.java:186)
		at ch.qos.logback.core.model.processor.DefaultProcessor.secondPhaseTraverse(DefaultProcessor.java:257)
		at ch.qos.logback.core.model.processor.DefaultProcessor.secondPhaseTraverse(DefaultProcessor.java:253)
		at ch.qos.logback.core.model.processor.DefaultProcessor.secondPhaseTraverse(DefaultProcessor.java:253)
		at ch.qos.logback.core.model.processor.DefaultProcessor.traversalLoop(DefaultProcessor.java:90)
		at ch.qos.logback.core.model.processor.DefaultProcessor.process(DefaultProcessor.java:106)
		at ch.qos.logback.core.joran.GenericXMLConfigurator.processModel(GenericXMLConfigurator.java:222)
		at org.springframework.boot.logging.logback.SpringBootJoranConfigurator.processModel(SpringBootJoranConfigurator.java:136)
		at ch.qos.logback.core.joran.GenericXMLConfigurator.doConfigure(GenericXMLConfigurator.java:178)
		at ch.qos.logback.core.joran.GenericXMLConfigurator.doConfigure(GenericXMLConfigurator.java:123)
		at ch.qos.logback.core.joran.GenericXMLConfigurator.doConfigure(GenericXMLConfigurator.java:66)
		at org.springframework.boot.logging.logback.LogbackLoggingSystem.configureByResourceUrl(LogbackLoggingSystem.java:298)
		at org.springframework.boot.logging.logback.LogbackLoggingSystem.lambda$loadConfiguration$2(LogbackLoggingSystem.java:260)
		at org.springframework.boot.logging.logback.LogbackLoggingSystem.withLoggingSuppressed(LogbackLoggingSystem.java:481)
		at org.springframework.boot.logging.logback.LogbackLoggingSystem.loadConfiguration(LogbackLoggingSystem.java:252)
		... 28 common frames omitted
2025-10-12 02:12:54,608 ERROR org.springframework.boot.SpringApplication [restartedMain] Application run failed
java.lang.IllegalStateException: java.lang.IllegalStateException: Logback configuration error detected: 
ERROR in ch.qos.logback.classic.pattern.ClassOfCallerConverter@7340690 - failed to parse integer string [1.] java.lang.NumberFormatException: For input string: "1."
ERROR in ch.qos.logback.classic.pattern.ClassOfCallerConverter@85e70a7 - failed to parse integer string [1.] java.lang.NumberFormatException: For input string: "1."
	at org.springframework.boot.context.logging.LoggingApplicationListener.initializeSystem(LoggingApplicationListener.java:347)
	at org.springframework.boot.context.logging.LoggingApplicationListener.initialize(LoggingApplicationListener.java:298)
	at org.springframework.boot.context.logging.LoggingApplicationListener.onApplicationEnvironmentPreparedEvent(LoggingApplicationListener.java:246)
	at org.springframework.boot.context.logging.LoggingApplicationListener.onApplicationEvent(LoggingApplicationListener.java:223)
	at org.springframework.context.event.SimpleApplicationEventMulticaster.doInvokeListener(SimpleApplicationEventMulticaster.java:185)
	at org.springframework.context.event.SimpleApplicationEventMulticaster.invokeListener(SimpleApplicationEventMulticaster.java:178)
	at org.springframework.context.event.SimpleApplicationEventMulticaster.multicastEvent(SimpleApplicationEventMulticaster.java:156)
	at org.springframework.context.event.SimpleApplicationEventMulticaster.multicastEvent(SimpleApplicationEventMulticaster.java:138)
	at org.springframework.boot.context.event.EventPublishingRunListener.multicastInitialEvent(EventPublishingRunListener.java:136)
	at org.springframework.boot.context.event.EventPublishingRunListener.environmentPrepared(EventPublishingRunListener.java:81)
	at org.springframework.boot.SpringApplicationRunListeners.lambda$environmentPrepared$2(SpringApplicationRunListeners.java:64)
	at java.base/java.lang.Iterable.forEach(Iterable.java:75)
	at org.springframework.boot.SpringApplicationRunListeners.doWithListeners(SpringApplicationRunListeners.java:118)
	at org.springframework.boot.SpringApplicationRunListeners.doWithListeners(SpringApplicationRunListeners.java:112)
	at org.springframework.boot.SpringApplicationRunListeners.environmentPrepared(SpringApplicationRunListeners.java:63)
	at org.springframework.boot.SpringApplication.prepareEnvironment(SpringApplication.java:353)
	at org.springframework.boot.SpringApplication.run(SpringApplication.java:313)
	at org.springframework.boot.SpringApplication.run(SpringApplication.java:1361)
	at org.springframework.boot.SpringApplication.run(SpringApplication.java:1350)
	at com.aurionpro.papms.PaPmsApplication.main(PaPmsApplication.java:12)
	at java.base/jdk.internal.reflect.NativeMethodAccessorImpl.invoke0(Native Method)
	at java.base/jdk.internal.reflect.NativeMethodAccessorImpl.invoke(NativeMethodAccessorImpl.java:77)
	at java.base/jdk.internal.reflect.DelegatingMethodAccessorImpl.invoke(DelegatingMethodAccessorImpl.java:43)
	at java.base/java.lang.reflect.Method.invoke(Method.java:568)
	at org.springframework.boot.devtools.restart.RestartLauncher.run(RestartLauncher.java:50)
Caused by: java.lang.IllegalStateException: Logback configuration error detected: 
ERROR in ch.qos.logback.classic.pattern.ClassOfCallerConverter@7340690 - failed to parse integer string [1.] java.lang.NumberFormatException: For input string: "1."
ERROR in ch.qos.logback.classic.pattern.ClassOfCallerConverter@85e70a7 - failed to parse integer string [1.] java.lang.NumberFormatException: For input string: "1."
	at org.springframework.boot.logging.logback.LogbackLoggingSystem.reportConfigurationErrorsIfNecessary(LogbackLoggingSystem.java:289)
	at org.springframework.boot.logging.logback.LogbackLoggingSystem.loadConfiguration(LogbackLoggingSystem.java:267)
	at org.springframework.boot.logging.AbstractLoggingSystem.initializeWithConventions(AbstractLoggingSystem.java:81)
	at org.springframework.boot.logging.AbstractLoggingSystem.initialize(AbstractLoggingSystem.java:61)
	at org.springframework.boot.logging.logback.LogbackLoggingSystem.initialize(LogbackLoggingSystem.java:195)
	at org.springframework.boot.context.logging.LoggingApplicationListener.initializeSystem(LoggingApplicationListener.java:332)
	... 24 common frames omitted
	Suppressed: java.lang.NumberFormatException: For input string: "1."
		at java.base/java.lang.NumberFormatException.forInputString(NumberFormatException.java:67)
		at java.base/java.lang.Integer.parseInt(Integer.java:668)
		at java.base/java.lang.Integer.parseInt(Integer.java:786)
		at ch.qos.logback.classic.pattern.NamedConverter.start(NamedConverter.java:92)
		at ch.qos.logback.core.pattern.ConverterUtil.startConverters(ConverterUtil.java:37)
		at ch.qos.logback.core.pattern.PatternLayoutBase.start(PatternLayoutBase.java:148)
		at ch.qos.logback.classic.encoder.PatternLayoutEncoder.start(PatternLayoutEncoder.java:28)
		at ch.qos.logback.core.model.processor.ImplicitModelHandler.postHandleComplex(ImplicitModelHandler.java:207)
		at ch.qos.logback.core.model.processor.ImplicitModelHandler.postHandle(ImplicitModelHandler.java:186)
		at ch.qos.logback.core.model.processor.DefaultProcessor.secondPhaseTraverse(DefaultProcessor.java:257)
		at ch.qos.logback.core.model.processor.DefaultProcessor.secondPhaseTraverse(DefaultProcessor.java:253)
		at ch.qos.logback.core.model.processor.DefaultProcessor.secondPhaseTraverse(DefaultProcessor.java:253)
		at ch.qos.logback.core.model.processor.DefaultProcessor.traversalLoop(DefaultProcessor.java:90)
		at ch.qos.logback.core.model.processor.DefaultProcessor.process(DefaultProcessor.java:106)
		at ch.qos.logback.core.joran.GenericXMLConfigurator.processModel(GenericXMLConfigurator.java:222)
		at org.springframework.boot.logging.logback.SpringBootJoranConfigurator.processModel(SpringBootJoranConfigurator.java:136)
		at ch.qos.logback.core.joran.GenericXMLConfigurator.doConfigure(GenericXMLConfigurator.java:178)
		at ch.qos.logback.core.joran.GenericXMLConfigurator.doConfigure(GenericXMLConfigurator.java:123)
		at ch.qos.logback.core.joran.GenericXMLConfigurator.doConfigure(GenericXMLConfigurator.java:66)
		at org.springframework.boot.logging.logback.LogbackLoggingSystem.configureByResourceUrl(LogbackLoggingSystem.java:298)
		at org.springframework.boot.logging.logback.LogbackLoggingSystem.lambda$loadConfiguration$2(LogbackLoggingSystem.java:260)
		at org.springframework.boot.logging.logback.LogbackLoggingSystem.withLoggingSuppressed(LogbackLoggingSystem.java:481)
		at org.springframework.boot.logging.logback.LogbackLoggingSystem.loadConfiguration(LogbackLoggingSystem.java:252)
		... 28 common frames omitted
	Suppressed: java.lang.NumberFormatException: For input string: "1."
		at java.base/java.lang.NumberFormatException.forInputString(NumberFormatException.java:67)
		at java.base/java.lang.Integer.parseInt(Integer.java:668)
		at java.base/java.lang.Integer.parseInt(Integer.java:786)
		at ch.qos.logback.classic.pattern.NamedConverter.start(NamedConverter.java:92)
		at ch.qos.logback.core.pattern.ConverterUtil.startConverters(ConverterUtil.java:37)
		at ch.qos.logback.core.pattern.PatternLayoutBase.start(PatternLayoutBase.java:148)
		at ch.qos.logback.classic.encoder.PatternLayoutEncoder.start(PatternLayoutEncoder.java:28)
		at ch.qos.logback.core.model.processor.ImplicitModelHandler.postHandleComplex(ImplicitModelHandler.java:207)
		at ch.qos.logback.core.model.processor.ImplicitModelHandler.postHandle(ImplicitModelHandler.java:186)
		at ch.qos.logback.core.model.processor.DefaultProcessor.secondPhaseTraverse(DefaultProcessor.java:257)
		at ch.qos.logback.core.model.processor.DefaultProcessor.secondPhaseTraverse(DefaultProcessor.java:253)
		at ch.qos.logback.core.model.processor.DefaultProcessor.secondPhaseTraverse(DefaultProcessor.java:253)
		at ch.qos.logback.core.model.processor.DefaultProcessor.traversalLoop(DefaultProcessor.java:90)
		at ch.qos.logback.core.model.processor.DefaultProcessor.process(DefaultProcessor.java:106)
		at ch.qos.logback.core.joran.GenericXMLConfigurator.processModel(GenericXMLConfigurator.java:222)
		at org.springframework.boot.logging.logback.SpringBootJoranConfigurator.processModel(SpringBootJoranConfigurator.java:136)
		at ch.qos.logback.core.joran.GenericXMLConfigurator.doConfigure(GenericXMLConfigurator.java:178)
		at ch.qos.logback.core.joran.GenericXMLConfigurator.doConfigure(GenericXMLConfigurator.java:123)
		at ch.qos.logback.core.joran.GenericXMLConfigurator.doConfigure(GenericXMLConfigurator.java:66)
		at org.springframework.boot.logging.logback.LogbackLoggingSystem.configureByResourceUrl(LogbackLoggingSystem.java:298)
		at org.springframework.boot.logging.logback.LogbackLoggingSystem.lambda$loadConfiguration$2(LogbackLoggingSystem.java:260)
		at org.springframework.boot.logging.logback.LogbackLoggingSystem.withLoggingSuppressed(LogbackLoggingSystem.java:481)
		at org.springframework.boot.logging.logback.LogbackLoggingSystem.loadConfiguration(LogbackLoggingSystem.java:252)
		... 28 common frames omitted
2025-10-12 02:13:00,214 ERROR org.springframework.boot.SpringApplication [restartedMain] Application run failed
java.lang.IllegalStateException: java.lang.IllegalStateException: Logback configuration error detected: 
ERROR in ch.qos.logback.classic.pattern.ClassOfCallerConverter@307d7347 - failed to parse integer string [1.] java.lang.NumberFormatException: For input string: "1."
ERROR in ch.qos.logback.classic.pattern.ClassOfCallerConverter@73ba9d00 - failed to parse integer string [1.] java.lang.NumberFormatException: For input string: "1."
	at org.springframework.boot.context.logging.LoggingApplicationListener.initializeSystem(LoggingApplicationListener.java:347)
	at org.springframework.boot.context.logging.LoggingApplicationListener.initialize(LoggingApplicationListener.java:298)
	at org.springframework.boot.context.logging.LoggingApplicationListener.onApplicationEnvironmentPreparedEvent(LoggingApplicationListener.java:246)
	at org.springframework.boot.context.logging.LoggingApplicationListener.onApplicationEvent(LoggingApplicationListener.java:223)
	at org.springframework.context.event.SimpleApplicationEventMulticaster.doInvokeListener(SimpleApplicationEventMulticaster.java:185)
	at org.springframework.context.event.SimpleApplicationEventMulticaster.invokeListener(SimpleApplicationEventMulticaster.java:178)
	at org.springframework.context.event.SimpleApplicationEventMulticaster.multicastEvent(SimpleApplicationEventMulticaster.java:156)
	at org.springframework.context.event.SimpleApplicationEventMulticaster.multicastEvent(SimpleApplicationEventMulticaster.java:138)
	at org.springframework.boot.context.event.EventPublishingRunListener.multicastInitialEvent(EventPublishingRunListener.java:136)
	at org.springframework.boot.context.event.EventPublishingRunListener.environmentPrepared(EventPublishingRunListener.java:81)
	at org.springframework.boot.SpringApplicationRunListeners.lambda$environmentPrepared$2(SpringApplicationRunListeners.java:64)
	at java.base/java.lang.Iterable.forEach(Iterable.java:75)
	at org.springframework.boot.SpringApplicationRunListeners.doWithListeners(SpringApplicationRunListeners.java:118)
	at org.springframework.boot.SpringApplicationRunListeners.doWithListeners(SpringApplicationRunListeners.java:112)
	at org.springframework.boot.SpringApplicationRunListeners.environmentPrepared(SpringApplicationRunListeners.java:63)
	at org.springframework.boot.SpringApplication.prepareEnvironment(SpringApplication.java:353)
	at org.springframework.boot.SpringApplication.run(SpringApplication.java:313)
	at org.springframework.boot.SpringApplication.run(SpringApplication.java:1361)
	at org.springframework.boot.SpringApplication.run(SpringApplication.java:1350)
	at com.aurionpro.papms.PaPmsApplication.main(PaPmsApplication.java:12)
	at java.base/jdk.internal.reflect.NativeMethodAccessorImpl.invoke0(Native Method)
	at java.base/jdk.internal.reflect.NativeMethodAccessorImpl.invoke(NativeMethodAccessorImpl.java:77)
	at java.base/jdk.internal.reflect.DelegatingMethodAccessorImpl.invoke(DelegatingMethodAccessorImpl.java:43)
	at java.base/java.lang.reflect.Method.invoke(Method.java:568)
	at org.springframework.boot.devtools.restart.RestartLauncher.run(RestartLauncher.java:50)
Caused by: java.lang.IllegalStateException: Logback configuration error detected: 
ERROR in ch.qos.logback.classic.pattern.ClassOfCallerConverter@307d7347 - failed to parse integer string [1.] java.lang.NumberFormatException: For input string: "1."
ERROR in ch.qos.logback.classic.pattern.ClassOfCallerConverter@73ba9d00 - failed to parse integer string [1.] java.lang.NumberFormatException: For input string: "1."
	at org.springframework.boot.logging.logback.LogbackLoggingSystem.reportConfigurationErrorsIfNecessary(LogbackLoggingSystem.java:289)
	at org.springframework.boot.logging.logback.LogbackLoggingSystem.loadConfiguration(LogbackLoggingSystem.java:267)
	at org.springframework.boot.logging.AbstractLoggingSystem.initializeWithConventions(AbstractLoggingSystem.java:81)
	at org.springframework.boot.logging.AbstractLoggingSystem.initialize(AbstractLoggingSystem.java:61)
	at org.springframework.boot.logging.logback.LogbackLoggingSystem.initialize(LogbackLoggingSystem.java:195)
	at org.springframework.boot.context.logging.LoggingApplicationListener.initializeSystem(LoggingApplicationListener.java:332)
	... 24 common frames omitted
	Suppressed: java.lang.NumberFormatException: For input string: "1."
		at java.base/java.lang.NumberFormatException.forInputString(NumberFormatException.java:67)
		at java.base/java.lang.Integer.parseInt(Integer.java:668)
		at java.base/java.lang.Integer.parseInt(Integer.java:786)
		at ch.qos.logback.classic.pattern.NamedConverter.start(NamedConverter.java:92)
		at ch.qos.logback.core.pattern.ConverterUtil.startConverters(ConverterUtil.java:37)
		at ch.qos.logback.core.pattern.PatternLayoutBase.start(PatternLayoutBase.java:148)
		at ch.qos.logback.classic.encoder.PatternLayoutEncoder.start(PatternLayoutEncoder.java:28)
		at ch.qos.logback.core.model.processor.ImplicitModelHandler.postHandleComplex(ImplicitModelHandler.java:207)
		at ch.qos.logback.core.model.processor.ImplicitModelHandler.postHandle(ImplicitModelHandler.java:186)
		at ch.qos.logback.core.model.processor.DefaultProcessor.secondPhaseTraverse(DefaultProcessor.java:257)
		at ch.qos.logback.core.model.processor.DefaultProcessor.secondPhaseTraverse(DefaultProcessor.java:253)
		at ch.qos.logback.core.model.processor.DefaultProcessor.secondPhaseTraverse(DefaultProcessor.java:253)
		at ch.qos.logback.core.model.processor.DefaultProcessor.traversalLoop(DefaultProcessor.java:90)
		at ch.qos.logback.core.model.processor.DefaultProcessor.process(DefaultProcessor.java:106)
		at ch.qos.logback.core.joran.GenericXMLConfigurator.processModel(GenericXMLConfigurator.java:222)
		at org.springframework.boot.logging.logback.SpringBootJoranConfigurator.processModel(SpringBootJoranConfigurator.java:136)
		at ch.qos.logback.core.joran.GenericXMLConfigurator.doConfigure(GenericXMLConfigurator.java:178)
		at ch.qos.logback.core.joran.GenericXMLConfigurator.doConfigure(GenericXMLConfigurator.java:123)
		at ch.qos.logback.core.joran.GenericXMLConfigurator.doConfigure(GenericXMLConfigurator.java:66)
		at org.springframework.boot.logging.logback.LogbackLoggingSystem.configureByResourceUrl(LogbackLoggingSystem.java:298)
		at org.springframework.boot.logging.logback.LogbackLoggingSystem.lambda$loadConfiguration$2(LogbackLoggingSystem.java:260)
		at org.springframework.boot.logging.logback.LogbackLoggingSystem.withLoggingSuppressed(LogbackLoggingSystem.java:481)
		at org.springframework.boot.logging.logback.LogbackLoggingSystem.loadConfiguration(LogbackLoggingSystem.java:252)
		... 28 common frames omitted
	Suppressed: java.lang.NumberFormatException: For input string: "1."
		at java.base/java.lang.NumberFormatException.forInputString(NumberFormatException.java:67)
		at java.base/java.lang.Integer.parseInt(Integer.java:668)
		at java.base/java.lang.Integer.parseInt(Integer.java:786)
		at ch.qos.logback.classic.pattern.NamedConverter.start(NamedConverter.java:92)
		at ch.qos.logback.core.pattern.ConverterUtil.startConverters(ConverterUtil.java:37)
		at ch.qos.logback.core.pattern.PatternLayoutBase.start(PatternLayoutBase.java:148)
		at ch.qos.logback.classic.encoder.PatternLayoutEncoder.start(PatternLayoutEncoder.java:28)
		at ch.qos.logback.core.model.processor.ImplicitModelHandler.postHandleComplex(ImplicitModelHandler.java:207)
		at ch.qos.logback.core.model.processor.ImplicitModelHandler.postHandle(ImplicitModelHandler.java:186)
		at ch.qos.logback.core.model.processor.DefaultProcessor.secondPhaseTraverse(DefaultProcessor.java:257)
		at ch.qos.logback.core.model.processor.DefaultProcessor.secondPhaseTraverse(DefaultProcessor.java:253)
		at ch.qos.logback.core.model.processor.DefaultProcessor.secondPhaseTraverse(DefaultProcessor.java:253)
		at ch.qos.logback.core.model.processor.DefaultProcessor.traversalLoop(DefaultProcessor.java:90)
		at ch.qos.logback.core.model.processor.DefaultProcessor.process(DefaultProcessor.java:106)
		at ch.qos.logback.core.joran.GenericXMLConfigurator.processModel(GenericXMLConfigurator.java:222)
		at org.springframework.boot.logging.logback.SpringBootJoranConfigurator.processModel(SpringBootJoranConfigurator.java:136)
		at ch.qos.logback.core.joran.GenericXMLConfigurator.doConfigure(GenericXMLConfigurator.java:178)
		at ch.qos.logback.core.joran.GenericXMLConfigurator.doConfigure(GenericXMLConfigurator.java:123)
		at ch.qos.logback.core.joran.GenericXMLConfigurator.doConfigure(GenericXMLConfigurator.java:66)
		at org.springframework.boot.logging.logback.LogbackLoggingSystem.configureByResourceUrl(LogbackLoggingSystem.java:298)
		at org.springframework.boot.logging.logback.LogbackLoggingSystem.lambda$loadConfiguration$2(LogbackLoggingSystem.java:260)
		at org.springframework.boot.logging.logback.LogbackLoggingSystem.withLoggingSuppressed(LogbackLoggingSystem.java:481)
		at org.springframework.boot.logging.logback.LogbackLoggingSystem.loadConfiguration(LogbackLoggingSystem.java:252)
		... 28 common frames omitted
2025-10-12 02:13:33,513 ERROR org.springframework.boot.SpringApplication [restartedMain] Application run failed
java.lang.IllegalStateException: java.lang.IllegalStateException: Logback configuration error detected: 
ERROR in ch.qos.logback.classic.pattern.ClassOfCallerConverter@51506385 - failed to parse integer string [1.] java.lang.NumberFormatException: For input string: "1."
ERROR in ch.qos.logback.classic.pattern.ClassOfCallerConverter@61805f5e - failed to parse integer string [1.] java.lang.NumberFormatException: For input string: "1."
	at org.springframework.boot.context.logging.LoggingApplicationListener.initializeSystem(LoggingApplicationListener.java:347)
	at org.springframework.boot.context.logging.LoggingApplicationListener.initialize(LoggingApplicationListener.java:298)
	at org.springframework.boot.context.logging.LoggingApplicationListener.onApplicationEnvironmentPreparedEvent(LoggingApplicationListener.java:246)
	at org.springframework.boot.context.logging.LoggingApplicationListener.onApplicationEvent(LoggingApplicationListener.java:223)
	at org.springframework.context.event.SimpleApplicationEventMulticaster.doInvokeListener(SimpleApplicationEventMulticaster.java:185)
	at org.springframework.context.event.SimpleApplicationEventMulticaster.invokeListener(SimpleApplicationEventMulticaster.java:178)
	at org.springframework.context.event.SimpleApplicationEventMulticaster.multicastEvent(SimpleApplicationEventMulticaster.java:156)
	at org.springframework.context.event.SimpleApplicationEventMulticaster.multicastEvent(SimpleApplicationEventMulticaster.java:138)
	at org.springframework.boot.context.event.EventPublishingRunListener.multicastInitialEvent(EventPublishingRunListener.java:136)
	at org.springframework.boot.context.event.EventPublishingRunListener.environmentPrepared(EventPublishingRunListener.java:81)
	at org.springframework.boot.SpringApplicationRunListeners.lambda$environmentPrepared$2(SpringApplicationRunListeners.java:64)
	at java.base/java.lang.Iterable.forEach(Iterable.java:75)
	at org.springframework.boot.SpringApplicationRunListeners.doWithListeners(SpringApplicationRunListeners.java:118)
	at org.springframework.boot.SpringApplicationRunListeners.doWithListeners(SpringApplicationRunListeners.java:112)
	at org.springframework.boot.SpringApplicationRunListeners.environmentPrepared(SpringApplicationRunListeners.java:63)
	at org.springframework.boot.SpringApplication.prepareEnvironment(SpringApplication.java:353)
	at org.springframework.boot.SpringApplication.run(SpringApplication.java:313)
	at org.springframework.boot.SpringApplication.run(SpringApplication.java:1361)
	at org.springframework.boot.SpringApplication.run(SpringApplication.java:1350)
	at com.aurionpro.papms.PaPmsApplication.main(PaPmsApplication.java:12)
	at java.base/jdk.internal.reflect.NativeMethodAccessorImpl.invoke0(Native Method)
	at java.base/jdk.internal.reflect.NativeMethodAccessorImpl.invoke(NativeMethodAccessorImpl.java:77)
	at java.base/jdk.internal.reflect.DelegatingMethodAccessorImpl.invoke(DelegatingMethodAccessorImpl.java:43)
	at java.base/java.lang.reflect.Method.invoke(Method.java:568)
	at org.springframework.boot.devtools.restart.RestartLauncher.run(RestartLauncher.java:50)
Caused by: java.lang.IllegalStateException: Logback configuration error detected: 
ERROR in ch.qos.logback.classic.pattern.ClassOfCallerConverter@51506385 - failed to parse integer string [1.] java.lang.NumberFormatException: For input string: "1."
ERROR in ch.qos.logback.classic.pattern.ClassOfCallerConverter@61805f5e - failed to parse integer string [1.] java.lang.NumberFormatException: For input string: "1."
	at org.springframework.boot.logging.logback.LogbackLoggingSystem.reportConfigurationErrorsIfNecessary(LogbackLoggingSystem.java:289)
	at org.springframework.boot.logging.logback.LogbackLoggingSystem.loadConfiguration(LogbackLoggingSystem.java:267)
	at org.springframework.boot.logging.AbstractLoggingSystem.initializeWithConventions(AbstractLoggingSystem.java:81)
	at org.springframework.boot.logging.AbstractLoggingSystem.initialize(AbstractLoggingSystem.java:61)
	at org.springframework.boot.logging.logback.LogbackLoggingSystem.initialize(LogbackLoggingSystem.java:195)
	at org.springframework.boot.context.logging.LoggingApplicationListener.initializeSystem(LoggingApplicationListener.java:332)
	... 24 common frames omitted
	Suppressed: java.lang.NumberFormatException: For input string: "1."
		at java.base/java.lang.NumberFormatException.forInputString(NumberFormatException.java:67)
		at java.base/java.lang.Integer.parseInt(Integer.java:668)
		at java.base/java.lang.Integer.parseInt(Integer.java:786)
		at ch.qos.logback.classic.pattern.NamedConverter.start(NamedConverter.java:92)
		at ch.qos.logback.core.pattern.ConverterUtil.startConverters(ConverterUtil.java:37)
		at ch.qos.logback.core.pattern.PatternLayoutBase.start(PatternLayoutBase.java:148)
		at ch.qos.logback.classic.encoder.PatternLayoutEncoder.start(PatternLayoutEncoder.java:28)
		at ch.qos.logback.core.model.processor.ImplicitModelHandler.postHandleComplex(ImplicitModelHandler.java:207)
		at ch.qos.logback.core.model.processor.ImplicitModelHandler.postHandle(ImplicitModelHandler.java:186)
		at ch.qos.logback.core.model.processor.DefaultProcessor.secondPhaseTraverse(DefaultProcessor.java:257)
		at ch.qos.logback.core.model.processor.DefaultProcessor.secondPhaseTraverse(DefaultProcessor.java:253)
		at ch.qos.logback.core.model.processor.DefaultProcessor.secondPhaseTraverse(DefaultProcessor.java:253)
		at ch.qos.logback.core.model.processor.DefaultProcessor.traversalLoop(DefaultProcessor.java:90)
		at ch.qos.logback.core.model.processor.DefaultProcessor.process(DefaultProcessor.java:106)
		at ch.qos.logback.core.joran.GenericXMLConfigurator.processModel(GenericXMLConfigurator.java:222)
		at org.springframework.boot.logging.logback.SpringBootJoranConfigurator.processModel(SpringBootJoranConfigurator.java:136)
		at ch.qos.logback.core.joran.GenericXMLConfigurator.doConfigure(GenericXMLConfigurator.java:178)
		at ch.qos.logback.core.joran.GenericXMLConfigurator.doConfigure(GenericXMLConfigurator.java:123)
		at ch.qos.logback.core.joran.GenericXMLConfigurator.doConfigure(GenericXMLConfigurator.java:66)
		at org.springframework.boot.logging.logback.LogbackLoggingSystem.configureByResourceUrl(LogbackLoggingSystem.java:298)
		at org.springframework.boot.logging.logback.LogbackLoggingSystem.lambda$loadConfiguration$2(LogbackLoggingSystem.java:260)
		at org.springframework.boot.logging.logback.LogbackLoggingSystem.withLoggingSuppressed(LogbackLoggingSystem.java:481)
		at org.springframework.boot.logging.logback.LogbackLoggingSystem.loadConfiguration(LogbackLoggingSystem.java:252)
		... 28 common frames omitted
	Suppressed: java.lang.NumberFormatException: For input string: "1."
		at java.base/java.lang.NumberFormatException.forInputString(NumberFormatException.java:67)
		at java.base/java.lang.Integer.parseInt(Integer.java:668)
		at java.base/java.lang.Integer.parseInt(Integer.java:786)
		at ch.qos.logback.classic.pattern.NamedConverter.start(NamedConverter.java:92)
		at ch.qos.logback.core.pattern.ConverterUtil.startConverters(ConverterUtil.java:37)
		at ch.qos.logback.core.pattern.PatternLayoutBase.start(PatternLayoutBase.java:148)
		at ch.qos.logback.classic.encoder.PatternLayoutEncoder.start(PatternLayoutEncoder.java:28)
		at ch.qos.logback.core.model.processor.ImplicitModelHandler.postHandleComplex(ImplicitModelHandler.java:207)
		at ch.qos.logback.core.model.processor.ImplicitModelHandler.postHandle(ImplicitModelHandler.java:186)
		at ch.qos.logback.core.model.processor.DefaultProcessor.secondPhaseTraverse(DefaultProcessor.java:257)
		at ch.qos.logback.core.model.processor.DefaultProcessor.secondPhaseTraverse(DefaultProcessor.java:253)
		at ch.qos.logback.core.model.processor.DefaultProcessor.secondPhaseTraverse(DefaultProcessor.java:253)
		at ch.qos.logback.core.model.processor.DefaultProcessor.traversalLoop(DefaultProcessor.java:90)
		at ch.qos.logback.core.model.processor.DefaultProcessor.process(DefaultProcessor.java:106)
		at ch.qos.logback.core.joran.GenericXMLConfigurator.processModel(GenericXMLConfigurator.java:222)
		at org.springframework.boot.logging.logback.SpringBootJoranConfigurator.processModel(SpringBootJoranConfigurator.java:136)
		at ch.qos.logback.core.joran.GenericXMLConfigurator.doConfigure(GenericXMLConfigurator.java:178)
		at ch.qos.logback.core.joran.GenericXMLConfigurator.doConfigure(GenericXMLConfigurator.java:123)
		at ch.qos.logback.core.joran.GenericXMLConfigurator.doConfigure(GenericXMLConfigurator.java:66)
		at org.springframework.boot.logging.logback.LogbackLoggingSystem.configureByResourceUrl(LogbackLoggingSystem.java:298)
		at org.springframework.boot.logging.logback.LogbackLoggingSystem.lambda$loadConfiguration$2(LogbackLoggingSystem.java:260)
		at org.springframework.boot.logging.logback.LogbackLoggingSystem.withLoggingSuppressed(LogbackLoggingSystem.java:481)
		at org.springframework.boot.logging.logback.LogbackLoggingSystem.loadConfiguration(LogbackLoggingSystem.java:252)
		... 28 common frames omitted
2025-10-12 02:13:36,085 ERROR org.springframework.boot.SpringApplication [restartedMain] Application run failed
java.lang.IllegalStateException: java.lang.IllegalStateException: Logback configuration error detected: 
ERROR in ch.qos.logback.classic.pattern.ClassOfCallerConverter@24fa6f45 - failed to parse integer string [1.] java.lang.NumberFormatException: For input string: "1."
ERROR in ch.qos.logback.classic.pattern.ClassOfCallerConverter@7b6fa389 - failed to parse integer string [1.] java.lang.NumberFormatException: For input string: "1."
	at org.springframework.boot.context.logging.LoggingApplicationListener.initializeSystem(LoggingApplicationListener.java:347)
	at org.springframework.boot.context.logging.LoggingApplicationListener.initialize(LoggingApplicationListener.java:298)
	at org.springframework.boot.context.logging.LoggingApplicationListener.onApplicationEnvironmentPreparedEvent(LoggingApplicationListener.java:246)
	at org.springframework.boot.context.logging.LoggingApplicationListener.onApplicationEvent(LoggingApplicationListener.java:223)
	at org.springframework.context.event.SimpleApplicationEventMulticaster.doInvokeListener(SimpleApplicationEventMulticaster.java:185)
	at org.springframework.context.event.SimpleApplicationEventMulticaster.invokeListener(SimpleApplicationEventMulticaster.java:178)
	at org.springframework.context.event.SimpleApplicationEventMulticaster.multicastEvent(SimpleApplicationEventMulticaster.java:156)
	at org.springframework.context.event.SimpleApplicationEventMulticaster.multicastEvent(SimpleApplicationEventMulticaster.java:138)
	at org.springframework.boot.context.event.EventPublishingRunListener.multicastInitialEvent(EventPublishingRunListener.java:136)
	at org.springframework.boot.context.event.EventPublishingRunListener.environmentPrepared(EventPublishingRunListener.java:81)
	at org.springframework.boot.SpringApplicationRunListeners.lambda$environmentPrepared$2(SpringApplicationRunListeners.java:64)
	at java.base/java.lang.Iterable.forEach(Iterable.java:75)
	at org.springframework.boot.SpringApplicationRunListeners.doWithListeners(SpringApplicationRunListeners.java:118)
	at org.springframework.boot.SpringApplicationRunListeners.doWithListeners(SpringApplicationRunListeners.java:112)
	at org.springframework.boot.SpringApplicationRunListeners.environmentPrepared(SpringApplicationRunListeners.java:63)
	at org.springframework.boot.SpringApplication.prepareEnvironment(SpringApplication.java:353)
	at org.springframework.boot.SpringApplication.run(SpringApplication.java:313)
	at org.springframework.boot.SpringApplication.run(SpringApplication.java:1361)
	at org.springframework.boot.SpringApplication.run(SpringApplication.java:1350)
	at com.aurionpro.papms.PaPmsApplication.main(PaPmsApplication.java:14)
	at java.base/jdk.internal.reflect.NativeMethodAccessorImpl.invoke0(Native Method)
	at java.base/jdk.internal.reflect.NativeMethodAccessorImpl.invoke(NativeMethodAccessorImpl.java:77)
	at java.base/jdk.internal.reflect.DelegatingMethodAccessorImpl.invoke(DelegatingMethodAccessorImpl.java:43)
	at java.base/java.lang.reflect.Method.invoke(Method.java:568)
	at org.springframework.boot.devtools.restart.RestartLauncher.run(RestartLauncher.java:50)
Caused by: java.lang.IllegalStateException: Logback configuration error detected: 
ERROR in ch.qos.logback.classic.pattern.ClassOfCallerConverter@24fa6f45 - failed to parse integer string [1.] java.lang.NumberFormatException: For input string: "1."
ERROR in ch.qos.logback.classic.pattern.ClassOfCallerConverter@7b6fa389 - failed to parse integer string [1.] java.lang.NumberFormatException: For input string: "1."
	at org.springframework.boot.logging.logback.LogbackLoggingSystem.reportConfigurationErrorsIfNecessary(LogbackLoggingSystem.java:289)
	at org.springframework.boot.logging.logback.LogbackLoggingSystem.loadConfiguration(LogbackLoggingSystem.java:267)
	at org.springframework.boot.logging.AbstractLoggingSystem.initializeWithConventions(AbstractLoggingSystem.java:81)
	at org.springframework.boot.logging.AbstractLoggingSystem.initialize(AbstractLoggingSystem.java:61)
	at org.springframework.boot.logging.logback.LogbackLoggingSystem.initialize(LogbackLoggingSystem.java:195)
	at org.springframework.boot.context.logging.LoggingApplicationListener.initializeSystem(LoggingApplicationListener.java:332)
	... 24 common frames omitted
	Suppressed: java.lang.NumberFormatException: For input string: "1."
		at java.base/java.lang.NumberFormatException.forInputString(NumberFormatException.java:67)
		at java.base/java.lang.Integer.parseInt(Integer.java:668)
		at java.base/java.lang.Integer.parseInt(Integer.java:786)
		at ch.qos.logback.classic.pattern.NamedConverter.start(NamedConverter.java:92)
		at ch.qos.logback.core.pattern.ConverterUtil.startConverters(ConverterUtil.java:37)
		at ch.qos.logback.core.pattern.PatternLayoutBase.start(PatternLayoutBase.java:148)
		at ch.qos.logback.classic.encoder.PatternLayoutEncoder.start(PatternLayoutEncoder.java:28)
		at ch.qos.logback.core.model.processor.ImplicitModelHandler.postHandleComplex(ImplicitModelHandler.java:207)
		at ch.qos.logback.core.model.processor.ImplicitModelHandler.postHandle(ImplicitModelHandler.java:186)
		at ch.qos.logback.core.model.processor.DefaultProcessor.secondPhaseTraverse(DefaultProcessor.java:257)
		at ch.qos.logback.core.model.processor.DefaultProcessor.secondPhaseTraverse(DefaultProcessor.java:253)
		at ch.qos.logback.core.model.processor.DefaultProcessor.secondPhaseTraverse(DefaultProcessor.java:253)
		at ch.qos.logback.core.model.processor.DefaultProcessor.traversalLoop(DefaultProcessor.java:90)
		at ch.qos.logback.core.model.processor.DefaultProcessor.process(DefaultProcessor.java:106)
		at ch.qos.logback.core.joran.GenericXMLConfigurator.processModel(GenericXMLConfigurator.java:222)
		at org.springframework.boot.logging.logback.SpringBootJoranConfigurator.processModel(SpringBootJoranConfigurator.java:136)
		at ch.qos.logback.core.joran.GenericXMLConfigurator.doConfigure(GenericXMLConfigurator.java:178)
		at ch.qos.logback.core.joran.GenericXMLConfigurator.doConfigure(GenericXMLConfigurator.java:123)
		at ch.qos.logback.core.joran.GenericXMLConfigurator.doConfigure(GenericXMLConfigurator.java:66)
		at org.springframework.boot.logging.logback.LogbackLoggingSystem.configureByResourceUrl(LogbackLoggingSystem.java:298)
		at org.springframework.boot.logging.logback.LogbackLoggingSystem.lambda$loadConfiguration$2(LogbackLoggingSystem.java:260)
		at org.springframework.boot.logging.logback.LogbackLoggingSystem.withLoggingSuppressed(LogbackLoggingSystem.java:481)
		at org.springframework.boot.logging.logback.LogbackLoggingSystem.loadConfiguration(LogbackLoggingSystem.java:252)
		... 28 common frames omitted
	Suppressed: java.lang.NumberFormatException: For input string: "1."
		at java.base/java.lang.NumberFormatException.forInputString(NumberFormatException.java:67)
		at java.base/java.lang.Integer.parseInt(Integer.java:668)
		at java.base/java.lang.Integer.parseInt(Integer.java:786)
		at ch.qos.logback.classic.pattern.NamedConverter.start(NamedConverter.java:92)
		at ch.qos.logback.core.pattern.ConverterUtil.startConverters(ConverterUtil.java:37)
		at ch.qos.logback.core.pattern.PatternLayoutBase.start(PatternLayoutBase.java:148)
		at ch.qos.logback.classic.encoder.PatternLayoutEncoder.start(PatternLayoutEncoder.java:28)
		at ch.qos.logback.core.model.processor.ImplicitModelHandler.postHandleComplex(ImplicitModelHandler.java:207)
		at ch.qos.logback.core.model.processor.ImplicitModelHandler.postHandle(ImplicitModelHandler.java:186)
		at ch.qos.logback.core.model.processor.DefaultProcessor.secondPhaseTraverse(DefaultProcessor.java:257)
		at ch.qos.logback.core.model.processor.DefaultProcessor.secondPhaseTraverse(DefaultProcessor.java:253)
		at ch.qos.logback.core.model.processor.DefaultProcessor.secondPhaseTraverse(DefaultProcessor.java:253)
		at ch.qos.logback.core.model.processor.DefaultProcessor.traversalLoop(DefaultProcessor.java:90)
		at ch.qos.logback.core.model.processor.DefaultProcessor.process(DefaultProcessor.java:106)
		at ch.qos.logback.core.joran.GenericXMLConfigurator.processModel(GenericXMLConfigurator.java:222)
		at org.springframework.boot.logging.logback.SpringBootJoranConfigurator.processModel(SpringBootJoranConfigurator.java:136)
		at ch.qos.logback.core.joran.GenericXMLConfigurator.doConfigure(GenericXMLConfigurator.java:178)
		at ch.qos.logback.core.joran.GenericXMLConfigurator.doConfigure(GenericXMLConfigurator.java:123)
		at ch.qos.logback.core.joran.GenericXMLConfigurator.doConfigure(GenericXMLConfigurator.java:66)
		at org.springframework.boot.logging.logback.LogbackLoggingSystem.configureByResourceUrl(LogbackLoggingSystem.java:298)
		at org.springframework.boot.logging.logback.LogbackLoggingSystem.lambda$loadConfiguration$2(LogbackLoggingSystem.java:260)
		at org.springframework.boot.logging.logback.LogbackLoggingSystem.withLoggingSuppressed(LogbackLoggingSystem.java:481)
		at org.springframework.boot.logging.logback.LogbackLoggingSystem.loadConfiguration(LogbackLoggingSystem.java:252)
		... 28 common frames omitted
2025-10-12 02:14:49,426 ERROR org.springframework.boot.SpringApplication [restartedMain] Application run failed
java.lang.IllegalStateException: java.lang.IllegalStateException: Logback configuration error detected: 
ERROR in ch.qos.logback.classic.pattern.ClassOfCallerConverter@451e80cc - failed to parse integer string [1.] java.lang.NumberFormatException: For input string: "1."
ERROR in ch.qos.logback.classic.pattern.ClassOfCallerConverter@2d1927bd - failed to parse integer string [1.] java.lang.NumberFormatException: For input string: "1."
	at org.springframework.boot.context.logging.LoggingApplicationListener.initializeSystem(LoggingApplicationListener.java:347)
	at org.springframework.boot.context.logging.LoggingApplicationListener.initialize(LoggingApplicationListener.java:298)
	at org.springframework.boot.context.logging.LoggingApplicationListener.onApplicationEnvironmentPreparedEvent(LoggingApplicationListener.java:246)
	at org.springframework.boot.context.logging.LoggingApplicationListener.onApplicationEvent(LoggingApplicationListener.java:223)
	at org.springframework.context.event.SimpleApplicationEventMulticaster.doInvokeListener(SimpleApplicationEventMulticaster.java:185)
	at org.springframework.context.event.SimpleApplicationEventMulticaster.invokeListener(SimpleApplicationEventMulticaster.java:178)
	at org.springframework.context.event.SimpleApplicationEventMulticaster.multicastEvent(SimpleApplicationEventMulticaster.java:156)
	at org.springframework.context.event.SimpleApplicationEventMulticaster.multicastEvent(SimpleApplicationEventMulticaster.java:138)
	at org.springframework.boot.context.event.EventPublishingRunListener.multicastInitialEvent(EventPublishingRunListener.java:136)
	at org.springframework.boot.context.event.EventPublishingRunListener.environmentPrepared(EventPublishingRunListener.java:81)
	at org.springframework.boot.SpringApplicationRunListeners.lambda$environmentPrepared$2(SpringApplicationRunListeners.java:64)
	at java.base/java.lang.Iterable.forEach(Iterable.java:75)
	at org.springframework.boot.SpringApplicationRunListeners.doWithListeners(SpringApplicationRunListeners.java:118)
	at org.springframework.boot.SpringApplicationRunListeners.doWithListeners(SpringApplicationRunListeners.java:112)
	at org.springframework.boot.SpringApplicationRunListeners.environmentPrepared(SpringApplicationRunListeners.java:63)
	at org.springframework.boot.SpringApplication.prepareEnvironment(SpringApplication.java:353)
	at org.springframework.boot.SpringApplication.run(SpringApplication.java:313)
	at org.springframework.boot.SpringApplication.run(SpringApplication.java:1361)
	at org.springframework.boot.SpringApplication.run(SpringApplication.java:1350)
	at com.aurionpro.papms.PaPmsApplication.main(PaPmsApplication.java:14)
	at java.base/jdk.internal.reflect.NativeMethodAccessorImpl.invoke0(Native Method)
	at java.base/jdk.internal.reflect.NativeMethodAccessorImpl.invoke(NativeMethodAccessorImpl.java:77)
	at java.base/jdk.internal.reflect.DelegatingMethodAccessorImpl.invoke(DelegatingMethodAccessorImpl.java:43)
	at java.base/java.lang.reflect.Method.invoke(Method.java:568)
	at org.springframework.boot.devtools.restart.RestartLauncher.run(RestartLauncher.java:50)
Caused by: java.lang.IllegalStateException: Logback configuration error detected: 
ERROR in ch.qos.logback.classic.pattern.ClassOfCallerConverter@451e80cc - failed to parse integer string [1.] java.lang.NumberFormatException: For input string: "1."
ERROR in ch.qos.logback.classic.pattern.ClassOfCallerConverter@2d1927bd - failed to parse integer string [1.] java.lang.NumberFormatException: For input string: "1."
	at org.springframework.boot.logging.logback.LogbackLoggingSystem.reportConfigurationErrorsIfNecessary(LogbackLoggingSystem.java:289)
	at org.springframework.boot.logging.logback.LogbackLoggingSystem.loadConfiguration(LogbackLoggingSystem.java:267)
	at org.springframework.boot.logging.AbstractLoggingSystem.initializeWithConventions(AbstractLoggingSystem.java:81)
	at org.springframework.boot.logging.AbstractLoggingSystem.initialize(AbstractLoggingSystem.java:61)
	at org.springframework.boot.logging.logback.LogbackLoggingSystem.initialize(LogbackLoggingSystem.java:195)
	at org.springframework.boot.context.logging.LoggingApplicationListener.initializeSystem(LoggingApplicationListener.java:332)
	... 24 common frames omitted
	Suppressed: java.lang.NumberFormatException: For input string: "1."
		at java.base/java.lang.NumberFormatException.forInputString(NumberFormatException.java:67)
		at java.base/java.lang.Integer.parseInt(Integer.java:668)
		at java.base/java.lang.Integer.parseInt(Integer.java:786)
		at ch.qos.logback.classic.pattern.NamedConverter.start(NamedConverter.java:92)
		at ch.qos.logback.core.pattern.ConverterUtil.startConverters(ConverterUtil.java:37)
		at ch.qos.logback.core.pattern.PatternLayoutBase.start(PatternLayoutBase.java:148)
		at ch.qos.logback.classic.encoder.PatternLayoutEncoder.start(PatternLayoutEncoder.java:28)
		at ch.qos.logback.core.model.processor.ImplicitModelHandler.postHandleComplex(ImplicitModelHandler.java:207)
		at ch.qos.logback.core.model.processor.ImplicitModelHandler.postHandle(ImplicitModelHandler.java:186)
		at ch.qos.logback.core.model.processor.DefaultProcessor.secondPhaseTraverse(DefaultProcessor.java:257)
		at ch.qos.logback.core.model.processor.DefaultProcessor.secondPhaseTraverse(DefaultProcessor.java:253)
		at ch.qos.logback.core.model.processor.DefaultProcessor.secondPhaseTraverse(DefaultProcessor.java:253)
		at ch.qos.logback.core.model.processor.DefaultProcessor.traversalLoop(DefaultProcessor.java:90)
		at ch.qos.logback.core.model.processor.DefaultProcessor.process(DefaultProcessor.java:106)
		at ch.qos.logback.core.joran.GenericXMLConfigurator.processModel(GenericXMLConfigurator.java:222)
		at org.springframework.boot.logging.logback.SpringBootJoranConfigurator.processModel(SpringBootJoranConfigurator.java:136)
		at ch.qos.logback.core.joran.GenericXMLConfigurator.doConfigure(GenericXMLConfigurator.java:178)
		at ch.qos.logback.core.joran.GenericXMLConfigurator.doConfigure(GenericXMLConfigurator.java:123)
		at ch.qos.logback.core.joran.GenericXMLConfigurator.doConfigure(GenericXMLConfigurator.java:66)
		at org.springframework.boot.logging.logback.LogbackLoggingSystem.configureByResourceUrl(LogbackLoggingSystem.java:298)
		at org.springframework.boot.logging.logback.LogbackLoggingSystem.lambda$loadConfiguration$2(LogbackLoggingSystem.java:260)
		at org.springframework.boot.logging.logback.LogbackLoggingSystem.withLoggingSuppressed(LogbackLoggingSystem.java:481)
		at org.springframework.boot.logging.logback.LogbackLoggingSystem.loadConfiguration(LogbackLoggingSystem.java:252)
		... 28 common frames omitted
	Suppressed: java.lang.NumberFormatException: For input string: "1."
		at java.base/java.lang.NumberFormatException.forInputString(NumberFormatException.java:67)
		at java.base/java.lang.Integer.parseInt(Integer.java:668)
		at java.base/java.lang.Integer.parseInt(Integer.java:786)
		at ch.qos.logback.classic.pattern.NamedConverter.start(NamedConverter.java:92)
		at ch.qos.logback.core.pattern.ConverterUtil.startConverters(ConverterUtil.java:37)
		at ch.qos.logback.core.pattern.PatternLayoutBase.start(PatternLayoutBase.java:148)
		at ch.qos.logback.classic.encoder.PatternLayoutEncoder.start(PatternLayoutEncoder.java:28)
		at ch.qos.logback.core.model.processor.ImplicitModelHandler.postHandleComplex(ImplicitModelHandler.java:207)
		at ch.qos.logback.core.model.processor.ImplicitModelHandler.postHandle(ImplicitModelHandler.java:186)
		at ch.qos.logback.core.model.processor.DefaultProcessor.secondPhaseTraverse(DefaultProcessor.java:257)
		at ch.qos.logback.core.model.processor.DefaultProcessor.secondPhaseTraverse(DefaultProcessor.java:253)
		at ch.qos.logback.core.model.processor.DefaultProcessor.secondPhaseTraverse(DefaultProcessor.java:253)
		at ch.qos.logback.core.model.processor.DefaultProcessor.traversalLoop(DefaultProcessor.java:90)
		at ch.qos.logback.core.model.processor.DefaultProcessor.process(DefaultProcessor.java:106)
		at ch.qos.logback.core.joran.GenericXMLConfigurator.processModel(GenericXMLConfigurator.java:222)
		at org.springframework.boot.logging.logback.SpringBootJoranConfigurator.processModel(SpringBootJoranConfigurator.java:136)
		at ch.qos.logback.core.joran.GenericXMLConfigurator.doConfigure(GenericXMLConfigurator.java:178)
		at ch.qos.logback.core.joran.GenericXMLConfigurator.doConfigure(GenericXMLConfigurator.java:123)
		at ch.qos.logback.core.joran.GenericXMLConfigurator.doConfigure(GenericXMLConfigurator.java:66)
		at org.springframework.boot.logging.logback.LogbackLoggingSystem.configureByResourceUrl(LogbackLoggingSystem.java:298)
		at org.springframework.boot.logging.logback.LogbackLoggingSystem.lambda$loadConfiguration$2(LogbackLoggingSystem.java:260)
		at org.springframework.boot.logging.logback.LogbackLoggingSystem.withLoggingSuppressed(LogbackLoggingSystem.java:481)
		at org.springframework.boot.logging.logback.LogbackLoggingSystem.loadConfiguration(LogbackLoggingSystem.java:252)
		... 28 common frames omitted
2025-10-12 02:15:04,356 ERROR org.springframework.boot.SpringApplication [restartedMain] Application run failed
java.lang.IllegalStateException: java.lang.IllegalStateException: Logback configuration error detected: 
ERROR in ch.qos.logback.classic.pattern.ClassOfCallerConverter@58100011 - failed to parse integer string [1.] java.lang.NumberFormatException: For input string: "1."
ERROR in ch.qos.logback.classic.pattern.ClassOfCallerConverter@120dfde1 - failed to parse integer string [1.] java.lang.NumberFormatException: For input string: "1."
	at org.springframework.boot.context.logging.LoggingApplicationListener.initializeSystem(LoggingApplicationListener.java:347)
	at org.springframework.boot.context.logging.LoggingApplicationListener.initialize(LoggingApplicationListener.java:298)
	at org.springframework.boot.context.logging.LoggingApplicationListener.onApplicationEnvironmentPreparedEvent(LoggingApplicationListener.java:246)
	at org.springframework.boot.context.logging.LoggingApplicationListener.onApplicationEvent(LoggingApplicationListener.java:223)
	at org.springframework.context.event.SimpleApplicationEventMulticaster.doInvokeListener(SimpleApplicationEventMulticaster.java:185)
	at org.springframework.context.event.SimpleApplicationEventMulticaster.invokeListener(SimpleApplicationEventMulticaster.java:178)
	at org.springframework.context.event.SimpleApplicationEventMulticaster.multicastEvent(SimpleApplicationEventMulticaster.java:156)
	at org.springframework.context.event.SimpleApplicationEventMulticaster.multicastEvent(SimpleApplicationEventMulticaster.java:138)
	at org.springframework.boot.context.event.EventPublishingRunListener.multicastInitialEvent(EventPublishingRunListener.java:136)
	at org.springframework.boot.context.event.EventPublishingRunListener.environmentPrepared(EventPublishingRunListener.java:81)
	at org.springframework.boot.SpringApplicationRunListeners.lambda$environmentPrepared$2(SpringApplicationRunListeners.java:64)
	at java.base/java.lang.Iterable.forEach(Iterable.java:75)
	at org.springframework.boot.SpringApplicationRunListeners.doWithListeners(SpringApplicationRunListeners.java:118)
	at org.springframework.boot.SpringApplicationRunListeners.doWithListeners(SpringApplicationRunListeners.java:112)
	at org.springframework.boot.SpringApplicationRunListeners.environmentPrepared(SpringApplicationRunListeners.java:63)
	at org.springframework.boot.SpringApplication.prepareEnvironment(SpringApplication.java:353)
	at org.springframework.boot.SpringApplication.run(SpringApplication.java:313)
	at org.springframework.boot.SpringApplication.run(SpringApplication.java:1361)
	at org.springframework.boot.SpringApplication.run(SpringApplication.java:1350)
	at com.aurionpro.papms.PaPmsApplication.main(PaPmsApplication.java:14)
	at java.base/jdk.internal.reflect.NativeMethodAccessorImpl.invoke0(Native Method)
	at java.base/jdk.internal.reflect.NativeMethodAccessorImpl.invoke(NativeMethodAccessorImpl.java:77)
	at java.base/jdk.internal.reflect.DelegatingMethodAccessorImpl.invoke(DelegatingMethodAccessorImpl.java:43)
	at java.base/java.lang.reflect.Method.invoke(Method.java:568)
	at org.springframework.boot.devtools.restart.RestartLauncher.run(RestartLauncher.java:50)
Caused by: java.lang.IllegalStateException: Logback configuration error detected: 
ERROR in ch.qos.logback.classic.pattern.ClassOfCallerConverter@58100011 - failed to parse integer string [1.] java.lang.NumberFormatException: For input string: "1."
ERROR in ch.qos.logback.classic.pattern.ClassOfCallerConverter@120dfde1 - failed to parse integer string [1.] java.lang.NumberFormatException: For input string: "1."
	at org.springframework.boot.logging.logback.LogbackLoggingSystem.reportConfigurationErrorsIfNecessary(LogbackLoggingSystem.java:289)
	at org.springframework.boot.logging.logback.LogbackLoggingSystem.loadConfiguration(LogbackLoggingSystem.java:267)
	at org.springframework.boot.logging.AbstractLoggingSystem.initializeWithConventions(AbstractLoggingSystem.java:81)
	at org.springframework.boot.logging.AbstractLoggingSystem.initialize(AbstractLoggingSystem.java:61)
	at org.springframework.boot.logging.logback.LogbackLoggingSystem.initialize(LogbackLoggingSystem.java:195)
	at org.springframework.boot.context.logging.LoggingApplicationListener.initializeSystem(LoggingApplicationListener.java:332)
	... 24 common frames omitted
	Suppressed: java.lang.NumberFormatException: For input string: "1."
		at java.base/java.lang.NumberFormatException.forInputString(NumberFormatException.java:67)
		at java.base/java.lang.Integer.parseInt(Integer.java:668)
		at java.base/java.lang.Integer.parseInt(Integer.java:786)
		at ch.qos.logback.classic.pattern.NamedConverter.start(NamedConverter.java:92)
		at ch.qos.logback.core.pattern.ConverterUtil.startConverters(ConverterUtil.java:37)
		at ch.qos.logback.core.pattern.PatternLayoutBase.start(PatternLayoutBase.java:148)
		at ch.qos.logback.classic.encoder.PatternLayoutEncoder.start(PatternLayoutEncoder.java:28)
		at ch.qos.logback.core.model.processor.ImplicitModelHandler.postHandleComplex(ImplicitModelHandler.java:207)
		at ch.qos.logback.core.model.processor.ImplicitModelHandler.postHandle(ImplicitModelHandler.java:186)
		at ch.qos.logback.core.model.processor.DefaultProcessor.secondPhaseTraverse(DefaultProcessor.java:257)
		at ch.qos.logback.core.model.processor.DefaultProcessor.secondPhaseTraverse(DefaultProcessor.java:253)
		at ch.qos.logback.core.model.processor.DefaultProcessor.secondPhaseTraverse(DefaultProcessor.java:253)
		at ch.qos.logback.core.model.processor.DefaultProcessor.traversalLoop(DefaultProcessor.java:90)
		at ch.qos.logback.core.model.processor.DefaultProcessor.process(DefaultProcessor.java:106)
		at ch.qos.logback.core.joran.GenericXMLConfigurator.processModel(GenericXMLConfigurator.java:222)
		at org.springframework.boot.logging.logback.SpringBootJoranConfigurator.processModel(SpringBootJoranConfigurator.java:136)
		at ch.qos.logback.core.joran.GenericXMLConfigurator.doConfigure(GenericXMLConfigurator.java:178)
		at ch.qos.logback.core.joran.GenericXMLConfigurator.doConfigure(GenericXMLConfigurator.java:123)
		at ch.qos.logback.core.joran.GenericXMLConfigurator.doConfigure(GenericXMLConfigurator.java:66)
		at org.springframework.boot.logging.logback.LogbackLoggingSystem.configureByResourceUrl(LogbackLoggingSystem.java:298)
		at org.springframework.boot.logging.logback.LogbackLoggingSystem.lambda$loadConfiguration$2(LogbackLoggingSystem.java:260)
		at org.springframework.boot.logging.logback.LogbackLoggingSystem.withLoggingSuppressed(LogbackLoggingSystem.java:481)
		at org.springframework.boot.logging.logback.LogbackLoggingSystem.loadConfiguration(LogbackLoggingSystem.java:252)
		... 28 common frames omitted
	Suppressed: java.lang.NumberFormatException: For input string: "1."
		at java.base/java.lang.NumberFormatException.forInputString(NumberFormatException.java:67)
		at java.base/java.lang.Integer.parseInt(Integer.java:668)
		at java.base/java.lang.Integer.parseInt(Integer.java:786)
		at ch.qos.logback.classic.pattern.NamedConverter.start(NamedConverter.java:92)
		at ch.qos.logback.core.pattern.ConverterUtil.startConverters(ConverterUtil.java:37)
		at ch.qos.logback.core.pattern.PatternLayoutBase.start(PatternLayoutBase.java:148)
		at ch.qos.logback.classic.encoder.PatternLayoutEncoder.start(PatternLayoutEncoder.java:28)
		at ch.qos.logback.core.model.processor.ImplicitModelHandler.postHandleComplex(ImplicitModelHandler.java:207)
		at ch.qos.logback.core.model.processor.ImplicitModelHandler.postHandle(ImplicitModelHandler.java:186)
		at ch.qos.logback.core.model.processor.DefaultProcessor.secondPhaseTraverse(DefaultProcessor.java:257)
		at ch.qos.logback.core.model.processor.DefaultProcessor.secondPhaseTraverse(DefaultProcessor.java:253)
		at ch.qos.logback.core.model.processor.DefaultProcessor.secondPhaseTraverse(DefaultProcessor.java:253)
		at ch.qos.logback.core.model.processor.DefaultProcessor.traversalLoop(DefaultProcessor.java:90)
		at ch.qos.logback.core.model.processor.DefaultProcessor.process(DefaultProcessor.java:106)
		at ch.qos.logback.core.joran.GenericXMLConfigurator.processModel(GenericXMLConfigurator.java:222)
		at org.springframework.boot.logging.logback.SpringBootJoranConfigurator.processModel(SpringBootJoranConfigurator.java:136)
		at ch.qos.logback.core.joran.GenericXMLConfigurator.doConfigure(GenericXMLConfigurator.java:178)
		at ch.qos.logback.core.joran.GenericXMLConfigurator.doConfigure(GenericXMLConfigurator.java:123)
		at ch.qos.logback.core.joran.GenericXMLConfigurator.doConfigure(GenericXMLConfigurator.java:66)
		at org.springframework.boot.logging.logback.LogbackLoggingSystem.configureByResourceUrl(LogbackLoggingSystem.java:298)
		at org.springframework.boot.logging.logback.LogbackLoggingSystem.lambda$loadConfiguration$2(LogbackLoggingSystem.java:260)
		at org.springframework.boot.logging.logback.LogbackLoggingSystem.withLoggingSuppressed(LogbackLoggingSystem.java:481)
		at org.springframework.boot.logging.logback.LogbackLoggingSystem.loadConfiguration(LogbackLoggingSystem.java:252)
		... 28 common frames omitted
2025-10-12 02:15:06,903 ERROR org.springframework.boot.SpringApplication [restartedMain] Application run failed
java.lang.IllegalStateException: java.lang.IllegalStateException: Logback configuration error detected: 
ERROR in ch.qos.logback.classic.pattern.ClassOfCallerConverter@46e7821c - failed to parse integer string [1.] java.lang.NumberFormatException: For input string: "1."
ERROR in ch.qos.logback.classic.pattern.ClassOfCallerConverter@212a1e7e - failed to parse integer string [1.] java.lang.NumberFormatException: For input string: "1."
	at org.springframework.boot.context.logging.LoggingApplicationListener.initializeSystem(LoggingApplicationListener.java:347)
	at org.springframework.boot.context.logging.LoggingApplicationListener.initialize(LoggingApplicationListener.java:298)
	at org.springframework.boot.context.logging.LoggingApplicationListener.onApplicationEnvironmentPreparedEvent(LoggingApplicationListener.java:246)
	at org.springframework.boot.context.logging.LoggingApplicationListener.onApplicationEvent(LoggingApplicationListener.java:223)
	at org.springframework.context.event.SimpleApplicationEventMulticaster.doInvokeListener(SimpleApplicationEventMulticaster.java:185)
	at org.springframework.context.event.SimpleApplicationEventMulticaster.invokeListener(SimpleApplicationEventMulticaster.java:178)
	at org.springframework.context.event.SimpleApplicationEventMulticaster.multicastEvent(SimpleApplicationEventMulticaster.java:156)
	at org.springframework.context.event.SimpleApplicationEventMulticaster.multicastEvent(SimpleApplicationEventMulticaster.java:138)
	at org.springframework.boot.context.event.EventPublishingRunListener.multicastInitialEvent(EventPublishingRunListener.java:136)
	at org.springframework.boot.context.event.EventPublishingRunListener.environmentPrepared(EventPublishingRunListener.java:81)
	at org.springframework.boot.SpringApplicationRunListeners.lambda$environmentPrepared$2(SpringApplicationRunListeners.java:64)
	at java.base/java.lang.Iterable.forEach(Iterable.java:75)
	at org.springframework.boot.SpringApplicationRunListeners.doWithListeners(SpringApplicationRunListeners.java:118)
	at org.springframework.boot.SpringApplicationRunListeners.doWithListeners(SpringApplicationRunListeners.java:112)
	at org.springframework.boot.SpringApplicationRunListeners.environmentPrepared(SpringApplicationRunListeners.java:63)
	at org.springframework.boot.SpringApplication.prepareEnvironment(SpringApplication.java:353)
	at org.springframework.boot.SpringApplication.run(SpringApplication.java:313)
	at org.springframework.boot.SpringApplication.run(SpringApplication.java:1361)
	at org.springframework.boot.SpringApplication.run(SpringApplication.java:1350)
	at com.aurionpro.papms.PaPmsApplication.main(PaPmsApplication.java:14)
	at java.base/jdk.internal.reflect.NativeMethodAccessorImpl.invoke0(Native Method)
	at java.base/jdk.internal.reflect.NativeMethodAccessorImpl.invoke(NativeMethodAccessorImpl.java:77)
	at java.base/jdk.internal.reflect.DelegatingMethodAccessorImpl.invoke(DelegatingMethodAccessorImpl.java:43)
	at java.base/java.lang.reflect.Method.invoke(Method.java:568)
	at org.springframework.boot.devtools.restart.RestartLauncher.run(RestartLauncher.java:50)
Caused by: java.lang.IllegalStateException: Logback configuration error detected: 
ERROR in ch.qos.logback.classic.pattern.ClassOfCallerConverter@46e7821c - failed to parse integer string [1.] java.lang.NumberFormatException: For input string: "1."
ERROR in ch.qos.logback.classic.pattern.ClassOfCallerConverter@212a1e7e - failed to parse integer string [1.] java.lang.NumberFormatException: For input string: "1."
	at org.springframework.boot.logging.logback.LogbackLoggingSystem.reportConfigurationErrorsIfNecessary(LogbackLoggingSystem.java:289)
	at org.springframework.boot.logging.logback.LogbackLoggingSystem.loadConfiguration(LogbackLoggingSystem.java:267)
	at org.springframework.boot.logging.AbstractLoggingSystem.initializeWithConventions(AbstractLoggingSystem.java:81)
	at org.springframework.boot.logging.AbstractLoggingSystem.initialize(AbstractLoggingSystem.java:61)
	at org.springframework.boot.logging.logback.LogbackLoggingSystem.initialize(LogbackLoggingSystem.java:195)
	at org.springframework.boot.context.logging.LoggingApplicationListener.initializeSystem(LoggingApplicationListener.java:332)
	... 24 common frames omitted
	Suppressed: java.lang.NumberFormatException: For input string: "1."
		at java.base/java.lang.NumberFormatException.forInputString(NumberFormatException.java:67)
		at java.base/java.lang.Integer.parseInt(Integer.java:668)
		at java.base/java.lang.Integer.parseInt(Integer.java:786)
		at ch.qos.logback.classic.pattern.NamedConverter.start(NamedConverter.java:92)
		at ch.qos.logback.core.pattern.ConverterUtil.startConverters(ConverterUtil.java:37)
		at ch.qos.logback.core.pattern.PatternLayoutBase.start(PatternLayoutBase.java:148)
		at ch.qos.logback.classic.encoder.PatternLayoutEncoder.start(PatternLayoutEncoder.java:28)
		at ch.qos.logback.core.model.processor.ImplicitModelHandler.postHandleComplex(ImplicitModelHandler.java:207)
		at ch.qos.logback.core.model.processor.ImplicitModelHandler.postHandle(ImplicitModelHandler.java:186)
		at ch.qos.logback.core.model.processor.DefaultProcessor.secondPhaseTraverse(DefaultProcessor.java:257)
		at ch.qos.logback.core.model.processor.DefaultProcessor.secondPhaseTraverse(DefaultProcessor.java:253)
		at ch.qos.logback.core.model.processor.DefaultProcessor.secondPhaseTraverse(DefaultProcessor.java:253)
		at ch.qos.logback.core.model.processor.DefaultProcessor.traversalLoop(DefaultProcessor.java:90)
		at ch.qos.logback.core.model.processor.DefaultProcessor.process(DefaultProcessor.java:106)
		at ch.qos.logback.core.joran.GenericXMLConfigurator.processModel(GenericXMLConfigurator.java:222)
		at org.springframework.boot.logging.logback.SpringBootJoranConfigurator.processModel(SpringBootJoranConfigurator.java:136)
		at ch.qos.logback.core.joran.GenericXMLConfigurator.doConfigure(GenericXMLConfigurator.java:178)
		at ch.qos.logback.core.joran.GenericXMLConfigurator.doConfigure(GenericXMLConfigurator.java:123)
		at ch.qos.logback.core.joran.GenericXMLConfigurator.doConfigure(GenericXMLConfigurator.java:66)
		at org.springframework.boot.logging.logback.LogbackLoggingSystem.configureByResourceUrl(LogbackLoggingSystem.java:298)
		at org.springframework.boot.logging.logback.LogbackLoggingSystem.lambda$loadConfiguration$2(LogbackLoggingSystem.java:260)
		at org.springframework.boot.logging.logback.LogbackLoggingSystem.withLoggingSuppressed(LogbackLoggingSystem.java:481)
		at org.springframework.boot.logging.logback.LogbackLoggingSystem.loadConfiguration(LogbackLoggingSystem.java:252)
		... 28 common frames omitted
	Suppressed: java.lang.NumberFormatException: For input string: "1."
		at java.base/java.lang.NumberFormatException.forInputString(NumberFormatException.java:67)
		at java.base/java.lang.Integer.parseInt(Integer.java:668)
		at java.base/java.lang.Integer.parseInt(Integer.java:786)
		at ch.qos.logback.classic.pattern.NamedConverter.start(NamedConverter.java:92)
		at ch.qos.logback.core.pattern.ConverterUtil.startConverters(ConverterUtil.java:37)
		at ch.qos.logback.core.pattern.PatternLayoutBase.start(PatternLayoutBase.java:148)
		at ch.qos.logback.classic.encoder.PatternLayoutEncoder.start(PatternLayoutEncoder.java:28)
		at ch.qos.logback.core.model.processor.ImplicitModelHandler.postHandleComplex(ImplicitModelHandler.java:207)
		at ch.qos.logback.core.model.processor.ImplicitModelHandler.postHandle(ImplicitModelHandler.java:186)
		at ch.qos.logback.core.model.processor.DefaultProcessor.secondPhaseTraverse(DefaultProcessor.java:257)
		at ch.qos.logback.core.model.processor.DefaultProcessor.secondPhaseTraverse(DefaultProcessor.java:253)
		at ch.qos.logback.core.model.processor.DefaultProcessor.secondPhaseTraverse(DefaultProcessor.java:253)
		at ch.qos.logback.core.model.processor.DefaultProcessor.traversalLoop(DefaultProcessor.java:90)
		at ch.qos.logback.core.model.processor.DefaultProcessor.process(DefaultProcessor.java:106)
		at ch.qos.logback.core.joran.GenericXMLConfigurator.processModel(GenericXMLConfigurator.java:222)
		at org.springframework.boot.logging.logback.SpringBootJoranConfigurator.processModel(SpringBootJoranConfigurator.java:136)
		at ch.qos.logback.core.joran.GenericXMLConfigurator.doConfigure(GenericXMLConfigurator.java:178)
		at ch.qos.logback.core.joran.GenericXMLConfigurator.doConfigure(GenericXMLConfigurator.java:123)
		at ch.qos.logback.core.joran.GenericXMLConfigurator.doConfigure(GenericXMLConfigurator.java:66)
		at org.springframework.boot.logging.logback.LogbackLoggingSystem.configureByResourceUrl(LogbackLoggingSystem.java:298)
		at org.springframework.boot.logging.logback.LogbackLoggingSystem.lambda$loadConfiguration$2(LogbackLoggingSystem.java:260)
		at org.springframework.boot.logging.logback.LogbackLoggingSystem.withLoggingSuppressed(LogbackLoggingSystem.java:481)
		at org.springframework.boot.logging.logback.LogbackLoggingSystem.loadConfiguration(LogbackLoggingSystem.java:252)
		... 28 common frames omitted
2025-10-12 02:15:34,029 ERROR org.springframework.boot.SpringApplication [restartedMain] Application run failed
java.lang.IllegalStateException: java.lang.IllegalStateException: Logback configuration error detected: 
ERROR in ch.qos.logback.classic.pattern.ClassOfCallerConverter@987112c - failed to parse integer string [1.] java.lang.NumberFormatException: For input string: "1."
ERROR in ch.qos.logback.classic.pattern.ClassOfCallerConverter@38c08fad - failed to parse integer string [1.] java.lang.NumberFormatException: For input string: "1."
	at org.springframework.boot.context.logging.LoggingApplicationListener.initializeSystem(LoggingApplicationListener.java:347)
	at org.springframework.boot.context.logging.LoggingApplicationListener.initialize(LoggingApplicationListener.java:298)
	at org.springframework.boot.context.logging.LoggingApplicationListener.onApplicationEnvironmentPreparedEvent(LoggingApplicationListener.java:246)
	at org.springframework.boot.context.logging.LoggingApplicationListener.onApplicationEvent(LoggingApplicationListener.java:223)
	at org.springframework.context.event.SimpleApplicationEventMulticaster.doInvokeListener(SimpleApplicationEventMulticaster.java:185)
	at org.springframework.context.event.SimpleApplicationEventMulticaster.invokeListener(SimpleApplicationEventMulticaster.java:178)
	at org.springframework.context.event.SimpleApplicationEventMulticaster.multicastEvent(SimpleApplicationEventMulticaster.java:156)
	at org.springframework.context.event.SimpleApplicationEventMulticaster.multicastEvent(SimpleApplicationEventMulticaster.java:138)
	at org.springframework.boot.context.event.EventPublishingRunListener.multicastInitialEvent(EventPublishingRunListener.java:136)
	at org.springframework.boot.context.event.EventPublishingRunListener.environmentPrepared(EventPublishingRunListener.java:81)
	at org.springframework.boot.SpringApplicationRunListeners.lambda$environmentPrepared$2(SpringApplicationRunListeners.java:64)
	at java.base/java.lang.Iterable.forEach(Iterable.java:75)
	at org.springframework.boot.SpringApplicationRunListeners.doWithListeners(SpringApplicationRunListeners.java:118)
	at org.springframework.boot.SpringApplicationRunListeners.doWithListeners(SpringApplicationRunListeners.java:112)
	at org.springframework.boot.SpringApplicationRunListeners.environmentPrepared(SpringApplicationRunListeners.java:63)
	at org.springframework.boot.SpringApplication.prepareEnvironment(SpringApplication.java:353)
	at org.springframework.boot.SpringApplication.run(SpringApplication.java:313)
	at org.springframework.boot.SpringApplication.run(SpringApplication.java:1361)
	at org.springframework.boot.SpringApplication.run(SpringApplication.java:1350)
	at com.aurionpro.papms.PaPmsApplication.main(PaPmsApplication.java:14)
	at java.base/jdk.internal.reflect.NativeMethodAccessorImpl.invoke0(Native Method)
	at java.base/jdk.internal.reflect.NativeMethodAccessorImpl.invoke(NativeMethodAccessorImpl.java:77)
	at java.base/jdk.internal.reflect.DelegatingMethodAccessorImpl.invoke(DelegatingMethodAccessorImpl.java:43)
	at java.base/java.lang.reflect.Method.invoke(Method.java:568)
	at org.springframework.boot.devtools.restart.RestartLauncher.run(RestartLauncher.java:50)
Caused by: java.lang.IllegalStateException: Logback configuration error detected: 
ERROR in ch.qos.logback.classic.pattern.ClassOfCallerConverter@987112c - failed to parse integer string [1.] java.lang.NumberFormatException: For input string: "1."
ERROR in ch.qos.logback.classic.pattern.ClassOfCallerConverter@38c08fad - failed to parse integer string [1.] java.lang.NumberFormatException: For input string: "1."
	at org.springframework.boot.logging.logback.LogbackLoggingSystem.reportConfigurationErrorsIfNecessary(LogbackLoggingSystem.java:289)
	at org.springframework.boot.logging.logback.LogbackLoggingSystem.loadConfiguration(LogbackLoggingSystem.java:267)
	at org.springframework.boot.logging.AbstractLoggingSystem.initializeWithConventions(AbstractLoggingSystem.java:81)
	at org.springframework.boot.logging.AbstractLoggingSystem.initialize(AbstractLoggingSystem.java:61)
	at org.springframework.boot.logging.logback.LogbackLoggingSystem.initialize(LogbackLoggingSystem.java:195)
	at org.springframework.boot.context.logging.LoggingApplicationListener.initializeSystem(LoggingApplicationListener.java:332)
	... 24 common frames omitted
	Suppressed: java.lang.NumberFormatException: For input string: "1."
		at java.base/java.lang.NumberFormatException.forInputString(NumberFormatException.java:67)
		at java.base/java.lang.Integer.parseInt(Integer.java:668)
		at java.base/java.lang.Integer.parseInt(Integer.java:786)
		at ch.qos.logback.classic.pattern.NamedConverter.start(NamedConverter.java:92)
		at ch.qos.logback.core.pattern.ConverterUtil.startConverters(ConverterUtil.java:37)
		at ch.qos.logback.core.pattern.PatternLayoutBase.start(PatternLayoutBase.java:148)
		at ch.qos.logback.classic.encoder.PatternLayoutEncoder.start(PatternLayoutEncoder.java:28)
		at ch.qos.logback.core.model.processor.ImplicitModelHandler.postHandleComplex(ImplicitModelHandler.java:207)
		at ch.qos.logback.core.model.processor.ImplicitModelHandler.postHandle(ImplicitModelHandler.java:186)
		at ch.qos.logback.core.model.processor.DefaultProcessor.secondPhaseTraverse(DefaultProcessor.java:257)
		at ch.qos.logback.core.model.processor.DefaultProcessor.secondPhaseTraverse(DefaultProcessor.java:253)
		at ch.qos.logback.core.model.processor.DefaultProcessor.secondPhaseTraverse(DefaultProcessor.java:253)
		at ch.qos.logback.core.model.processor.DefaultProcessor.traversalLoop(DefaultProcessor.java:90)
		at ch.qos.logback.core.model.processor.DefaultProcessor.process(DefaultProcessor.java:106)
		at ch.qos.logback.core.joran.GenericXMLConfigurator.processModel(GenericXMLConfigurator.java:222)
		at org.springframework.boot.logging.logback.SpringBootJoranConfigurator.processModel(SpringBootJoranConfigurator.java:136)
		at ch.qos.logback.core.joran.GenericXMLConfigurator.doConfigure(GenericXMLConfigurator.java:178)
		at ch.qos.logback.core.joran.GenericXMLConfigurator.doConfigure(GenericXMLConfigurator.java:123)
		at ch.qos.logback.core.joran.GenericXMLConfigurator.doConfigure(GenericXMLConfigurator.java:66)
		at org.springframework.boot.logging.logback.LogbackLoggingSystem.configureByResourceUrl(LogbackLoggingSystem.java:298)
		at org.springframework.boot.logging.logback.LogbackLoggingSystem.lambda$loadConfiguration$2(LogbackLoggingSystem.java:260)
		at org.springframework.boot.logging.logback.LogbackLoggingSystem.withLoggingSuppressed(LogbackLoggingSystem.java:481)
		at org.springframework.boot.logging.logback.LogbackLoggingSystem.loadConfiguration(LogbackLoggingSystem.java:252)
		... 28 common frames omitted
	Suppressed: java.lang.NumberFormatException: For input string: "1."
		at java.base/java.lang.NumberFormatException.forInputString(NumberFormatException.java:67)
		at java.base/java.lang.Integer.parseInt(Integer.java:668)
		at java.base/java.lang.Integer.parseInt(Integer.java:786)
		at ch.qos.logback.classic.pattern.NamedConverter.start(NamedConverter.java:92)
		at ch.qos.logback.core.pattern.ConverterUtil.startConverters(ConverterUtil.java:37)
		at ch.qos.logback.core.pattern.PatternLayoutBase.start(PatternLayoutBase.java:148)
		at ch.qos.logback.classic.encoder.PatternLayoutEncoder.start(PatternLayoutEncoder.java:28)
		at ch.qos.logback.core.model.processor.ImplicitModelHandler.postHandleComplex(ImplicitModelHandler.java:207)
		at ch.qos.logback.core.model.processor.ImplicitModelHandler.postHandle(ImplicitModelHandler.java:186)
		at ch.qos.logback.core.model.processor.DefaultProcessor.secondPhaseTraverse(DefaultProcessor.java:257)
		at ch.qos.logback.core.model.processor.DefaultProcessor.secondPhaseTraverse(DefaultProcessor.java:253)
		at ch.qos.logback.core.model.processor.DefaultProcessor.secondPhaseTraverse(DefaultProcessor.java:253)
		at ch.qos.logback.core.model.processor.DefaultProcessor.traversalLoop(DefaultProcessor.java:90)
		at ch.qos.logback.core.model.processor.DefaultProcessor.process(DefaultProcessor.java:106)
		at ch.qos.logback.core.joran.GenericXMLConfigurator.processModel(GenericXMLConfigurator.java:222)
		at org.springframework.boot.logging.logback.SpringBootJoranConfigurator.processModel(SpringBootJoranConfigurator.java:136)
		at ch.qos.logback.core.joran.GenericXMLConfigurator.doConfigure(GenericXMLConfigurator.java:178)
		at ch.qos.logback.core.joran.GenericXMLConfigurator.doConfigure(GenericXMLConfigurator.java:123)
		at ch.qos.logback.core.joran.GenericXMLConfigurator.doConfigure(GenericXMLConfigurator.java:66)
		at org.springframework.boot.logging.logback.LogbackLoggingSystem.configureByResourceUrl(LogbackLoggingSystem.java:298)
		at org.springframework.boot.logging.logback.LogbackLoggingSystem.lambda$loadConfiguration$2(LogbackLoggingSystem.java:260)
		at org.springframework.boot.logging.logback.LogbackLoggingSystem.withLoggingSuppressed(LogbackLoggingSystem.java:481)
		at org.springframework.boot.logging.logback.LogbackLoggingSystem.loadConfiguration(LogbackLoggingSystem.java:252)
		... 28 common frames omitted
2025-10-12 02:15:42,781 ERROR org.springframework.boot.SpringApplication [restartedMain] Application run failed
java.lang.IllegalStateException: java.lang.IllegalStateException: Logback configuration error detected: 
ERROR in ch.qos.logback.classic.pattern.ClassOfCallerConverter@48507174 - failed to parse integer string [1.] java.lang.NumberFormatException: For input string: "1."
ERROR in ch.qos.logback.classic.pattern.ClassOfCallerConverter@48f4b4d2 - failed to parse integer string [1.] java.lang.NumberFormatException: For input string: "1."
	at org.springframework.boot.context.logging.LoggingApplicationListener.initializeSystem(LoggingApplicationListener.java:347)
	at org.springframework.boot.context.logging.LoggingApplicationListener.initialize(LoggingApplicationListener.java:298)
	at org.springframework.boot.context.logging.LoggingApplicationListener.onApplicationEnvironmentPreparedEvent(LoggingApplicationListener.java:246)
	at org.springframework.boot.context.logging.LoggingApplicationListener.onApplicationEvent(LoggingApplicationListener.java:223)
	at org.springframework.context.event.SimpleApplicationEventMulticaster.doInvokeListener(SimpleApplicationEventMulticaster.java:185)
	at org.springframework.context.event.SimpleApplicationEventMulticaster.invokeListener(SimpleApplicationEventMulticaster.java:178)
	at org.springframework.context.event.SimpleApplicationEventMulticaster.multicastEvent(SimpleApplicationEventMulticaster.java:156)
	at org.springframework.context.event.SimpleApplicationEventMulticaster.multicastEvent(SimpleApplicationEventMulticaster.java:138)
	at org.springframework.boot.context.event.EventPublishingRunListener.multicastInitialEvent(EventPublishingRunListener.java:136)
	at org.springframework.boot.context.event.EventPublishingRunListener.environmentPrepared(EventPublishingRunListener.java:81)
	at org.springframework.boot.SpringApplicationRunListeners.lambda$environmentPrepared$2(SpringApplicationRunListeners.java:64)
	at java.base/java.lang.Iterable.forEach(Iterable.java:75)
	at org.springframework.boot.SpringApplicationRunListeners.doWithListeners(SpringApplicationRunListeners.java:118)
	at org.springframework.boot.SpringApplicationRunListeners.doWithListeners(SpringApplicationRunListeners.java:112)
	at org.springframework.boot.SpringApplicationRunListeners.environmentPrepared(SpringApplicationRunListeners.java:63)
	at org.springframework.boot.SpringApplication.prepareEnvironment(SpringApplication.java:353)
	at org.springframework.boot.SpringApplication.run(SpringApplication.java:313)
	at org.springframework.boot.SpringApplication.run(SpringApplication.java:1361)
	at org.springframework.boot.SpringApplication.run(SpringApplication.java:1350)
	at com.aurionpro.papms.PaPmsApplication.main(PaPmsApplication.java:14)
	at java.base/jdk.internal.reflect.NativeMethodAccessorImpl.invoke0(Native Method)
	at java.base/jdk.internal.reflect.NativeMethodAccessorImpl.invoke(NativeMethodAccessorImpl.java:77)
	at java.base/jdk.internal.reflect.DelegatingMethodAccessorImpl.invoke(DelegatingMethodAccessorImpl.java:43)
	at java.base/java.lang.reflect.Method.invoke(Method.java:568)
	at org.springframework.boot.devtools.restart.RestartLauncher.run(RestartLauncher.java:50)
Caused by: java.lang.IllegalStateException: Logback configuration error detected: 
ERROR in ch.qos.logback.classic.pattern.ClassOfCallerConverter@48507174 - failed to parse integer string [1.] java.lang.NumberFormatException: For input string: "1."
ERROR in ch.qos.logback.classic.pattern.ClassOfCallerConverter@48f4b4d2 - failed to parse integer string [1.] java.lang.NumberFormatException: For input string: "1."
	at org.springframework.boot.logging.logback.LogbackLoggingSystem.reportConfigurationErrorsIfNecessary(LogbackLoggingSystem.java:289)
	at org.springframework.boot.logging.logback.LogbackLoggingSystem.loadConfiguration(LogbackLoggingSystem.java:267)
	at org.springframework.boot.logging.AbstractLoggingSystem.initializeWithConventions(AbstractLoggingSystem.java:81)
	at org.springframework.boot.logging.AbstractLoggingSystem.initialize(AbstractLoggingSystem.java:61)
	at org.springframework.boot.logging.logback.LogbackLoggingSystem.initialize(LogbackLoggingSystem.java:195)
	at org.springframework.boot.context.logging.LoggingApplicationListener.initializeSystem(LoggingApplicationListener.java:332)
	... 24 common frames omitted
	Suppressed: java.lang.NumberFormatException: For input string: "1."
		at java.base/java.lang.NumberFormatException.forInputString(NumberFormatException.java:67)
		at java.base/java.lang.Integer.parseInt(Integer.java:668)
		at java.base/java.lang.Integer.parseInt(Integer.java:786)
		at ch.qos.logback.classic.pattern.NamedConverter.start(NamedConverter.java:92)
		at ch.qos.logback.core.pattern.ConverterUtil.startConverters(ConverterUtil.java:37)
		at ch.qos.logback.core.pattern.PatternLayoutBase.start(PatternLayoutBase.java:148)
		at ch.qos.logback.classic.encoder.PatternLayoutEncoder.start(PatternLayoutEncoder.java:28)
		at ch.qos.logback.core.model.processor.ImplicitModelHandler.postHandleComplex(ImplicitModelHandler.java:207)
		at ch.qos.logback.core.model.processor.ImplicitModelHandler.postHandle(ImplicitModelHandler.java:186)
		at ch.qos.logback.core.model.processor.DefaultProcessor.secondPhaseTraverse(DefaultProcessor.java:257)
		at ch.qos.logback.core.model.processor.DefaultProcessor.secondPhaseTraverse(DefaultProcessor.java:253)
		at ch.qos.logback.core.model.processor.DefaultProcessor.secondPhaseTraverse(DefaultProcessor.java:253)
		at ch.qos.logback.core.model.processor.DefaultProcessor.traversalLoop(DefaultProcessor.java:90)
		at ch.qos.logback.core.model.processor.DefaultProcessor.process(DefaultProcessor.java:106)
		at ch.qos.logback.core.joran.GenericXMLConfigurator.processModel(GenericXMLConfigurator.java:222)
		at org.springframework.boot.logging.logback.SpringBootJoranConfigurator.processModel(SpringBootJoranConfigurator.java:136)
		at ch.qos.logback.core.joran.GenericXMLConfigurator.doConfigure(GenericXMLConfigurator.java:178)
		at ch.qos.logback.core.joran.GenericXMLConfigurator.doConfigure(GenericXMLConfigurator.java:123)
		at ch.qos.logback.core.joran.GenericXMLConfigurator.doConfigure(GenericXMLConfigurator.java:66)
		at org.springframework.boot.logging.logback.LogbackLoggingSystem.configureByResourceUrl(LogbackLoggingSystem.java:298)
		at org.springframework.boot.logging.logback.LogbackLoggingSystem.lambda$loadConfiguration$2(LogbackLoggingSystem.java:260)
		at org.springframework.boot.logging.logback.LogbackLoggingSystem.withLoggingSuppressed(LogbackLoggingSystem.java:481)
		at org.springframework.boot.logging.logback.LogbackLoggingSystem.loadConfiguration(LogbackLoggingSystem.java:252)
		... 28 common frames omitted
	Suppressed: java.lang.NumberFormatException: For input string: "1."
		at java.base/java.lang.NumberFormatException.forInputString(NumberFormatException.java:67)
		at java.base/java.lang.Integer.parseInt(Integer.java:668)
		at java.base/java.lang.Integer.parseInt(Integer.java:786)
		at ch.qos.logback.classic.pattern.NamedConverter.start(NamedConverter.java:92)
		at ch.qos.logback.core.pattern.ConverterUtil.startConverters(ConverterUtil.java:37)
		at ch.qos.logback.core.pattern.PatternLayoutBase.start(PatternLayoutBase.java:148)
		at ch.qos.logback.classic.encoder.PatternLayoutEncoder.start(PatternLayoutEncoder.java:28)
		at ch.qos.logback.core.model.processor.ImplicitModelHandler.postHandleComplex(ImplicitModelHandler.java:207)
		at ch.qos.logback.core.model.processor.ImplicitModelHandler.postHandle(ImplicitModelHandler.java:186)
		at ch.qos.logback.core.model.processor.DefaultProcessor.secondPhaseTraverse(DefaultProcessor.java:257)
		at ch.qos.logback.core.model.processor.DefaultProcessor.secondPhaseTraverse(DefaultProcessor.java:253)
		at ch.qos.logback.core.model.processor.DefaultProcessor.secondPhaseTraverse(DefaultProcessor.java:253)
		at ch.qos.logback.core.model.processor.DefaultProcessor.traversalLoop(DefaultProcessor.java:90)
		at ch.qos.logback.core.model.processor.DefaultProcessor.process(DefaultProcessor.java:106)
		at ch.qos.logback.core.joran.GenericXMLConfigurator.processModel(GenericXMLConfigurator.java:222)
		at org.springframework.boot.logging.logback.SpringBootJoranConfigurator.processModel(SpringBootJoranConfigurator.java:136)
		at ch.qos.logback.core.joran.GenericXMLConfigurator.doConfigure(GenericXMLConfigurator.java:178)
		at ch.qos.logback.core.joran.GenericXMLConfigurator.doConfigure(GenericXMLConfigurator.java:123)
		at ch.qos.logback.core.joran.GenericXMLConfigurator.doConfigure(GenericXMLConfigurator.java:66)
		at org.springframework.boot.logging.logback.LogbackLoggingSystem.configureByResourceUrl(LogbackLoggingSystem.java:298)
		at org.springframework.boot.logging.logback.LogbackLoggingSystem.lambda$loadConfiguration$2(LogbackLoggingSystem.java:260)
		at org.springframework.boot.logging.logback.LogbackLoggingSystem.withLoggingSuppressed(LogbackLoggingSystem.java:481)
		at org.springframework.boot.logging.logback.LogbackLoggingSystem.loadConfiguration(LogbackLoggingSystem.java:252)
		... 28 common frames omitted
2025-10-12 02:15:44,326 ERROR org.springframework.boot.SpringApplication [restartedMain] Application run failed
java.lang.IllegalStateException: java.lang.IllegalStateException: Logback configuration error detected: 
ERROR in ch.qos.logback.classic.pattern.ClassOfCallerConverter@6000b819 - failed to parse integer string [1.] java.lang.NumberFormatException: For input string: "1."
ERROR in ch.qos.logback.classic.pattern.ClassOfCallerConverter@7d402c70 - failed to parse integer string [1.] java.lang.NumberFormatException: For input string: "1."
	at org.springframework.boot.context.logging.LoggingApplicationListener.initializeSystem(LoggingApplicationListener.java:347)
	at org.springframework.boot.context.logging.LoggingApplicationListener.initialize(LoggingApplicationListener.java:298)
	at org.springframework.boot.context.logging.LoggingApplicationListener.onApplicationEnvironmentPreparedEvent(LoggingApplicationListener.java:246)
	at org.springframework.boot.context.logging.LoggingApplicationListener.onApplicationEvent(LoggingApplicationListener.java:223)
	at org.springframework.context.event.SimpleApplicationEventMulticaster.doInvokeListener(SimpleApplicationEventMulticaster.java:185)
	at org.springframework.context.event.SimpleApplicationEventMulticaster.invokeListener(SimpleApplicationEventMulticaster.java:178)
	at org.springframework.context.event.SimpleApplicationEventMulticaster.multicastEvent(SimpleApplicationEventMulticaster.java:156)
	at org.springframework.context.event.SimpleApplicationEventMulticaster.multicastEvent(SimpleApplicationEventMulticaster.java:138)
	at org.springframework.boot.context.event.EventPublishingRunListener.multicastInitialEvent(EventPublishingRunListener.java:136)
	at org.springframework.boot.context.event.EventPublishingRunListener.environmentPrepared(EventPublishingRunListener.java:81)
	at org.springframework.boot.SpringApplicationRunListeners.lambda$environmentPrepared$2(SpringApplicationRunListeners.java:64)
	at java.base/java.lang.Iterable.forEach(Iterable.java:75)
	at org.springframework.boot.SpringApplicationRunListeners.doWithListeners(SpringApplicationRunListeners.java:118)
	at org.springframework.boot.SpringApplicationRunListeners.doWithListeners(SpringApplicationRunListeners.java:112)
	at org.springframework.boot.SpringApplicationRunListeners.environmentPrepared(SpringApplicationRunListeners.java:63)
	at org.springframework.boot.SpringApplication.prepareEnvironment(SpringApplication.java:353)
	at org.springframework.boot.SpringApplication.run(SpringApplication.java:313)
	at org.springframework.boot.SpringApplication.run(SpringApplication.java:1361)
	at org.springframework.boot.SpringApplication.run(SpringApplication.java:1350)
	at com.aurionpro.papms.PaPmsApplication.main(PaPmsApplication.java:14)
	at java.base/jdk.internal.reflect.NativeMethodAccessorImpl.invoke0(Native Method)
	at java.base/jdk.internal.reflect.NativeMethodAccessorImpl.invoke(NativeMethodAccessorImpl.java:77)
	at java.base/jdk.internal.reflect.DelegatingMethodAccessorImpl.invoke(DelegatingMethodAccessorImpl.java:43)
	at java.base/java.lang.reflect.Method.invoke(Method.java:568)
	at org.springframework.boot.devtools.restart.RestartLauncher.run(RestartLauncher.java:50)
Caused by: java.lang.IllegalStateException: Logback configuration error detected: 
ERROR in ch.qos.logback.classic.pattern.ClassOfCallerConverter@6000b819 - failed to parse integer string [1.] java.lang.NumberFormatException: For input string: "1."
ERROR in ch.qos.logback.classic.pattern.ClassOfCallerConverter@7d402c70 - failed to parse integer string [1.] java.lang.NumberFormatException: For input string: "1."
	at org.springframework.boot.logging.logback.LogbackLoggingSystem.reportConfigurationErrorsIfNecessary(LogbackLoggingSystem.java:289)
	at org.springframework.boot.logging.logback.LogbackLoggingSystem.loadConfiguration(LogbackLoggingSystem.java:267)
	at org.springframework.boot.logging.AbstractLoggingSystem.initializeWithConventions(AbstractLoggingSystem.java:81)
	at org.springframework.boot.logging.AbstractLoggingSystem.initialize(AbstractLoggingSystem.java:61)
	at org.springframework.boot.logging.logback.LogbackLoggingSystem.initialize(LogbackLoggingSystem.java:195)
	at org.springframework.boot.context.logging.LoggingApplicationListener.initializeSystem(LoggingApplicationListener.java:332)
	... 24 common frames omitted
	Suppressed: java.lang.NumberFormatException: For input string: "1."
		at java.base/java.lang.NumberFormatException.forInputString(NumberFormatException.java:67)
		at java.base/java.lang.Integer.parseInt(Integer.java:668)
		at java.base/java.lang.Integer.parseInt(Integer.java:786)
		at ch.qos.logback.classic.pattern.NamedConverter.start(NamedConverter.java:92)
		at ch.qos.logback.core.pattern.ConverterUtil.startConverters(ConverterUtil.java:37)
		at ch.qos.logback.core.pattern.PatternLayoutBase.start(PatternLayoutBase.java:148)
		at ch.qos.logback.classic.encoder.PatternLayoutEncoder.start(PatternLayoutEncoder.java:28)
		at ch.qos.logback.core.model.processor.ImplicitModelHandler.postHandleComplex(ImplicitModelHandler.java:207)
		at ch.qos.logback.core.model.processor.ImplicitModelHandler.postHandle(ImplicitModelHandler.java:186)
		at ch.qos.logback.core.model.processor.DefaultProcessor.secondPhaseTraverse(DefaultProcessor.java:257)
		at ch.qos.logback.core.model.processor.DefaultProcessor.secondPhaseTraverse(DefaultProcessor.java:253)
		at ch.qos.logback.core.model.processor.DefaultProcessor.secondPhaseTraverse(DefaultProcessor.java:253)
		at ch.qos.logback.core.model.processor.DefaultProcessor.traversalLoop(DefaultProcessor.java:90)
		at ch.qos.logback.core.model.processor.DefaultProcessor.process(DefaultProcessor.java:106)
		at ch.qos.logback.core.joran.GenericXMLConfigurator.processModel(GenericXMLConfigurator.java:222)
		at org.springframework.boot.logging.logback.SpringBootJoranConfigurator.processModel(SpringBootJoranConfigurator.java:136)
		at ch.qos.logback.core.joran.GenericXMLConfigurator.doConfigure(GenericXMLConfigurator.java:178)
		at ch.qos.logback.core.joran.GenericXMLConfigurator.doConfigure(GenericXMLConfigurator.java:123)
		at ch.qos.logback.core.joran.GenericXMLConfigurator.doConfigure(GenericXMLConfigurator.java:66)
		at org.springframework.boot.logging.logback.LogbackLoggingSystem.configureByResourceUrl(LogbackLoggingSystem.java:298)
		at org.springframework.boot.logging.logback.LogbackLoggingSystem.lambda$loadConfiguration$2(LogbackLoggingSystem.java:260)
		at org.springframework.boot.logging.logback.LogbackLoggingSystem.withLoggingSuppressed(LogbackLoggingSystem.java:481)
		at org.springframework.boot.logging.logback.LogbackLoggingSystem.loadConfiguration(LogbackLoggingSystem.java:252)
		... 28 common frames omitted
	Suppressed: java.lang.NumberFormatException: For input string: "1."
		at java.base/java.lang.NumberFormatException.forInputString(NumberFormatException.java:67)
		at java.base/java.lang.Integer.parseInt(Integer.java:668)
		at java.base/java.lang.Integer.parseInt(Integer.java:786)
		at ch.qos.logback.classic.pattern.NamedConverter.start(NamedConverter.java:92)
		at ch.qos.logback.core.pattern.ConverterUtil.startConverters(ConverterUtil.java:37)
		at ch.qos.logback.core.pattern.PatternLayoutBase.start(PatternLayoutBase.java:148)
		at ch.qos.logback.classic.encoder.PatternLayoutEncoder.start(PatternLayoutEncoder.java:28)
		at ch.qos.logback.core.model.processor.ImplicitModelHandler.postHandleComplex(ImplicitModelHandler.java:207)
		at ch.qos.logback.core.model.processor.ImplicitModelHandler.postHandle(ImplicitModelHandler.java:186)
		at ch.qos.logback.core.model.processor.DefaultProcessor.secondPhaseTraverse(DefaultProcessor.java:257)
		at ch.qos.logback.core.model.processor.DefaultProcessor.secondPhaseTraverse(DefaultProcessor.java:253)
		at ch.qos.logback.core.model.processor.DefaultProcessor.secondPhaseTraverse(DefaultProcessor.java:253)
		at ch.qos.logback.core.model.processor.DefaultProcessor.traversalLoop(DefaultProcessor.java:90)
		at ch.qos.logback.core.model.processor.DefaultProcessor.process(DefaultProcessor.java:106)
		at ch.qos.logback.core.joran.GenericXMLConfigurator.processModel(GenericXMLConfigurator.java:222)
		at org.springframework.boot.logging.logback.SpringBootJoranConfigurator.processModel(SpringBootJoranConfigurator.java:136)
		at ch.qos.logback.core.joran.GenericXMLConfigurator.doConfigure(GenericXMLConfigurator.java:178)
		at ch.qos.logback.core.joran.GenericXMLConfigurator.doConfigure(GenericXMLConfigurator.java:123)
		at ch.qos.logback.core.joran.GenericXMLConfigurator.doConfigure(GenericXMLConfigurator.java:66)
		at org.springframework.boot.logging.logback.LogbackLoggingSystem.configureByResourceUrl(LogbackLoggingSystem.java:298)
		at org.springframework.boot.logging.logback.LogbackLoggingSystem.lambda$loadConfiguration$2(LogbackLoggingSystem.java:260)
		at org.springframework.boot.logging.logback.LogbackLoggingSystem.withLoggingSuppressed(LogbackLoggingSystem.java:481)
		at org.springframework.boot.logging.logback.LogbackLoggingSystem.loadConfiguration(LogbackLoggingSystem.java:252)
		... 28 common frames omitted
2025-10-12 02:16:17,028 ERROR org.springframework.boot.SpringApplication [restartedMain] Application run failed
java.lang.IllegalStateException: java.lang.IllegalStateException: Logback configuration error detected: 
ERROR in ch.qos.logback.classic.pattern.ClassOfCallerConverter@2d5073a - failed to parse integer string [1.] java.lang.NumberFormatException: For input string: "1."
ERROR in ch.qos.logback.classic.pattern.ClassOfCallerConverter@6cf647fe - failed to parse integer string [1.] java.lang.NumberFormatException: For input string: "1."
	at org.springframework.boot.context.logging.LoggingApplicationListener.initializeSystem(LoggingApplicationListener.java:347)
	at org.springframework.boot.context.logging.LoggingApplicationListener.initialize(LoggingApplicationListener.java:298)
	at org.springframework.boot.context.logging.LoggingApplicationListener.onApplicationEnvironmentPreparedEvent(LoggingApplicationListener.java:246)
	at org.springframework.boot.context.logging.LoggingApplicationListener.onApplicationEvent(LoggingApplicationListener.java:223)
	at org.springframework.context.event.SimpleApplicationEventMulticaster.doInvokeListener(SimpleApplicationEventMulticaster.java:185)
	at org.springframework.context.event.SimpleApplicationEventMulticaster.invokeListener(SimpleApplicationEventMulticaster.java:178)
	at org.springframework.context.event.SimpleApplicationEventMulticaster.multicastEvent(SimpleApplicationEventMulticaster.java:156)
	at org.springframework.context.event.SimpleApplicationEventMulticaster.multicastEvent(SimpleApplicationEventMulticaster.java:138)
	at org.springframework.boot.context.event.EventPublishingRunListener.multicastInitialEvent(EventPublishingRunListener.java:136)
	at org.springframework.boot.context.event.EventPublishingRunListener.environmentPrepared(EventPublishingRunListener.java:81)
	at org.springframework.boot.SpringApplicationRunListeners.lambda$environmentPrepared$2(SpringApplicationRunListeners.java:64)
	at java.base/java.lang.Iterable.forEach(Iterable.java:75)
	at org.springframework.boot.SpringApplicationRunListeners.doWithListeners(SpringApplicationRunListeners.java:118)
	at org.springframework.boot.SpringApplicationRunListeners.doWithListeners(SpringApplicationRunListeners.java:112)
	at org.springframework.boot.SpringApplicationRunListeners.environmentPrepared(SpringApplicationRunListeners.java:63)
	at org.springframework.boot.SpringApplication.prepareEnvironment(SpringApplication.java:353)
	at org.springframework.boot.SpringApplication.run(SpringApplication.java:313)
	at org.springframework.boot.SpringApplication.run(SpringApplication.java:1361)
	at org.springframework.boot.SpringApplication.run(SpringApplication.java:1350)
	at com.aurionpro.papms.PaPmsApplication.main(PaPmsApplication.java:14)
	at java.base/jdk.internal.reflect.NativeMethodAccessorImpl.invoke0(Native Method)
	at java.base/jdk.internal.reflect.NativeMethodAccessorImpl.invoke(NativeMethodAccessorImpl.java:77)
	at java.base/jdk.internal.reflect.DelegatingMethodAccessorImpl.invoke(DelegatingMethodAccessorImpl.java:43)
	at java.base/java.lang.reflect.Method.invoke(Method.java:568)
	at org.springframework.boot.devtools.restart.RestartLauncher.run(RestartLauncher.java:50)
Caused by: java.lang.IllegalStateException: Logback configuration error detected: 
ERROR in ch.qos.logback.classic.pattern.ClassOfCallerConverter@2d5073a - failed to parse integer string [1.] java.lang.NumberFormatException: For input string: "1."
ERROR in ch.qos.logback.classic.pattern.ClassOfCallerConverter@6cf647fe - failed to parse integer string [1.] java.lang.NumberFormatException: For input string: "1."
	at org.springframework.boot.logging.logback.LogbackLoggingSystem.reportConfigurationErrorsIfNecessary(LogbackLoggingSystem.java:289)
	at org.springframework.boot.logging.logback.LogbackLoggingSystem.loadConfiguration(LogbackLoggingSystem.java:267)
	at org.springframework.boot.logging.AbstractLoggingSystem.initializeWithConventions(AbstractLoggingSystem.java:81)
	at org.springframework.boot.logging.AbstractLoggingSystem.initialize(AbstractLoggingSystem.java:61)
	at org.springframework.boot.logging.logback.LogbackLoggingSystem.initialize(LogbackLoggingSystem.java:195)
	at org.springframework.boot.context.logging.LoggingApplicationListener.initializeSystem(LoggingApplicationListener.java:332)
	... 24 common frames omitted
	Suppressed: java.lang.NumberFormatException: For input string: "1."
		at java.base/java.lang.NumberFormatException.forInputString(NumberFormatException.java:67)
		at java.base/java.lang.Integer.parseInt(Integer.java:668)
		at java.base/java.lang.Integer.parseInt(Integer.java:786)
		at ch.qos.logback.classic.pattern.NamedConverter.start(NamedConverter.java:92)
		at ch.qos.logback.core.pattern.ConverterUtil.startConverters(ConverterUtil.java:37)
		at ch.qos.logback.core.pattern.PatternLayoutBase.start(PatternLayoutBase.java:148)
		at ch.qos.logback.classic.encoder.PatternLayoutEncoder.start(PatternLayoutEncoder.java:28)
		at ch.qos.logback.core.model.processor.ImplicitModelHandler.postHandleComplex(ImplicitModelHandler.java:207)
		at ch.qos.logback.core.model.processor.ImplicitModelHandler.postHandle(ImplicitModelHandler.java:186)
		at ch.qos.logback.core.model.processor.DefaultProcessor.secondPhaseTraverse(DefaultProcessor.java:257)
		at ch.qos.logback.core.model.processor.DefaultProcessor.secondPhaseTraverse(DefaultProcessor.java:253)
		at ch.qos.logback.core.model.processor.DefaultProcessor.secondPhaseTraverse(DefaultProcessor.java:253)
		at ch.qos.logback.core.model.processor.DefaultProcessor.traversalLoop(DefaultProcessor.java:90)
		at ch.qos.logback.core.model.processor.DefaultProcessor.process(DefaultProcessor.java:106)
		at ch.qos.logback.core.joran.GenericXMLConfigurator.processModel(GenericXMLConfigurator.java:222)
		at org.springframework.boot.logging.logback.SpringBootJoranConfigurator.processModel(SpringBootJoranConfigurator.java:136)
		at ch.qos.logback.core.joran.GenericXMLConfigurator.doConfigure(GenericXMLConfigurator.java:178)
		at ch.qos.logback.core.joran.GenericXMLConfigurator.doConfigure(GenericXMLConfigurator.java:123)
		at ch.qos.logback.core.joran.GenericXMLConfigurator.doConfigure(GenericXMLConfigurator.java:66)
		at org.springframework.boot.logging.logback.LogbackLoggingSystem.configureByResourceUrl(LogbackLoggingSystem.java:298)
		at org.springframework.boot.logging.logback.LogbackLoggingSystem.lambda$loadConfiguration$2(LogbackLoggingSystem.java:260)
		at org.springframework.boot.logging.logback.LogbackLoggingSystem.withLoggingSuppressed(LogbackLoggingSystem.java:481)
		at org.springframework.boot.logging.logback.LogbackLoggingSystem.loadConfiguration(LogbackLoggingSystem.java:252)
		... 28 common frames omitted
	Suppressed: java.lang.NumberFormatException: For input string: "1."
		at java.base/java.lang.NumberFormatException.forInputString(NumberFormatException.java:67)
		at java.base/java.lang.Integer.parseInt(Integer.java:668)
		at java.base/java.lang.Integer.parseInt(Integer.java:786)
		at ch.qos.logback.classic.pattern.NamedConverter.start(NamedConverter.java:92)
		at ch.qos.logback.core.pattern.ConverterUtil.startConverters(ConverterUtil.java:37)
		at ch.qos.logback.core.pattern.PatternLayoutBase.start(PatternLayoutBase.java:148)
		at ch.qos.logback.classic.encoder.PatternLayoutEncoder.start(PatternLayoutEncoder.java:28)
		at ch.qos.logback.core.model.processor.ImplicitModelHandler.postHandleComplex(ImplicitModelHandler.java:207)
		at ch.qos.logback.core.model.processor.ImplicitModelHandler.postHandle(ImplicitModelHandler.java:186)
		at ch.qos.logback.core.model.processor.DefaultProcessor.secondPhaseTraverse(DefaultProcessor.java:257)
		at ch.qos.logback.core.model.processor.DefaultProcessor.secondPhaseTraverse(DefaultProcessor.java:253)
		at ch.qos.logback.core.model.processor.DefaultProcessor.secondPhaseTraverse(DefaultProcessor.java:253)
		at ch.qos.logback.core.model.processor.DefaultProcessor.traversalLoop(DefaultProcessor.java:90)
		at ch.qos.logback.core.model.processor.DefaultProcessor.process(DefaultProcessor.java:106)
		at ch.qos.logback.core.joran.GenericXMLConfigurator.processModel(GenericXMLConfigurator.java:222)
		at org.springframework.boot.logging.logback.SpringBootJoranConfigurator.processModel(SpringBootJoranConfigurator.java:136)
		at ch.qos.logback.core.joran.GenericXMLConfigurator.doConfigure(GenericXMLConfigurator.java:178)
		at ch.qos.logback.core.joran.GenericXMLConfigurator.doConfigure(GenericXMLConfigurator.java:123)
		at ch.qos.logback.core.joran.GenericXMLConfigurator.doConfigure(GenericXMLConfigurator.java:66)
		at org.springframework.boot.logging.logback.LogbackLoggingSystem.configureByResourceUrl(LogbackLoggingSystem.java:298)
		at org.springframework.boot.logging.logback.LogbackLoggingSystem.lambda$loadConfiguration$2(LogbackLoggingSystem.java:260)
		at org.springframework.boot.logging.logback.LogbackLoggingSystem.withLoggingSuppressed(LogbackLoggingSystem.java:481)
		at org.springframework.boot.logging.logback.LogbackLoggingSystem.loadConfiguration(LogbackLoggingSystem.java:252)
		... 28 common frames omitted
2025-10-12 02:16:19,565 ERROR org.springframework.boot.SpringApplication [restartedMain] Application run failed
java.lang.IllegalStateException: java.lang.IllegalStateException: Logback configuration error detected: 
ERROR in ch.qos.logback.classic.pattern.ClassOfCallerConverter@25b38aed - failed to parse integer string [1.] java.lang.NumberFormatException: For input string: "1."
ERROR in ch.qos.logback.classic.pattern.ClassOfCallerConverter@42257838 - failed to parse integer string [1.] java.lang.NumberFormatException: For input string: "1."
	at org.springframework.boot.context.logging.LoggingApplicationListener.initializeSystem(LoggingApplicationListener.java:347)
	at org.springframework.boot.context.logging.LoggingApplicationListener.initialize(LoggingApplicationListener.java:298)
	at org.springframework.boot.context.logging.LoggingApplicationListener.onApplicationEnvironmentPreparedEvent(LoggingApplicationListener.java:246)
	at org.springframework.boot.context.logging.LoggingApplicationListener.onApplicationEvent(LoggingApplicationListener.java:223)
	at org.springframework.context.event.SimpleApplicationEventMulticaster.doInvokeListener(SimpleApplicationEventMulticaster.java:185)
	at org.springframework.context.event.SimpleApplicationEventMulticaster.invokeListener(SimpleApplicationEventMulticaster.java:178)
	at org.springframework.context.event.SimpleApplicationEventMulticaster.multicastEvent(SimpleApplicationEventMulticaster.java:156)
	at org.springframework.context.event.SimpleApplicationEventMulticaster.multicastEvent(SimpleApplicationEventMulticaster.java:138)
	at org.springframework.boot.context.event.EventPublishingRunListener.multicastInitialEvent(EventPublishingRunListener.java:136)
	at org.springframework.boot.context.event.EventPublishingRunListener.environmentPrepared(EventPublishingRunListener.java:81)
	at org.springframework.boot.SpringApplicationRunListeners.lambda$environmentPrepared$2(SpringApplicationRunListeners.java:64)
	at java.base/java.lang.Iterable.forEach(Iterable.java:75)
	at org.springframework.boot.SpringApplicationRunListeners.doWithListeners(SpringApplicationRunListeners.java:118)
	at org.springframework.boot.SpringApplicationRunListeners.doWithListeners(SpringApplicationRunListeners.java:112)
	at org.springframework.boot.SpringApplicationRunListeners.environmentPrepared(SpringApplicationRunListeners.java:63)
	at org.springframework.boot.SpringApplication.prepareEnvironment(SpringApplication.java:353)
	at org.springframework.boot.SpringApplication.run(SpringApplication.java:313)
	at org.springframework.boot.SpringApplication.run(SpringApplication.java:1361)
	at org.springframework.boot.SpringApplication.run(SpringApplication.java:1350)
	at com.aurionpro.papms.PaPmsApplication.main(PaPmsApplication.java:14)
	at java.base/jdk.internal.reflect.NativeMethodAccessorImpl.invoke0(Native Method)
	at java.base/jdk.internal.reflect.NativeMethodAccessorImpl.invoke(NativeMethodAccessorImpl.java:77)
	at java.base/jdk.internal.reflect.DelegatingMethodAccessorImpl.invoke(DelegatingMethodAccessorImpl.java:43)
	at java.base/java.lang.reflect.Method.invoke(Method.java:568)
	at org.springframework.boot.devtools.restart.RestartLauncher.run(RestartLauncher.java:50)
Caused by: java.lang.IllegalStateException: Logback configuration error detected: 
ERROR in ch.qos.logback.classic.pattern.ClassOfCallerConverter@25b38aed - failed to parse integer string [1.] java.lang.NumberFormatException: For input string: "1."
ERROR in ch.qos.logback.classic.pattern.ClassOfCallerConverter@42257838 - failed to parse integer string [1.] java.lang.NumberFormatException: For input string: "1."
	at org.springframework.boot.logging.logback.LogbackLoggingSystem.reportConfigurationErrorsIfNecessary(LogbackLoggingSystem.java:289)
	at org.springframework.boot.logging.logback.LogbackLoggingSystem.loadConfiguration(LogbackLoggingSystem.java:267)
	at org.springframework.boot.logging.AbstractLoggingSystem.initializeWithConventions(AbstractLoggingSystem.java:81)
	at org.springframework.boot.logging.AbstractLoggingSystem.initialize(AbstractLoggingSystem.java:61)
	at org.springframework.boot.logging.logback.LogbackLoggingSystem.initialize(LogbackLoggingSystem.java:195)
	at org.springframework.boot.context.logging.LoggingApplicationListener.initializeSystem(LoggingApplicationListener.java:332)
	... 24 common frames omitted
	Suppressed: java.lang.NumberFormatException: For input string: "1."
		at java.base/java.lang.NumberFormatException.forInputString(NumberFormatException.java:67)
		at java.base/java.lang.Integer.parseInt(Integer.java:668)
		at java.base/java.lang.Integer.parseInt(Integer.java:786)
		at ch.qos.logback.classic.pattern.NamedConverter.start(NamedConverter.java:92)
		at ch.qos.logback.core.pattern.ConverterUtil.startConverters(ConverterUtil.java:37)
		at ch.qos.logback.core.pattern.PatternLayoutBase.start(PatternLayoutBase.java:148)
		at ch.qos.logback.classic.encoder.PatternLayoutEncoder.start(PatternLayoutEncoder.java:28)
		at ch.qos.logback.core.model.processor.ImplicitModelHandler.postHandleComplex(ImplicitModelHandler.java:207)
		at ch.qos.logback.core.model.processor.ImplicitModelHandler.postHandle(ImplicitModelHandler.java:186)
		at ch.qos.logback.core.model.processor.DefaultProcessor.secondPhaseTraverse(DefaultProcessor.java:257)
		at ch.qos.logback.core.model.processor.DefaultProcessor.secondPhaseTraverse(DefaultProcessor.java:253)
		at ch.qos.logback.core.model.processor.DefaultProcessor.secondPhaseTraverse(DefaultProcessor.java:253)
		at ch.qos.logback.core.model.processor.DefaultProcessor.traversalLoop(DefaultProcessor.java:90)
		at ch.qos.logback.core.model.processor.DefaultProcessor.process(DefaultProcessor.java:106)
		at ch.qos.logback.core.joran.GenericXMLConfigurator.processModel(GenericXMLConfigurator.java:222)
		at org.springframework.boot.logging.logback.SpringBootJoranConfigurator.processModel(SpringBootJoranConfigurator.java:136)
		at ch.qos.logback.core.joran.GenericXMLConfigurator.doConfigure(GenericXMLConfigurator.java:178)
		at ch.qos.logback.core.joran.GenericXMLConfigurator.doConfigure(GenericXMLConfigurator.java:123)
		at ch.qos.logback.core.joran.GenericXMLConfigurator.doConfigure(GenericXMLConfigurator.java:66)
		at org.springframework.boot.logging.logback.LogbackLoggingSystem.configureByResourceUrl(LogbackLoggingSystem.java:298)
		at org.springframework.boot.logging.logback.LogbackLoggingSystem.lambda$loadConfiguration$2(LogbackLoggingSystem.java:260)
		at org.springframework.boot.logging.logback.LogbackLoggingSystem.withLoggingSuppressed(LogbackLoggingSystem.java:481)
		at org.springframework.boot.logging.logback.LogbackLoggingSystem.loadConfiguration(LogbackLoggingSystem.java:252)
		... 28 common frames omitted
	Suppressed: java.lang.NumberFormatException: For input string: "1."
		at java.base/java.lang.NumberFormatException.forInputString(NumberFormatException.java:67)
		at java.base/java.lang.Integer.parseInt(Integer.java:668)
		at java.base/java.lang.Integer.parseInt(Integer.java:786)
		at ch.qos.logback.classic.pattern.NamedConverter.start(NamedConverter.java:92)
		at ch.qos.logback.core.pattern.ConverterUtil.startConverters(ConverterUtil.java:37)
		at ch.qos.logback.core.pattern.PatternLayoutBase.start(PatternLayoutBase.java:148)
		at ch.qos.logback.classic.encoder.PatternLayoutEncoder.start(PatternLayoutEncoder.java:28)
		at ch.qos.logback.core.model.processor.ImplicitModelHandler.postHandleComplex(ImplicitModelHandler.java:207)
		at ch.qos.logback.core.model.processor.ImplicitModelHandler.postHandle(ImplicitModelHandler.java:186)
		at ch.qos.logback.core.model.processor.DefaultProcessor.secondPhaseTraverse(DefaultProcessor.java:257)
		at ch.qos.logback.core.model.processor.DefaultProcessor.secondPhaseTraverse(DefaultProcessor.java:253)
		at ch.qos.logback.core.model.processor.DefaultProcessor.secondPhaseTraverse(DefaultProcessor.java:253)
		at ch.qos.logback.core.model.processor.DefaultProcessor.traversalLoop(DefaultProcessor.java:90)
		at ch.qos.logback.core.model.processor.DefaultProcessor.process(DefaultProcessor.java:106)
		at ch.qos.logback.core.joran.GenericXMLConfigurator.processModel(GenericXMLConfigurator.java:222)
		at org.springframework.boot.logging.logback.SpringBootJoranConfigurator.processModel(SpringBootJoranConfigurator.java:136)
		at ch.qos.logback.core.joran.GenericXMLConfigurator.doConfigure(GenericXMLConfigurator.java:178)
		at ch.qos.logback.core.joran.GenericXMLConfigurator.doConfigure(GenericXMLConfigurator.java:123)
		at ch.qos.logback.core.joran.GenericXMLConfigurator.doConfigure(GenericXMLConfigurator.java:66)
		at org.springframework.boot.logging.logback.LogbackLoggingSystem.configureByResourceUrl(LogbackLoggingSystem.java:298)
		at org.springframework.boot.logging.logback.LogbackLoggingSystem.lambda$loadConfiguration$2(LogbackLoggingSystem.java:260)
		at org.springframework.boot.logging.logback.LogbackLoggingSystem.withLoggingSuppressed(LogbackLoggingSystem.java:481)
		at org.springframework.boot.logging.logback.LogbackLoggingSystem.loadConfiguration(LogbackLoggingSystem.java:252)
		... 28 common frames omitted
2025-10-12 02:16:29,322 ERROR org.springframework.boot.SpringApplication [restartedMain] Application run failed
java.lang.IllegalStateException: java.lang.IllegalStateException: Logback configuration error detected: 
ERROR in ch.qos.logback.classic.pattern.ClassOfCallerConverter@6169301a - failed to parse integer string [1.] java.lang.NumberFormatException: For input string: "1."
ERROR in ch.qos.logback.classic.pattern.ClassOfCallerConverter@59774e16 - failed to parse integer string [1.] java.lang.NumberFormatException: For input string: "1."
	at org.springframework.boot.context.logging.LoggingApplicationListener.initializeSystem(LoggingApplicationListener.java:347)
	at org.springframework.boot.context.logging.LoggingApplicationListener.initialize(LoggingApplicationListener.java:298)
	at org.springframework.boot.context.logging.LoggingApplicationListener.onApplicationEnvironmentPreparedEvent(LoggingApplicationListener.java:246)
	at org.springframework.boot.context.logging.LoggingApplicationListener.onApplicationEvent(LoggingApplicationListener.java:223)
	at org.springframework.context.event.SimpleApplicationEventMulticaster.doInvokeListener(SimpleApplicationEventMulticaster.java:185)
	at org.springframework.context.event.SimpleApplicationEventMulticaster.invokeListener(SimpleApplicationEventMulticaster.java:178)
	at org.springframework.context.event.SimpleApplicationEventMulticaster.multicastEvent(SimpleApplicationEventMulticaster.java:156)
	at org.springframework.context.event.SimpleApplicationEventMulticaster.multicastEvent(SimpleApplicationEventMulticaster.java:138)
	at org.springframework.boot.context.event.EventPublishingRunListener.multicastInitialEvent(EventPublishingRunListener.java:136)
	at org.springframework.boot.context.event.EventPublishingRunListener.environmentPrepared(EventPublishingRunListener.java:81)
	at org.springframework.boot.SpringApplicationRunListeners.lambda$environmentPrepared$2(SpringApplicationRunListeners.java:64)
	at java.base/java.lang.Iterable.forEach(Iterable.java:75)
	at org.springframework.boot.SpringApplicationRunListeners.doWithListeners(SpringApplicationRunListeners.java:118)
	at org.springframework.boot.SpringApplicationRunListeners.doWithListeners(SpringApplicationRunListeners.java:112)
	at org.springframework.boot.SpringApplicationRunListeners.environmentPrepared(SpringApplicationRunListeners.java:63)
	at org.springframework.boot.SpringApplication.prepareEnvironment(SpringApplication.java:353)
	at org.springframework.boot.SpringApplication.run(SpringApplication.java:313)
	at org.springframework.boot.SpringApplication.run(SpringApplication.java:1361)
	at org.springframework.boot.SpringApplication.run(SpringApplication.java:1350)
	at com.aurionpro.papms.PaPmsApplication.main(PaPmsApplication.java:14)
	at java.base/jdk.internal.reflect.NativeMethodAccessorImpl.invoke0(Native Method)
	at java.base/jdk.internal.reflect.NativeMethodAccessorImpl.invoke(NativeMethodAccessorImpl.java:77)
	at java.base/jdk.internal.reflect.DelegatingMethodAccessorImpl.invoke(DelegatingMethodAccessorImpl.java:43)
	at java.base/java.lang.reflect.Method.invoke(Method.java:568)
	at org.springframework.boot.devtools.restart.RestartLauncher.run(RestartLauncher.java:50)
Caused by: java.lang.IllegalStateException: Logback configuration error detected: 
ERROR in ch.qos.logback.classic.pattern.ClassOfCallerConverter@6169301a - failed to parse integer string [1.] java.lang.NumberFormatException: For input string: "1."
ERROR in ch.qos.logback.classic.pattern.ClassOfCallerConverter@59774e16 - failed to parse integer string [1.] java.lang.NumberFormatException: For input string: "1."
	at org.springframework.boot.logging.logback.LogbackLoggingSystem.reportConfigurationErrorsIfNecessary(LogbackLoggingSystem.java:289)
	at org.springframework.boot.logging.logback.LogbackLoggingSystem.loadConfiguration(LogbackLoggingSystem.java:267)
	at org.springframework.boot.logging.AbstractLoggingSystem.initializeWithConventions(AbstractLoggingSystem.java:81)
	at org.springframework.boot.logging.AbstractLoggingSystem.initialize(AbstractLoggingSystem.java:61)
	at org.springframework.boot.logging.logback.LogbackLoggingSystem.initialize(LogbackLoggingSystem.java:195)
	at org.springframework.boot.context.logging.LoggingApplicationListener.initializeSystem(LoggingApplicationListener.java:332)
	... 24 common frames omitted
	Suppressed: java.lang.NumberFormatException: For input string: "1."
		at java.base/java.lang.NumberFormatException.forInputString(NumberFormatException.java:67)
		at java.base/java.lang.Integer.parseInt(Integer.java:668)
		at java.base/java.lang.Integer.parseInt(Integer.java:786)
		at ch.qos.logback.classic.pattern.NamedConverter.start(NamedConverter.java:92)
		at ch.qos.logback.core.pattern.ConverterUtil.startConverters(ConverterUtil.java:37)
		at ch.qos.logback.core.pattern.PatternLayoutBase.start(PatternLayoutBase.java:148)
		at ch.qos.logback.classic.encoder.PatternLayoutEncoder.start(PatternLayoutEncoder.java:28)
		at ch.qos.logback.core.model.processor.ImplicitModelHandler.postHandleComplex(ImplicitModelHandler.java:207)
		at ch.qos.logback.core.model.processor.ImplicitModelHandler.postHandle(ImplicitModelHandler.java:186)
		at ch.qos.logback.core.model.processor.DefaultProcessor.secondPhaseTraverse(DefaultProcessor.java:257)
		at ch.qos.logback.core.model.processor.DefaultProcessor.secondPhaseTraverse(DefaultProcessor.java:253)
		at ch.qos.logback.core.model.processor.DefaultProcessor.secondPhaseTraverse(DefaultProcessor.java:253)
		at ch.qos.logback.core.model.processor.DefaultProcessor.traversalLoop(DefaultProcessor.java:90)
		at ch.qos.logback.core.model.processor.DefaultProcessor.process(DefaultProcessor.java:106)
		at ch.qos.logback.core.joran.GenericXMLConfigurator.processModel(GenericXMLConfigurator.java:222)
		at org.springframework.boot.logging.logback.SpringBootJoranConfigurator.processModel(SpringBootJoranConfigurator.java:136)
		at ch.qos.logback.core.joran.GenericXMLConfigurator.doConfigure(GenericXMLConfigurator.java:178)
		at ch.qos.logback.core.joran.GenericXMLConfigurator.doConfigure(GenericXMLConfigurator.java:123)
		at ch.qos.logback.core.joran.GenericXMLConfigurator.doConfigure(GenericXMLConfigurator.java:66)
		at org.springframework.boot.logging.logback.LogbackLoggingSystem.configureByResourceUrl(LogbackLoggingSystem.java:298)
		at org.springframework.boot.logging.logback.LogbackLoggingSystem.lambda$loadConfiguration$2(LogbackLoggingSystem.java:260)
		at org.springframework.boot.logging.logback.LogbackLoggingSystem.withLoggingSuppressed(LogbackLoggingSystem.java:481)
		at org.springframework.boot.logging.logback.LogbackLoggingSystem.loadConfiguration(LogbackLoggingSystem.java:252)
		... 28 common frames omitted
	Suppressed: java.lang.NumberFormatException: For input string: "1."
		at java.base/java.lang.NumberFormatException.forInputString(NumberFormatException.java:67)
		at java.base/java.lang.Integer.parseInt(Integer.java:668)
		at java.base/java.lang.Integer.parseInt(Integer.java:786)
		at ch.qos.logback.classic.pattern.NamedConverter.start(NamedConverter.java:92)
		at ch.qos.logback.core.pattern.ConverterUtil.startConverters(ConverterUtil.java:37)
		at ch.qos.logback.core.pattern.PatternLayoutBase.start(PatternLayoutBase.java:148)
		at ch.qos.logback.classic.encoder.PatternLayoutEncoder.start(PatternLayoutEncoder.java:28)
		at ch.qos.logback.core.model.processor.ImplicitModelHandler.postHandleComplex(ImplicitModelHandler.java:207)
		at ch.qos.logback.core.model.processor.ImplicitModelHandler.postHandle(ImplicitModelHandler.java:186)
		at ch.qos.logback.core.model.processor.DefaultProcessor.secondPhaseTraverse(DefaultProcessor.java:257)
		at ch.qos.logback.core.model.processor.DefaultProcessor.secondPhaseTraverse(DefaultProcessor.java:253)
		at ch.qos.logback.core.model.processor.DefaultProcessor.secondPhaseTraverse(DefaultProcessor.java:253)
		at ch.qos.logback.core.model.processor.DefaultProcessor.traversalLoop(DefaultProcessor.java:90)
		at ch.qos.logback.core.model.processor.DefaultProcessor.process(DefaultProcessor.java:106)
		at ch.qos.logback.core.joran.GenericXMLConfigurator.processModel(GenericXMLConfigurator.java:222)
		at org.springframework.boot.logging.logback.SpringBootJoranConfigurator.processModel(SpringBootJoranConfigurator.java:136)
		at ch.qos.logback.core.joran.GenericXMLConfigurator.doConfigure(GenericXMLConfigurator.java:178)
		at ch.qos.logback.core.joran.GenericXMLConfigurator.doConfigure(GenericXMLConfigurator.java:123)
		at ch.qos.logback.core.joran.GenericXMLConfigurator.doConfigure(GenericXMLConfigurator.java:66)
		at org.springframework.boot.logging.logback.LogbackLoggingSystem.configureByResourceUrl(LogbackLoggingSystem.java:298)
		at org.springframework.boot.logging.logback.LogbackLoggingSystem.lambda$loadConfiguration$2(LogbackLoggingSystem.java:260)
		at org.springframework.boot.logging.logback.LogbackLoggingSystem.withLoggingSuppressed(LogbackLoggingSystem.java:481)
		at org.springframework.boot.logging.logback.LogbackLoggingSystem.loadConfiguration(LogbackLoggingSystem.java:252)
		... 28 common frames omitted
2025-10-12 02:16:32,931 ERROR org.springframework.boot.SpringApplication [restartedMain] Application run failed
java.lang.IllegalStateException: java.lang.IllegalStateException: Logback configuration error detected: 
ERROR in ch.qos.logback.classic.pattern.ClassOfCallerConverter@6f3e17e8 - failed to parse integer string [1.] java.lang.NumberFormatException: For input string: "1."
ERROR in ch.qos.logback.classic.pattern.ClassOfCallerConverter@13dd1fe9 - failed to parse integer string [1.] java.lang.NumberFormatException: For input string: "1."
	at org.springframework.boot.context.logging.LoggingApplicationListener.initializeSystem(LoggingApplicationListener.java:347)
	at org.springframework.boot.context.logging.LoggingApplicationListener.initialize(LoggingApplicationListener.java:298)
	at org.springframework.boot.context.logging.LoggingApplicationListener.onApplicationEnvironmentPreparedEvent(LoggingApplicationListener.java:246)
	at org.springframework.boot.context.logging.LoggingApplicationListener.onApplicationEvent(LoggingApplicationListener.java:223)
	at org.springframework.context.event.SimpleApplicationEventMulticaster.doInvokeListener(SimpleApplicationEventMulticaster.java:185)
	at org.springframework.context.event.SimpleApplicationEventMulticaster.invokeListener(SimpleApplicationEventMulticaster.java:178)
	at org.springframework.context.event.SimpleApplicationEventMulticaster.multicastEvent(SimpleApplicationEventMulticaster.java:156)
	at org.springframework.context.event.SimpleApplicationEventMulticaster.multicastEvent(SimpleApplicationEventMulticaster.java:138)
	at org.springframework.boot.context.event.EventPublishingRunListener.multicastInitialEvent(EventPublishingRunListener.java:136)
	at org.springframework.boot.context.event.EventPublishingRunListener.environmentPrepared(EventPublishingRunListener.java:81)
	at org.springframework.boot.SpringApplicationRunListeners.lambda$environmentPrepared$2(SpringApplicationRunListeners.java:64)
	at java.base/java.lang.Iterable.forEach(Iterable.java:75)
	at org.springframework.boot.SpringApplicationRunListeners.doWithListeners(SpringApplicationRunListeners.java:118)
	at org.springframework.boot.SpringApplicationRunListeners.doWithListeners(SpringApplicationRunListeners.java:112)
	at org.springframework.boot.SpringApplicationRunListeners.environmentPrepared(SpringApplicationRunListeners.java:63)
	at org.springframework.boot.SpringApplication.prepareEnvironment(SpringApplication.java:353)
	at org.springframework.boot.SpringApplication.run(SpringApplication.java:313)
	at org.springframework.boot.SpringApplication.run(SpringApplication.java:1361)
	at org.springframework.boot.SpringApplication.run(SpringApplication.java:1350)
	at com.aurionpro.papms.PaPmsApplication.main(PaPmsApplication.java:14)
	at java.base/jdk.internal.reflect.NativeMethodAccessorImpl.invoke0(Native Method)
	at java.base/jdk.internal.reflect.NativeMethodAccessorImpl.invoke(NativeMethodAccessorImpl.java:77)
	at java.base/jdk.internal.reflect.DelegatingMethodAccessorImpl.invoke(DelegatingMethodAccessorImpl.java:43)
	at java.base/java.lang.reflect.Method.invoke(Method.java:568)
	at org.springframework.boot.devtools.restart.RestartLauncher.run(RestartLauncher.java:50)
Caused by: java.lang.IllegalStateException: Logback configuration error detected: 
ERROR in ch.qos.logback.classic.pattern.ClassOfCallerConverter@6f3e17e8 - failed to parse integer string [1.] java.lang.NumberFormatException: For input string: "1."
ERROR in ch.qos.logback.classic.pattern.ClassOfCallerConverter@13dd1fe9 - failed to parse integer string [1.] java.lang.NumberFormatException: For input string: "1."
	at org.springframework.boot.logging.logback.LogbackLoggingSystem.reportConfigurationErrorsIfNecessary(LogbackLoggingSystem.java:289)
	at org.springframework.boot.logging.logback.LogbackLoggingSystem.loadConfiguration(LogbackLoggingSystem.java:267)
	at org.springframework.boot.logging.AbstractLoggingSystem.initializeWithConventions(AbstractLoggingSystem.java:81)
	at org.springframework.boot.logging.AbstractLoggingSystem.initialize(AbstractLoggingSystem.java:61)
	at org.springframework.boot.logging.logback.LogbackLoggingSystem.initialize(LogbackLoggingSystem.java:195)
	at org.springframework.boot.context.logging.LoggingApplicationListener.initializeSystem(LoggingApplicationListener.java:332)
	... 24 common frames omitted
	Suppressed: java.lang.NumberFormatException: For input string: "1."
		at java.base/java.lang.NumberFormatException.forInputString(NumberFormatException.java:67)
		at java.base/java.lang.Integer.parseInt(Integer.java:668)
		at java.base/java.lang.Integer.parseInt(Integer.java:786)
		at ch.qos.logback.classic.pattern.NamedConverter.start(NamedConverter.java:92)
		at ch.qos.logback.core.pattern.ConverterUtil.startConverters(ConverterUtil.java:37)
		at ch.qos.logback.core.pattern.PatternLayoutBase.start(PatternLayoutBase.java:148)
		at ch.qos.logback.classic.encoder.PatternLayoutEncoder.start(PatternLayoutEncoder.java:28)
		at ch.qos.logback.core.model.processor.ImplicitModelHandler.postHandleComplex(ImplicitModelHandler.java:207)
		at ch.qos.logback.core.model.processor.ImplicitModelHandler.postHandle(ImplicitModelHandler.java:186)
		at ch.qos.logback.core.model.processor.DefaultProcessor.secondPhaseTraverse(DefaultProcessor.java:257)
		at ch.qos.logback.core.model.processor.DefaultProcessor.secondPhaseTraverse(DefaultProcessor.java:253)
		at ch.qos.logback.core.model.processor.DefaultProcessor.secondPhaseTraverse(DefaultProcessor.java:253)
		at ch.qos.logback.core.model.processor.DefaultProcessor.traversalLoop(DefaultProcessor.java:90)
		at ch.qos.logback.core.model.processor.DefaultProcessor.process(DefaultProcessor.java:106)
		at ch.qos.logback.core.joran.GenericXMLConfigurator.processModel(GenericXMLConfigurator.java:222)
		at org.springframework.boot.logging.logback.SpringBootJoranConfigurator.processModel(SpringBootJoranConfigurator.java:136)
		at ch.qos.logback.core.joran.GenericXMLConfigurator.doConfigure(GenericXMLConfigurator.java:178)
		at ch.qos.logback.core.joran.GenericXMLConfigurator.doConfigure(GenericXMLConfigurator.java:123)
		at ch.qos.logback.core.joran.GenericXMLConfigurator.doConfigure(GenericXMLConfigurator.java:66)
		at org.springframework.boot.logging.logback.LogbackLoggingSystem.configureByResourceUrl(LogbackLoggingSystem.java:298)
		at org.springframework.boot.logging.logback.LogbackLoggingSystem.lambda$loadConfiguration$2(LogbackLoggingSystem.java:260)
		at org.springframework.boot.logging.logback.LogbackLoggingSystem.withLoggingSuppressed(LogbackLoggingSystem.java:481)
		at org.springframework.boot.logging.logback.LogbackLoggingSystem.loadConfiguration(LogbackLoggingSystem.java:252)
		... 28 common frames omitted
	Suppressed: java.lang.NumberFormatException: For input string: "1."
		at java.base/java.lang.NumberFormatException.forInputString(NumberFormatException.java:67)
		at java.base/java.lang.Integer.parseInt(Integer.java:668)
		at java.base/java.lang.Integer.parseInt(Integer.java:786)
		at ch.qos.logback.classic.pattern.NamedConverter.start(NamedConverter.java:92)
		at ch.qos.logback.core.pattern.ConverterUtil.startConverters(ConverterUtil.java:37)
		at ch.qos.logback.core.pattern.PatternLayoutBase.start(PatternLayoutBase.java:148)
		at ch.qos.logback.classic.encoder.PatternLayoutEncoder.start(PatternLayoutEncoder.java:28)
		at ch.qos.logback.core.model.processor.ImplicitModelHandler.postHandleComplex(ImplicitModelHandler.java:207)
		at ch.qos.logback.core.model.processor.ImplicitModelHandler.postHandle(ImplicitModelHandler.java:186)
		at ch.qos.logback.core.model.processor.DefaultProcessor.secondPhaseTraverse(DefaultProcessor.java:257)
		at ch.qos.logback.core.model.processor.DefaultProcessor.secondPhaseTraverse(DefaultProcessor.java:253)
		at ch.qos.logback.core.model.processor.DefaultProcessor.secondPhaseTraverse(DefaultProcessor.java:253)
		at ch.qos.logback.core.model.processor.DefaultProcessor.traversalLoop(DefaultProcessor.java:90)
		at ch.qos.logback.core.model.processor.DefaultProcessor.process(DefaultProcessor.java:106)
		at ch.qos.logback.core.joran.GenericXMLConfigurator.processModel(GenericXMLConfigurator.java:222)
		at org.springframework.boot.logging.logback.SpringBootJoranConfigurator.processModel(SpringBootJoranConfigurator.java:136)
		at ch.qos.logback.core.joran.GenericXMLConfigurator.doConfigure(GenericXMLConfigurator.java:178)
		at ch.qos.logback.core.joran.GenericXMLConfigurator.doConfigure(GenericXMLConfigurator.java:123)
		at ch.qos.logback.core.joran.GenericXMLConfigurator.doConfigure(GenericXMLConfigurator.java:66)
		at org.springframework.boot.logging.logback.LogbackLoggingSystem.configureByResourceUrl(LogbackLoggingSystem.java:298)
		at org.springframework.boot.logging.logback.LogbackLoggingSystem.lambda$loadConfiguration$2(LogbackLoggingSystem.java:260)
		at org.springframework.boot.logging.logback.LogbackLoggingSystem.withLoggingSuppressed(LogbackLoggingSystem.java:481)
		at org.springframework.boot.logging.logback.LogbackLoggingSystem.loadConfiguration(LogbackLoggingSystem.java:252)
		... 28 common frames omitted
2025-10-12 02:16:35,505 ERROR org.springframework.boot.SpringApplication [restartedMain] Application run failed
java.lang.IllegalStateException: java.lang.IllegalStateException: Logback configuration error detected: 
ERROR in ch.qos.logback.classic.pattern.ClassOfCallerConverter@26b8c284 - failed to parse integer string [1.] java.lang.NumberFormatException: For input string: "1."
ERROR in ch.qos.logback.classic.pattern.ClassOfCallerConverter@15292e43 - failed to parse integer string [1.] java.lang.NumberFormatException: For input string: "1."
	at org.springframework.boot.context.logging.LoggingApplicationListener.initializeSystem(LoggingApplicationListener.java:347)
	at org.springframework.boot.context.logging.LoggingApplicationListener.initialize(LoggingApplicationListener.java:298)
	at org.springframework.boot.context.logging.LoggingApplicationListener.onApplicationEnvironmentPreparedEvent(LoggingApplicationListener.java:246)
	at org.springframework.boot.context.logging.LoggingApplicationListener.onApplicationEvent(LoggingApplicationListener.java:223)
	at org.springframework.context.event.SimpleApplicationEventMulticaster.doInvokeListener(SimpleApplicationEventMulticaster.java:185)
	at org.springframework.context.event.SimpleApplicationEventMulticaster.invokeListener(SimpleApplicationEventMulticaster.java:178)
	at org.springframework.context.event.SimpleApplicationEventMulticaster.multicastEvent(SimpleApplicationEventMulticaster.java:156)
	at org.springframework.context.event.SimpleApplicationEventMulticaster.multicastEvent(SimpleApplicationEventMulticaster.java:138)
	at org.springframework.boot.context.event.EventPublishingRunListener.multicastInitialEvent(EventPublishingRunListener.java:136)
	at org.springframework.boot.context.event.EventPublishingRunListener.environmentPrepared(EventPublishingRunListener.java:81)
	at org.springframework.boot.SpringApplicationRunListeners.lambda$environmentPrepared$2(SpringApplicationRunListeners.java:64)
	at java.base/java.lang.Iterable.forEach(Iterable.java:75)
	at org.springframework.boot.SpringApplicationRunListeners.doWithListeners(SpringApplicationRunListeners.java:118)
	at org.springframework.boot.SpringApplicationRunListeners.doWithListeners(SpringApplicationRunListeners.java:112)
	at org.springframework.boot.SpringApplicationRunListeners.environmentPrepared(SpringApplicationRunListeners.java:63)
	at org.springframework.boot.SpringApplication.prepareEnvironment(SpringApplication.java:353)
	at org.springframework.boot.SpringApplication.run(SpringApplication.java:313)
	at org.springframework.boot.SpringApplication.run(SpringApplication.java:1361)
	at org.springframework.boot.SpringApplication.run(SpringApplication.java:1350)
	at com.aurionpro.papms.PaPmsApplication.main(PaPmsApplication.java:14)
	at java.base/jdk.internal.reflect.NativeMethodAccessorImpl.invoke0(Native Method)
	at java.base/jdk.internal.reflect.NativeMethodAccessorImpl.invoke(NativeMethodAccessorImpl.java:77)
	at java.base/jdk.internal.reflect.DelegatingMethodAccessorImpl.invoke(DelegatingMethodAccessorImpl.java:43)
	at java.base/java.lang.reflect.Method.invoke(Method.java:568)
	at org.springframework.boot.devtools.restart.RestartLauncher.run(RestartLauncher.java:50)
Caused by: java.lang.IllegalStateException: Logback configuration error detected: 
ERROR in ch.qos.logback.classic.pattern.ClassOfCallerConverter@26b8c284 - failed to parse integer string [1.] java.lang.NumberFormatException: For input string: "1."
ERROR in ch.qos.logback.classic.pattern.ClassOfCallerConverter@15292e43 - failed to parse integer string [1.] java.lang.NumberFormatException: For input string: "1."
	at org.springframework.boot.logging.logback.LogbackLoggingSystem.reportConfigurationErrorsIfNecessary(LogbackLoggingSystem.java:289)
	at org.springframework.boot.logging.logback.LogbackLoggingSystem.loadConfiguration(LogbackLoggingSystem.java:267)
	at org.springframework.boot.logging.AbstractLoggingSystem.initializeWithConventions(AbstractLoggingSystem.java:81)
	at org.springframework.boot.logging.AbstractLoggingSystem.initialize(AbstractLoggingSystem.java:61)
	at org.springframework.boot.logging.logback.LogbackLoggingSystem.initialize(LogbackLoggingSystem.java:195)
	at org.springframework.boot.context.logging.LoggingApplicationListener.initializeSystem(LoggingApplicationListener.java:332)
	... 24 common frames omitted
	Suppressed: java.lang.NumberFormatException: For input string: "1."
		at java.base/java.lang.NumberFormatException.forInputString(NumberFormatException.java:67)
		at java.base/java.lang.Integer.parseInt(Integer.java:668)
		at java.base/java.lang.Integer.parseInt(Integer.java:786)
		at ch.qos.logback.classic.pattern.NamedConverter.start(NamedConverter.java:92)
		at ch.qos.logback.core.pattern.ConverterUtil.startConverters(ConverterUtil.java:37)
		at ch.qos.logback.core.pattern.PatternLayoutBase.start(PatternLayoutBase.java:148)
		at ch.qos.logback.classic.encoder.PatternLayoutEncoder.start(PatternLayoutEncoder.java:28)
		at ch.qos.logback.core.model.processor.ImplicitModelHandler.postHandleComplex(ImplicitModelHandler.java:207)
		at ch.qos.logback.core.model.processor.ImplicitModelHandler.postHandle(ImplicitModelHandler.java:186)
		at ch.qos.logback.core.model.processor.DefaultProcessor.secondPhaseTraverse(DefaultProcessor.java:257)
		at ch.qos.logback.core.model.processor.DefaultProcessor.secondPhaseTraverse(DefaultProcessor.java:253)
		at ch.qos.logback.core.model.processor.DefaultProcessor.secondPhaseTraverse(DefaultProcessor.java:253)
		at ch.qos.logback.core.model.processor.DefaultProcessor.traversalLoop(DefaultProcessor.java:90)
		at ch.qos.logback.core.model.processor.DefaultProcessor.process(DefaultProcessor.java:106)
		at ch.qos.logback.core.joran.GenericXMLConfigurator.processModel(GenericXMLConfigurator.java:222)
		at org.springframework.boot.logging.logback.SpringBootJoranConfigurator.processModel(SpringBootJoranConfigurator.java:136)
		at ch.qos.logback.core.joran.GenericXMLConfigurator.doConfigure(GenericXMLConfigurator.java:178)
		at ch.qos.logback.core.joran.GenericXMLConfigurator.doConfigure(GenericXMLConfigurator.java:123)
		at ch.qos.logback.core.joran.GenericXMLConfigurator.doConfigure(GenericXMLConfigurator.java:66)
		at org.springframework.boot.logging.logback.LogbackLoggingSystem.configureByResourceUrl(LogbackLoggingSystem.java:298)
		at org.springframework.boot.logging.logback.LogbackLoggingSystem.lambda$loadConfiguration$2(LogbackLoggingSystem.java:260)
		at org.springframework.boot.logging.logback.LogbackLoggingSystem.withLoggingSuppressed(LogbackLoggingSystem.java:481)
		at org.springframework.boot.logging.logback.LogbackLoggingSystem.loadConfiguration(LogbackLoggingSystem.java:252)
		... 28 common frames omitted
	Suppressed: java.lang.NumberFormatException: For input string: "1."
		at java.base/java.lang.NumberFormatException.forInputString(NumberFormatException.java:67)
		at java.base/java.lang.Integer.parseInt(Integer.java:668)
		at java.base/java.lang.Integer.parseInt(Integer.java:786)
		at ch.qos.logback.classic.pattern.NamedConverter.start(NamedConverter.java:92)
		at ch.qos.logback.core.pattern.ConverterUtil.startConverters(ConverterUtil.java:37)
		at ch.qos.logback.core.pattern.PatternLayoutBase.start(PatternLayoutBase.java:148)
		at ch.qos.logback.classic.encoder.PatternLayoutEncoder.start(PatternLayoutEncoder.java:28)
		at ch.qos.logback.core.model.processor.ImplicitModelHandler.postHandleComplex(ImplicitModelHandler.java:207)
		at ch.qos.logback.core.model.processor.ImplicitModelHandler.postHandle(ImplicitModelHandler.java:186)
		at ch.qos.logback.core.model.processor.DefaultProcessor.secondPhaseTraverse(DefaultProcessor.java:257)
		at ch.qos.logback.core.model.processor.DefaultProcessor.secondPhaseTraverse(DefaultProcessor.java:253)
		at ch.qos.logback.core.model.processor.DefaultProcessor.secondPhaseTraverse(DefaultProcessor.java:253)
		at ch.qos.logback.core.model.processor.DefaultProcessor.traversalLoop(DefaultProcessor.java:90)
		at ch.qos.logback.core.model.processor.DefaultProcessor.process(DefaultProcessor.java:106)
		at ch.qos.logback.core.joran.GenericXMLConfigurator.processModel(GenericXMLConfigurator.java:222)
		at org.springframework.boot.logging.logback.SpringBootJoranConfigurator.processModel(SpringBootJoranConfigurator.java:136)
		at ch.qos.logback.core.joran.GenericXMLConfigurator.doConfigure(GenericXMLConfigurator.java:178)
		at ch.qos.logback.core.joran.GenericXMLConfigurator.doConfigure(GenericXMLConfigurator.java:123)
		at ch.qos.logback.core.joran.GenericXMLConfigurator.doConfigure(GenericXMLConfigurator.java:66)
		at org.springframework.boot.logging.logback.LogbackLoggingSystem.configureByResourceUrl(LogbackLoggingSystem.java:298)
		at org.springframework.boot.logging.logback.LogbackLoggingSystem.lambda$loadConfiguration$2(LogbackLoggingSystem.java:260)
		at org.springframework.boot.logging.logback.LogbackLoggingSystem.withLoggingSuppressed(LogbackLoggingSystem.java:481)
		at org.springframework.boot.logging.logback.LogbackLoggingSystem.loadConfiguration(LogbackLoggingSystem.java:252)
		... 28 common frames omitted
2025-10-12 02:16:58,839 ERROR org.springframework.boot.SpringApplication [restartedMain] Application run failed
java.lang.IllegalStateException: java.lang.IllegalStateException: Logback configuration error detected: 
ERROR in ch.qos.logback.classic.pattern.ClassOfCallerConverter@ceedad4 - failed to parse integer string [1.] java.lang.NumberFormatException: For input string: "1."
ERROR in ch.qos.logback.classic.pattern.ClassOfCallerConverter@1b8d9200 - failed to parse integer string [1.] java.lang.NumberFormatException: For input string: "1."
	at org.springframework.boot.context.logging.LoggingApplicationListener.initializeSystem(LoggingApplicationListener.java:347)
	at org.springframework.boot.context.logging.LoggingApplicationListener.initialize(LoggingApplicationListener.java:298)
	at org.springframework.boot.context.logging.LoggingApplicationListener.onApplicationEnvironmentPreparedEvent(LoggingApplicationListener.java:246)
	at org.springframework.boot.context.logging.LoggingApplicationListener.onApplicationEvent(LoggingApplicationListener.java:223)
	at org.springframework.context.event.SimpleApplicationEventMulticaster.doInvokeListener(SimpleApplicationEventMulticaster.java:185)
	at org.springframework.context.event.SimpleApplicationEventMulticaster.invokeListener(SimpleApplicationEventMulticaster.java:178)
	at org.springframework.context.event.SimpleApplicationEventMulticaster.multicastEvent(SimpleApplicationEventMulticaster.java:156)
	at org.springframework.context.event.SimpleApplicationEventMulticaster.multicastEvent(SimpleApplicationEventMulticaster.java:138)
	at org.springframework.boot.context.event.EventPublishingRunListener.multicastInitialEvent(EventPublishingRunListener.java:136)
	at org.springframework.boot.context.event.EventPublishingRunListener.environmentPrepared(EventPublishingRunListener.java:81)
	at org.springframework.boot.SpringApplicationRunListeners.lambda$environmentPrepared$2(SpringApplicationRunListeners.java:64)
	at java.base/java.lang.Iterable.forEach(Iterable.java:75)
	at org.springframework.boot.SpringApplicationRunListeners.doWithListeners(SpringApplicationRunListeners.java:118)
	at org.springframework.boot.SpringApplicationRunListeners.doWithListeners(SpringApplicationRunListeners.java:112)
	at org.springframework.boot.SpringApplicationRunListeners.environmentPrepared(SpringApplicationRunListeners.java:63)
	at org.springframework.boot.SpringApplication.prepareEnvironment(SpringApplication.java:353)
	at org.springframework.boot.SpringApplication.run(SpringApplication.java:313)
	at org.springframework.boot.SpringApplication.run(SpringApplication.java:1361)
	at org.springframework.boot.SpringApplication.run(SpringApplication.java:1350)
	at com.aurionpro.papms.PaPmsApplication.main(PaPmsApplication.java:14)
	at java.base/jdk.internal.reflect.NativeMethodAccessorImpl.invoke0(Native Method)
	at java.base/jdk.internal.reflect.NativeMethodAccessorImpl.invoke(NativeMethodAccessorImpl.java:77)
	at java.base/jdk.internal.reflect.DelegatingMethodAccessorImpl.invoke(DelegatingMethodAccessorImpl.java:43)
	at java.base/java.lang.reflect.Method.invoke(Method.java:568)
	at org.springframework.boot.devtools.restart.RestartLauncher.run(RestartLauncher.java:50)
Caused by: java.lang.IllegalStateException: Logback configuration error detected: 
ERROR in ch.qos.logback.classic.pattern.ClassOfCallerConverter@ceedad4 - failed to parse integer string [1.] java.lang.NumberFormatException: For input string: "1."
ERROR in ch.qos.logback.classic.pattern.ClassOfCallerConverter@1b8d9200 - failed to parse integer string [1.] java.lang.NumberFormatException: For input string: "1."
	at org.springframework.boot.logging.logback.LogbackLoggingSystem.reportConfigurationErrorsIfNecessary(LogbackLoggingSystem.java:289)
	at org.springframework.boot.logging.logback.LogbackLoggingSystem.loadConfiguration(LogbackLoggingSystem.java:267)
	at org.springframework.boot.logging.AbstractLoggingSystem.initializeWithConventions(AbstractLoggingSystem.java:81)
	at org.springframework.boot.logging.AbstractLoggingSystem.initialize(AbstractLoggingSystem.java:61)
	at org.springframework.boot.logging.logback.LogbackLoggingSystem.initialize(LogbackLoggingSystem.java:195)
	at org.springframework.boot.context.logging.LoggingApplicationListener.initializeSystem(LoggingApplicationListener.java:332)
	... 24 common frames omitted
	Suppressed: java.lang.NumberFormatException: For input string: "1."
		at java.base/java.lang.NumberFormatException.forInputString(NumberFormatException.java:67)
		at java.base/java.lang.Integer.parseInt(Integer.java:668)
		at java.base/java.lang.Integer.parseInt(Integer.java:786)
		at ch.qos.logback.classic.pattern.NamedConverter.start(NamedConverter.java:92)
		at ch.qos.logback.core.pattern.ConverterUtil.startConverters(ConverterUtil.java:37)
		at ch.qos.logback.core.pattern.PatternLayoutBase.start(PatternLayoutBase.java:148)
		at ch.qos.logback.classic.encoder.PatternLayoutEncoder.start(PatternLayoutEncoder.java:28)
		at ch.qos.logback.core.model.processor.ImplicitModelHandler.postHandleComplex(ImplicitModelHandler.java:207)
		at ch.qos.logback.core.model.processor.ImplicitModelHandler.postHandle(ImplicitModelHandler.java:186)
		at ch.qos.logback.core.model.processor.DefaultProcessor.secondPhaseTraverse(DefaultProcessor.java:257)
		at ch.qos.logback.core.model.processor.DefaultProcessor.secondPhaseTraverse(DefaultProcessor.java:253)
		at ch.qos.logback.core.model.processor.DefaultProcessor.secondPhaseTraverse(DefaultProcessor.java:253)
		at ch.qos.logback.core.model.processor.DefaultProcessor.traversalLoop(DefaultProcessor.java:90)
		at ch.qos.logback.core.model.processor.DefaultProcessor.process(DefaultProcessor.java:106)
		at ch.qos.logback.core.joran.GenericXMLConfigurator.processModel(GenericXMLConfigurator.java:222)
		at org.springframework.boot.logging.logback.SpringBootJoranConfigurator.processModel(SpringBootJoranConfigurator.java:136)
		at ch.qos.logback.core.joran.GenericXMLConfigurator.doConfigure(GenericXMLConfigurator.java:178)
		at ch.qos.logback.core.joran.GenericXMLConfigurator.doConfigure(GenericXMLConfigurator.java:123)
		at ch.qos.logback.core.joran.GenericXMLConfigurator.doConfigure(GenericXMLConfigurator.java:66)
		at org.springframework.boot.logging.logback.LogbackLoggingSystem.configureByResourceUrl(LogbackLoggingSystem.java:298)
		at org.springframework.boot.logging.logback.LogbackLoggingSystem.lambda$loadConfiguration$2(LogbackLoggingSystem.java:260)
		at org.springframework.boot.logging.logback.LogbackLoggingSystem.withLoggingSuppressed(LogbackLoggingSystem.java:481)
		at org.springframework.boot.logging.logback.LogbackLoggingSystem.loadConfiguration(LogbackLoggingSystem.java:252)
		... 28 common frames omitted
	Suppressed: java.lang.NumberFormatException: For input string: "1."
		at java.base/java.lang.NumberFormatException.forInputString(NumberFormatException.java:67)
		at java.base/java.lang.Integer.parseInt(Integer.java:668)
		at java.base/java.lang.Integer.parseInt(Integer.java:786)
		at ch.qos.logback.classic.pattern.NamedConverter.start(NamedConverter.java:92)
		at ch.qos.logback.core.pattern.ConverterUtil.startConverters(ConverterUtil.java:37)
		at ch.qos.logback.core.pattern.PatternLayoutBase.start(PatternLayoutBase.java:148)
		at ch.qos.logback.classic.encoder.PatternLayoutEncoder.start(PatternLayoutEncoder.java:28)
		at ch.qos.logback.core.model.processor.ImplicitModelHandler.postHandleComplex(ImplicitModelHandler.java:207)
		at ch.qos.logback.core.model.processor.ImplicitModelHandler.postHandle(ImplicitModelHandler.java:186)
		at ch.qos.logback.core.model.processor.DefaultProcessor.secondPhaseTraverse(DefaultProcessor.java:257)
		at ch.qos.logback.core.model.processor.DefaultProcessor.secondPhaseTraverse(DefaultProcessor.java:253)
		at ch.qos.logback.core.model.processor.DefaultProcessor.secondPhaseTraverse(DefaultProcessor.java:253)
		at ch.qos.logback.core.model.processor.DefaultProcessor.traversalLoop(DefaultProcessor.java:90)
		at ch.qos.logback.core.model.processor.DefaultProcessor.process(DefaultProcessor.java:106)
		at ch.qos.logback.core.joran.GenericXMLConfigurator.processModel(GenericXMLConfigurator.java:222)
		at org.springframework.boot.logging.logback.SpringBootJoranConfigurator.processModel(SpringBootJoranConfigurator.java:136)
		at ch.qos.logback.core.joran.GenericXMLConfigurator.doConfigure(GenericXMLConfigurator.java:178)
		at ch.qos.logback.core.joran.GenericXMLConfigurator.doConfigure(GenericXMLConfigurator.java:123)
		at ch.qos.logback.core.joran.GenericXMLConfigurator.doConfigure(GenericXMLConfigurator.java:66)
		at org.springframework.boot.logging.logback.LogbackLoggingSystem.configureByResourceUrl(LogbackLoggingSystem.java:298)
		at org.springframework.boot.logging.logback.LogbackLoggingSystem.lambda$loadConfiguration$2(LogbackLoggingSystem.java:260)
		at org.springframework.boot.logging.logback.LogbackLoggingSystem.withLoggingSuppressed(LogbackLoggingSystem.java:481)
		at org.springframework.boot.logging.logback.LogbackLoggingSystem.loadConfiguration(LogbackLoggingSystem.java:252)
		... 28 common frames omitted
2025-10-12 02:17:00,576 ERROR org.springframework.boot.SpringApplication [restartedMain] Application run failed
java.lang.IllegalStateException: java.lang.IllegalStateException: Logback configuration error detected: 
ERROR in ch.qos.logback.classic.pattern.ClassOfCallerConverter@fcf21f4 - failed to parse integer string [1.] java.lang.NumberFormatException: For input string: "1."
ERROR in ch.qos.logback.classic.pattern.ClassOfCallerConverter@1fd45b6f - failed to parse integer string [1.] java.lang.NumberFormatException: For input string: "1."
	at org.springframework.boot.context.logging.LoggingApplicationListener.initializeSystem(LoggingApplicationListener.java:347)
	at org.springframework.boot.context.logging.LoggingApplicationListener.initialize(LoggingApplicationListener.java:298)
	at org.springframework.boot.context.logging.LoggingApplicationListener.onApplicationEnvironmentPreparedEvent(LoggingApplicationListener.java:246)
	at org.springframework.boot.context.logging.LoggingApplicationListener.onApplicationEvent(LoggingApplicationListener.java:223)
	at org.springframework.context.event.SimpleApplicationEventMulticaster.doInvokeListener(SimpleApplicationEventMulticaster.java:185)
	at org.springframework.context.event.SimpleApplicationEventMulticaster.invokeListener(SimpleApplicationEventMulticaster.java:178)
	at org.springframework.context.event.SimpleApplicationEventMulticaster.multicastEvent(SimpleApplicationEventMulticaster.java:156)
	at org.springframework.context.event.SimpleApplicationEventMulticaster.multicastEvent(SimpleApplicationEventMulticaster.java:138)
	at org.springframework.boot.context.event.EventPublishingRunListener.multicastInitialEvent(EventPublishingRunListener.java:136)
	at org.springframework.boot.context.event.EventPublishingRunListener.environmentPrepared(EventPublishingRunListener.java:81)
	at org.springframework.boot.SpringApplicationRunListeners.lambda$environmentPrepared$2(SpringApplicationRunListeners.java:64)
	at java.base/java.lang.Iterable.forEach(Iterable.java:75)
	at org.springframework.boot.SpringApplicationRunListeners.doWithListeners(SpringApplicationRunListeners.java:118)
	at org.springframework.boot.SpringApplicationRunListeners.doWithListeners(SpringApplicationRunListeners.java:112)
	at org.springframework.boot.SpringApplicationRunListeners.environmentPrepared(SpringApplicationRunListeners.java:63)
	at org.springframework.boot.SpringApplication.prepareEnvironment(SpringApplication.java:353)
	at org.springframework.boot.SpringApplication.run(SpringApplication.java:313)
	at org.springframework.boot.SpringApplication.run(SpringApplication.java:1361)
	at org.springframework.boot.SpringApplication.run(SpringApplication.java:1350)
	at com.aurionpro.papms.PaPmsApplication.main(PaPmsApplication.java:14)
	at java.base/jdk.internal.reflect.NativeMethodAccessorImpl.invoke0(Native Method)
	at java.base/jdk.internal.reflect.NativeMethodAccessorImpl.invoke(NativeMethodAccessorImpl.java:77)
	at java.base/jdk.internal.reflect.DelegatingMethodAccessorImpl.invoke(DelegatingMethodAccessorImpl.java:43)
	at java.base/java.lang.reflect.Method.invoke(Method.java:568)
	at org.springframework.boot.devtools.restart.RestartLauncher.run(RestartLauncher.java:50)
Caused by: java.lang.IllegalStateException: Logback configuration error detected: 
ERROR in ch.qos.logback.classic.pattern.ClassOfCallerConverter@fcf21f4 - failed to parse integer string [1.] java.lang.NumberFormatException: For input string: "1."
ERROR in ch.qos.logback.classic.pattern.ClassOfCallerConverter@1fd45b6f - failed to parse integer string [1.] java.lang.NumberFormatException: For input string: "1."
	at org.springframework.boot.logging.logback.LogbackLoggingSystem.reportConfigurationErrorsIfNecessary(LogbackLoggingSystem.java:289)
	at org.springframework.boot.logging.logback.LogbackLoggingSystem.loadConfiguration(LogbackLoggingSystem.java:267)
	at org.springframework.boot.logging.AbstractLoggingSystem.initializeWithConventions(AbstractLoggingSystem.java:81)
	at org.springframework.boot.logging.AbstractLoggingSystem.initialize(AbstractLoggingSystem.java:61)
	at org.springframework.boot.logging.logback.LogbackLoggingSystem.initialize(LogbackLoggingSystem.java:195)
	at org.springframework.boot.context.logging.LoggingApplicationListener.initializeSystem(LoggingApplicationListener.java:332)
	... 24 common frames omitted
	Suppressed: java.lang.NumberFormatException: For input string: "1."
		at java.base/java.lang.NumberFormatException.forInputString(NumberFormatException.java:67)
		at java.base/java.lang.Integer.parseInt(Integer.java:668)
		at java.base/java.lang.Integer.parseInt(Integer.java:786)
		at ch.qos.logback.classic.pattern.NamedConverter.start(NamedConverter.java:92)
		at ch.qos.logback.core.pattern.ConverterUtil.startConverters(ConverterUtil.java:37)
		at ch.qos.logback.core.pattern.PatternLayoutBase.start(PatternLayoutBase.java:148)
		at ch.qos.logback.classic.encoder.PatternLayoutEncoder.start(PatternLayoutEncoder.java:28)
		at ch.qos.logback.core.model.processor.ImplicitModelHandler.postHandleComplex(ImplicitModelHandler.java:207)
		at ch.qos.logback.core.model.processor.ImplicitModelHandler.postHandle(ImplicitModelHandler.java:186)
		at ch.qos.logback.core.model.processor.DefaultProcessor.secondPhaseTraverse(DefaultProcessor.java:257)
		at ch.qos.logback.core.model.processor.DefaultProcessor.secondPhaseTraverse(DefaultProcessor.java:253)
		at ch.qos.logback.core.model.processor.DefaultProcessor.secondPhaseTraverse(DefaultProcessor.java:253)
		at ch.qos.logback.core.model.processor.DefaultProcessor.traversalLoop(DefaultProcessor.java:90)
		at ch.qos.logback.core.model.processor.DefaultProcessor.process(DefaultProcessor.java:106)
		at ch.qos.logback.core.joran.GenericXMLConfigurator.processModel(GenericXMLConfigurator.java:222)
		at org.springframework.boot.logging.logback.SpringBootJoranConfigurator.processModel(SpringBootJoranConfigurator.java:136)
		at ch.qos.logback.core.joran.GenericXMLConfigurator.doConfigure(GenericXMLConfigurator.java:178)
		at ch.qos.logback.core.joran.GenericXMLConfigurator.doConfigure(GenericXMLConfigurator.java:123)
		at ch.qos.logback.core.joran.GenericXMLConfigurator.doConfigure(GenericXMLConfigurator.java:66)
		at org.springframework.boot.logging.logback.LogbackLoggingSystem.configureByResourceUrl(LogbackLoggingSystem.java:298)
		at org.springframework.boot.logging.logback.LogbackLoggingSystem.lambda$loadConfiguration$2(LogbackLoggingSystem.java:260)
		at org.springframework.boot.logging.logback.LogbackLoggingSystem.withLoggingSuppressed(LogbackLoggingSystem.java:481)
		at org.springframework.boot.logging.logback.LogbackLoggingSystem.loadConfiguration(LogbackLoggingSystem.java:252)
		... 28 common frames omitted
	Suppressed: java.lang.NumberFormatException: For input string: "1."
		at java.base/java.lang.NumberFormatException.forInputString(NumberFormatException.java:67)
		at java.base/java.lang.Integer.parseInt(Integer.java:668)
		at java.base/java.lang.Integer.parseInt(Integer.java:786)
		at ch.qos.logback.classic.pattern.NamedConverter.start(NamedConverter.java:92)
		at ch.qos.logback.core.pattern.ConverterUtil.startConverters(ConverterUtil.java:37)
		at ch.qos.logback.core.pattern.PatternLayoutBase.start(PatternLayoutBase.java:148)
		at ch.qos.logback.classic.encoder.PatternLayoutEncoder.start(PatternLayoutEncoder.java:28)
		at ch.qos.logback.core.model.processor.ImplicitModelHandler.postHandleComplex(ImplicitModelHandler.java:207)
		at ch.qos.logback.core.model.processor.ImplicitModelHandler.postHandle(ImplicitModelHandler.java:186)
		at ch.qos.logback.core.model.processor.DefaultProcessor.secondPhaseTraverse(DefaultProcessor.java:257)
		at ch.qos.logback.core.model.processor.DefaultProcessor.secondPhaseTraverse(DefaultProcessor.java:253)
		at ch.qos.logback.core.model.processor.DefaultProcessor.secondPhaseTraverse(DefaultProcessor.java:253)
		at ch.qos.logback.core.model.processor.DefaultProcessor.traversalLoop(DefaultProcessor.java:90)
		at ch.qos.logback.core.model.processor.DefaultProcessor.process(DefaultProcessor.java:106)
		at ch.qos.logback.core.joran.GenericXMLConfigurator.processModel(GenericXMLConfigurator.java:222)
		at org.springframework.boot.logging.logback.SpringBootJoranConfigurator.processModel(SpringBootJoranConfigurator.java:136)
		at ch.qos.logback.core.joran.GenericXMLConfigurator.doConfigure(GenericXMLConfigurator.java:178)
		at ch.qos.logback.core.joran.GenericXMLConfigurator.doConfigure(GenericXMLConfigurator.java:123)
		at ch.qos.logback.core.joran.GenericXMLConfigurator.doConfigure(GenericXMLConfigurator.java:66)
		at org.springframework.boot.logging.logback.LogbackLoggingSystem.configureByResourceUrl(LogbackLoggingSystem.java:298)
		at org.springframework.boot.logging.logback.LogbackLoggingSystem.lambda$loadConfiguration$2(LogbackLoggingSystem.java:260)
		at org.springframework.boot.logging.logback.LogbackLoggingSystem.withLoggingSuppressed(LogbackLoggingSystem.java:481)
		at org.springframework.boot.logging.logback.LogbackLoggingSystem.loadConfiguration(LogbackLoggingSystem.java:252)
		... 28 common frames omitted
2025-10-12 02:17:05,187 ERROR org.springframework.boot.SpringApplication [restartedMain] Application run failed
java.lang.IllegalStateException: java.lang.IllegalStateException: Logback configuration error detected: 
ERROR in ch.qos.logback.classic.pattern.ClassOfCallerConverter@4e2a3040 - failed to parse integer string [1.] java.lang.NumberFormatException: For input string: "1."
ERROR in ch.qos.logback.classic.pattern.ClassOfCallerConverter@79dfc6f1 - failed to parse integer string [1.] java.lang.NumberFormatException: For input string: "1."
	at org.springframework.boot.context.logging.LoggingApplicationListener.initializeSystem(LoggingApplicationListener.java:347)
	at org.springframework.boot.context.logging.LoggingApplicationListener.initialize(LoggingApplicationListener.java:298)
	at org.springframework.boot.context.logging.LoggingApplicationListener.onApplicationEnvironmentPreparedEvent(LoggingApplicationListener.java:246)
	at org.springframework.boot.context.logging.LoggingApplicationListener.onApplicationEvent(LoggingApplicationListener.java:223)
	at org.springframework.context.event.SimpleApplicationEventMulticaster.doInvokeListener(SimpleApplicationEventMulticaster.java:185)
	at org.springframework.context.event.SimpleApplicationEventMulticaster.invokeListener(SimpleApplicationEventMulticaster.java:178)
	at org.springframework.context.event.SimpleApplicationEventMulticaster.multicastEvent(SimpleApplicationEventMulticaster.java:156)
	at org.springframework.context.event.SimpleApplicationEventMulticaster.multicastEvent(SimpleApplicationEventMulticaster.java:138)
	at org.springframework.boot.context.event.EventPublishingRunListener.multicastInitialEvent(EventPublishingRunListener.java:136)
	at org.springframework.boot.context.event.EventPublishingRunListener.environmentPrepared(EventPublishingRunListener.java:81)
	at org.springframework.boot.SpringApplicationRunListeners.lambda$environmentPrepared$2(SpringApplicationRunListeners.java:64)
	at java.base/java.lang.Iterable.forEach(Iterable.java:75)
	at org.springframework.boot.SpringApplicationRunListeners.doWithListeners(SpringApplicationRunListeners.java:118)
	at org.springframework.boot.SpringApplicationRunListeners.doWithListeners(SpringApplicationRunListeners.java:112)
	at org.springframework.boot.SpringApplicationRunListeners.environmentPrepared(SpringApplicationRunListeners.java:63)
	at org.springframework.boot.SpringApplication.prepareEnvironment(SpringApplication.java:353)
	at org.springframework.boot.SpringApplication.run(SpringApplication.java:313)
	at org.springframework.boot.SpringApplication.run(SpringApplication.java:1361)
	at org.springframework.boot.SpringApplication.run(SpringApplication.java:1350)
	at com.aurionpro.papms.PaPmsApplication.main(PaPmsApplication.java:14)
	at java.base/jdk.internal.reflect.NativeMethodAccessorImpl.invoke0(Native Method)
	at java.base/jdk.internal.reflect.NativeMethodAccessorImpl.invoke(NativeMethodAccessorImpl.java:77)
	at java.base/jdk.internal.reflect.DelegatingMethodAccessorImpl.invoke(DelegatingMethodAccessorImpl.java:43)
	at java.base/java.lang.reflect.Method.invoke(Method.java:568)
	at org.springframework.boot.devtools.restart.RestartLauncher.run(RestartLauncher.java:50)
Caused by: java.lang.IllegalStateException: Logback configuration error detected: 
ERROR in ch.qos.logback.classic.pattern.ClassOfCallerConverter@4e2a3040 - failed to parse integer string [1.] java.lang.NumberFormatException: For input string: "1."
ERROR in ch.qos.logback.classic.pattern.ClassOfCallerConverter@79dfc6f1 - failed to parse integer string [1.] java.lang.NumberFormatException: For input string: "1."
	at org.springframework.boot.logging.logback.LogbackLoggingSystem.reportConfigurationErrorsIfNecessary(LogbackLoggingSystem.java:289)
	at org.springframework.boot.logging.logback.LogbackLoggingSystem.loadConfiguration(LogbackLoggingSystem.java:267)
	at org.springframework.boot.logging.AbstractLoggingSystem.initializeWithConventions(AbstractLoggingSystem.java:81)
	at org.springframework.boot.logging.AbstractLoggingSystem.initialize(AbstractLoggingSystem.java:61)
	at org.springframework.boot.logging.logback.LogbackLoggingSystem.initialize(LogbackLoggingSystem.java:195)
	at org.springframework.boot.context.logging.LoggingApplicationListener.initializeSystem(LoggingApplicationListener.java:332)
	... 24 common frames omitted
	Suppressed: java.lang.NumberFormatException: For input string: "1."
		at java.base/java.lang.NumberFormatException.forInputString(NumberFormatException.java:67)
		at java.base/java.lang.Integer.parseInt(Integer.java:668)
		at java.base/java.lang.Integer.parseInt(Integer.java:786)
		at ch.qos.logback.classic.pattern.NamedConverter.start(NamedConverter.java:92)
		at ch.qos.logback.core.pattern.ConverterUtil.startConverters(ConverterUtil.java:37)
		at ch.qos.logback.core.pattern.PatternLayoutBase.start(PatternLayoutBase.java:148)
		at ch.qos.logback.classic.encoder.PatternLayoutEncoder.start(PatternLayoutEncoder.java:28)
		at ch.qos.logback.core.model.processor.ImplicitModelHandler.postHandleComplex(ImplicitModelHandler.java:207)
		at ch.qos.logback.core.model.processor.ImplicitModelHandler.postHandle(ImplicitModelHandler.java:186)
		at ch.qos.logback.core.model.processor.DefaultProcessor.secondPhaseTraverse(DefaultProcessor.java:257)
		at ch.qos.logback.core.model.processor.DefaultProcessor.secondPhaseTraverse(DefaultProcessor.java:253)
		at ch.qos.logback.core.model.processor.DefaultProcessor.secondPhaseTraverse(DefaultProcessor.java:253)
		at ch.qos.logback.core.model.processor.DefaultProcessor.traversalLoop(DefaultProcessor.java:90)
		at ch.qos.logback.core.model.processor.DefaultProcessor.process(DefaultProcessor.java:106)
		at ch.qos.logback.core.joran.GenericXMLConfigurator.processModel(GenericXMLConfigurator.java:222)
		at org.springframework.boot.logging.logback.SpringBootJoranConfigurator.processModel(SpringBootJoranConfigurator.java:136)
		at ch.qos.logback.core.joran.GenericXMLConfigurator.doConfigure(GenericXMLConfigurator.java:178)
		at ch.qos.logback.core.joran.GenericXMLConfigurator.doConfigure(GenericXMLConfigurator.java:123)
		at ch.qos.logback.core.joran.GenericXMLConfigurator.doConfigure(GenericXMLConfigurator.java:66)
		at org.springframework.boot.logging.logback.LogbackLoggingSystem.configureByResourceUrl(LogbackLoggingSystem.java:298)
		at org.springframework.boot.logging.logback.LogbackLoggingSystem.lambda$loadConfiguration$2(LogbackLoggingSystem.java:260)
		at org.springframework.boot.logging.logback.LogbackLoggingSystem.withLoggingSuppressed(LogbackLoggingSystem.java:481)
		at org.springframework.boot.logging.logback.LogbackLoggingSystem.loadConfiguration(LogbackLoggingSystem.java:252)
		... 28 common frames omitted
	Suppressed: java.lang.NumberFormatException: For input string: "1."
		at java.base/java.lang.NumberFormatException.forInputString(NumberFormatException.java:67)
		at java.base/java.lang.Integer.parseInt(Integer.java:668)
		at java.base/java.lang.Integer.parseInt(Integer.java:786)
		at ch.qos.logback.classic.pattern.NamedConverter.start(NamedConverter.java:92)
		at ch.qos.logback.core.pattern.ConverterUtil.startConverters(ConverterUtil.java:37)
		at ch.qos.logback.core.pattern.PatternLayoutBase.start(PatternLayoutBase.java:148)
		at ch.qos.logback.classic.encoder.PatternLayoutEncoder.start(PatternLayoutEncoder.java:28)
		at ch.qos.logback.core.model.processor.ImplicitModelHandler.postHandleComplex(ImplicitModelHandler.java:207)
		at ch.qos.logback.core.model.processor.ImplicitModelHandler.postHandle(ImplicitModelHandler.java:186)
		at ch.qos.logback.core.model.processor.DefaultProcessor.secondPhaseTraverse(DefaultProcessor.java:257)
		at ch.qos.logback.core.model.processor.DefaultProcessor.secondPhaseTraverse(DefaultProcessor.java:253)
		at ch.qos.logback.core.model.processor.DefaultProcessor.secondPhaseTraverse(DefaultProcessor.java:253)
		at ch.qos.logback.core.model.processor.DefaultProcessor.traversalLoop(DefaultProcessor.java:90)
		at ch.qos.logback.core.model.processor.DefaultProcessor.process(DefaultProcessor.java:106)
		at ch.qos.logback.core.joran.GenericXMLConfigurator.processModel(GenericXMLConfigurator.java:222)
		at org.springframework.boot.logging.logback.SpringBootJoranConfigurator.processModel(SpringBootJoranConfigurator.java:136)
		at ch.qos.logback.core.joran.GenericXMLConfigurator.doConfigure(GenericXMLConfigurator.java:178)
		at ch.qos.logback.core.joran.GenericXMLConfigurator.doConfigure(GenericXMLConfigurator.java:123)
		at ch.qos.logback.core.joran.GenericXMLConfigurator.doConfigure(GenericXMLConfigurator.java:66)
		at org.springframework.boot.logging.logback.LogbackLoggingSystem.configureByResourceUrl(LogbackLoggingSystem.java:298)
		at org.springframework.boot.logging.logback.LogbackLoggingSystem.lambda$loadConfiguration$2(LogbackLoggingSystem.java:260)
		at org.springframework.boot.logging.logback.LogbackLoggingSystem.withLoggingSuppressed(LogbackLoggingSystem.java:481)
		at org.springframework.boot.logging.logback.LogbackLoggingSystem.loadConfiguration(LogbackLoggingSystem.java:252)
		... 28 common frames omitted
2025-10-12 02:17:10,888 ERROR org.springframework.boot.SpringApplication [restartedMain] Application run failed
java.lang.IllegalStateException: java.lang.IllegalStateException: Logback configuration error detected: 
ERROR in ch.qos.logback.classic.pattern.ClassOfCallerConverter@3bfcb3c9 - failed to parse integer string [1.] java.lang.NumberFormatException: For input string: "1."
ERROR in ch.qos.logback.classic.pattern.ClassOfCallerConverter@48438651 - failed to parse integer string [1.] java.lang.NumberFormatException: For input string: "1."
	at org.springframework.boot.context.logging.LoggingApplicationListener.initializeSystem(LoggingApplicationListener.java:347)
	at org.springframework.boot.context.logging.LoggingApplicationListener.initialize(LoggingApplicationListener.java:298)
	at org.springframework.boot.context.logging.LoggingApplicationListener.onApplicationEnvironmentPreparedEvent(LoggingApplicationListener.java:246)
	at org.springframework.boot.context.logging.LoggingApplicationListener.onApplicationEvent(LoggingApplicationListener.java:223)
	at org.springframework.context.event.SimpleApplicationEventMulticaster.doInvokeListener(SimpleApplicationEventMulticaster.java:185)
	at org.springframework.context.event.SimpleApplicationEventMulticaster.invokeListener(SimpleApplicationEventMulticaster.java:178)
	at org.springframework.context.event.SimpleApplicationEventMulticaster.multicastEvent(SimpleApplicationEventMulticaster.java:156)
	at org.springframework.context.event.SimpleApplicationEventMulticaster.multicastEvent(SimpleApplicationEventMulticaster.java:138)
	at org.springframework.boot.context.event.EventPublishingRunListener.multicastInitialEvent(EventPublishingRunListener.java:136)
	at org.springframework.boot.context.event.EventPublishingRunListener.environmentPrepared(EventPublishingRunListener.java:81)
	at org.springframework.boot.SpringApplicationRunListeners.lambda$environmentPrepared$2(SpringApplicationRunListeners.java:64)
	at java.base/java.lang.Iterable.forEach(Iterable.java:75)
	at org.springframework.boot.SpringApplicationRunListeners.doWithListeners(SpringApplicationRunListeners.java:118)
	at org.springframework.boot.SpringApplicationRunListeners.doWithListeners(SpringApplicationRunListeners.java:112)
	at org.springframework.boot.SpringApplicationRunListeners.environmentPrepared(SpringApplicationRunListeners.java:63)
	at org.springframework.boot.SpringApplication.prepareEnvironment(SpringApplication.java:353)
	at org.springframework.boot.SpringApplication.run(SpringApplication.java:313)
	at org.springframework.boot.SpringApplication.run(SpringApplication.java:1361)
	at org.springframework.boot.SpringApplication.run(SpringApplication.java:1350)
	at com.aurionpro.papms.PaPmsApplication.main(PaPmsApplication.java:14)
	at java.base/jdk.internal.reflect.NativeMethodAccessorImpl.invoke0(Native Method)
	at java.base/jdk.internal.reflect.NativeMethodAccessorImpl.invoke(NativeMethodAccessorImpl.java:77)
	at java.base/jdk.internal.reflect.DelegatingMethodAccessorImpl.invoke(DelegatingMethodAccessorImpl.java:43)
	at java.base/java.lang.reflect.Method.invoke(Method.java:568)
	at org.springframework.boot.devtools.restart.RestartLauncher.run(RestartLauncher.java:50)
Caused by: java.lang.IllegalStateException: Logback configuration error detected: 
ERROR in ch.qos.logback.classic.pattern.ClassOfCallerConverter@3bfcb3c9 - failed to parse integer string [1.] java.lang.NumberFormatException: For input string: "1."
ERROR in ch.qos.logback.classic.pattern.ClassOfCallerConverter@48438651 - failed to parse integer string [1.] java.lang.NumberFormatException: For input string: "1."
	at org.springframework.boot.logging.logback.LogbackLoggingSystem.reportConfigurationErrorsIfNecessary(LogbackLoggingSystem.java:289)
	at org.springframework.boot.logging.logback.LogbackLoggingSystem.loadConfiguration(LogbackLoggingSystem.java:267)
	at org.springframework.boot.logging.AbstractLoggingSystem.initializeWithConventions(AbstractLoggingSystem.java:81)
	at org.springframework.boot.logging.AbstractLoggingSystem.initialize(AbstractLoggingSystem.java:61)
	at org.springframework.boot.logging.logback.LogbackLoggingSystem.initialize(LogbackLoggingSystem.java:195)
	at org.springframework.boot.context.logging.LoggingApplicationListener.initializeSystem(LoggingApplicationListener.java:332)
	... 24 common frames omitted
	Suppressed: java.lang.NumberFormatException: For input string: "1."
		at java.base/java.lang.NumberFormatException.forInputString(NumberFormatException.java:67)
		at java.base/java.lang.Integer.parseInt(Integer.java:668)
		at java.base/java.lang.Integer.parseInt(Integer.java:786)
		at ch.qos.logback.classic.pattern.NamedConverter.start(NamedConverter.java:92)
		at ch.qos.logback.core.pattern.ConverterUtil.startConverters(ConverterUtil.java:37)
		at ch.qos.logback.core.pattern.PatternLayoutBase.start(PatternLayoutBase.java:148)
		at ch.qos.logback.classic.encoder.PatternLayoutEncoder.start(PatternLayoutEncoder.java:28)
		at ch.qos.logback.core.model.processor.ImplicitModelHandler.postHandleComplex(ImplicitModelHandler.java:207)
		at ch.qos.logback.core.model.processor.ImplicitModelHandler.postHandle(ImplicitModelHandler.java:186)
		at ch.qos.logback.core.model.processor.DefaultProcessor.secondPhaseTraverse(DefaultProcessor.java:257)
		at ch.qos.logback.core.model.processor.DefaultProcessor.secondPhaseTraverse(DefaultProcessor.java:253)
		at ch.qos.logback.core.model.processor.DefaultProcessor.secondPhaseTraverse(DefaultProcessor.java:253)
		at ch.qos.logback.core.model.processor.DefaultProcessor.traversalLoop(DefaultProcessor.java:90)
		at ch.qos.logback.core.model.processor.DefaultProcessor.process(DefaultProcessor.java:106)
		at ch.qos.logback.core.joran.GenericXMLConfigurator.processModel(GenericXMLConfigurator.java:222)
		at org.springframework.boot.logging.logback.SpringBootJoranConfigurator.processModel(SpringBootJoranConfigurator.java:136)
		at ch.qos.logback.core.joran.GenericXMLConfigurator.doConfigure(GenericXMLConfigurator.java:178)
		at ch.qos.logback.core.joran.GenericXMLConfigurator.doConfigure(GenericXMLConfigurator.java:123)
		at ch.qos.logback.core.joran.GenericXMLConfigurator.doConfigure(GenericXMLConfigurator.java:66)
		at org.springframework.boot.logging.logback.LogbackLoggingSystem.configureByResourceUrl(LogbackLoggingSystem.java:298)
		at org.springframework.boot.logging.logback.LogbackLoggingSystem.lambda$loadConfiguration$2(LogbackLoggingSystem.java:260)
		at org.springframework.boot.logging.logback.LogbackLoggingSystem.withLoggingSuppressed(LogbackLoggingSystem.java:481)
		at org.springframework.boot.logging.logback.LogbackLoggingSystem.loadConfiguration(LogbackLoggingSystem.java:252)
		... 28 common frames omitted
	Suppressed: java.lang.NumberFormatException: For input string: "1."
		at java.base/java.lang.NumberFormatException.forInputString(NumberFormatException.java:67)
		at java.base/java.lang.Integer.parseInt(Integer.java:668)
		at java.base/java.lang.Integer.parseInt(Integer.java:786)
		at ch.qos.logback.classic.pattern.NamedConverter.start(NamedConverter.java:92)
		at ch.qos.logback.core.pattern.ConverterUtil.startConverters(ConverterUtil.java:37)
		at ch.qos.logback.core.pattern.PatternLayoutBase.start(PatternLayoutBase.java:148)
		at ch.qos.logback.classic.encoder.PatternLayoutEncoder.start(PatternLayoutEncoder.java:28)
		at ch.qos.logback.core.model.processor.ImplicitModelHandler.postHandleComplex(ImplicitModelHandler.java:207)
		at ch.qos.logback.core.model.processor.ImplicitModelHandler.postHandle(ImplicitModelHandler.java:186)
		at ch.qos.logback.core.model.processor.DefaultProcessor.secondPhaseTraverse(DefaultProcessor.java:257)
		at ch.qos.logback.core.model.processor.DefaultProcessor.secondPhaseTraverse(DefaultProcessor.java:253)
		at ch.qos.logback.core.model.processor.DefaultProcessor.secondPhaseTraverse(DefaultProcessor.java:253)
		at ch.qos.logback.core.model.processor.DefaultProcessor.traversalLoop(DefaultProcessor.java:90)
		at ch.qos.logback.core.model.processor.DefaultProcessor.process(DefaultProcessor.java:106)
		at ch.qos.logback.core.joran.GenericXMLConfigurator.processModel(GenericXMLConfigurator.java:222)
		at org.springframework.boot.logging.logback.SpringBootJoranConfigurator.processModel(SpringBootJoranConfigurator.java:136)
		at ch.qos.logback.core.joran.GenericXMLConfigurator.doConfigure(GenericXMLConfigurator.java:178)
		at ch.qos.logback.core.joran.GenericXMLConfigurator.doConfigure(GenericXMLConfigurator.java:123)
		at ch.qos.logback.core.joran.GenericXMLConfigurator.doConfigure(GenericXMLConfigurator.java:66)
		at org.springframework.boot.logging.logback.LogbackLoggingSystem.configureByResourceUrl(LogbackLoggingSystem.java:298)
		at org.springframework.boot.logging.logback.LogbackLoggingSystem.lambda$loadConfiguration$2(LogbackLoggingSystem.java:260)
		at org.springframework.boot.logging.logback.LogbackLoggingSystem.withLoggingSuppressed(LogbackLoggingSystem.java:481)
		at org.springframework.boot.logging.logback.LogbackLoggingSystem.loadConfiguration(LogbackLoggingSystem.java:252)
		... 28 common frames omitted
2025-10-12 02:17:12,434 ERROR org.springframework.boot.SpringApplication [restartedMain] Application run failed
java.lang.IllegalStateException: java.lang.IllegalStateException: Logback configuration error detected: 
ERROR in ch.qos.logback.classic.pattern.ClassOfCallerConverter@682a8a1f - failed to parse integer string [1.] java.lang.NumberFormatException: For input string: "1."
ERROR in ch.qos.logback.classic.pattern.ClassOfCallerConverter@1d2d512c - failed to parse integer string [1.] java.lang.NumberFormatException: For input string: "1."
	at org.springframework.boot.context.logging.LoggingApplicationListener.initializeSystem(LoggingApplicationListener.java:347)
	at org.springframework.boot.context.logging.LoggingApplicationListener.initialize(LoggingApplicationListener.java:298)
	at org.springframework.boot.context.logging.LoggingApplicationListener.onApplicationEnvironmentPreparedEvent(LoggingApplicationListener.java:246)
	at org.springframework.boot.context.logging.LoggingApplicationListener.onApplicationEvent(LoggingApplicationListener.java:223)
	at org.springframework.context.event.SimpleApplicationEventMulticaster.doInvokeListener(SimpleApplicationEventMulticaster.java:185)
	at org.springframework.context.event.SimpleApplicationEventMulticaster.invokeListener(SimpleApplicationEventMulticaster.java:178)
	at org.springframework.context.event.SimpleApplicationEventMulticaster.multicastEvent(SimpleApplicationEventMulticaster.java:156)
	at org.springframework.context.event.SimpleApplicationEventMulticaster.multicastEvent(SimpleApplicationEventMulticaster.java:138)
	at org.springframework.boot.context.event.EventPublishingRunListener.multicastInitialEvent(EventPublishingRunListener.java:136)
	at org.springframework.boot.context.event.EventPublishingRunListener.environmentPrepared(EventPublishingRunListener.java:81)
	at org.springframework.boot.SpringApplicationRunListeners.lambda$environmentPrepared$2(SpringApplicationRunListeners.java:64)
	at java.base/java.lang.Iterable.forEach(Iterable.java:75)
	at org.springframework.boot.SpringApplicationRunListeners.doWithListeners(SpringApplicationRunListeners.java:118)
	at org.springframework.boot.SpringApplicationRunListeners.doWithListeners(SpringApplicationRunListeners.java:112)
	at org.springframework.boot.SpringApplicationRunListeners.environmentPrepared(SpringApplicationRunListeners.java:63)
	at org.springframework.boot.SpringApplication.prepareEnvironment(SpringApplication.java:353)
	at org.springframework.boot.SpringApplication.run(SpringApplication.java:313)
	at org.springframework.boot.SpringApplication.run(SpringApplication.java:1361)
	at org.springframework.boot.SpringApplication.run(SpringApplication.java:1350)
	at com.aurionpro.papms.PaPmsApplication.main(PaPmsApplication.java:14)
	at java.base/jdk.internal.reflect.NativeMethodAccessorImpl.invoke0(Native Method)
	at java.base/jdk.internal.reflect.NativeMethodAccessorImpl.invoke(NativeMethodAccessorImpl.java:77)
	at java.base/jdk.internal.reflect.DelegatingMethodAccessorImpl.invoke(DelegatingMethodAccessorImpl.java:43)
	at java.base/java.lang.reflect.Method.invoke(Method.java:568)
	at org.springframework.boot.devtools.restart.RestartLauncher.run(RestartLauncher.java:50)
Caused by: java.lang.IllegalStateException: Logback configuration error detected: 
ERROR in ch.qos.logback.classic.pattern.ClassOfCallerConverter@682a8a1f - failed to parse integer string [1.] java.lang.NumberFormatException: For input string: "1."
ERROR in ch.qos.logback.classic.pattern.ClassOfCallerConverter@1d2d512c - failed to parse integer string [1.] java.lang.NumberFormatException: For input string: "1."
	at org.springframework.boot.logging.logback.LogbackLoggingSystem.reportConfigurationErrorsIfNecessary(LogbackLoggingSystem.java:289)
	at org.springframework.boot.logging.logback.LogbackLoggingSystem.loadConfiguration(LogbackLoggingSystem.java:267)
	at org.springframework.boot.logging.AbstractLoggingSystem.initializeWithConventions(AbstractLoggingSystem.java:81)
	at org.springframework.boot.logging.AbstractLoggingSystem.initialize(AbstractLoggingSystem.java:61)
	at org.springframework.boot.logging.logback.LogbackLoggingSystem.initialize(LogbackLoggingSystem.java:195)
	at org.springframework.boot.context.logging.LoggingApplicationListener.initializeSystem(LoggingApplicationListener.java:332)
	... 24 common frames omitted
	Suppressed: java.lang.NumberFormatException: For input string: "1."
		at java.base/java.lang.NumberFormatException.forInputString(NumberFormatException.java:67)
		at java.base/java.lang.Integer.parseInt(Integer.java:668)
		at java.base/java.lang.Integer.parseInt(Integer.java:786)
		at ch.qos.logback.classic.pattern.NamedConverter.start(NamedConverter.java:92)
		at ch.qos.logback.core.pattern.ConverterUtil.startConverters(ConverterUtil.java:37)
		at ch.qos.logback.core.pattern.PatternLayoutBase.start(PatternLayoutBase.java:148)
		at ch.qos.logback.classic.encoder.PatternLayoutEncoder.start(PatternLayoutEncoder.java:28)
		at ch.qos.logback.core.model.processor.ImplicitModelHandler.postHandleComplex(ImplicitModelHandler.java:207)
		at ch.qos.logback.core.model.processor.ImplicitModelHandler.postHandle(ImplicitModelHandler.java:186)
		at ch.qos.logback.core.model.processor.DefaultProcessor.secondPhaseTraverse(DefaultProcessor.java:257)
		at ch.qos.logback.core.model.processor.DefaultProcessor.secondPhaseTraverse(DefaultProcessor.java:253)
		at ch.qos.logback.core.model.processor.DefaultProcessor.secondPhaseTraverse(DefaultProcessor.java:253)
		at ch.qos.logback.core.model.processor.DefaultProcessor.traversalLoop(DefaultProcessor.java:90)
		at ch.qos.logback.core.model.processor.DefaultProcessor.process(DefaultProcessor.java:106)
		at ch.qos.logback.core.joran.GenericXMLConfigurator.processModel(GenericXMLConfigurator.java:222)
		at org.springframework.boot.logging.logback.SpringBootJoranConfigurator.processModel(SpringBootJoranConfigurator.java:136)
		at ch.qos.logback.core.joran.GenericXMLConfigurator.doConfigure(GenericXMLConfigurator.java:178)
		at ch.qos.logback.core.joran.GenericXMLConfigurator.doConfigure(GenericXMLConfigurator.java:123)
		at ch.qos.logback.core.joran.GenericXMLConfigurator.doConfigure(GenericXMLConfigurator.java:66)
		at org.springframework.boot.logging.logback.LogbackLoggingSystem.configureByResourceUrl(LogbackLoggingSystem.java:298)
		at org.springframework.boot.logging.logback.LogbackLoggingSystem.lambda$loadConfiguration$2(LogbackLoggingSystem.java:260)
		at org.springframework.boot.logging.logback.LogbackLoggingSystem.withLoggingSuppressed(LogbackLoggingSystem.java:481)
		at org.springframework.boot.logging.logback.LogbackLoggingSystem.loadConfiguration(LogbackLoggingSystem.java:252)
		... 28 common frames omitted
	Suppressed: java.lang.NumberFormatException: For input string: "1."
		at java.base/java.lang.NumberFormatException.forInputString(NumberFormatException.java:67)
		at java.base/java.lang.Integer.parseInt(Integer.java:668)
		at java.base/java.lang.Integer.parseInt(Integer.java:786)
		at ch.qos.logback.classic.pattern.NamedConverter.start(NamedConverter.java:92)
		at ch.qos.logback.core.pattern.ConverterUtil.startConverters(ConverterUtil.java:37)
		at ch.qos.logback.core.pattern.PatternLayoutBase.start(PatternLayoutBase.java:148)
		at ch.qos.logback.classic.encoder.PatternLayoutEncoder.start(PatternLayoutEncoder.java:28)
		at ch.qos.logback.core.model.processor.ImplicitModelHandler.postHandleComplex(ImplicitModelHandler.java:207)
		at ch.qos.logback.core.model.processor.ImplicitModelHandler.postHandle(ImplicitModelHandler.java:186)
		at ch.qos.logback.core.model.processor.DefaultProcessor.secondPhaseTraverse(DefaultProcessor.java:257)
		at ch.qos.logback.core.model.processor.DefaultProcessor.secondPhaseTraverse(DefaultProcessor.java:253)
		at ch.qos.logback.core.model.processor.DefaultProcessor.secondPhaseTraverse(DefaultProcessor.java:253)
		at ch.qos.logback.core.model.processor.DefaultProcessor.traversalLoop(DefaultProcessor.java:90)
		at ch.qos.logback.core.model.processor.DefaultProcessor.process(DefaultProcessor.java:106)
		at ch.qos.logback.core.joran.GenericXMLConfigurator.processModel(GenericXMLConfigurator.java:222)
		at org.springframework.boot.logging.logback.SpringBootJoranConfigurator.processModel(SpringBootJoranConfigurator.java:136)
		at ch.qos.logback.core.joran.GenericXMLConfigurator.doConfigure(GenericXMLConfigurator.java:178)
		at ch.qos.logback.core.joran.GenericXMLConfigurator.doConfigure(GenericXMLConfigurator.java:123)
		at ch.qos.logback.core.joran.GenericXMLConfigurator.doConfigure(GenericXMLConfigurator.java:66)
		at org.springframework.boot.logging.logback.LogbackLoggingSystem.configureByResourceUrl(LogbackLoggingSystem.java:298)
		at org.springframework.boot.logging.logback.LogbackLoggingSystem.lambda$loadConfiguration$2(LogbackLoggingSystem.java:260)
		at org.springframework.boot.logging.logback.LogbackLoggingSystem.withLoggingSuppressed(LogbackLoggingSystem.java:481)
		at org.springframework.boot.logging.logback.LogbackLoggingSystem.loadConfiguration(LogbackLoggingSystem.java:252)
		... 28 common frames omitted
2025-10-12 02:17:15,019 ERROR org.springframework.boot.SpringApplication [restartedMain] Application run failed
java.lang.IllegalStateException: java.lang.IllegalStateException: Logback configuration error detected: 
ERROR in ch.qos.logback.classic.pattern.ClassOfCallerConverter@24dd65aa - failed to parse integer string [1.] java.lang.NumberFormatException: For input string: "1."
ERROR in ch.qos.logback.classic.pattern.ClassOfCallerConverter@52e2bd42 - failed to parse integer string [1.] java.lang.NumberFormatException: For input string: "1."
	at org.springframework.boot.context.logging.LoggingApplicationListener.initializeSystem(LoggingApplicationListener.java:347)
	at org.springframework.boot.context.logging.LoggingApplicationListener.initialize(LoggingApplicationListener.java:298)
	at org.springframework.boot.context.logging.LoggingApplicationListener.onApplicationEnvironmentPreparedEvent(LoggingApplicationListener.java:246)
	at org.springframework.boot.context.logging.LoggingApplicationListener.onApplicationEvent(LoggingApplicationListener.java:223)
	at org.springframework.context.event.SimpleApplicationEventMulticaster.doInvokeListener(SimpleApplicationEventMulticaster.java:185)
	at org.springframework.context.event.SimpleApplicationEventMulticaster.invokeListener(SimpleApplicationEventMulticaster.java:178)
	at org.springframework.context.event.SimpleApplicationEventMulticaster.multicastEvent(SimpleApplicationEventMulticaster.java:156)
	at org.springframework.context.event.SimpleApplicationEventMulticaster.multicastEvent(SimpleApplicationEventMulticaster.java:138)
	at org.springframework.boot.context.event.EventPublishingRunListener.multicastInitialEvent(EventPublishingRunListener.java:136)
	at org.springframework.boot.context.event.EventPublishingRunListener.environmentPrepared(EventPublishingRunListener.java:81)
	at org.springframework.boot.SpringApplicationRunListeners.lambda$environmentPrepared$2(SpringApplicationRunListeners.java:64)
	at java.base/java.lang.Iterable.forEach(Iterable.java:75)
	at org.springframework.boot.SpringApplicationRunListeners.doWithListeners(SpringApplicationRunListeners.java:118)
	at org.springframework.boot.SpringApplicationRunListeners.doWithListeners(SpringApplicationRunListeners.java:112)
	at org.springframework.boot.SpringApplicationRunListeners.environmentPrepared(SpringApplicationRunListeners.java:63)
	at org.springframework.boot.SpringApplication.prepareEnvironment(SpringApplication.java:353)
	at org.springframework.boot.SpringApplication.run(SpringApplication.java:313)
	at org.springframework.boot.SpringApplication.run(SpringApplication.java:1361)
	at org.springframework.boot.SpringApplication.run(SpringApplication.java:1350)
	at com.aurionpro.papms.PaPmsApplication.main(PaPmsApplication.java:14)
	at java.base/jdk.internal.reflect.NativeMethodAccessorImpl.invoke0(Native Method)
	at java.base/jdk.internal.reflect.NativeMethodAccessorImpl.invoke(NativeMethodAccessorImpl.java:77)
	at java.base/jdk.internal.reflect.DelegatingMethodAccessorImpl.invoke(DelegatingMethodAccessorImpl.java:43)
	at java.base/java.lang.reflect.Method.invoke(Method.java:568)
	at org.springframework.boot.devtools.restart.RestartLauncher.run(RestartLauncher.java:50)
Caused by: java.lang.IllegalStateException: Logback configuration error detected: 
ERROR in ch.qos.logback.classic.pattern.ClassOfCallerConverter@24dd65aa - failed to parse integer string [1.] java.lang.NumberFormatException: For input string: "1."
ERROR in ch.qos.logback.classic.pattern.ClassOfCallerConverter@52e2bd42 - failed to parse integer string [1.] java.lang.NumberFormatException: For input string: "1."
	at org.springframework.boot.logging.logback.LogbackLoggingSystem.reportConfigurationErrorsIfNecessary(LogbackLoggingSystem.java:289)
	at org.springframework.boot.logging.logback.LogbackLoggingSystem.loadConfiguration(LogbackLoggingSystem.java:267)
	at org.springframework.boot.logging.AbstractLoggingSystem.initializeWithConventions(AbstractLoggingSystem.java:81)
	at org.springframework.boot.logging.AbstractLoggingSystem.initialize(AbstractLoggingSystem.java:61)
	at org.springframework.boot.logging.logback.LogbackLoggingSystem.initialize(LogbackLoggingSystem.java:195)
	at org.springframework.boot.context.logging.LoggingApplicationListener.initializeSystem(LoggingApplicationListener.java:332)
	... 24 common frames omitted
	Suppressed: java.lang.NumberFormatException: For input string: "1."
		at java.base/java.lang.NumberFormatException.forInputString(NumberFormatException.java:67)
		at java.base/java.lang.Integer.parseInt(Integer.java:668)
		at java.base/java.lang.Integer.parseInt(Integer.java:786)
		at ch.qos.logback.classic.pattern.NamedConverter.start(NamedConverter.java:92)
		at ch.qos.logback.core.pattern.ConverterUtil.startConverters(ConverterUtil.java:37)
		at ch.qos.logback.core.pattern.PatternLayoutBase.start(PatternLayoutBase.java:148)
		at ch.qos.logback.classic.encoder.PatternLayoutEncoder.start(PatternLayoutEncoder.java:28)
		at ch.qos.logback.core.model.processor.ImplicitModelHandler.postHandleComplex(ImplicitModelHandler.java:207)
		at ch.qos.logback.core.model.processor.ImplicitModelHandler.postHandle(ImplicitModelHandler.java:186)
		at ch.qos.logback.core.model.processor.DefaultProcessor.secondPhaseTraverse(DefaultProcessor.java:257)
		at ch.qos.logback.core.model.processor.DefaultProcessor.secondPhaseTraverse(DefaultProcessor.java:253)
		at ch.qos.logback.core.model.processor.DefaultProcessor.secondPhaseTraverse(DefaultProcessor.java:253)
		at ch.qos.logback.core.model.processor.DefaultProcessor.traversalLoop(DefaultProcessor.java:90)
		at ch.qos.logback.core.model.processor.DefaultProcessor.process(DefaultProcessor.java:106)
		at ch.qos.logback.core.joran.GenericXMLConfigurator.processModel(GenericXMLConfigurator.java:222)
		at org.springframework.boot.logging.logback.SpringBootJoranConfigurator.processModel(SpringBootJoranConfigurator.java:136)
		at ch.qos.logback.core.joran.GenericXMLConfigurator.doConfigure(GenericXMLConfigurator.java:178)
		at ch.qos.logback.core.joran.GenericXMLConfigurator.doConfigure(GenericXMLConfigurator.java:123)
		at ch.qos.logback.core.joran.GenericXMLConfigurator.doConfigure(GenericXMLConfigurator.java:66)
		at org.springframework.boot.logging.logback.LogbackLoggingSystem.configureByResourceUrl(LogbackLoggingSystem.java:298)
		at org.springframework.boot.logging.logback.LogbackLoggingSystem.lambda$loadConfiguration$2(LogbackLoggingSystem.java:260)
		at org.springframework.boot.logging.logback.LogbackLoggingSystem.withLoggingSuppressed(LogbackLoggingSystem.java:481)
		at org.springframework.boot.logging.logback.LogbackLoggingSystem.loadConfiguration(LogbackLoggingSystem.java:252)
		... 28 common frames omitted
	Suppressed: java.lang.NumberFormatException: For input string: "1."
		at java.base/java.lang.NumberFormatException.forInputString(NumberFormatException.java:67)
		at java.base/java.lang.Integer.parseInt(Integer.java:668)
		at java.base/java.lang.Integer.parseInt(Integer.java:786)
		at ch.qos.logback.classic.pattern.NamedConverter.start(NamedConverter.java:92)
		at ch.qos.logback.core.pattern.ConverterUtil.startConverters(ConverterUtil.java:37)
		at ch.qos.logback.core.pattern.PatternLayoutBase.start(PatternLayoutBase.java:148)
		at ch.qos.logback.classic.encoder.PatternLayoutEncoder.start(PatternLayoutEncoder.java:28)
		at ch.qos.logback.core.model.processor.ImplicitModelHandler.postHandleComplex(ImplicitModelHandler.java:207)
		at ch.qos.logback.core.model.processor.ImplicitModelHandler.postHandle(ImplicitModelHandler.java:186)
		at ch.qos.logback.core.model.processor.DefaultProcessor.secondPhaseTraverse(DefaultProcessor.java:257)
		at ch.qos.logback.core.model.processor.DefaultProcessor.secondPhaseTraverse(DefaultProcessor.java:253)
		at ch.qos.logback.core.model.processor.DefaultProcessor.secondPhaseTraverse(DefaultProcessor.java:253)
		at ch.qos.logback.core.model.processor.DefaultProcessor.traversalLoop(DefaultProcessor.java:90)
		at ch.qos.logback.core.model.processor.DefaultProcessor.process(DefaultProcessor.java:106)
		at ch.qos.logback.core.joran.GenericXMLConfigurator.processModel(GenericXMLConfigurator.java:222)
		at org.springframework.boot.logging.logback.SpringBootJoranConfigurator.processModel(SpringBootJoranConfigurator.java:136)
		at ch.qos.logback.core.joran.GenericXMLConfigurator.doConfigure(GenericXMLConfigurator.java:178)
		at ch.qos.logback.core.joran.GenericXMLConfigurator.doConfigure(GenericXMLConfigurator.java:123)
		at ch.qos.logback.core.joran.GenericXMLConfigurator.doConfigure(GenericXMLConfigurator.java:66)
		at org.springframework.boot.logging.logback.LogbackLoggingSystem.configureByResourceUrl(LogbackLoggingSystem.java:298)
		at org.springframework.boot.logging.logback.LogbackLoggingSystem.lambda$loadConfiguration$2(LogbackLoggingSystem.java:260)
		at org.springframework.boot.logging.logback.LogbackLoggingSystem.withLoggingSuppressed(LogbackLoggingSystem.java:481)
		at org.springframework.boot.logging.logback.LogbackLoggingSystem.loadConfiguration(LogbackLoggingSystem.java:252)
		... 28 common frames omitted
2025-10-12 02:17:29,645 ERROR org.springframework.boot.SpringApplication [restartedMain] Application run failed
java.lang.IllegalStateException: java.lang.IllegalStateException: Logback configuration error detected: 
ERROR in ch.qos.logback.classic.pattern.ClassOfCallerConverter@27fb105c - failed to parse integer string [1.] java.lang.NumberFormatException: For input string: "1."
ERROR in ch.qos.logback.classic.pattern.ClassOfCallerConverter@17a870c1 - failed to parse integer string [1.] java.lang.NumberFormatException: For input string: "1."
	at org.springframework.boot.context.logging.LoggingApplicationListener.initializeSystem(LoggingApplicationListener.java:347)
	at org.springframework.boot.context.logging.LoggingApplicationListener.initialize(LoggingApplicationListener.java:298)
	at org.springframework.boot.context.logging.LoggingApplicationListener.onApplicationEnvironmentPreparedEvent(LoggingApplicationListener.java:246)
	at org.springframework.boot.context.logging.LoggingApplicationListener.onApplicationEvent(LoggingApplicationListener.java:223)
	at org.springframework.context.event.SimpleApplicationEventMulticaster.doInvokeListener(SimpleApplicationEventMulticaster.java:185)
	at org.springframework.context.event.SimpleApplicationEventMulticaster.invokeListener(SimpleApplicationEventMulticaster.java:178)
	at org.springframework.context.event.SimpleApplicationEventMulticaster.multicastEvent(SimpleApplicationEventMulticaster.java:156)
	at org.springframework.context.event.SimpleApplicationEventMulticaster.multicastEvent(SimpleApplicationEventMulticaster.java:138)
	at org.springframework.boot.context.event.EventPublishingRunListener.multicastInitialEvent(EventPublishingRunListener.java:136)
	at org.springframework.boot.context.event.EventPublishingRunListener.environmentPrepared(EventPublishingRunListener.java:81)
	at org.springframework.boot.SpringApplicationRunListeners.lambda$environmentPrepared$2(SpringApplicationRunListeners.java:64)
	at java.base/java.lang.Iterable.forEach(Iterable.java:75)
	at org.springframework.boot.SpringApplicationRunListeners.doWithListeners(SpringApplicationRunListeners.java:118)
	at org.springframework.boot.SpringApplicationRunListeners.doWithListeners(SpringApplicationRunListeners.java:112)
	at org.springframework.boot.SpringApplicationRunListeners.environmentPrepared(SpringApplicationRunListeners.java:63)
	at org.springframework.boot.SpringApplication.prepareEnvironment(SpringApplication.java:353)
	at org.springframework.boot.SpringApplication.run(SpringApplication.java:313)
	at org.springframework.boot.SpringApplication.run(SpringApplication.java:1361)
	at org.springframework.boot.SpringApplication.run(SpringApplication.java:1350)
	at com.aurionpro.papms.PaPmsApplication.main(PaPmsApplication.java:14)
	at java.base/jdk.internal.reflect.NativeMethodAccessorImpl.invoke0(Native Method)
	at java.base/jdk.internal.reflect.NativeMethodAccessorImpl.invoke(NativeMethodAccessorImpl.java:77)
	at java.base/jdk.internal.reflect.DelegatingMethodAccessorImpl.invoke(DelegatingMethodAccessorImpl.java:43)
	at java.base/java.lang.reflect.Method.invoke(Method.java:568)
	at org.springframework.boot.devtools.restart.RestartLauncher.run(RestartLauncher.java:50)
Caused by: java.lang.IllegalStateException: Logback configuration error detected: 
ERROR in ch.qos.logback.classic.pattern.ClassOfCallerConverter@27fb105c - failed to parse integer string [1.] java.lang.NumberFormatException: For input string: "1."
ERROR in ch.qos.logback.classic.pattern.ClassOfCallerConverter@17a870c1 - failed to parse integer string [1.] java.lang.NumberFormatException: For input string: "1."
	at org.springframework.boot.logging.logback.LogbackLoggingSystem.reportConfigurationErrorsIfNecessary(LogbackLoggingSystem.java:289)
	at org.springframework.boot.logging.logback.LogbackLoggingSystem.loadConfiguration(LogbackLoggingSystem.java:267)
	at org.springframework.boot.logging.AbstractLoggingSystem.initializeWithConventions(AbstractLoggingSystem.java:81)
	at org.springframework.boot.logging.AbstractLoggingSystem.initialize(AbstractLoggingSystem.java:61)
	at org.springframework.boot.logging.logback.LogbackLoggingSystem.initialize(LogbackLoggingSystem.java:195)
	at org.springframework.boot.context.logging.LoggingApplicationListener.initializeSystem(LoggingApplicationListener.java:332)
	... 24 common frames omitted
	Suppressed: java.lang.NumberFormatException: For input string: "1."
		at java.base/java.lang.NumberFormatException.forInputString(NumberFormatException.java:67)
		at java.base/java.lang.Integer.parseInt(Integer.java:668)
		at java.base/java.lang.Integer.parseInt(Integer.java:786)
		at ch.qos.logback.classic.pattern.NamedConverter.start(NamedConverter.java:92)
		at ch.qos.logback.core.pattern.ConverterUtil.startConverters(ConverterUtil.java:37)
		at ch.qos.logback.core.pattern.PatternLayoutBase.start(PatternLayoutBase.java:148)
		at ch.qos.logback.classic.encoder.PatternLayoutEncoder.start(PatternLayoutEncoder.java:28)
		at ch.qos.logback.core.model.processor.ImplicitModelHandler.postHandleComplex(ImplicitModelHandler.java:207)
		at ch.qos.logback.core.model.processor.ImplicitModelHandler.postHandle(ImplicitModelHandler.java:186)
		at ch.qos.logback.core.model.processor.DefaultProcessor.secondPhaseTraverse(DefaultProcessor.java:257)
		at ch.qos.logback.core.model.processor.DefaultProcessor.secondPhaseTraverse(DefaultProcessor.java:253)
		at ch.qos.logback.core.model.processor.DefaultProcessor.secondPhaseTraverse(DefaultProcessor.java:253)
		at ch.qos.logback.core.model.processor.DefaultProcessor.traversalLoop(DefaultProcessor.java:90)
		at ch.qos.logback.core.model.processor.DefaultProcessor.process(DefaultProcessor.java:106)
		at ch.qos.logback.core.joran.GenericXMLConfigurator.processModel(GenericXMLConfigurator.java:222)
		at org.springframework.boot.logging.logback.SpringBootJoranConfigurator.processModel(SpringBootJoranConfigurator.java:136)
		at ch.qos.logback.core.joran.GenericXMLConfigurator.doConfigure(GenericXMLConfigurator.java:178)
		at ch.qos.logback.core.joran.GenericXMLConfigurator.doConfigure(GenericXMLConfigurator.java:123)
		at ch.qos.logback.core.joran.GenericXMLConfigurator.doConfigure(GenericXMLConfigurator.java:66)
		at org.springframework.boot.logging.logback.LogbackLoggingSystem.configureByResourceUrl(LogbackLoggingSystem.java:298)
		at org.springframework.boot.logging.logback.LogbackLoggingSystem.lambda$loadConfiguration$2(LogbackLoggingSystem.java:260)
		at org.springframework.boot.logging.logback.LogbackLoggingSystem.withLoggingSuppressed(LogbackLoggingSystem.java:481)
		at org.springframework.boot.logging.logback.LogbackLoggingSystem.loadConfiguration(LogbackLoggingSystem.java:252)
		... 28 common frames omitted
	Suppressed: java.lang.NumberFormatException: For input string: "1."
		at java.base/java.lang.NumberFormatException.forInputString(NumberFormatException.java:67)
		at java.base/java.lang.Integer.parseInt(Integer.java:668)
		at java.base/java.lang.Integer.parseInt(Integer.java:786)
		at ch.qos.logback.classic.pattern.NamedConverter.start(NamedConverter.java:92)
		at ch.qos.logback.core.pattern.ConverterUtil.startConverters(ConverterUtil.java:37)
		at ch.qos.logback.core.pattern.PatternLayoutBase.start(PatternLayoutBase.java:148)
		at ch.qos.logback.classic.encoder.PatternLayoutEncoder.start(PatternLayoutEncoder.java:28)
		at ch.qos.logback.core.model.processor.ImplicitModelHandler.postHandleComplex(ImplicitModelHandler.java:207)
		at ch.qos.logback.core.model.processor.ImplicitModelHandler.postHandle(ImplicitModelHandler.java:186)
		at ch.qos.logback.core.model.processor.DefaultProcessor.secondPhaseTraverse(DefaultProcessor.java:257)
		at ch.qos.logback.core.model.processor.DefaultProcessor.secondPhaseTraverse(DefaultProcessor.java:253)
		at ch.qos.logback.core.model.processor.DefaultProcessor.secondPhaseTraverse(DefaultProcessor.java:253)
		at ch.qos.logback.core.model.processor.DefaultProcessor.traversalLoop(DefaultProcessor.java:90)
		at ch.qos.logback.core.model.processor.DefaultProcessor.process(DefaultProcessor.java:106)
		at ch.qos.logback.core.joran.GenericXMLConfigurator.processModel(GenericXMLConfigurator.java:222)
		at org.springframework.boot.logging.logback.SpringBootJoranConfigurator.processModel(SpringBootJoranConfigurator.java:136)
		at ch.qos.logback.core.joran.GenericXMLConfigurator.doConfigure(GenericXMLConfigurator.java:178)
		at ch.qos.logback.core.joran.GenericXMLConfigurator.doConfigure(GenericXMLConfigurator.java:123)
		at ch.qos.logback.core.joran.GenericXMLConfigurator.doConfigure(GenericXMLConfigurator.java:66)
		at org.springframework.boot.logging.logback.LogbackLoggingSystem.configureByResourceUrl(LogbackLoggingSystem.java:298)
		at org.springframework.boot.logging.logback.LogbackLoggingSystem.lambda$loadConfiguration$2(LogbackLoggingSystem.java:260)
		at org.springframework.boot.logging.logback.LogbackLoggingSystem.withLoggingSuppressed(LogbackLoggingSystem.java:481)
		at org.springframework.boot.logging.logback.LogbackLoggingSystem.loadConfiguration(LogbackLoggingSystem.java:252)
		... 28 common frames omitted
2025-10-12 02:17:32,192 ERROR org.springframework.boot.SpringApplication [restartedMain] Application run failed
java.lang.IllegalStateException: java.lang.IllegalStateException: Logback configuration error detected: 
ERROR in ch.qos.logback.classic.pattern.ClassOfCallerConverter@442b3957 - failed to parse integer string [1.] java.lang.NumberFormatException: For input string: "1."
ERROR in ch.qos.logback.classic.pattern.ClassOfCallerConverter@177942af - failed to parse integer string [1.] java.lang.NumberFormatException: For input string: "1."
	at org.springframework.boot.context.logging.LoggingApplicationListener.initializeSystem(LoggingApplicationListener.java:347)
	at org.springframework.boot.context.logging.LoggingApplicationListener.initialize(LoggingApplicationListener.java:298)
	at org.springframework.boot.context.logging.LoggingApplicationListener.onApplicationEnvironmentPreparedEvent(LoggingApplicationListener.java:246)
	at org.springframework.boot.context.logging.LoggingApplicationListener.onApplicationEvent(LoggingApplicationListener.java:223)
	at org.springframework.context.event.SimpleApplicationEventMulticaster.doInvokeListener(SimpleApplicationEventMulticaster.java:185)
	at org.springframework.context.event.SimpleApplicationEventMulticaster.invokeListener(SimpleApplicationEventMulticaster.java:178)
	at org.springframework.context.event.SimpleApplicationEventMulticaster.multicastEvent(SimpleApplicationEventMulticaster.java:156)
	at org.springframework.context.event.SimpleApplicationEventMulticaster.multicastEvent(SimpleApplicationEventMulticaster.java:138)
	at org.springframework.boot.context.event.EventPublishingRunListener.multicastInitialEvent(EventPublishingRunListener.java:136)
	at org.springframework.boot.context.event.EventPublishingRunListener.environmentPrepared(EventPublishingRunListener.java:81)
	at org.springframework.boot.SpringApplicationRunListeners.lambda$environmentPrepared$2(SpringApplicationRunListeners.java:64)
	at java.base/java.lang.Iterable.forEach(Iterable.java:75)
	at org.springframework.boot.SpringApplicationRunListeners.doWithListeners(SpringApplicationRunListeners.java:118)
	at org.springframework.boot.SpringApplicationRunListeners.doWithListeners(SpringApplicationRunListeners.java:112)
	at org.springframework.boot.SpringApplicationRunListeners.environmentPrepared(SpringApplicationRunListeners.java:63)
	at org.springframework.boot.SpringApplication.prepareEnvironment(SpringApplication.java:353)
	at org.springframework.boot.SpringApplication.run(SpringApplication.java:313)
	at org.springframework.boot.SpringApplication.run(SpringApplication.java:1361)
	at org.springframework.boot.SpringApplication.run(SpringApplication.java:1350)
	at com.aurionpro.papms.PaPmsApplication.main(PaPmsApplication.java:14)
	at java.base/jdk.internal.reflect.NativeMethodAccessorImpl.invoke0(Native Method)
	at java.base/jdk.internal.reflect.NativeMethodAccessorImpl.invoke(NativeMethodAccessorImpl.java:77)
	at java.base/jdk.internal.reflect.DelegatingMethodAccessorImpl.invoke(DelegatingMethodAccessorImpl.java:43)
	at java.base/java.lang.reflect.Method.invoke(Method.java:568)
	at org.springframework.boot.devtools.restart.RestartLauncher.run(RestartLauncher.java:50)
Caused by: java.lang.IllegalStateException: Logback configuration error detected: 
ERROR in ch.qos.logback.classic.pattern.ClassOfCallerConverter@442b3957 - failed to parse integer string [1.] java.lang.NumberFormatException: For input string: "1."
ERROR in ch.qos.logback.classic.pattern.ClassOfCallerConverter@177942af - failed to parse integer string [1.] java.lang.NumberFormatException: For input string: "1."
	at org.springframework.boot.logging.logback.LogbackLoggingSystem.reportConfigurationErrorsIfNecessary(LogbackLoggingSystem.java:289)
	at org.springframework.boot.logging.logback.LogbackLoggingSystem.loadConfiguration(LogbackLoggingSystem.java:267)
	at org.springframework.boot.logging.AbstractLoggingSystem.initializeWithConventions(AbstractLoggingSystem.java:81)
	at org.springframework.boot.logging.AbstractLoggingSystem.initialize(AbstractLoggingSystem.java:61)
	at org.springframework.boot.logging.logback.LogbackLoggingSystem.initialize(LogbackLoggingSystem.java:195)
	at org.springframework.boot.context.logging.LoggingApplicationListener.initializeSystem(LoggingApplicationListener.java:332)
	... 24 common frames omitted
	Suppressed: java.lang.NumberFormatException: For input string: "1."
		at java.base/java.lang.NumberFormatException.forInputString(NumberFormatException.java:67)
		at java.base/java.lang.Integer.parseInt(Integer.java:668)
		at java.base/java.lang.Integer.parseInt(Integer.java:786)
		at ch.qos.logback.classic.pattern.NamedConverter.start(NamedConverter.java:92)
		at ch.qos.logback.core.pattern.ConverterUtil.startConverters(ConverterUtil.java:37)
		at ch.qos.logback.core.pattern.PatternLayoutBase.start(PatternLayoutBase.java:148)
		at ch.qos.logback.classic.encoder.PatternLayoutEncoder.start(PatternLayoutEncoder.java:28)
		at ch.qos.logback.core.model.processor.ImplicitModelHandler.postHandleComplex(ImplicitModelHandler.java:207)
		at ch.qos.logback.core.model.processor.ImplicitModelHandler.postHandle(ImplicitModelHandler.java:186)
		at ch.qos.logback.core.model.processor.DefaultProcessor.secondPhaseTraverse(DefaultProcessor.java:257)
		at ch.qos.logback.core.model.processor.DefaultProcessor.secondPhaseTraverse(DefaultProcessor.java:253)
		at ch.qos.logback.core.model.processor.DefaultProcessor.secondPhaseTraverse(DefaultProcessor.java:253)
		at ch.qos.logback.core.model.processor.DefaultProcessor.traversalLoop(DefaultProcessor.java:90)
		at ch.qos.logback.core.model.processor.DefaultProcessor.process(DefaultProcessor.java:106)
		at ch.qos.logback.core.joran.GenericXMLConfigurator.processModel(GenericXMLConfigurator.java:222)
		at org.springframework.boot.logging.logback.SpringBootJoranConfigurator.processModel(SpringBootJoranConfigurator.java:136)
		at ch.qos.logback.core.joran.GenericXMLConfigurator.doConfigure(GenericXMLConfigurator.java:178)
		at ch.qos.logback.core.joran.GenericXMLConfigurator.doConfigure(GenericXMLConfigurator.java:123)
		at ch.qos.logback.core.joran.GenericXMLConfigurator.doConfigure(GenericXMLConfigurator.java:66)
		at org.springframework.boot.logging.logback.LogbackLoggingSystem.configureByResourceUrl(LogbackLoggingSystem.java:298)
		at org.springframework.boot.logging.logback.LogbackLoggingSystem.lambda$loadConfiguration$2(LogbackLoggingSystem.java:260)
		at org.springframework.boot.logging.logback.LogbackLoggingSystem.withLoggingSuppressed(LogbackLoggingSystem.java:481)
		at org.springframework.boot.logging.logback.LogbackLoggingSystem.loadConfiguration(LogbackLoggingSystem.java:252)
		... 28 common frames omitted
	Suppressed: java.lang.NumberFormatException: For input string: "1."
		at java.base/java.lang.NumberFormatException.forInputString(NumberFormatException.java:67)
		at java.base/java.lang.Integer.parseInt(Integer.java:668)
		at java.base/java.lang.Integer.parseInt(Integer.java:786)
		at ch.qos.logback.classic.pattern.NamedConverter.start(NamedConverter.java:92)
		at ch.qos.logback.core.pattern.ConverterUtil.startConverters(ConverterUtil.java:37)
		at ch.qos.logback.core.pattern.PatternLayoutBase.start(PatternLayoutBase.java:148)
		at ch.qos.logback.classic.encoder.PatternLayoutEncoder.start(PatternLayoutEncoder.java:28)
		at ch.qos.logback.core.model.processor.ImplicitModelHandler.postHandleComplex(ImplicitModelHandler.java:207)
		at ch.qos.logback.core.model.processor.ImplicitModelHandler.postHandle(ImplicitModelHandler.java:186)
		at ch.qos.logback.core.model.processor.DefaultProcessor.secondPhaseTraverse(DefaultProcessor.java:257)
		at ch.qos.logback.core.model.processor.DefaultProcessor.secondPhaseTraverse(DefaultProcessor.java:253)
		at ch.qos.logback.core.model.processor.DefaultProcessor.secondPhaseTraverse(DefaultProcessor.java:253)
		at ch.qos.logback.core.model.processor.DefaultProcessor.traversalLoop(DefaultProcessor.java:90)
		at ch.qos.logback.core.model.processor.DefaultProcessor.process(DefaultProcessor.java:106)
		at ch.qos.logback.core.joran.GenericXMLConfigurator.processModel(GenericXMLConfigurator.java:222)
		at org.springframework.boot.logging.logback.SpringBootJoranConfigurator.processModel(SpringBootJoranConfigurator.java:136)
		at ch.qos.logback.core.joran.GenericXMLConfigurator.doConfigure(GenericXMLConfigurator.java:178)
		at ch.qos.logback.core.joran.GenericXMLConfigurator.doConfigure(GenericXMLConfigurator.java:123)
		at ch.qos.logback.core.joran.GenericXMLConfigurator.doConfigure(GenericXMLConfigurator.java:66)
		at org.springframework.boot.logging.logback.LogbackLoggingSystem.configureByResourceUrl(LogbackLoggingSystem.java:298)
		at org.springframework.boot.logging.logback.LogbackLoggingSystem.lambda$loadConfiguration$2(LogbackLoggingSystem.java:260)
		at org.springframework.boot.logging.logback.LogbackLoggingSystem.withLoggingSuppressed(LogbackLoggingSystem.java:481)
		at org.springframework.boot.logging.logback.LogbackLoggingSystem.loadConfiguration(LogbackLoggingSystem.java:252)
		... 28 common frames omitted
2025-10-12 02:18:47,411 ERROR org.springframework.boot.SpringApplication [restartedMain] Application run failed
java.lang.IllegalStateException: java.lang.IllegalStateException: Logback configuration error detected: 
ERROR in ch.qos.logback.classic.pattern.ClassOfCallerConverter@2a1ab03c - failed to parse integer string [1.] java.lang.NumberFormatException: For input string: "1."
ERROR in ch.qos.logback.classic.pattern.ClassOfCallerConverter@a957941 - failed to parse integer string [1.] java.lang.NumberFormatException: For input string: "1."
	at org.springframework.boot.context.logging.LoggingApplicationListener.initializeSystem(LoggingApplicationListener.java:347)
	at org.springframework.boot.context.logging.LoggingApplicationListener.initialize(LoggingApplicationListener.java:298)
	at org.springframework.boot.context.logging.LoggingApplicationListener.onApplicationEnvironmentPreparedEvent(LoggingApplicationListener.java:246)
	at org.springframework.boot.context.logging.LoggingApplicationListener.onApplicationEvent(LoggingApplicationListener.java:223)
	at org.springframework.context.event.SimpleApplicationEventMulticaster.doInvokeListener(SimpleApplicationEventMulticaster.java:185)
	at org.springframework.context.event.SimpleApplicationEventMulticaster.invokeListener(SimpleApplicationEventMulticaster.java:178)
	at org.springframework.context.event.SimpleApplicationEventMulticaster.multicastEvent(SimpleApplicationEventMulticaster.java:156)
	at org.springframework.context.event.SimpleApplicationEventMulticaster.multicastEvent(SimpleApplicationEventMulticaster.java:138)
	at org.springframework.boot.context.event.EventPublishingRunListener.multicastInitialEvent(EventPublishingRunListener.java:136)
	at org.springframework.boot.context.event.EventPublishingRunListener.environmentPrepared(EventPublishingRunListener.java:81)
	at org.springframework.boot.SpringApplicationRunListeners.lambda$environmentPrepared$2(SpringApplicationRunListeners.java:64)
	at java.base/java.lang.Iterable.forEach(Iterable.java:75)
	at org.springframework.boot.SpringApplicationRunListeners.doWithListeners(SpringApplicationRunListeners.java:118)
	at org.springframework.boot.SpringApplicationRunListeners.doWithListeners(SpringApplicationRunListeners.java:112)
	at org.springframework.boot.SpringApplicationRunListeners.environmentPrepared(SpringApplicationRunListeners.java:63)
	at org.springframework.boot.SpringApplication.prepareEnvironment(SpringApplication.java:353)
	at org.springframework.boot.SpringApplication.run(SpringApplication.java:313)
	at org.springframework.boot.SpringApplication.run(SpringApplication.java:1361)
	at org.springframework.boot.SpringApplication.run(SpringApplication.java:1350)
	at com.aurionpro.papms.PaPmsApplication.main(PaPmsApplication.java:14)
	at java.base/jdk.internal.reflect.NativeMethodAccessorImpl.invoke0(Native Method)
	at java.base/jdk.internal.reflect.NativeMethodAccessorImpl.invoke(NativeMethodAccessorImpl.java:77)
	at java.base/jdk.internal.reflect.DelegatingMethodAccessorImpl.invoke(DelegatingMethodAccessorImpl.java:43)
	at java.base/java.lang.reflect.Method.invoke(Method.java:568)
	at org.springframework.boot.devtools.restart.RestartLauncher.run(RestartLauncher.java:50)
Caused by: java.lang.IllegalStateException: Logback configuration error detected: 
ERROR in ch.qos.logback.classic.pattern.ClassOfCallerConverter@2a1ab03c - failed to parse integer string [1.] java.lang.NumberFormatException: For input string: "1."
ERROR in ch.qos.logback.classic.pattern.ClassOfCallerConverter@a957941 - failed to parse integer string [1.] java.lang.NumberFormatException: For input string: "1."
	at org.springframework.boot.logging.logback.LogbackLoggingSystem.reportConfigurationErrorsIfNecessary(LogbackLoggingSystem.java:289)
	at org.springframework.boot.logging.logback.LogbackLoggingSystem.loadConfiguration(LogbackLoggingSystem.java:267)
	at org.springframework.boot.logging.AbstractLoggingSystem.initializeWithConventions(AbstractLoggingSystem.java:81)
	at org.springframework.boot.logging.AbstractLoggingSystem.initialize(AbstractLoggingSystem.java:61)
	at org.springframework.boot.logging.logback.LogbackLoggingSystem.initialize(LogbackLoggingSystem.java:195)
	at org.springframework.boot.context.logging.LoggingApplicationListener.initializeSystem(LoggingApplicationListener.java:332)
	... 24 common frames omitted
	Suppressed: java.lang.NumberFormatException: For input string: "1."
		at java.base/java.lang.NumberFormatException.forInputString(NumberFormatException.java:67)
		at java.base/java.lang.Integer.parseInt(Integer.java:668)
		at java.base/java.lang.Integer.parseInt(Integer.java:786)
		at ch.qos.logback.classic.pattern.NamedConverter.start(NamedConverter.java:92)
		at ch.qos.logback.core.pattern.ConverterUtil.startConverters(ConverterUtil.java:37)
		at ch.qos.logback.core.pattern.PatternLayoutBase.start(PatternLayoutBase.java:148)
		at ch.qos.logback.classic.encoder.PatternLayoutEncoder.start(PatternLayoutEncoder.java:28)
		at ch.qos.logback.core.model.processor.ImplicitModelHandler.postHandleComplex(ImplicitModelHandler.java:207)
		at ch.qos.logback.core.model.processor.ImplicitModelHandler.postHandle(ImplicitModelHandler.java:186)
		at ch.qos.logback.core.model.processor.DefaultProcessor.secondPhaseTraverse(DefaultProcessor.java:257)
		at ch.qos.logback.core.model.processor.DefaultProcessor.secondPhaseTraverse(DefaultProcessor.java:253)
		at ch.qos.logback.core.model.processor.DefaultProcessor.secondPhaseTraverse(DefaultProcessor.java:253)
		at ch.qos.logback.core.model.processor.DefaultProcessor.traversalLoop(DefaultProcessor.java:90)
		at ch.qos.logback.core.model.processor.DefaultProcessor.process(DefaultProcessor.java:106)
		at ch.qos.logback.core.joran.GenericXMLConfigurator.processModel(GenericXMLConfigurator.java:222)
		at org.springframework.boot.logging.logback.SpringBootJoranConfigurator.processModel(SpringBootJoranConfigurator.java:136)
		at ch.qos.logback.core.joran.GenericXMLConfigurator.doConfigure(GenericXMLConfigurator.java:178)
		at ch.qos.logback.core.joran.GenericXMLConfigurator.doConfigure(GenericXMLConfigurator.java:123)
		at ch.qos.logback.core.joran.GenericXMLConfigurator.doConfigure(GenericXMLConfigurator.java:66)
		at org.springframework.boot.logging.logback.LogbackLoggingSystem.configureByResourceUrl(LogbackLoggingSystem.java:298)
		at org.springframework.boot.logging.logback.LogbackLoggingSystem.lambda$loadConfiguration$2(LogbackLoggingSystem.java:260)
		at org.springframework.boot.logging.logback.LogbackLoggingSystem.withLoggingSuppressed(LogbackLoggingSystem.java:481)
		at org.springframework.boot.logging.logback.LogbackLoggingSystem.loadConfiguration(LogbackLoggingSystem.java:252)
		... 28 common frames omitted
	Suppressed: java.lang.NumberFormatException: For input string: "1."
		at java.base/java.lang.NumberFormatException.forInputString(NumberFormatException.java:67)
		at java.base/java.lang.Integer.parseInt(Integer.java:668)
		at java.base/java.lang.Integer.parseInt(Integer.java:786)
		at ch.qos.logback.classic.pattern.NamedConverter.start(NamedConverter.java:92)
		at ch.qos.logback.core.pattern.ConverterUtil.startConverters(ConverterUtil.java:37)
		at ch.qos.logback.core.pattern.PatternLayoutBase.start(PatternLayoutBase.java:148)
		at ch.qos.logback.classic.encoder.PatternLayoutEncoder.start(PatternLayoutEncoder.java:28)
		at ch.qos.logback.core.model.processor.ImplicitModelHandler.postHandleComplex(ImplicitModelHandler.java:207)
		at ch.qos.logback.core.model.processor.ImplicitModelHandler.postHandle(ImplicitModelHandler.java:186)
		at ch.qos.logback.core.model.processor.DefaultProcessor.secondPhaseTraverse(DefaultProcessor.java:257)
		at ch.qos.logback.core.model.processor.DefaultProcessor.secondPhaseTraverse(DefaultProcessor.java:253)
		at ch.qos.logback.core.model.processor.DefaultProcessor.secondPhaseTraverse(DefaultProcessor.java:253)
		at ch.qos.logback.core.model.processor.DefaultProcessor.traversalLoop(DefaultProcessor.java:90)
		at ch.qos.logback.core.model.processor.DefaultProcessor.process(DefaultProcessor.java:106)
		at ch.qos.logback.core.joran.GenericXMLConfigurator.processModel(GenericXMLConfigurator.java:222)
		at org.springframework.boot.logging.logback.SpringBootJoranConfigurator.processModel(SpringBootJoranConfigurator.java:136)
		at ch.qos.logback.core.joran.GenericXMLConfigurator.doConfigure(GenericXMLConfigurator.java:178)
		at ch.qos.logback.core.joran.GenericXMLConfigurator.doConfigure(GenericXMLConfigurator.java:123)
		at ch.qos.logback.core.joran.GenericXMLConfigurator.doConfigure(GenericXMLConfigurator.java:66)
		at org.springframework.boot.logging.logback.LogbackLoggingSystem.configureByResourceUrl(LogbackLoggingSystem.java:298)
		at org.springframework.boot.logging.logback.LogbackLoggingSystem.lambda$loadConfiguration$2(LogbackLoggingSystem.java:260)
		at org.springframework.boot.logging.logback.LogbackLoggingSystem.withLoggingSuppressed(LogbackLoggingSystem.java:481)
		at org.springframework.boot.logging.logback.LogbackLoggingSystem.loadConfiguration(LogbackLoggingSystem.java:252)
		... 28 common frames omitted
2025-10-12 02:18:50,093 ERROR org.springframework.boot.SpringApplication [restartedMain] Application run failed
java.lang.IllegalStateException: java.lang.IllegalStateException: Logback configuration error detected: 
ERROR in ch.qos.logback.classic.pattern.ClassOfCallerConverter@e177caa - failed to parse integer string [1.] java.lang.NumberFormatException: For input string: "1."
ERROR in ch.qos.logback.classic.pattern.ClassOfCallerConverter@5e3e9c70 - failed to parse integer string [1.] java.lang.NumberFormatException: For input string: "1."
	at org.springframework.boot.context.logging.LoggingApplicationListener.initializeSystem(LoggingApplicationListener.java:347)
	at org.springframework.boot.context.logging.LoggingApplicationListener.initialize(LoggingApplicationListener.java:298)
	at org.springframework.boot.context.logging.LoggingApplicationListener.onApplicationEnvironmentPreparedEvent(LoggingApplicationListener.java:246)
	at org.springframework.boot.context.logging.LoggingApplicationListener.onApplicationEvent(LoggingApplicationListener.java:223)
	at org.springframework.context.event.SimpleApplicationEventMulticaster.doInvokeListener(SimpleApplicationEventMulticaster.java:185)
	at org.springframework.context.event.SimpleApplicationEventMulticaster.invokeListener(SimpleApplicationEventMulticaster.java:178)
	at org.springframework.context.event.SimpleApplicationEventMulticaster.multicastEvent(SimpleApplicationEventMulticaster.java:156)
	at org.springframework.context.event.SimpleApplicationEventMulticaster.multicastEvent(SimpleApplicationEventMulticaster.java:138)
	at org.springframework.boot.context.event.EventPublishingRunListener.multicastInitialEvent(EventPublishingRunListener.java:136)
	at org.springframework.boot.context.event.EventPublishingRunListener.environmentPrepared(EventPublishingRunListener.java:81)
	at org.springframework.boot.SpringApplicationRunListeners.lambda$environmentPrepared$2(SpringApplicationRunListeners.java:64)
	at java.base/java.lang.Iterable.forEach(Iterable.java:75)
	at org.springframework.boot.SpringApplicationRunListeners.doWithListeners(SpringApplicationRunListeners.java:118)
	at org.springframework.boot.SpringApplicationRunListeners.doWithListeners(SpringApplicationRunListeners.java:112)
	at org.springframework.boot.SpringApplicationRunListeners.environmentPrepared(SpringApplicationRunListeners.java:63)
	at org.springframework.boot.SpringApplication.prepareEnvironment(SpringApplication.java:353)
	at org.springframework.boot.SpringApplication.run(SpringApplication.java:313)
	at org.springframework.boot.SpringApplication.run(SpringApplication.java:1361)
	at org.springframework.boot.SpringApplication.run(SpringApplication.java:1350)
	at com.aurionpro.papms.PaPmsApplication.main(PaPmsApplication.java:14)
	at java.base/jdk.internal.reflect.NativeMethodAccessorImpl.invoke0(Native Method)
	at java.base/jdk.internal.reflect.NativeMethodAccessorImpl.invoke(NativeMethodAccessorImpl.java:77)
	at java.base/jdk.internal.reflect.DelegatingMethodAccessorImpl.invoke(DelegatingMethodAccessorImpl.java:43)
	at java.base/java.lang.reflect.Method.invoke(Method.java:568)
	at org.springframework.boot.devtools.restart.RestartLauncher.run(RestartLauncher.java:50)
Caused by: java.lang.IllegalStateException: Logback configuration error detected: 
ERROR in ch.qos.logback.classic.pattern.ClassOfCallerConverter@e177caa - failed to parse integer string [1.] java.lang.NumberFormatException: For input string: "1."
ERROR in ch.qos.logback.classic.pattern.ClassOfCallerConverter@5e3e9c70 - failed to parse integer string [1.] java.lang.NumberFormatException: For input string: "1."
	at org.springframework.boot.logging.logback.LogbackLoggingSystem.reportConfigurationErrorsIfNecessary(LogbackLoggingSystem.java:289)
	at org.springframework.boot.logging.logback.LogbackLoggingSystem.loadConfiguration(LogbackLoggingSystem.java:267)
	at org.springframework.boot.logging.AbstractLoggingSystem.initializeWithConventions(AbstractLoggingSystem.java:81)
	at org.springframework.boot.logging.AbstractLoggingSystem.initialize(AbstractLoggingSystem.java:61)
	at org.springframework.boot.logging.logback.LogbackLoggingSystem.initialize(LogbackLoggingSystem.java:195)
	at org.springframework.boot.context.logging.LoggingApplicationListener.initializeSystem(LoggingApplicationListener.java:332)
	... 24 common frames omitted
	Suppressed: java.lang.NumberFormatException: For input string: "1."
		at java.base/java.lang.NumberFormatException.forInputString(NumberFormatException.java:67)
		at java.base/java.lang.Integer.parseInt(Integer.java:668)
		at java.base/java.lang.Integer.parseInt(Integer.java:786)
		at ch.qos.logback.classic.pattern.NamedConverter.start(NamedConverter.java:92)
		at ch.qos.logback.core.pattern.ConverterUtil.startConverters(ConverterUtil.java:37)
		at ch.qos.logback.core.pattern.PatternLayoutBase.start(PatternLayoutBase.java:148)
		at ch.qos.logback.classic.encoder.PatternLayoutEncoder.start(PatternLayoutEncoder.java:28)
		at ch.qos.logback.core.model.processor.ImplicitModelHandler.postHandleComplex(ImplicitModelHandler.java:207)
		at ch.qos.logback.core.model.processor.ImplicitModelHandler.postHandle(ImplicitModelHandler.java:186)
		at ch.qos.logback.core.model.processor.DefaultProcessor.secondPhaseTraverse(DefaultProcessor.java:257)
		at ch.qos.logback.core.model.processor.DefaultProcessor.secondPhaseTraverse(DefaultProcessor.java:253)
		at ch.qos.logback.core.model.processor.DefaultProcessor.secondPhaseTraverse(DefaultProcessor.java:253)
		at ch.qos.logback.core.model.processor.DefaultProcessor.traversalLoop(DefaultProcessor.java:90)
		at ch.qos.logback.core.model.processor.DefaultProcessor.process(DefaultProcessor.java:106)
		at ch.qos.logback.core.joran.GenericXMLConfigurator.processModel(GenericXMLConfigurator.java:222)
		at org.springframework.boot.logging.logback.SpringBootJoranConfigurator.processModel(SpringBootJoranConfigurator.java:136)
		at ch.qos.logback.core.joran.GenericXMLConfigurator.doConfigure(GenericXMLConfigurator.java:178)
		at ch.qos.logback.core.joran.GenericXMLConfigurator.doConfigure(GenericXMLConfigurator.java:123)
		at ch.qos.logback.core.joran.GenericXMLConfigurator.doConfigure(GenericXMLConfigurator.java:66)
		at org.springframework.boot.logging.logback.LogbackLoggingSystem.configureByResourceUrl(LogbackLoggingSystem.java:298)
		at org.springframework.boot.logging.logback.LogbackLoggingSystem.lambda$loadConfiguration$2(LogbackLoggingSystem.java:260)
		at org.springframework.boot.logging.logback.LogbackLoggingSystem.withLoggingSuppressed(LogbackLoggingSystem.java:481)
		at org.springframework.boot.logging.logback.LogbackLoggingSystem.loadConfiguration(LogbackLoggingSystem.java:252)
		... 28 common frames omitted
	Suppressed: java.lang.NumberFormatException: For input string: "1."
		at java.base/java.lang.NumberFormatException.forInputString(NumberFormatException.java:67)
		at java.base/java.lang.Integer.parseInt(Integer.java:668)
		at java.base/java.lang.Integer.parseInt(Integer.java:786)
		at ch.qos.logback.classic.pattern.NamedConverter.start(NamedConverter.java:92)
		at ch.qos.logback.core.pattern.ConverterUtil.startConverters(ConverterUtil.java:37)
		at ch.qos.logback.core.pattern.PatternLayoutBase.start(PatternLayoutBase.java:148)
		at ch.qos.logback.classic.encoder.PatternLayoutEncoder.start(PatternLayoutEncoder.java:28)
		at ch.qos.logback.core.model.processor.ImplicitModelHandler.postHandleComplex(ImplicitModelHandler.java:207)
		at ch.qos.logback.core.model.processor.ImplicitModelHandler.postHandle(ImplicitModelHandler.java:186)
		at ch.qos.logback.core.model.processor.DefaultProcessor.secondPhaseTraverse(DefaultProcessor.java:257)
		at ch.qos.logback.core.model.processor.DefaultProcessor.secondPhaseTraverse(DefaultProcessor.java:253)
		at ch.qos.logback.core.model.processor.DefaultProcessor.secondPhaseTraverse(DefaultProcessor.java:253)
		at ch.qos.logback.core.model.processor.DefaultProcessor.traversalLoop(DefaultProcessor.java:90)
		at ch.qos.logback.core.model.processor.DefaultProcessor.process(DefaultProcessor.java:106)
		at ch.qos.logback.core.joran.GenericXMLConfigurator.processModel(GenericXMLConfigurator.java:222)
		at org.springframework.boot.logging.logback.SpringBootJoranConfigurator.processModel(SpringBootJoranConfigurator.java:136)
		at ch.qos.logback.core.joran.GenericXMLConfigurator.doConfigure(GenericXMLConfigurator.java:178)
		at ch.qos.logback.core.joran.GenericXMLConfigurator.doConfigure(GenericXMLConfigurator.java:123)
		at ch.qos.logback.core.joran.GenericXMLConfigurator.doConfigure(GenericXMLConfigurator.java:66)
		at org.springframework.boot.logging.logback.LogbackLoggingSystem.configureByResourceUrl(LogbackLoggingSystem.java:298)
		at org.springframework.boot.logging.logback.LogbackLoggingSystem.lambda$loadConfiguration$2(LogbackLoggingSystem.java:260)
		at org.springframework.boot.logging.logback.LogbackLoggingSystem.withLoggingSuppressed(LogbackLoggingSystem.java:481)
		at org.springframework.boot.logging.logback.LogbackLoggingSystem.loadConfiguration(LogbackLoggingSystem.java:252)
		... 28 common frames omitted
2025-10-12 02:19:47,375 ERROR org.springframework.boot.SpringApplication [restartedMain] Application run failed
java.lang.IllegalStateException: java.lang.IllegalStateException: Logback configuration error detected: 
ERROR in ch.qos.logback.classic.pattern.ClassOfCallerConverter@4c958eca - failed to parse integer string [1.] java.lang.NumberFormatException: For input string: "1."
ERROR in ch.qos.logback.classic.pattern.ClassOfCallerConverter@29ed3ac2 - failed to parse integer string [1.] java.lang.NumberFormatException: For input string: "1."
	at org.springframework.boot.context.logging.LoggingApplicationListener.initializeSystem(LoggingApplicationListener.java:347)
	at org.springframework.boot.context.logging.LoggingApplicationListener.initialize(LoggingApplicationListener.java:298)
	at org.springframework.boot.context.logging.LoggingApplicationListener.onApplicationEnvironmentPreparedEvent(LoggingApplicationListener.java:246)
	at org.springframework.boot.context.logging.LoggingApplicationListener.onApplicationEvent(LoggingApplicationListener.java:223)
	at org.springframework.context.event.SimpleApplicationEventMulticaster.doInvokeListener(SimpleApplicationEventMulticaster.java:185)
	at org.springframework.context.event.SimpleApplicationEventMulticaster.invokeListener(SimpleApplicationEventMulticaster.java:178)
	at org.springframework.context.event.SimpleApplicationEventMulticaster.multicastEvent(SimpleApplicationEventMulticaster.java:156)
	at org.springframework.context.event.SimpleApplicationEventMulticaster.multicastEvent(SimpleApplicationEventMulticaster.java:138)
	at org.springframework.boot.context.event.EventPublishingRunListener.multicastInitialEvent(EventPublishingRunListener.java:136)
	at org.springframework.boot.context.event.EventPublishingRunListener.environmentPrepared(EventPublishingRunListener.java:81)
	at org.springframework.boot.SpringApplicationRunListeners.lambda$environmentPrepared$2(SpringApplicationRunListeners.java:64)
	at java.base/java.lang.Iterable.forEach(Iterable.java:75)
	at org.springframework.boot.SpringApplicationRunListeners.doWithListeners(SpringApplicationRunListeners.java:118)
	at org.springframework.boot.SpringApplicationRunListeners.doWithListeners(SpringApplicationRunListeners.java:112)
	at org.springframework.boot.SpringApplicationRunListeners.environmentPrepared(SpringApplicationRunListeners.java:63)
	at org.springframework.boot.SpringApplication.prepareEnvironment(SpringApplication.java:353)
	at org.springframework.boot.SpringApplication.run(SpringApplication.java:313)
	at org.springframework.boot.SpringApplication.run(SpringApplication.java:1361)
	at org.springframework.boot.SpringApplication.run(SpringApplication.java:1350)
	at com.aurionpro.papms.PaPmsApplication.main(PaPmsApplication.java:14)
	at java.base/jdk.internal.reflect.NativeMethodAccessorImpl.invoke0(Native Method)
	at java.base/jdk.internal.reflect.NativeMethodAccessorImpl.invoke(NativeMethodAccessorImpl.java:77)
	at java.base/jdk.internal.reflect.DelegatingMethodAccessorImpl.invoke(DelegatingMethodAccessorImpl.java:43)
	at java.base/java.lang.reflect.Method.invoke(Method.java:568)
	at org.springframework.boot.devtools.restart.RestartLauncher.run(RestartLauncher.java:50)
Caused by: java.lang.IllegalStateException: Logback configuration error detected: 
ERROR in ch.qos.logback.classic.pattern.ClassOfCallerConverter@4c958eca - failed to parse integer string [1.] java.lang.NumberFormatException: For input string: "1."
ERROR in ch.qos.logback.classic.pattern.ClassOfCallerConverter@29ed3ac2 - failed to parse integer string [1.] java.lang.NumberFormatException: For input string: "1."
	at org.springframework.boot.logging.logback.LogbackLoggingSystem.reportConfigurationErrorsIfNecessary(LogbackLoggingSystem.java:289)
	at org.springframework.boot.logging.logback.LogbackLoggingSystem.loadConfiguration(LogbackLoggingSystem.java:267)
	at org.springframework.boot.logging.AbstractLoggingSystem.initializeWithConventions(AbstractLoggingSystem.java:81)
	at org.springframework.boot.logging.AbstractLoggingSystem.initialize(AbstractLoggingSystem.java:61)
	at org.springframework.boot.logging.logback.LogbackLoggingSystem.initialize(LogbackLoggingSystem.java:195)
	at org.springframework.boot.context.logging.LoggingApplicationListener.initializeSystem(LoggingApplicationListener.java:332)
	... 24 common frames omitted
	Suppressed: java.lang.NumberFormatException: For input string: "1."
		at java.base/java.lang.NumberFormatException.forInputString(NumberFormatException.java:67)
		at java.base/java.lang.Integer.parseInt(Integer.java:668)
		at java.base/java.lang.Integer.parseInt(Integer.java:786)
		at ch.qos.logback.classic.pattern.NamedConverter.start(NamedConverter.java:92)
		at ch.qos.logback.core.pattern.ConverterUtil.startConverters(ConverterUtil.java:37)
		at ch.qos.logback.core.pattern.PatternLayoutBase.start(PatternLayoutBase.java:148)
		at ch.qos.logback.classic.encoder.PatternLayoutEncoder.start(PatternLayoutEncoder.java:28)
		at ch.qos.logback.core.model.processor.ImplicitModelHandler.postHandleComplex(ImplicitModelHandler.java:207)
		at ch.qos.logback.core.model.processor.ImplicitModelHandler.postHandle(ImplicitModelHandler.java:186)
		at ch.qos.logback.core.model.processor.DefaultProcessor.secondPhaseTraverse(DefaultProcessor.java:257)
		at ch.qos.logback.core.model.processor.DefaultProcessor.secondPhaseTraverse(DefaultProcessor.java:253)
		at ch.qos.logback.core.model.processor.DefaultProcessor.secondPhaseTraverse(DefaultProcessor.java:253)
		at ch.qos.logback.core.model.processor.DefaultProcessor.traversalLoop(DefaultProcessor.java:90)
		at ch.qos.logback.core.model.processor.DefaultProcessor.process(DefaultProcessor.java:106)
		at ch.qos.logback.core.joran.GenericXMLConfigurator.processModel(GenericXMLConfigurator.java:222)
		at org.springframework.boot.logging.logback.SpringBootJoranConfigurator.processModel(SpringBootJoranConfigurator.java:136)
		at ch.qos.logback.core.joran.GenericXMLConfigurator.doConfigure(GenericXMLConfigurator.java:178)
		at ch.qos.logback.core.joran.GenericXMLConfigurator.doConfigure(GenericXMLConfigurator.java:123)
		at ch.qos.logback.core.joran.GenericXMLConfigurator.doConfigure(GenericXMLConfigurator.java:66)
		at org.springframework.boot.logging.logback.LogbackLoggingSystem.configureByResourceUrl(LogbackLoggingSystem.java:298)
		at org.springframework.boot.logging.logback.LogbackLoggingSystem.lambda$loadConfiguration$2(LogbackLoggingSystem.java:260)
		at org.springframework.boot.logging.logback.LogbackLoggingSystem.withLoggingSuppressed(LogbackLoggingSystem.java:481)
		at org.springframework.boot.logging.logback.LogbackLoggingSystem.loadConfiguration(LogbackLoggingSystem.java:252)
		... 28 common frames omitted
	Suppressed: java.lang.NumberFormatException: For input string: "1."
		at java.base/java.lang.NumberFormatException.forInputString(NumberFormatException.java:67)
		at java.base/java.lang.Integer.parseInt(Integer.java:668)
		at java.base/java.lang.Integer.parseInt(Integer.java:786)
		at ch.qos.logback.classic.pattern.NamedConverter.start(NamedConverter.java:92)
		at ch.qos.logback.core.pattern.ConverterUtil.startConverters(ConverterUtil.java:37)
		at ch.qos.logback.core.pattern.PatternLayoutBase.start(PatternLayoutBase.java:148)
		at ch.qos.logback.classic.encoder.PatternLayoutEncoder.start(PatternLayoutEncoder.java:28)
		at ch.qos.logback.core.model.processor.ImplicitModelHandler.postHandleComplex(ImplicitModelHandler.java:207)
		at ch.qos.logback.core.model.processor.ImplicitModelHandler.postHandle(ImplicitModelHandler.java:186)
		at ch.qos.logback.core.model.processor.DefaultProcessor.secondPhaseTraverse(DefaultProcessor.java:257)
		at ch.qos.logback.core.model.processor.DefaultProcessor.secondPhaseTraverse(DefaultProcessor.java:253)
		at ch.qos.logback.core.model.processor.DefaultProcessor.secondPhaseTraverse(DefaultProcessor.java:253)
		at ch.qos.logback.core.model.processor.DefaultProcessor.traversalLoop(DefaultProcessor.java:90)
		at ch.qos.logback.core.model.processor.DefaultProcessor.process(DefaultProcessor.java:106)
		at ch.qos.logback.core.joran.GenericXMLConfigurator.processModel(GenericXMLConfigurator.java:222)
		at org.springframework.boot.logging.logback.SpringBootJoranConfigurator.processModel(SpringBootJoranConfigurator.java:136)
		at ch.qos.logback.core.joran.GenericXMLConfigurator.doConfigure(GenericXMLConfigurator.java:178)
		at ch.qos.logback.core.joran.GenericXMLConfigurator.doConfigure(GenericXMLConfigurator.java:123)
		at ch.qos.logback.core.joran.GenericXMLConfigurator.doConfigure(GenericXMLConfigurator.java:66)
		at org.springframework.boot.logging.logback.LogbackLoggingSystem.configureByResourceUrl(LogbackLoggingSystem.java:298)
		at org.springframework.boot.logging.logback.LogbackLoggingSystem.lambda$loadConfiguration$2(LogbackLoggingSystem.java:260)
		at org.springframework.boot.logging.logback.LogbackLoggingSystem.withLoggingSuppressed(LogbackLoggingSystem.java:481)
		at org.springframework.boot.logging.logback.LogbackLoggingSystem.loadConfiguration(LogbackLoggingSystem.java:252)
		... 28 common frames omitted
2025-10-12 02:19:49,952 ERROR org.springframework.boot.SpringApplication [restartedMain] Application run failed
java.lang.IllegalStateException: java.lang.IllegalStateException: Logback configuration error detected: 
ERROR in ch.qos.logback.classic.pattern.ClassOfCallerConverter@78bd12b4 - failed to parse integer string [1.] java.lang.NumberFormatException: For input string: "1."
ERROR in ch.qos.logback.classic.pattern.ClassOfCallerConverter@4497ca49 - failed to parse integer string [1.] java.lang.NumberFormatException: For input string: "1."
	at org.springframework.boot.context.logging.LoggingApplicationListener.initializeSystem(LoggingApplicationListener.java:347)
	at org.springframework.boot.context.logging.LoggingApplicationListener.initialize(LoggingApplicationListener.java:298)
	at org.springframework.boot.context.logging.LoggingApplicationListener.onApplicationEnvironmentPreparedEvent(LoggingApplicationListener.java:246)
	at org.springframework.boot.context.logging.LoggingApplicationListener.onApplicationEvent(LoggingApplicationListener.java:223)
	at org.springframework.context.event.SimpleApplicationEventMulticaster.doInvokeListener(SimpleApplicationEventMulticaster.java:185)
	at org.springframework.context.event.SimpleApplicationEventMulticaster.invokeListener(SimpleApplicationEventMulticaster.java:178)
	at org.springframework.context.event.SimpleApplicationEventMulticaster.multicastEvent(SimpleApplicationEventMulticaster.java:156)
	at org.springframework.context.event.SimpleApplicationEventMulticaster.multicastEvent(SimpleApplicationEventMulticaster.java:138)
	at org.springframework.boot.context.event.EventPublishingRunListener.multicastInitialEvent(EventPublishingRunListener.java:136)
	at org.springframework.boot.context.event.EventPublishingRunListener.environmentPrepared(EventPublishingRunListener.java:81)
	at org.springframework.boot.SpringApplicationRunListeners.lambda$environmentPrepared$2(SpringApplicationRunListeners.java:64)
	at java.base/java.lang.Iterable.forEach(Iterable.java:75)
	at org.springframework.boot.SpringApplicationRunListeners.doWithListeners(SpringApplicationRunListeners.java:118)
	at org.springframework.boot.SpringApplicationRunListeners.doWithListeners(SpringApplicationRunListeners.java:112)
	at org.springframework.boot.SpringApplicationRunListeners.environmentPrepared(SpringApplicationRunListeners.java:63)
	at org.springframework.boot.SpringApplication.prepareEnvironment(SpringApplication.java:353)
	at org.springframework.boot.SpringApplication.run(SpringApplication.java:313)
	at org.springframework.boot.SpringApplication.run(SpringApplication.java:1361)
	at org.springframework.boot.SpringApplication.run(SpringApplication.java:1350)
	at com.aurionpro.papms.PaPmsApplication.main(PaPmsApplication.java:14)
	at java.base/jdk.internal.reflect.NativeMethodAccessorImpl.invoke0(Native Method)
	at java.base/jdk.internal.reflect.NativeMethodAccessorImpl.invoke(NativeMethodAccessorImpl.java:77)
	at java.base/jdk.internal.reflect.DelegatingMethodAccessorImpl.invoke(DelegatingMethodAccessorImpl.java:43)
	at java.base/java.lang.reflect.Method.invoke(Method.java:568)
	at org.springframework.boot.devtools.restart.RestartLauncher.run(RestartLauncher.java:50)
Caused by: java.lang.IllegalStateException: Logback configuration error detected: 
ERROR in ch.qos.logback.classic.pattern.ClassOfCallerConverter@78bd12b4 - failed to parse integer string [1.] java.lang.NumberFormatException: For input string: "1."
ERROR in ch.qos.logback.classic.pattern.ClassOfCallerConverter@4497ca49 - failed to parse integer string [1.] java.lang.NumberFormatException: For input string: "1."
	at org.springframework.boot.logging.logback.LogbackLoggingSystem.reportConfigurationErrorsIfNecessary(LogbackLoggingSystem.java:289)
	at org.springframework.boot.logging.logback.LogbackLoggingSystem.loadConfiguration(LogbackLoggingSystem.java:267)
	at org.springframework.boot.logging.AbstractLoggingSystem.initializeWithConventions(AbstractLoggingSystem.java:81)
	at org.springframework.boot.logging.AbstractLoggingSystem.initialize(AbstractLoggingSystem.java:61)
	at org.springframework.boot.logging.logback.LogbackLoggingSystem.initialize(LogbackLoggingSystem.java:195)
	at org.springframework.boot.context.logging.LoggingApplicationListener.initializeSystem(LoggingApplicationListener.java:332)
	... 24 common frames omitted
	Suppressed: java.lang.NumberFormatException: For input string: "1."
		at java.base/java.lang.NumberFormatException.forInputString(NumberFormatException.java:67)
		at java.base/java.lang.Integer.parseInt(Integer.java:668)
		at java.base/java.lang.Integer.parseInt(Integer.java:786)
		at ch.qos.logback.classic.pattern.NamedConverter.start(NamedConverter.java:92)
		at ch.qos.logback.core.pattern.ConverterUtil.startConverters(ConverterUtil.java:37)
		at ch.qos.logback.core.pattern.PatternLayoutBase.start(PatternLayoutBase.java:148)
		at ch.qos.logback.classic.encoder.PatternLayoutEncoder.start(PatternLayoutEncoder.java:28)
		at ch.qos.logback.core.model.processor.ImplicitModelHandler.postHandleComplex(ImplicitModelHandler.java:207)
		at ch.qos.logback.core.model.processor.ImplicitModelHandler.postHandle(ImplicitModelHandler.java:186)
		at ch.qos.logback.core.model.processor.DefaultProcessor.secondPhaseTraverse(DefaultProcessor.java:257)
		at ch.qos.logback.core.model.processor.DefaultProcessor.secondPhaseTraverse(DefaultProcessor.java:253)
		at ch.qos.logback.core.model.processor.DefaultProcessor.secondPhaseTraverse(DefaultProcessor.java:253)
		at ch.qos.logback.core.model.processor.DefaultProcessor.traversalLoop(DefaultProcessor.java:90)
		at ch.qos.logback.core.model.processor.DefaultProcessor.process(DefaultProcessor.java:106)
		at ch.qos.logback.core.joran.GenericXMLConfigurator.processModel(GenericXMLConfigurator.java:222)
		at org.springframework.boot.logging.logback.SpringBootJoranConfigurator.processModel(SpringBootJoranConfigurator.java:136)
		at ch.qos.logback.core.joran.GenericXMLConfigurator.doConfigure(GenericXMLConfigurator.java:178)
		at ch.qos.logback.core.joran.GenericXMLConfigurator.doConfigure(GenericXMLConfigurator.java:123)
		at ch.qos.logback.core.joran.GenericXMLConfigurator.doConfigure(GenericXMLConfigurator.java:66)
		at org.springframework.boot.logging.logback.LogbackLoggingSystem.configureByResourceUrl(LogbackLoggingSystem.java:298)
		at org.springframework.boot.logging.logback.LogbackLoggingSystem.lambda$loadConfiguration$2(LogbackLoggingSystem.java:260)
		at org.springframework.boot.logging.logback.LogbackLoggingSystem.withLoggingSuppressed(LogbackLoggingSystem.java:481)
		at org.springframework.boot.logging.logback.LogbackLoggingSystem.loadConfiguration(LogbackLoggingSystem.java:252)
		... 28 common frames omitted
	Suppressed: java.lang.NumberFormatException: For input string: "1."
		at java.base/java.lang.NumberFormatException.forInputString(NumberFormatException.java:67)
		at java.base/java.lang.Integer.parseInt(Integer.java:668)
		at java.base/java.lang.Integer.parseInt(Integer.java:786)
		at ch.qos.logback.classic.pattern.NamedConverter.start(NamedConverter.java:92)
		at ch.qos.logback.core.pattern.ConverterUtil.startConverters(ConverterUtil.java:37)
		at ch.qos.logback.core.pattern.PatternLayoutBase.start(PatternLayoutBase.java:148)
		at ch.qos.logback.classic.encoder.PatternLayoutEncoder.start(PatternLayoutEncoder.java:28)
		at ch.qos.logback.core.model.processor.ImplicitModelHandler.postHandleComplex(ImplicitModelHandler.java:207)
		at ch.qos.logback.core.model.processor.ImplicitModelHandler.postHandle(ImplicitModelHandler.java:186)
		at ch.qos.logback.core.model.processor.DefaultProcessor.secondPhaseTraverse(DefaultProcessor.java:257)
		at ch.qos.logback.core.model.processor.DefaultProcessor.secondPhaseTraverse(DefaultProcessor.java:253)
		at ch.qos.logback.core.model.processor.DefaultProcessor.secondPhaseTraverse(DefaultProcessor.java:253)
		at ch.qos.logback.core.model.processor.DefaultProcessor.traversalLoop(DefaultProcessor.java:90)
		at ch.qos.logback.core.model.processor.DefaultProcessor.process(DefaultProcessor.java:106)
		at ch.qos.logback.core.joran.GenericXMLConfigurator.processModel(GenericXMLConfigurator.java:222)
		at org.springframework.boot.logging.logback.SpringBootJoranConfigurator.processModel(SpringBootJoranConfigurator.java:136)
		at ch.qos.logback.core.joran.GenericXMLConfigurator.doConfigure(GenericXMLConfigurator.java:178)
		at ch.qos.logback.core.joran.GenericXMLConfigurator.doConfigure(GenericXMLConfigurator.java:123)
		at ch.qos.logback.core.joran.GenericXMLConfigurator.doConfigure(GenericXMLConfigurator.java:66)
		at org.springframework.boot.logging.logback.LogbackLoggingSystem.configureByResourceUrl(LogbackLoggingSystem.java:298)
		at org.springframework.boot.logging.logback.LogbackLoggingSystem.lambda$loadConfiguration$2(LogbackLoggingSystem.java:260)
		at org.springframework.boot.logging.logback.LogbackLoggingSystem.withLoggingSuppressed(LogbackLoggingSystem.java:481)
		at org.springframework.boot.logging.logback.LogbackLoggingSystem.loadConfiguration(LogbackLoggingSystem.java:252)
		... 28 common frames omitted
2025-10-12 21:50:12,179 ERROR org.springframework.boot.SpringApplication [restartedMain] Application run failed
java.lang.IllegalStateException: java.lang.IllegalStateException: Logback configuration error detected: 
ERROR in ch.qos.logback.classic.pattern.ClassOfCallerConverter@2a6ef262 - failed to parse integer string [1.] java.lang.NumberFormatException: For input string: "1."
ERROR in ch.qos.logback.classic.pattern.ClassOfCallerConverter@2a226a4b - failed to parse integer string [1.] java.lang.NumberFormatException: For input string: "1."
	at org.springframework.boot.context.logging.LoggingApplicationListener.initializeSystem(LoggingApplicationListener.java:347)
	at org.springframework.boot.context.logging.LoggingApplicationListener.initialize(LoggingApplicationListener.java:298)
	at org.springframework.boot.context.logging.LoggingApplicationListener.onApplicationEnvironmentPreparedEvent(LoggingApplicationListener.java:246)
	at org.springframework.boot.context.logging.LoggingApplicationListener.onApplicationEvent(LoggingApplicationListener.java:223)
	at org.springframework.context.event.SimpleApplicationEventMulticaster.doInvokeListener(SimpleApplicationEventMulticaster.java:185)
	at org.springframework.context.event.SimpleApplicationEventMulticaster.invokeListener(SimpleApplicationEventMulticaster.java:178)
	at org.springframework.context.event.SimpleApplicationEventMulticaster.multicastEvent(SimpleApplicationEventMulticaster.java:156)
	at org.springframework.context.event.SimpleApplicationEventMulticaster.multicastEvent(SimpleApplicationEventMulticaster.java:138)
	at org.springframework.boot.context.event.EventPublishingRunListener.multicastInitialEvent(EventPublishingRunListener.java:136)
	at org.springframework.boot.context.event.EventPublishingRunListener.environmentPrepared(EventPublishingRunListener.java:81)
	at org.springframework.boot.SpringApplicationRunListeners.lambda$environmentPrepared$2(SpringApplicationRunListeners.java:64)
	at java.base/java.lang.Iterable.forEach(Iterable.java:75)
	at org.springframework.boot.SpringApplicationRunListeners.doWithListeners(SpringApplicationRunListeners.java:118)
	at org.springframework.boot.SpringApplicationRunListeners.doWithListeners(SpringApplicationRunListeners.java:112)
	at org.springframework.boot.SpringApplicationRunListeners.environmentPrepared(SpringApplicationRunListeners.java:63)
	at org.springframework.boot.SpringApplication.prepareEnvironment(SpringApplication.java:353)
	at org.springframework.boot.SpringApplication.run(SpringApplication.java:313)
	at org.springframework.boot.SpringApplication.run(SpringApplication.java:1361)
	at org.springframework.boot.SpringApplication.run(SpringApplication.java:1350)
	at com.aurionpro.papms.PaPmsApplication.main(PaPmsApplication.java:14)
	at java.base/jdk.internal.reflect.NativeMethodAccessorImpl.invoke0(Native Method)
	at java.base/jdk.internal.reflect.NativeMethodAccessorImpl.invoke(NativeMethodAccessorImpl.java:77)
	at java.base/jdk.internal.reflect.DelegatingMethodAccessorImpl.invoke(DelegatingMethodAccessorImpl.java:43)
	at java.base/java.lang.reflect.Method.invoke(Method.java:568)
	at org.springframework.boot.devtools.restart.RestartLauncher.run(RestartLauncher.java:50)
Caused by: java.lang.IllegalStateException: Logback configuration error detected: 
ERROR in ch.qos.logback.classic.pattern.ClassOfCallerConverter@2a6ef262 - failed to parse integer string [1.] java.lang.NumberFormatException: For input string: "1."
ERROR in ch.qos.logback.classic.pattern.ClassOfCallerConverter@2a226a4b - failed to parse integer string [1.] java.lang.NumberFormatException: For input string: "1."
	at org.springframework.boot.logging.logback.LogbackLoggingSystem.reportConfigurationErrorsIfNecessary(LogbackLoggingSystem.java:289)
	at org.springframework.boot.logging.logback.LogbackLoggingSystem.loadConfiguration(LogbackLoggingSystem.java:267)
	at org.springframework.boot.logging.AbstractLoggingSystem.initializeWithConventions(AbstractLoggingSystem.java:81)
	at org.springframework.boot.logging.AbstractLoggingSystem.initialize(AbstractLoggingSystem.java:61)
	at org.springframework.boot.logging.logback.LogbackLoggingSystem.initialize(LogbackLoggingSystem.java:195)
	at org.springframework.boot.context.logging.LoggingApplicationListener.initializeSystem(LoggingApplicationListener.java:332)
	... 24 common frames omitted
	Suppressed: java.lang.NumberFormatException: For input string: "1."
		at java.base/java.lang.NumberFormatException.forInputString(NumberFormatException.java:67)
		at java.base/java.lang.Integer.parseInt(Integer.java:668)
		at java.base/java.lang.Integer.parseInt(Integer.java:786)
		at ch.qos.logback.classic.pattern.NamedConverter.start(NamedConverter.java:92)
		at ch.qos.logback.core.pattern.ConverterUtil.startConverters(ConverterUtil.java:37)
		at ch.qos.logback.core.pattern.PatternLayoutBase.start(PatternLayoutBase.java:148)
		at ch.qos.logback.classic.encoder.PatternLayoutEncoder.start(PatternLayoutEncoder.java:28)
		at ch.qos.logback.core.model.processor.ImplicitModelHandler.postHandleComplex(ImplicitModelHandler.java:207)
		at ch.qos.logback.core.model.processor.ImplicitModelHandler.postHandle(ImplicitModelHandler.java:186)
		at ch.qos.logback.core.model.processor.DefaultProcessor.secondPhaseTraverse(DefaultProcessor.java:257)
		at ch.qos.logback.core.model.processor.DefaultProcessor.secondPhaseTraverse(DefaultProcessor.java:253)
		at ch.qos.logback.core.model.processor.DefaultProcessor.secondPhaseTraverse(DefaultProcessor.java:253)
		at ch.qos.logback.core.model.processor.DefaultProcessor.traversalLoop(DefaultProcessor.java:90)
		at ch.qos.logback.core.model.processor.DefaultProcessor.process(DefaultProcessor.java:106)
		at ch.qos.logback.core.joran.GenericXMLConfigurator.processModel(GenericXMLConfigurator.java:222)
		at org.springframework.boot.logging.logback.SpringBootJoranConfigurator.processModel(SpringBootJoranConfigurator.java:136)
		at ch.qos.logback.core.joran.GenericXMLConfigurator.doConfigure(GenericXMLConfigurator.java:178)
		at ch.qos.logback.core.joran.GenericXMLConfigurator.doConfigure(GenericXMLConfigurator.java:123)
		at ch.qos.logback.core.joran.GenericXMLConfigurator.doConfigure(GenericXMLConfigurator.java:66)
		at org.springframework.boot.logging.logback.LogbackLoggingSystem.configureByResourceUrl(LogbackLoggingSystem.java:298)
		at org.springframework.boot.logging.logback.LogbackLoggingSystem.lambda$loadConfiguration$2(LogbackLoggingSystem.java:260)
		at org.springframework.boot.logging.logback.LogbackLoggingSystem.withLoggingSuppressed(LogbackLoggingSystem.java:481)
		at org.springframework.boot.logging.logback.LogbackLoggingSystem.loadConfiguration(LogbackLoggingSystem.java:252)
		... 28 common frames omitted
	Suppressed: java.lang.NumberFormatException: For input string: "1."
		at java.base/java.lang.NumberFormatException.forInputString(NumberFormatException.java:67)
		at java.base/java.lang.Integer.parseInt(Integer.java:668)
		at java.base/java.lang.Integer.parseInt(Integer.java:786)
		at ch.qos.logback.classic.pattern.NamedConverter.start(NamedConverter.java:92)
		at ch.qos.logback.core.pattern.ConverterUtil.startConverters(ConverterUtil.java:37)
		at ch.qos.logback.core.pattern.PatternLayoutBase.start(PatternLayoutBase.java:148)
		at ch.qos.logback.classic.encoder.PatternLayoutEncoder.start(PatternLayoutEncoder.java:28)
		at ch.qos.logback.core.model.processor.ImplicitModelHandler.postHandleComplex(ImplicitModelHandler.java:207)
		at ch.qos.logback.core.model.processor.ImplicitModelHandler.postHandle(ImplicitModelHandler.java:186)
		at ch.qos.logback.core.model.processor.DefaultProcessor.secondPhaseTraverse(DefaultProcessor.java:257)
		at ch.qos.logback.core.model.processor.DefaultProcessor.secondPhaseTraverse(DefaultProcessor.java:253)
		at ch.qos.logback.core.model.processor.DefaultProcessor.secondPhaseTraverse(DefaultProcessor.java:253)
		at ch.qos.logback.core.model.processor.DefaultProcessor.traversalLoop(DefaultProcessor.java:90)
		at ch.qos.logback.core.model.processor.DefaultProcessor.process(DefaultProcessor.java:106)
		at ch.qos.logback.core.joran.GenericXMLConfigurator.processModel(GenericXMLConfigurator.java:222)
		at org.springframework.boot.logging.logback.SpringBootJoranConfigurator.processModel(SpringBootJoranConfigurator.java:136)
		at ch.qos.logback.core.joran.GenericXMLConfigurator.doConfigure(GenericXMLConfigurator.java:178)
		at ch.qos.logback.core.joran.GenericXMLConfigurator.doConfigure(GenericXMLConfigurator.java:123)
		at ch.qos.logback.core.joran.GenericXMLConfigurator.doConfigure(GenericXMLConfigurator.java:66)
		at org.springframework.boot.logging.logback.LogbackLoggingSystem.configureByResourceUrl(LogbackLoggingSystem.java:298)
		at org.springframework.boot.logging.logback.LogbackLoggingSystem.lambda$loadConfiguration$2(LogbackLoggingSystem.java:260)
		at org.springframework.boot.logging.logback.LogbackLoggingSystem.withLoggingSuppressed(LogbackLoggingSystem.java:481)
		at org.springframework.boot.logging.logback.LogbackLoggingSystem.loadConfiguration(LogbackLoggingSystem.java:252)
		... 28 common frames omitted
2025-10-12 22:06:37.952 [restartedMain] ERROR o.s.batch.core.step.AbstractStep - Encountered an error executing step employeeCsvImportStep in job employeeCsvImportJob
org.springframework.beans.factory.BeanCreationException: Error creating bean with name 'scopedTarget.employeeCsvReader' defined in class path resource [com/aurionpro/papms/config/BatchConfig.class]: Failed to instantiate [org.springframework.batch.item.file.FlatFileItemReader]: Factory method 'employeeCsvReader' threw exception with message: Path must not be null
	at org.springframework.beans.factory.support.ConstructorResolver.instantiate(ConstructorResolver.java:657)
	at org.springframework.beans.factory.support.ConstructorResolver.instantiateUsingFactoryMethod(ConstructorResolver.java:645)
	at org.springframework.beans.factory.support.AbstractAutowireCapableBeanFactory.instantiateUsingFactoryMethod(AbstractAutowireCapableBeanFactory.java:1375)
	at org.springframework.beans.factory.support.AbstractAutowireCapableBeanFactory.createBeanInstance(AbstractAutowireCapableBeanFactory.java:1205)
	at org.springframework.beans.factory.support.AbstractAutowireCapableBeanFactory.doCreateBean(AbstractAutowireCapableBeanFactory.java:569)
	at org.springframework.beans.factory.support.AbstractAutowireCapableBeanFactory.createBean(AbstractAutowireCapableBeanFactory.java:529)
	at org.springframework.beans.factory.support.AbstractBeanFactory.lambda$doGetBean$1(AbstractBeanFactory.java:378)
	at org.springframework.batch.core.scope.StepScope.get(StepScope.java:112)
	at org.springframework.beans.factory.support.AbstractBeanFactory.doGetBean(AbstractBeanFactory.java:375)
	at org.springframework.beans.factory.support.AbstractBeanFactory.getBean(AbstractBeanFactory.java:202)
	at org.springframework.aop.target.SimpleBeanTargetSource.getTarget(SimpleBeanTargetSource.java:35)
	at org.springframework.aop.framework.CglibAopProxy$DynamicAdvisedInterceptor.intercept(CglibAopProxy.java:712)
	at org.springframework.batch.item.file.FlatFileItemReader$$SpringCGLIB$$0.open(<generated>)
	at org.springframework.batch.item.support.CompositeItemStream.open(CompositeItemStream.java:138)
	at org.springframework.batch.core.step.tasklet.TaskletStep.open(TaskletStep.java:287)
	at org.springframework.batch.core.step.AbstractStep.execute(AbstractStep.java:227)
	at org.springframework.batch.core.job.SimpleStepHandler.handleStep(SimpleStepHandler.java:153)
	at org.springframework.batch.core.job.flow.JobFlowExecutor.executeStep(JobFlowExecutor.java:68)
	at org.springframework.batch.core.job.flow.support.state.StepState.handle(StepState.java:68)
	at org.springframework.batch.core.job.flow.support.SimpleFlow.resume(SimpleFlow.java:165)
	at org.springframework.batch.core.job.flow.support.SimpleFlow.start(SimpleFlow.java:140)
	at org.springframework.batch.core.job.flow.FlowJob.doExecute(FlowJob.java:132)
	at org.springframework.batch.core.job.AbstractJob.execute(AbstractJob.java:307)
	at org.springframework.batch.core.launch.support.TaskExecutorJobLauncher$1.run(TaskExecutorJobLauncher.java:155)
	at org.springframework.core.task.SyncTaskExecutor.execute(SyncTaskExecutor.java:50)
	at org.springframework.batch.core.launch.support.TaskExecutorJobLauncher.run(TaskExecutorJobLauncher.java:146)
	at org.springframework.boot.autoconfigure.batch.JobLauncherApplicationRunner.execute(JobLauncherApplicationRunner.java:210)
	at org.springframework.boot.autoconfigure.batch.JobLauncherApplicationRunner.executeLocalJobs(JobLauncherApplicationRunner.java:194)
	at org.springframework.boot.autoconfigure.batch.JobLauncherApplicationRunner.launchJobFromProperties(JobLauncherApplicationRunner.java:174)
	at org.springframework.boot.autoconfigure.batch.JobLauncherApplicationRunner.run(JobLauncherApplicationRunner.java:169)
	at org.springframework.boot.autoconfigure.batch.JobLauncherApplicationRunner.run(JobLauncherApplicationRunner.java:164)
	at org.springframework.boot.SpringApplication.lambda$callRunner$4(SpringApplication.java:784)
	at org.springframework.util.function.ThrowingConsumer$1.acceptWithException(ThrowingConsumer.java:82)
	at org.springframework.util.function.ThrowingConsumer.accept(ThrowingConsumer.java:60)
	at org.springframework.util.function.ThrowingConsumer$1.accept(ThrowingConsumer.java:86)
	at org.springframework.boot.SpringApplication.callRunner(SpringApplication.java:796)
	at org.springframework.boot.SpringApplication.callRunner(SpringApplication.java:784)
	at org.springframework.boot.SpringApplication.lambda$callRunners$3(SpringApplication.java:772)
	at java.base/java.util.stream.ForEachOps$ForEachOp$OfRef.accept(ForEachOps.java:183)
	at java.base/java.util.stream.SortedOps$SizedRefSortingSink.end(SortedOps.java:357)
	at java.base/java.util.stream.AbstractPipeline.copyInto(AbstractPipeline.java:510)
	at java.base/java.util.stream.AbstractPipeline.wrapAndCopyInto(AbstractPipeline.java:499)
	at java.base/java.util.stream.ForEachOps$ForEachOp.evaluateSequential(ForEachOps.java:150)
	at java.base/java.util.stream.ForEachOps$ForEachOp$OfRef.evaluateSequential(ForEachOps.java:173)
	at java.base/java.util.stream.AbstractPipeline.evaluate(AbstractPipeline.java:234)
	at java.base/java.util.stream.ReferencePipeline.forEach(ReferencePipeline.java:596)
	at org.springframework.boot.SpringApplication.callRunners(SpringApplication.java:772)
	at org.springframework.boot.SpringApplication.run(SpringApplication.java:325)
	at org.springframework.boot.SpringApplication.run(SpringApplication.java:1361)
	at org.springframework.boot.SpringApplication.run(SpringApplication.java:1350)
	at com.aurionpro.papms.PaPmsApplication.main(PaPmsApplication.java:14)
	at java.base/jdk.internal.reflect.NativeMethodAccessorImpl.invoke0(Native Method)
	at java.base/jdk.internal.reflect.NativeMethodAccessorImpl.invoke(NativeMethodAccessorImpl.java:77)
	at java.base/jdk.internal.reflect.DelegatingMethodAccessorImpl.invoke(DelegatingMethodAccessorImpl.java:43)
	at java.base/java.lang.reflect.Method.invoke(Method.java:568)
	at org.springframework.boot.devtools.restart.RestartLauncher.run(RestartLauncher.java:50)
Caused by: org.springframework.beans.BeanInstantiationException: Failed to instantiate [org.springframework.batch.item.file.FlatFileItemReader]: Factory method 'employeeCsvReader' threw exception with message: Path must not be null
	at org.springframework.beans.factory.support.SimpleInstantiationStrategy.lambda$instantiate$0(SimpleInstantiationStrategy.java:200)
	at org.springframework.beans.factory.support.SimpleInstantiationStrategy.instantiateWithFactoryMethod(SimpleInstantiationStrategy.java:89)
	at org.springframework.beans.factory.support.SimpleInstantiationStrategy.instantiate(SimpleInstantiationStrategy.java:169)
	at org.springframework.beans.factory.support.ConstructorResolver.instantiate(ConstructorResolver.java:653)
	... 55 common frames omitted
Caused by: java.lang.IllegalArgumentException: Path must not be null
	at org.springframework.util.Assert.notNull(Assert.java:181)
	at org.springframework.core.io.FileSystemResource.<init>(FileSystemResource.java:84)
	at com.aurionpro.papms.config.BatchConfig.employeeCsvReader(BatchConfig.java:315)
	at com.aurionpro.papms.config.BatchConfig$$SpringCGLIB$$0.CGLIB$employeeCsvReader$6(<generated>)
	at com.aurionpro.papms.config.BatchConfig$$SpringCGLIB$$FastClass$$1.invoke(<generated>)
	at org.springframework.cglib.proxy.MethodProxy.invokeSuper(MethodProxy.java:258)
	at org.springframework.context.annotation.ConfigurationClassEnhancer$BeanMethodInterceptor.intercept(ConfigurationClassEnhancer.java:400)
	at com.aurionpro.papms.config.BatchConfig$$SpringCGLIB$$0.employeeCsvReader(<generated>)
	at java.base/jdk.internal.reflect.NativeMethodAccessorImpl.invoke0(Native Method)
	at java.base/jdk.internal.reflect.NativeMethodAccessorImpl.invoke(NativeMethodAccessorImpl.java:77)
	at java.base/jdk.internal.reflect.DelegatingMethodAccessorImpl.invoke(DelegatingMethodAccessorImpl.java:43)
	at java.base/java.lang.reflect.Method.invoke(Method.java:568)
	at org.springframework.beans.factory.support.SimpleInstantiationStrategy.lambda$instantiate$0(SimpleInstantiationStrategy.java:172)
	... 58 common frames omitted
2025-10-12 22:06:37.971 [restartedMain] ERROR o.s.batch.core.step.AbstractStep - Exception while closing step execution resources in step employeeCsvImportStep in job employeeCsvImportJob
org.springframework.batch.item.ItemStreamException: Failed to close 1 delegate(s) due to exceptions
	at org.springframework.batch.item.support.CompositeItemStream.close(CompositeItemStream.java:123)
	at org.springframework.batch.core.step.tasklet.TaskletStep.close(TaskletStep.java:282)
	at org.springframework.batch.core.step.AbstractStep.execute(AbstractStep.java:313)
	at org.springframework.batch.core.job.SimpleStepHandler.handleStep(SimpleStepHandler.java:153)
	at org.springframework.batch.core.job.flow.JobFlowExecutor.executeStep(JobFlowExecutor.java:68)
	at org.springframework.batch.core.job.flow.support.state.StepState.handle(StepState.java:68)
	at org.springframework.batch.core.job.flow.support.SimpleFlow.resume(SimpleFlow.java:165)
	at org.springframework.batch.core.job.flow.support.SimpleFlow.start(SimpleFlow.java:140)
	at org.springframework.batch.core.job.flow.FlowJob.doExecute(FlowJob.java:132)
	at org.springframework.batch.core.job.AbstractJob.execute(AbstractJob.java:307)
	at org.springframework.batch.core.launch.support.TaskExecutorJobLauncher$1.run(TaskExecutorJobLauncher.java:155)
	at org.springframework.core.task.SyncTaskExecutor.execute(SyncTaskExecutor.java:50)
	at org.springframework.batch.core.launch.support.TaskExecutorJobLauncher.run(TaskExecutorJobLauncher.java:146)
	at org.springframework.boot.autoconfigure.batch.JobLauncherApplicationRunner.execute(JobLauncherApplicationRunner.java:210)
	at org.springframework.boot.autoconfigure.batch.JobLauncherApplicationRunner.executeLocalJobs(JobLauncherApplicationRunner.java:194)
	at org.springframework.boot.autoconfigure.batch.JobLauncherApplicationRunner.launchJobFromProperties(JobLauncherApplicationRunner.java:174)
	at org.springframework.boot.autoconfigure.batch.JobLauncherApplicationRunner.run(JobLauncherApplicationRunner.java:169)
	at org.springframework.boot.autoconfigure.batch.JobLauncherApplicationRunner.run(JobLauncherApplicationRunner.java:164)
	at org.springframework.boot.SpringApplication.lambda$callRunner$4(SpringApplication.java:784)
	at org.springframework.util.function.ThrowingConsumer$1.acceptWithException(ThrowingConsumer.java:82)
	at org.springframework.util.function.ThrowingConsumer.accept(ThrowingConsumer.java:60)
	at org.springframework.util.function.ThrowingConsumer$1.accept(ThrowingConsumer.java:86)
	at org.springframework.boot.SpringApplication.callRunner(SpringApplication.java:796)
	at org.springframework.boot.SpringApplication.callRunner(SpringApplication.java:784)
	at org.springframework.boot.SpringApplication.lambda$callRunners$3(SpringApplication.java:772)
	at java.base/java.util.stream.ForEachOps$ForEachOp$OfRef.accept(ForEachOps.java:183)
	at java.base/java.util.stream.SortedOps$SizedRefSortingSink.end(SortedOps.java:357)
	at java.base/java.util.stream.AbstractPipeline.copyInto(AbstractPipeline.java:510)
	at java.base/java.util.stream.AbstractPipeline.wrapAndCopyInto(AbstractPipeline.java:499)
	at java.base/java.util.stream.ForEachOps$ForEachOp.evaluateSequential(ForEachOps.java:150)
	at java.base/java.util.stream.ForEachOps$ForEachOp$OfRef.evaluateSequential(ForEachOps.java:173)
	at java.base/java.util.stream.AbstractPipeline.evaluate(AbstractPipeline.java:234)
	at java.base/java.util.stream.ReferencePipeline.forEach(ReferencePipeline.java:596)
	at org.springframework.boot.SpringApplication.callRunners(SpringApplication.java:772)
	at org.springframework.boot.SpringApplication.run(SpringApplication.java:325)
	at org.springframework.boot.SpringApplication.run(SpringApplication.java:1361)
	at org.springframework.boot.SpringApplication.run(SpringApplication.java:1350)
	at com.aurionpro.papms.PaPmsApplication.main(PaPmsApplication.java:14)
	at java.base/jdk.internal.reflect.NativeMethodAccessorImpl.invoke0(Native Method)
	at java.base/jdk.internal.reflect.NativeMethodAccessorImpl.invoke(NativeMethodAccessorImpl.java:77)
	at java.base/jdk.internal.reflect.DelegatingMethodAccessorImpl.invoke(DelegatingMethodAccessorImpl.java:43)
	at java.base/java.lang.reflect.Method.invoke(Method.java:568)
	at org.springframework.boot.devtools.restart.RestartLauncher.run(RestartLauncher.java:50)
	Suppressed: org.springframework.beans.factory.BeanCreationException: Error creating bean with name 'scopedTarget.employeeCsvReader' defined in class path resource [com/aurionpro/papms/config/BatchConfig.class]: Failed to instantiate [org.springframework.batch.item.file.FlatFileItemReader]: Factory method 'employeeCsvReader' threw exception with message: Path must not be null
		at org.springframework.beans.factory.support.ConstructorResolver.instantiate(ConstructorResolver.java:657)
		at org.springframework.beans.factory.support.ConstructorResolver.instantiateUsingFactoryMethod(ConstructorResolver.java:645)
		at org.springframework.beans.factory.support.AbstractAutowireCapableBeanFactory.instantiateUsingFactoryMethod(AbstractAutowireCapableBeanFactory.java:1375)
		at org.springframework.beans.factory.support.AbstractAutowireCapableBeanFactory.createBeanInstance(AbstractAutowireCapableBeanFactory.java:1205)
		at org.springframework.beans.factory.support.AbstractAutowireCapableBeanFactory.doCreateBean(AbstractAutowireCapableBeanFactory.java:569)
		at org.springframework.beans.factory.support.AbstractAutowireCapableBeanFactory.createBean(AbstractAutowireCapableBeanFactory.java:529)
		at org.springframework.beans.factory.support.AbstractBeanFactory.lambda$doGetBean$1(AbstractBeanFactory.java:378)
		at org.springframework.batch.core.scope.StepScope.get(StepScope.java:112)
		at org.springframework.beans.factory.support.AbstractBeanFactory.doGetBean(AbstractBeanFactory.java:375)
		at org.springframework.beans.factory.support.AbstractBeanFactory.getBean(AbstractBeanFactory.java:202)
		at org.springframework.aop.target.SimpleBeanTargetSource.getTarget(SimpleBeanTargetSource.java:35)
		at org.springframework.aop.framework.CglibAopProxy$DynamicAdvisedInterceptor.intercept(CglibAopProxy.java:712)
		at org.springframework.batch.item.file.FlatFileItemReader$$SpringCGLIB$$0.close(<generated>)
		at org.springframework.batch.item.support.CompositeItemStream.close(CompositeItemStream.java:114)
		... 42 common frames omitted
	Caused by: org.springframework.beans.BeanInstantiationException: Failed to instantiate [org.springframework.batch.item.file.FlatFileItemReader]: Factory method 'employeeCsvReader' threw exception with message: Path must not be null
		at org.springframework.beans.factory.support.SimpleInstantiationStrategy.lambda$instantiate$0(SimpleInstantiationStrategy.java:200)
		at org.springframework.beans.factory.support.SimpleInstantiationStrategy.instantiateWithFactoryMethod(SimpleInstantiationStrategy.java:89)
		at org.springframework.beans.factory.support.SimpleInstantiationStrategy.instantiate(SimpleInstantiationStrategy.java:169)
		at org.springframework.beans.factory.support.ConstructorResolver.instantiate(ConstructorResolver.java:653)
		... 55 common frames omitted
	Caused by: java.lang.IllegalArgumentException: Path must not be null
		at org.springframework.util.Assert.notNull(Assert.java:181)
		at org.springframework.core.io.FileSystemResource.<init>(FileSystemResource.java:84)
		at com.aurionpro.papms.config.BatchConfig.employeeCsvReader(BatchConfig.java:315)
		at com.aurionpro.papms.config.BatchConfig$$SpringCGLIB$$0.CGLIB$employeeCsvReader$6(<generated>)
		at com.aurionpro.papms.config.BatchConfig$$SpringCGLIB$$FastClass$$1.invoke(<generated>)
		at org.springframework.cglib.proxy.MethodProxy.invokeSuper(MethodProxy.java:258)
		at org.springframework.context.annotation.ConfigurationClassEnhancer$BeanMethodInterceptor.intercept(ConfigurationClassEnhancer.java:400)
		at com.aurionpro.papms.config.BatchConfig$$SpringCGLIB$$0.employeeCsvReader(<generated>)
		at java.base/jdk.internal.reflect.NativeMethodAccessorImpl.invoke0(Native Method)
		at java.base/jdk.internal.reflect.NativeMethodAccessorImpl.invoke(NativeMethodAccessorImpl.java:77)
		at java.base/jdk.internal.reflect.DelegatingMethodAccessorImpl.invoke(DelegatingMethodAccessorImpl.java:43)
		at java.base/java.lang.reflect.Method.invoke(Method.java:568)
		at org.springframework.beans.factory.support.SimpleInstantiationStrategy.lambda$instantiate$0(SimpleInstantiationStrategy.java:172)
		... 58 common frames omitted
2025-10-12 22:06:37.981 [restartedMain] ERROR c.a.p.b.JobCompletionNotificationListener - !!! EMPLOYEE IMPORT JOB FAILED! Check logs for details.
2025-10-12 22:10:21.880 [restartedMain] ERROR o.s.batch.core.step.AbstractStep - Encountered an error executing step employeeCsvImportStep in job employeeCsvImportJob
org.springframework.beans.factory.BeanCreationException: Error creating bean with name 'scopedTarget.employeeCsvReader' defined in class path resource [com/aurionpro/papms/config/BatchConfig.class]: Failed to instantiate [org.springframework.batch.item.file.FlatFileItemReader]: Factory method 'employeeCsvReader' threw exception with message: Path must not be null
	at org.springframework.beans.factory.support.ConstructorResolver.instantiate(ConstructorResolver.java:657)
	at org.springframework.beans.factory.support.ConstructorResolver.instantiateUsingFactoryMethod(ConstructorResolver.java:645)
	at org.springframework.beans.factory.support.AbstractAutowireCapableBeanFactory.instantiateUsingFactoryMethod(AbstractAutowireCapableBeanFactory.java:1375)
	at org.springframework.beans.factory.support.AbstractAutowireCapableBeanFactory.createBeanInstance(AbstractAutowireCapableBeanFactory.java:1205)
	at org.springframework.beans.factory.support.AbstractAutowireCapableBeanFactory.doCreateBean(AbstractAutowireCapableBeanFactory.java:569)
	at org.springframework.beans.factory.support.AbstractAutowireCapableBeanFactory.createBean(AbstractAutowireCapableBeanFactory.java:529)
	at org.springframework.beans.factory.support.AbstractBeanFactory.lambda$doGetBean$1(AbstractBeanFactory.java:378)
	at org.springframework.batch.core.scope.StepScope.get(StepScope.java:112)
	at org.springframework.beans.factory.support.AbstractBeanFactory.doGetBean(AbstractBeanFactory.java:375)
	at org.springframework.beans.factory.support.AbstractBeanFactory.getBean(AbstractBeanFactory.java:202)
	at org.springframework.aop.target.SimpleBeanTargetSource.getTarget(SimpleBeanTargetSource.java:35)
	at org.springframework.aop.framework.CglibAopProxy$DynamicAdvisedInterceptor.intercept(CglibAopProxy.java:712)
	at org.springframework.batch.item.file.FlatFileItemReader$$SpringCGLIB$$0.open(<generated>)
	at org.springframework.batch.item.support.CompositeItemStream.open(CompositeItemStream.java:138)
	at org.springframework.batch.core.step.tasklet.TaskletStep.open(TaskletStep.java:287)
	at org.springframework.batch.core.step.AbstractStep.execute(AbstractStep.java:227)
	at org.springframework.batch.core.job.SimpleStepHandler.handleStep(SimpleStepHandler.java:153)
	at org.springframework.batch.core.job.flow.JobFlowExecutor.executeStep(JobFlowExecutor.java:68)
	at org.springframework.batch.core.job.flow.support.state.StepState.handle(StepState.java:68)
	at org.springframework.batch.core.job.flow.support.SimpleFlow.resume(SimpleFlow.java:165)
	at org.springframework.batch.core.job.flow.support.SimpleFlow.start(SimpleFlow.java:140)
	at org.springframework.batch.core.job.flow.FlowJob.doExecute(FlowJob.java:132)
	at org.springframework.batch.core.job.AbstractJob.execute(AbstractJob.java:307)
	at org.springframework.batch.core.launch.support.TaskExecutorJobLauncher$1.run(TaskExecutorJobLauncher.java:155)
	at org.springframework.core.task.SyncTaskExecutor.execute(SyncTaskExecutor.java:50)
	at org.springframework.batch.core.launch.support.TaskExecutorJobLauncher.run(TaskExecutorJobLauncher.java:146)
	at org.springframework.boot.autoconfigure.batch.JobLauncherApplicationRunner.execute(JobLauncherApplicationRunner.java:210)
	at org.springframework.boot.autoconfigure.batch.JobLauncherApplicationRunner.executeLocalJobs(JobLauncherApplicationRunner.java:194)
	at org.springframework.boot.autoconfigure.batch.JobLauncherApplicationRunner.launchJobFromProperties(JobLauncherApplicationRunner.java:174)
	at org.springframework.boot.autoconfigure.batch.JobLauncherApplicationRunner.run(JobLauncherApplicationRunner.java:169)
	at org.springframework.boot.autoconfigure.batch.JobLauncherApplicationRunner.run(JobLauncherApplicationRunner.java:164)
	at org.springframework.boot.SpringApplication.lambda$callRunner$4(SpringApplication.java:784)
	at org.springframework.util.function.ThrowingConsumer$1.acceptWithException(ThrowingConsumer.java:82)
	at org.springframework.util.function.ThrowingConsumer.accept(ThrowingConsumer.java:60)
	at org.springframework.util.function.ThrowingConsumer$1.accept(ThrowingConsumer.java:86)
	at org.springframework.boot.SpringApplication.callRunner(SpringApplication.java:796)
	at org.springframework.boot.SpringApplication.callRunner(SpringApplication.java:784)
	at org.springframework.boot.SpringApplication.lambda$callRunners$3(SpringApplication.java:772)
	at java.base/java.util.stream.ForEachOps$ForEachOp$OfRef.accept(ForEachOps.java:183)
	at java.base/java.util.stream.SortedOps$SizedRefSortingSink.end(SortedOps.java:357)
	at java.base/java.util.stream.AbstractPipeline.copyInto(AbstractPipeline.java:510)
	at java.base/java.util.stream.AbstractPipeline.wrapAndCopyInto(AbstractPipeline.java:499)
	at java.base/java.util.stream.ForEachOps$ForEachOp.evaluateSequential(ForEachOps.java:150)
	at java.base/java.util.stream.ForEachOps$ForEachOp$OfRef.evaluateSequential(ForEachOps.java:173)
	at java.base/java.util.stream.AbstractPipeline.evaluate(AbstractPipeline.java:234)
	at java.base/java.util.stream.ReferencePipeline.forEach(ReferencePipeline.java:596)
	at org.springframework.boot.SpringApplication.callRunners(SpringApplication.java:772)
	at org.springframework.boot.SpringApplication.run(SpringApplication.java:325)
	at org.springframework.boot.SpringApplication.run(SpringApplication.java:1361)
	at org.springframework.boot.SpringApplication.run(SpringApplication.java:1350)
	at com.aurionpro.papms.PaPmsApplication.main(PaPmsApplication.java:14)
	at java.base/jdk.internal.reflect.NativeMethodAccessorImpl.invoke0(Native Method)
	at java.base/jdk.internal.reflect.NativeMethodAccessorImpl.invoke(NativeMethodAccessorImpl.java:77)
	at java.base/jdk.internal.reflect.DelegatingMethodAccessorImpl.invoke(DelegatingMethodAccessorImpl.java:43)
	at java.base/java.lang.reflect.Method.invoke(Method.java:568)
	at org.springframework.boot.devtools.restart.RestartLauncher.run(RestartLauncher.java:50)
Caused by: org.springframework.beans.BeanInstantiationException: Failed to instantiate [org.springframework.batch.item.file.FlatFileItemReader]: Factory method 'employeeCsvReader' threw exception with message: Path must not be null
	at org.springframework.beans.factory.support.SimpleInstantiationStrategy.lambda$instantiate$0(SimpleInstantiationStrategy.java:200)
	at org.springframework.beans.factory.support.SimpleInstantiationStrategy.instantiateWithFactoryMethod(SimpleInstantiationStrategy.java:89)
	at org.springframework.beans.factory.support.SimpleInstantiationStrategy.instantiate(SimpleInstantiationStrategy.java:169)
	at org.springframework.beans.factory.support.ConstructorResolver.instantiate(ConstructorResolver.java:653)
	... 55 common frames omitted
Caused by: java.lang.IllegalArgumentException: Path must not be null
	at org.springframework.util.Assert.notNull(Assert.java:181)
	at org.springframework.core.io.FileSystemResource.<init>(FileSystemResource.java:84)
	at com.aurionpro.papms.config.BatchConfig.employeeCsvReader(BatchConfig.java:315)
	at com.aurionpro.papms.config.BatchConfig$$SpringCGLIB$$0.CGLIB$employeeCsvReader$6(<generated>)
	at com.aurionpro.papms.config.BatchConfig$$SpringCGLIB$$FastClass$$1.invoke(<generated>)
	at org.springframework.cglib.proxy.MethodProxy.invokeSuper(MethodProxy.java:258)
	at org.springframework.context.annotation.ConfigurationClassEnhancer$BeanMethodInterceptor.intercept(ConfigurationClassEnhancer.java:400)
	at com.aurionpro.papms.config.BatchConfig$$SpringCGLIB$$0.employeeCsvReader(<generated>)
	at java.base/jdk.internal.reflect.NativeMethodAccessorImpl.invoke0(Native Method)
	at java.base/jdk.internal.reflect.NativeMethodAccessorImpl.invoke(NativeMethodAccessorImpl.java:77)
	at java.base/jdk.internal.reflect.DelegatingMethodAccessorImpl.invoke(DelegatingMethodAccessorImpl.java:43)
	at java.base/java.lang.reflect.Method.invoke(Method.java:568)
	at org.springframework.beans.factory.support.SimpleInstantiationStrategy.lambda$instantiate$0(SimpleInstantiationStrategy.java:172)
	... 58 common frames omitted
2025-10-12 22:10:21.901 [restartedMain] ERROR o.s.batch.core.step.AbstractStep - Exception while closing step execution resources in step employeeCsvImportStep in job employeeCsvImportJob
org.springframework.batch.item.ItemStreamException: Failed to close 1 delegate(s) due to exceptions
	at org.springframework.batch.item.support.CompositeItemStream.close(CompositeItemStream.java:123)
	at org.springframework.batch.core.step.tasklet.TaskletStep.close(TaskletStep.java:282)
	at org.springframework.batch.core.step.AbstractStep.execute(AbstractStep.java:313)
	at org.springframework.batch.core.job.SimpleStepHandler.handleStep(SimpleStepHandler.java:153)
	at org.springframework.batch.core.job.flow.JobFlowExecutor.executeStep(JobFlowExecutor.java:68)
	at org.springframework.batch.core.job.flow.support.state.StepState.handle(StepState.java:68)
	at org.springframework.batch.core.job.flow.support.SimpleFlow.resume(SimpleFlow.java:165)
	at org.springframework.batch.core.job.flow.support.SimpleFlow.start(SimpleFlow.java:140)
	at org.springframework.batch.core.job.flow.FlowJob.doExecute(FlowJob.java:132)
	at org.springframework.batch.core.job.AbstractJob.execute(AbstractJob.java:307)
	at org.springframework.batch.core.launch.support.TaskExecutorJobLauncher$1.run(TaskExecutorJobLauncher.java:155)
	at org.springframework.core.task.SyncTaskExecutor.execute(SyncTaskExecutor.java:50)
	at org.springframework.batch.core.launch.support.TaskExecutorJobLauncher.run(TaskExecutorJobLauncher.java:146)
	at org.springframework.boot.autoconfigure.batch.JobLauncherApplicationRunner.execute(JobLauncherApplicationRunner.java:210)
	at org.springframework.boot.autoconfigure.batch.JobLauncherApplicationRunner.executeLocalJobs(JobLauncherApplicationRunner.java:194)
	at org.springframework.boot.autoconfigure.batch.JobLauncherApplicationRunner.launchJobFromProperties(JobLauncherApplicationRunner.java:174)
	at org.springframework.boot.autoconfigure.batch.JobLauncherApplicationRunner.run(JobLauncherApplicationRunner.java:169)
	at org.springframework.boot.autoconfigure.batch.JobLauncherApplicationRunner.run(JobLauncherApplicationRunner.java:164)
	at org.springframework.boot.SpringApplication.lambda$callRunner$4(SpringApplication.java:784)
	at org.springframework.util.function.ThrowingConsumer$1.acceptWithException(ThrowingConsumer.java:82)
	at org.springframework.util.function.ThrowingConsumer.accept(ThrowingConsumer.java:60)
	at org.springframework.util.function.ThrowingConsumer$1.accept(ThrowingConsumer.java:86)
	at org.springframework.boot.SpringApplication.callRunner(SpringApplication.java:796)
	at org.springframework.boot.SpringApplication.callRunner(SpringApplication.java:784)
	at org.springframework.boot.SpringApplication.lambda$callRunners$3(SpringApplication.java:772)
	at java.base/java.util.stream.ForEachOps$ForEachOp$OfRef.accept(ForEachOps.java:183)
	at java.base/java.util.stream.SortedOps$SizedRefSortingSink.end(SortedOps.java:357)
	at java.base/java.util.stream.AbstractPipeline.copyInto(AbstractPipeline.java:510)
	at java.base/java.util.stream.AbstractPipeline.wrapAndCopyInto(AbstractPipeline.java:499)
	at java.base/java.util.stream.ForEachOps$ForEachOp.evaluateSequential(ForEachOps.java:150)
	at java.base/java.util.stream.ForEachOps$ForEachOp$OfRef.evaluateSequential(ForEachOps.java:173)
	at java.base/java.util.stream.AbstractPipeline.evaluate(AbstractPipeline.java:234)
	at java.base/java.util.stream.ReferencePipeline.forEach(ReferencePipeline.java:596)
	at org.springframework.boot.SpringApplication.callRunners(SpringApplication.java:772)
	at org.springframework.boot.SpringApplication.run(SpringApplication.java:325)
	at org.springframework.boot.SpringApplication.run(SpringApplication.java:1361)
	at org.springframework.boot.SpringApplication.run(SpringApplication.java:1350)
	at com.aurionpro.papms.PaPmsApplication.main(PaPmsApplication.java:14)
	at java.base/jdk.internal.reflect.NativeMethodAccessorImpl.invoke0(Native Method)
	at java.base/jdk.internal.reflect.NativeMethodAccessorImpl.invoke(NativeMethodAccessorImpl.java:77)
	at java.base/jdk.internal.reflect.DelegatingMethodAccessorImpl.invoke(DelegatingMethodAccessorImpl.java:43)
	at java.base/java.lang.reflect.Method.invoke(Method.java:568)
	at org.springframework.boot.devtools.restart.RestartLauncher.run(RestartLauncher.java:50)
	Suppressed: org.springframework.beans.factory.BeanCreationException: Error creating bean with name 'scopedTarget.employeeCsvReader' defined in class path resource [com/aurionpro/papms/config/BatchConfig.class]: Failed to instantiate [org.springframework.batch.item.file.FlatFileItemReader]: Factory method 'employeeCsvReader' threw exception with message: Path must not be null
		at org.springframework.beans.factory.support.ConstructorResolver.instantiate(ConstructorResolver.java:657)
		at org.springframework.beans.factory.support.ConstructorResolver.instantiateUsingFactoryMethod(ConstructorResolver.java:645)
		at org.springframework.beans.factory.support.AbstractAutowireCapableBeanFactory.instantiateUsingFactoryMethod(AbstractAutowireCapableBeanFactory.java:1375)
		at org.springframework.beans.factory.support.AbstractAutowireCapableBeanFactory.createBeanInstance(AbstractAutowireCapableBeanFactory.java:1205)
		at org.springframework.beans.factory.support.AbstractAutowireCapableBeanFactory.doCreateBean(AbstractAutowireCapableBeanFactory.java:569)
		at org.springframework.beans.factory.support.AbstractAutowireCapableBeanFactory.createBean(AbstractAutowireCapableBeanFactory.java:529)
		at org.springframework.beans.factory.support.AbstractBeanFactory.lambda$doGetBean$1(AbstractBeanFactory.java:378)
		at org.springframework.batch.core.scope.StepScope.get(StepScope.java:112)
		at org.springframework.beans.factory.support.AbstractBeanFactory.doGetBean(AbstractBeanFactory.java:375)
		at org.springframework.beans.factory.support.AbstractBeanFactory.getBean(AbstractBeanFactory.java:202)
		at org.springframework.aop.target.SimpleBeanTargetSource.getTarget(SimpleBeanTargetSource.java:35)
		at org.springframework.aop.framework.CglibAopProxy$DynamicAdvisedInterceptor.intercept(CglibAopProxy.java:712)
		at org.springframework.batch.item.file.FlatFileItemReader$$SpringCGLIB$$0.close(<generated>)
		at org.springframework.batch.item.support.CompositeItemStream.close(CompositeItemStream.java:114)
		... 42 common frames omitted
	Caused by: org.springframework.beans.BeanInstantiationException: Failed to instantiate [org.springframework.batch.item.file.FlatFileItemReader]: Factory method 'employeeCsvReader' threw exception with message: Path must not be null
		at org.springframework.beans.factory.support.SimpleInstantiationStrategy.lambda$instantiate$0(SimpleInstantiationStrategy.java:200)
		at org.springframework.beans.factory.support.SimpleInstantiationStrategy.instantiateWithFactoryMethod(SimpleInstantiationStrategy.java:89)
		at org.springframework.beans.factory.support.SimpleInstantiationStrategy.instantiate(SimpleInstantiationStrategy.java:169)
		at org.springframework.beans.factory.support.ConstructorResolver.instantiate(ConstructorResolver.java:653)
		... 55 common frames omitted
	Caused by: java.lang.IllegalArgumentException: Path must not be null
		at org.springframework.util.Assert.notNull(Assert.java:181)
		at org.springframework.core.io.FileSystemResource.<init>(FileSystemResource.java:84)
		at com.aurionpro.papms.config.BatchConfig.employeeCsvReader(BatchConfig.java:315)
		at com.aurionpro.papms.config.BatchConfig$$SpringCGLIB$$0.CGLIB$employeeCsvReader$6(<generated>)
		at com.aurionpro.papms.config.BatchConfig$$SpringCGLIB$$FastClass$$1.invoke(<generated>)
		at org.springframework.cglib.proxy.MethodProxy.invokeSuper(MethodProxy.java:258)
		at org.springframework.context.annotation.ConfigurationClassEnhancer$BeanMethodInterceptor.intercept(ConfigurationClassEnhancer.java:400)
		at com.aurionpro.papms.config.BatchConfig$$SpringCGLIB$$0.employeeCsvReader(<generated>)
		at java.base/jdk.internal.reflect.NativeMethodAccessorImpl.invoke0(Native Method)
		at java.base/jdk.internal.reflect.NativeMethodAccessorImpl.invoke(NativeMethodAccessorImpl.java:77)
		at java.base/jdk.internal.reflect.DelegatingMethodAccessorImpl.invoke(DelegatingMethodAccessorImpl.java:43)
		at java.base/java.lang.reflect.Method.invoke(Method.java:568)
		at org.springframework.beans.factory.support.SimpleInstantiationStrategy.lambda$instantiate$0(SimpleInstantiationStrategy.java:172)
		... 58 common frames omitted
2025-10-12 22:10:21.911 [restartedMain] ERROR c.a.p.b.JobCompletionNotificationListener - !!! EMPLOYEE IMPORT JOB FAILED! Check logs for details.
2025-10-12 22:32:56.339 [restartedMain] ERROR o.s.b.d.LoggingFailureAnalysisReporter - 

***************************
APPLICATION FAILED TO START
***************************

Description:

Parameter 5 of constructor in com.aurionpro.papms.service.ClientServiceImpl required a bean of type 'com.aurionpro.papms.service.TransactionService' that could not be found.


Action:

Consider defining a bean of type 'com.aurionpro.papms.service.TransactionService' in your configuration.

2025-10-12 22:33:00.197 [restartedMain] ERROR o.s.batch.core.step.AbstractStep - Encountered an error executing step employeeCsvImportStep in job employeeCsvImportJob
org.springframework.beans.factory.BeanCreationException: Error creating bean with name 'scopedTarget.employeeCsvReader' defined in class path resource [com/aurionpro/papms/config/BatchConfig.class]: Failed to instantiate [org.springframework.batch.item.file.FlatFileItemReader]: Factory method 'employeeCsvReader' threw exception with message: Path must not be null
	at org.springframework.beans.factory.support.ConstructorResolver.instantiate(ConstructorResolver.java:657)
	at org.springframework.beans.factory.support.ConstructorResolver.instantiateUsingFactoryMethod(ConstructorResolver.java:645)
	at org.springframework.beans.factory.support.AbstractAutowireCapableBeanFactory.instantiateUsingFactoryMethod(AbstractAutowireCapableBeanFactory.java:1375)
	at org.springframework.beans.factory.support.AbstractAutowireCapableBeanFactory.createBeanInstance(AbstractAutowireCapableBeanFactory.java:1205)
	at org.springframework.beans.factory.support.AbstractAutowireCapableBeanFactory.doCreateBean(AbstractAutowireCapableBeanFactory.java:569)
	at org.springframework.beans.factory.support.AbstractAutowireCapableBeanFactory.createBean(AbstractAutowireCapableBeanFactory.java:529)
	at org.springframework.beans.factory.support.AbstractBeanFactory.lambda$doGetBean$1(AbstractBeanFactory.java:378)
	at org.springframework.batch.core.scope.StepScope.get(StepScope.java:112)
	at org.springframework.beans.factory.support.AbstractBeanFactory.doGetBean(AbstractBeanFactory.java:375)
	at org.springframework.beans.factory.support.AbstractBeanFactory.getBean(AbstractBeanFactory.java:202)
	at org.springframework.aop.target.SimpleBeanTargetSource.getTarget(SimpleBeanTargetSource.java:35)
	at org.springframework.aop.framework.CglibAopProxy$DynamicAdvisedInterceptor.intercept(CglibAopProxy.java:712)
	at org.springframework.batch.item.file.FlatFileItemReader$$SpringCGLIB$$0.open(<generated>)
	at org.springframework.batch.item.support.CompositeItemStream.open(CompositeItemStream.java:138)
	at org.springframework.batch.core.step.tasklet.TaskletStep.open(TaskletStep.java:287)
	at org.springframework.batch.core.step.AbstractStep.execute(AbstractStep.java:227)
	at org.springframework.batch.core.job.SimpleStepHandler.handleStep(SimpleStepHandler.java:153)
	at org.springframework.batch.core.job.flow.JobFlowExecutor.executeStep(JobFlowExecutor.java:68)
	at org.springframework.batch.core.job.flow.support.state.StepState.handle(StepState.java:68)
	at org.springframework.batch.core.job.flow.support.SimpleFlow.resume(SimpleFlow.java:165)
	at org.springframework.batch.core.job.flow.support.SimpleFlow.start(SimpleFlow.java:140)
	at org.springframework.batch.core.job.flow.FlowJob.doExecute(FlowJob.java:132)
	at org.springframework.batch.core.job.AbstractJob.execute(AbstractJob.java:307)
	at org.springframework.batch.core.launch.support.TaskExecutorJobLauncher$1.run(TaskExecutorJobLauncher.java:155)
	at org.springframework.core.task.SyncTaskExecutor.execute(SyncTaskExecutor.java:50)
	at org.springframework.batch.core.launch.support.TaskExecutorJobLauncher.run(TaskExecutorJobLauncher.java:146)
	at org.springframework.boot.autoconfigure.batch.JobLauncherApplicationRunner.execute(JobLauncherApplicationRunner.java:210)
	at org.springframework.boot.autoconfigure.batch.JobLauncherApplicationRunner.executeLocalJobs(JobLauncherApplicationRunner.java:194)
	at org.springframework.boot.autoconfigure.batch.JobLauncherApplicationRunner.launchJobFromProperties(JobLauncherApplicationRunner.java:174)
	at org.springframework.boot.autoconfigure.batch.JobLauncherApplicationRunner.run(JobLauncherApplicationRunner.java:169)
	at org.springframework.boot.autoconfigure.batch.JobLauncherApplicationRunner.run(JobLauncherApplicationRunner.java:164)
	at org.springframework.boot.SpringApplication.lambda$callRunner$4(SpringApplication.java:784)
	at org.springframework.util.function.ThrowingConsumer$1.acceptWithException(ThrowingConsumer.java:82)
	at org.springframework.util.function.ThrowingConsumer.accept(ThrowingConsumer.java:60)
	at org.springframework.util.function.ThrowingConsumer$1.accept(ThrowingConsumer.java:86)
	at org.springframework.boot.SpringApplication.callRunner(SpringApplication.java:796)
	at org.springframework.boot.SpringApplication.callRunner(SpringApplication.java:784)
	at org.springframework.boot.SpringApplication.lambda$callRunners$3(SpringApplication.java:772)
	at java.base/java.util.stream.ForEachOps$ForEachOp$OfRef.accept(ForEachOps.java:183)
	at java.base/java.util.stream.SortedOps$SizedRefSortingSink.end(SortedOps.java:357)
	at java.base/java.util.stream.AbstractPipeline.copyInto(AbstractPipeline.java:510)
	at java.base/java.util.stream.AbstractPipeline.wrapAndCopyInto(AbstractPipeline.java:499)
	at java.base/java.util.stream.ForEachOps$ForEachOp.evaluateSequential(ForEachOps.java:150)
	at java.base/java.util.stream.ForEachOps$ForEachOp$OfRef.evaluateSequential(ForEachOps.java:173)
	at java.base/java.util.stream.AbstractPipeline.evaluate(AbstractPipeline.java:234)
	at java.base/java.util.stream.ReferencePipeline.forEach(ReferencePipeline.java:596)
	at org.springframework.boot.SpringApplication.callRunners(SpringApplication.java:772)
	at org.springframework.boot.SpringApplication.run(SpringApplication.java:325)
	at org.springframework.boot.SpringApplication.run(SpringApplication.java:1361)
	at org.springframework.boot.SpringApplication.run(SpringApplication.java:1350)
	at com.aurionpro.papms.PaPmsApplication.main(PaPmsApplication.java:14)
	at java.base/jdk.internal.reflect.NativeMethodAccessorImpl.invoke0(Native Method)
	at java.base/jdk.internal.reflect.NativeMethodAccessorImpl.invoke(NativeMethodAccessorImpl.java:77)
	at java.base/jdk.internal.reflect.DelegatingMethodAccessorImpl.invoke(DelegatingMethodAccessorImpl.java:43)
	at java.base/java.lang.reflect.Method.invoke(Method.java:568)
	at org.springframework.boot.devtools.restart.RestartLauncher.run(RestartLauncher.java:50)
Caused by: org.springframework.beans.BeanInstantiationException: Failed to instantiate [org.springframework.batch.item.file.FlatFileItemReader]: Factory method 'employeeCsvReader' threw exception with message: Path must not be null
	at org.springframework.beans.factory.support.SimpleInstantiationStrategy.lambda$instantiate$0(SimpleInstantiationStrategy.java:200)
	at org.springframework.beans.factory.support.SimpleInstantiationStrategy.instantiateWithFactoryMethod(SimpleInstantiationStrategy.java:89)
	at org.springframework.beans.factory.support.SimpleInstantiationStrategy.instantiate(SimpleInstantiationStrategy.java:169)
	at org.springframework.beans.factory.support.ConstructorResolver.instantiate(ConstructorResolver.java:653)
	... 55 common frames omitted
Caused by: java.lang.IllegalArgumentException: Path must not be null
	at org.springframework.util.Assert.notNull(Assert.java:181)
	at org.springframework.core.io.FileSystemResource.<init>(FileSystemResource.java:84)
	at com.aurionpro.papms.config.BatchConfig.employeeCsvReader(BatchConfig.java:315)
	at com.aurionpro.papms.config.BatchConfig$$SpringCGLIB$$0.CGLIB$employeeCsvReader$6(<generated>)
	at com.aurionpro.papms.config.BatchConfig$$SpringCGLIB$$FastClass$$1.invoke(<generated>)
	at org.springframework.cglib.proxy.MethodProxy.invokeSuper(MethodProxy.java:258)
	at org.springframework.context.annotation.ConfigurationClassEnhancer$BeanMethodInterceptor.intercept(ConfigurationClassEnhancer.java:400)
	at com.aurionpro.papms.config.BatchConfig$$SpringCGLIB$$0.employeeCsvReader(<generated>)
	at java.base/jdk.internal.reflect.NativeMethodAccessorImpl.invoke0(Native Method)
	at java.base/jdk.internal.reflect.NativeMethodAccessorImpl.invoke(NativeMethodAccessorImpl.java:77)
	at java.base/jdk.internal.reflect.DelegatingMethodAccessorImpl.invoke(DelegatingMethodAccessorImpl.java:43)
	at java.base/java.lang.reflect.Method.invoke(Method.java:568)
	at org.springframework.beans.factory.support.SimpleInstantiationStrategy.lambda$instantiate$0(SimpleInstantiationStrategy.java:172)
	... 58 common frames omitted
2025-10-12 22:33:00.209 [restartedMain] ERROR o.s.batch.core.step.AbstractStep - Exception while closing step execution resources in step employeeCsvImportStep in job employeeCsvImportJob
org.springframework.batch.item.ItemStreamException: Failed to close 1 delegate(s) due to exceptions
	at org.springframework.batch.item.support.CompositeItemStream.close(CompositeItemStream.java:123)
	at org.springframework.batch.core.step.tasklet.TaskletStep.close(TaskletStep.java:282)
	at org.springframework.batch.core.step.AbstractStep.execute(AbstractStep.java:313)
	at org.springframework.batch.core.job.SimpleStepHandler.handleStep(SimpleStepHandler.java:153)
	at org.springframework.batch.core.job.flow.JobFlowExecutor.executeStep(JobFlowExecutor.java:68)
	at org.springframework.batch.core.job.flow.support.state.StepState.handle(StepState.java:68)
	at org.springframework.batch.core.job.flow.support.SimpleFlow.resume(SimpleFlow.java:165)
	at org.springframework.batch.core.job.flow.support.SimpleFlow.start(SimpleFlow.java:140)
	at org.springframework.batch.core.job.flow.FlowJob.doExecute(FlowJob.java:132)
	at org.springframework.batch.core.job.AbstractJob.execute(AbstractJob.java:307)
	at org.springframework.batch.core.launch.support.TaskExecutorJobLauncher$1.run(TaskExecutorJobLauncher.java:155)
	at org.springframework.core.task.SyncTaskExecutor.execute(SyncTaskExecutor.java:50)
	at org.springframework.batch.core.launch.support.TaskExecutorJobLauncher.run(TaskExecutorJobLauncher.java:146)
	at org.springframework.boot.autoconfigure.batch.JobLauncherApplicationRunner.execute(JobLauncherApplicationRunner.java:210)
	at org.springframework.boot.autoconfigure.batch.JobLauncherApplicationRunner.executeLocalJobs(JobLauncherApplicationRunner.java:194)
	at org.springframework.boot.autoconfigure.batch.JobLauncherApplicationRunner.launchJobFromProperties(JobLauncherApplicationRunner.java:174)
	at org.springframework.boot.autoconfigure.batch.JobLauncherApplicationRunner.run(JobLauncherApplicationRunner.java:169)
	at org.springframework.boot.autoconfigure.batch.JobLauncherApplicationRunner.run(JobLauncherApplicationRunner.java:164)
	at org.springframework.boot.SpringApplication.lambda$callRunner$4(SpringApplication.java:784)
	at org.springframework.util.function.ThrowingConsumer$1.acceptWithException(ThrowingConsumer.java:82)
	at org.springframework.util.function.ThrowingConsumer.accept(ThrowingConsumer.java:60)
	at org.springframework.util.function.ThrowingConsumer$1.accept(ThrowingConsumer.java:86)
	at org.springframework.boot.SpringApplication.callRunner(SpringApplication.java:796)
	at org.springframework.boot.SpringApplication.callRunner(SpringApplication.java:784)
	at org.springframework.boot.SpringApplication.lambda$callRunners$3(SpringApplication.java:772)
	at java.base/java.util.stream.ForEachOps$ForEachOp$OfRef.accept(ForEachOps.java:183)
	at java.base/java.util.stream.SortedOps$SizedRefSortingSink.end(SortedOps.java:357)
	at java.base/java.util.stream.AbstractPipeline.copyInto(AbstractPipeline.java:510)
	at java.base/java.util.stream.AbstractPipeline.wrapAndCopyInto(AbstractPipeline.java:499)
	at java.base/java.util.stream.ForEachOps$ForEachOp.evaluateSequential(ForEachOps.java:150)
	at java.base/java.util.stream.ForEachOps$ForEachOp$OfRef.evaluateSequential(ForEachOps.java:173)
	at java.base/java.util.stream.AbstractPipeline.evaluate(AbstractPipeline.java:234)
	at java.base/java.util.stream.ReferencePipeline.forEach(ReferencePipeline.java:596)
	at org.springframework.boot.SpringApplication.callRunners(SpringApplication.java:772)
	at org.springframework.boot.SpringApplication.run(SpringApplication.java:325)
	at org.springframework.boot.SpringApplication.run(SpringApplication.java:1361)
	at org.springframework.boot.SpringApplication.run(SpringApplication.java:1350)
	at com.aurionpro.papms.PaPmsApplication.main(PaPmsApplication.java:14)
	at java.base/jdk.internal.reflect.NativeMethodAccessorImpl.invoke0(Native Method)
	at java.base/jdk.internal.reflect.NativeMethodAccessorImpl.invoke(NativeMethodAccessorImpl.java:77)
	at java.base/jdk.internal.reflect.DelegatingMethodAccessorImpl.invoke(DelegatingMethodAccessorImpl.java:43)
	at java.base/java.lang.reflect.Method.invoke(Method.java:568)
	at org.springframework.boot.devtools.restart.RestartLauncher.run(RestartLauncher.java:50)
	Suppressed: org.springframework.beans.factory.BeanCreationException: Error creating bean with name 'scopedTarget.employeeCsvReader' defined in class path resource [com/aurionpro/papms/config/BatchConfig.class]: Failed to instantiate [org.springframework.batch.item.file.FlatFileItemReader]: Factory method 'employeeCsvReader' threw exception with message: Path must not be null
		at org.springframework.beans.factory.support.ConstructorResolver.instantiate(ConstructorResolver.java:657)
		at org.springframework.beans.factory.support.ConstructorResolver.instantiateUsingFactoryMethod(ConstructorResolver.java:645)
		at org.springframework.beans.factory.support.AbstractAutowireCapableBeanFactory.instantiateUsingFactoryMethod(AbstractAutowireCapableBeanFactory.java:1375)
		at org.springframework.beans.factory.support.AbstractAutowireCapableBeanFactory.createBeanInstance(AbstractAutowireCapableBeanFactory.java:1205)
		at org.springframework.beans.factory.support.AbstractAutowireCapableBeanFactory.doCreateBean(AbstractAutowireCapableBeanFactory.java:569)
		at org.springframework.beans.factory.support.AbstractAutowireCapableBeanFactory.createBean(AbstractAutowireCapableBeanFactory.java:529)
		at org.springframework.beans.factory.support.AbstractBeanFactory.lambda$doGetBean$1(AbstractBeanFactory.java:378)
		at org.springframework.batch.core.scope.StepScope.get(StepScope.java:112)
		at org.springframework.beans.factory.support.AbstractBeanFactory.doGetBean(AbstractBeanFactory.java:375)
		at org.springframework.beans.factory.support.AbstractBeanFactory.getBean(AbstractBeanFactory.java:202)
		at org.springframework.aop.target.SimpleBeanTargetSource.getTarget(SimpleBeanTargetSource.java:35)
		at org.springframework.aop.framework.CglibAopProxy$DynamicAdvisedInterceptor.intercept(CglibAopProxy.java:712)
		at org.springframework.batch.item.file.FlatFileItemReader$$SpringCGLIB$$0.close(<generated>)
		at org.springframework.batch.item.support.CompositeItemStream.close(CompositeItemStream.java:114)
		... 42 common frames omitted
	Caused by: org.springframework.beans.BeanInstantiationException: Failed to instantiate [org.springframework.batch.item.file.FlatFileItemReader]: Factory method 'employeeCsvReader' threw exception with message: Path must not be null
		at org.springframework.beans.factory.support.SimpleInstantiationStrategy.lambda$instantiate$0(SimpleInstantiationStrategy.java:200)
		at org.springframework.beans.factory.support.SimpleInstantiationStrategy.instantiateWithFactoryMethod(SimpleInstantiationStrategy.java:89)
		at org.springframework.beans.factory.support.SimpleInstantiationStrategy.instantiate(SimpleInstantiationStrategy.java:169)
		at org.springframework.beans.factory.support.ConstructorResolver.instantiate(ConstructorResolver.java:653)
		... 55 common frames omitted
	Caused by: java.lang.IllegalArgumentException: Path must not be null
		at org.springframework.util.Assert.notNull(Assert.java:181)
		at org.springframework.core.io.FileSystemResource.<init>(FileSystemResource.java:84)
		at com.aurionpro.papms.config.BatchConfig.employeeCsvReader(BatchConfig.java:315)
		at com.aurionpro.papms.config.BatchConfig$$SpringCGLIB$$0.CGLIB$employeeCsvReader$6(<generated>)
		at com.aurionpro.papms.config.BatchConfig$$SpringCGLIB$$FastClass$$1.invoke(<generated>)
		at org.springframework.cglib.proxy.MethodProxy.invokeSuper(MethodProxy.java:258)
		at org.springframework.context.annotation.ConfigurationClassEnhancer$BeanMethodInterceptor.intercept(ConfigurationClassEnhancer.java:400)
		at com.aurionpro.papms.config.BatchConfig$$SpringCGLIB$$0.employeeCsvReader(<generated>)
		at java.base/jdk.internal.reflect.NativeMethodAccessorImpl.invoke0(Native Method)
		at java.base/jdk.internal.reflect.NativeMethodAccessorImpl.invoke(NativeMethodAccessorImpl.java:77)
		at java.base/jdk.internal.reflect.DelegatingMethodAccessorImpl.invoke(DelegatingMethodAccessorImpl.java:43)
		at java.base/java.lang.reflect.Method.invoke(Method.java:568)
		at org.springframework.beans.factory.support.SimpleInstantiationStrategy.lambda$instantiate$0(SimpleInstantiationStrategy.java:172)
		... 58 common frames omitted
2025-10-12 22:33:00.215 [restartedMain] ERROR c.a.p.b.JobCompletionNotificationListener - !!! EMPLOYEE IMPORT JOB FAILED! Check logs for details.
2025-10-12 22:35:55.849 [restartedMain] ERROR o.s.batch.core.step.AbstractStep - Encountered an error executing step employeeCsvImportStep in job employeeCsvImportJob
org.springframework.beans.factory.BeanCreationException: Error creating bean with name 'scopedTarget.employeeCsvReader' defined in class path resource [com/aurionpro/papms/config/BatchConfig.class]: Failed to instantiate [org.springframework.batch.item.file.FlatFileItemReader]: Factory method 'employeeCsvReader' threw exception with message: Path must not be null
	at org.springframework.beans.factory.support.ConstructorResolver.instantiate(ConstructorResolver.java:657)
	at org.springframework.beans.factory.support.ConstructorResolver.instantiateUsingFactoryMethod(ConstructorResolver.java:645)
	at org.springframework.beans.factory.support.AbstractAutowireCapableBeanFactory.instantiateUsingFactoryMethod(AbstractAutowireCapableBeanFactory.java:1375)
	at org.springframework.beans.factory.support.AbstractAutowireCapableBeanFactory.createBeanInstance(AbstractAutowireCapableBeanFactory.java:1205)
	at org.springframework.beans.factory.support.AbstractAutowireCapableBeanFactory.doCreateBean(AbstractAutowireCapableBeanFactory.java:569)
	at org.springframework.beans.factory.support.AbstractAutowireCapableBeanFactory.createBean(AbstractAutowireCapableBeanFactory.java:529)
	at org.springframework.beans.factory.support.AbstractBeanFactory.lambda$doGetBean$1(AbstractBeanFactory.java:378)
	at org.springframework.batch.core.scope.StepScope.get(StepScope.java:112)
	at org.springframework.beans.factory.support.AbstractBeanFactory.doGetBean(AbstractBeanFactory.java:375)
	at org.springframework.beans.factory.support.AbstractBeanFactory.getBean(AbstractBeanFactory.java:202)
	at org.springframework.aop.target.SimpleBeanTargetSource.getTarget(SimpleBeanTargetSource.java:35)
	at org.springframework.aop.framework.CglibAopProxy$DynamicAdvisedInterceptor.intercept(CglibAopProxy.java:712)
	at org.springframework.batch.item.file.FlatFileItemReader$$SpringCGLIB$$0.open(<generated>)
	at org.springframework.batch.item.support.CompositeItemStream.open(CompositeItemStream.java:138)
	at org.springframework.batch.core.step.tasklet.TaskletStep.open(TaskletStep.java:287)
	at org.springframework.batch.core.step.AbstractStep.execute(AbstractStep.java:227)
	at org.springframework.batch.core.job.SimpleStepHandler.handleStep(SimpleStepHandler.java:153)
	at org.springframework.batch.core.job.flow.JobFlowExecutor.executeStep(JobFlowExecutor.java:68)
	at org.springframework.batch.core.job.flow.support.state.StepState.handle(StepState.java:68)
	at org.springframework.batch.core.job.flow.support.SimpleFlow.resume(SimpleFlow.java:165)
	at org.springframework.batch.core.job.flow.support.SimpleFlow.start(SimpleFlow.java:140)
	at org.springframework.batch.core.job.flow.FlowJob.doExecute(FlowJob.java:132)
	at org.springframework.batch.core.job.AbstractJob.execute(AbstractJob.java:307)
	at org.springframework.batch.core.launch.support.TaskExecutorJobLauncher$1.run(TaskExecutorJobLauncher.java:155)
	at org.springframework.core.task.SyncTaskExecutor.execute(SyncTaskExecutor.java:50)
	at org.springframework.batch.core.launch.support.TaskExecutorJobLauncher.run(TaskExecutorJobLauncher.java:146)
	at org.springframework.boot.autoconfigure.batch.JobLauncherApplicationRunner.execute(JobLauncherApplicationRunner.java:210)
	at org.springframework.boot.autoconfigure.batch.JobLauncherApplicationRunner.executeLocalJobs(JobLauncherApplicationRunner.java:194)
	at org.springframework.boot.autoconfigure.batch.JobLauncherApplicationRunner.launchJobFromProperties(JobLauncherApplicationRunner.java:174)
	at org.springframework.boot.autoconfigure.batch.JobLauncherApplicationRunner.run(JobLauncherApplicationRunner.java:169)
	at org.springframework.boot.autoconfigure.batch.JobLauncherApplicationRunner.run(JobLauncherApplicationRunner.java:164)
	at org.springframework.boot.SpringApplication.lambda$callRunner$4(SpringApplication.java:784)
	at org.springframework.util.function.ThrowingConsumer$1.acceptWithException(ThrowingConsumer.java:82)
	at org.springframework.util.function.ThrowingConsumer.accept(ThrowingConsumer.java:60)
	at org.springframework.util.function.ThrowingConsumer$1.accept(ThrowingConsumer.java:86)
	at org.springframework.boot.SpringApplication.callRunner(SpringApplication.java:796)
	at org.springframework.boot.SpringApplication.callRunner(SpringApplication.java:784)
	at org.springframework.boot.SpringApplication.lambda$callRunners$3(SpringApplication.java:772)
	at java.base/java.util.stream.ForEachOps$ForEachOp$OfRef.accept(ForEachOps.java:183)
	at java.base/java.util.stream.SortedOps$SizedRefSortingSink.end(SortedOps.java:357)
	at java.base/java.util.stream.AbstractPipeline.copyInto(AbstractPipeline.java:510)
	at java.base/java.util.stream.AbstractPipeline.wrapAndCopyInto(AbstractPipeline.java:499)
	at java.base/java.util.stream.ForEachOps$ForEachOp.evaluateSequential(ForEachOps.java:150)
	at java.base/java.util.stream.ForEachOps$ForEachOp$OfRef.evaluateSequential(ForEachOps.java:173)
	at java.base/java.util.stream.AbstractPipeline.evaluate(AbstractPipeline.java:234)
	at java.base/java.util.stream.ReferencePipeline.forEach(ReferencePipeline.java:596)
	at org.springframework.boot.SpringApplication.callRunners(SpringApplication.java:772)
	at org.springframework.boot.SpringApplication.run(SpringApplication.java:325)
	at org.springframework.boot.SpringApplication.run(SpringApplication.java:1361)
	at org.springframework.boot.SpringApplication.run(SpringApplication.java:1350)
	at com.aurionpro.papms.PaPmsApplication.main(PaPmsApplication.java:14)
	at java.base/jdk.internal.reflect.NativeMethodAccessorImpl.invoke0(Native Method)
	at java.base/jdk.internal.reflect.NativeMethodAccessorImpl.invoke(NativeMethodAccessorImpl.java:77)
	at java.base/jdk.internal.reflect.DelegatingMethodAccessorImpl.invoke(DelegatingMethodAccessorImpl.java:43)
	at java.base/java.lang.reflect.Method.invoke(Method.java:568)
	at org.springframework.boot.devtools.restart.RestartLauncher.run(RestartLauncher.java:50)
Caused by: org.springframework.beans.BeanInstantiationException: Failed to instantiate [org.springframework.batch.item.file.FlatFileItemReader]: Factory method 'employeeCsvReader' threw exception with message: Path must not be null
	at org.springframework.beans.factory.support.SimpleInstantiationStrategy.lambda$instantiate$0(SimpleInstantiationStrategy.java:200)
	at org.springframework.beans.factory.support.SimpleInstantiationStrategy.instantiateWithFactoryMethod(SimpleInstantiationStrategy.java:89)
	at org.springframework.beans.factory.support.SimpleInstantiationStrategy.instantiate(SimpleInstantiationStrategy.java:169)
	at org.springframework.beans.factory.support.ConstructorResolver.instantiate(ConstructorResolver.java:653)
	... 55 common frames omitted
Caused by: java.lang.IllegalArgumentException: Path must not be null
	at org.springframework.util.Assert.notNull(Assert.java:181)
	at org.springframework.core.io.FileSystemResource.<init>(FileSystemResource.java:84)
	at com.aurionpro.papms.config.BatchConfig.employeeCsvReader(BatchConfig.java:315)
	at com.aurionpro.papms.config.BatchConfig$$SpringCGLIB$$0.CGLIB$employeeCsvReader$6(<generated>)
	at com.aurionpro.papms.config.BatchConfig$$SpringCGLIB$$FastClass$$1.invoke(<generated>)
	at org.springframework.cglib.proxy.MethodProxy.invokeSuper(MethodProxy.java:258)
	at org.springframework.context.annotation.ConfigurationClassEnhancer$BeanMethodInterceptor.intercept(ConfigurationClassEnhancer.java:400)
	at com.aurionpro.papms.config.BatchConfig$$SpringCGLIB$$0.employeeCsvReader(<generated>)
	at java.base/jdk.internal.reflect.NativeMethodAccessorImpl.invoke0(Native Method)
	at java.base/jdk.internal.reflect.NativeMethodAccessorImpl.invoke(NativeMethodAccessorImpl.java:77)
	at java.base/jdk.internal.reflect.DelegatingMethodAccessorImpl.invoke(DelegatingMethodAccessorImpl.java:43)
	at java.base/java.lang.reflect.Method.invoke(Method.java:568)
	at org.springframework.beans.factory.support.SimpleInstantiationStrategy.lambda$instantiate$0(SimpleInstantiationStrategy.java:172)
	... 58 common frames omitted
2025-10-12 22:35:55.861 [restartedMain] ERROR o.s.batch.core.step.AbstractStep - Exception while closing step execution resources in step employeeCsvImportStep in job employeeCsvImportJob
org.springframework.batch.item.ItemStreamException: Failed to close 1 delegate(s) due to exceptions
	at org.springframework.batch.item.support.CompositeItemStream.close(CompositeItemStream.java:123)
	at org.springframework.batch.core.step.tasklet.TaskletStep.close(TaskletStep.java:282)
	at org.springframework.batch.core.step.AbstractStep.execute(AbstractStep.java:313)
	at org.springframework.batch.core.job.SimpleStepHandler.handleStep(SimpleStepHandler.java:153)
	at org.springframework.batch.core.job.flow.JobFlowExecutor.executeStep(JobFlowExecutor.java:68)
	at org.springframework.batch.core.job.flow.support.state.StepState.handle(StepState.java:68)
	at org.springframework.batch.core.job.flow.support.SimpleFlow.resume(SimpleFlow.java:165)
	at org.springframework.batch.core.job.flow.support.SimpleFlow.start(SimpleFlow.java:140)
	at org.springframework.batch.core.job.flow.FlowJob.doExecute(FlowJob.java:132)
	at org.springframework.batch.core.job.AbstractJob.execute(AbstractJob.java:307)
	at org.springframework.batch.core.launch.support.TaskExecutorJobLauncher$1.run(TaskExecutorJobLauncher.java:155)
	at org.springframework.core.task.SyncTaskExecutor.execute(SyncTaskExecutor.java:50)
	at org.springframework.batch.core.launch.support.TaskExecutorJobLauncher.run(TaskExecutorJobLauncher.java:146)
	at org.springframework.boot.autoconfigure.batch.JobLauncherApplicationRunner.execute(JobLauncherApplicationRunner.java:210)
	at org.springframework.boot.autoconfigure.batch.JobLauncherApplicationRunner.executeLocalJobs(JobLauncherApplicationRunner.java:194)
	at org.springframework.boot.autoconfigure.batch.JobLauncherApplicationRunner.launchJobFromProperties(JobLauncherApplicationRunner.java:174)
	at org.springframework.boot.autoconfigure.batch.JobLauncherApplicationRunner.run(JobLauncherApplicationRunner.java:169)
	at org.springframework.boot.autoconfigure.batch.JobLauncherApplicationRunner.run(JobLauncherApplicationRunner.java:164)
	at org.springframework.boot.SpringApplication.lambda$callRunner$4(SpringApplication.java:784)
	at org.springframework.util.function.ThrowingConsumer$1.acceptWithException(ThrowingConsumer.java:82)
	at org.springframework.util.function.ThrowingConsumer.accept(ThrowingConsumer.java:60)
	at org.springframework.util.function.ThrowingConsumer$1.accept(ThrowingConsumer.java:86)
	at org.springframework.boot.SpringApplication.callRunner(SpringApplication.java:796)
	at org.springframework.boot.SpringApplication.callRunner(SpringApplication.java:784)
	at org.springframework.boot.SpringApplication.lambda$callRunners$3(SpringApplication.java:772)
	at java.base/java.util.stream.ForEachOps$ForEachOp$OfRef.accept(ForEachOps.java:183)
	at java.base/java.util.stream.SortedOps$SizedRefSortingSink.end(SortedOps.java:357)
	at java.base/java.util.stream.AbstractPipeline.copyInto(AbstractPipeline.java:510)
	at java.base/java.util.stream.AbstractPipeline.wrapAndCopyInto(AbstractPipeline.java:499)
	at java.base/java.util.stream.ForEachOps$ForEachOp.evaluateSequential(ForEachOps.java:150)
	at java.base/java.util.stream.ForEachOps$ForEachOp$OfRef.evaluateSequential(ForEachOps.java:173)
	at java.base/java.util.stream.AbstractPipeline.evaluate(AbstractPipeline.java:234)
	at java.base/java.util.stream.ReferencePipeline.forEach(ReferencePipeline.java:596)
	at org.springframework.boot.SpringApplication.callRunners(SpringApplication.java:772)
	at org.springframework.boot.SpringApplication.run(SpringApplication.java:325)
	at org.springframework.boot.SpringApplication.run(SpringApplication.java:1361)
	at org.springframework.boot.SpringApplication.run(SpringApplication.java:1350)
	at com.aurionpro.papms.PaPmsApplication.main(PaPmsApplication.java:14)
	at java.base/jdk.internal.reflect.NativeMethodAccessorImpl.invoke0(Native Method)
	at java.base/jdk.internal.reflect.NativeMethodAccessorImpl.invoke(NativeMethodAccessorImpl.java:77)
	at java.base/jdk.internal.reflect.DelegatingMethodAccessorImpl.invoke(DelegatingMethodAccessorImpl.java:43)
	at java.base/java.lang.reflect.Method.invoke(Method.java:568)
	at org.springframework.boot.devtools.restart.RestartLauncher.run(RestartLauncher.java:50)
	Suppressed: org.springframework.beans.factory.BeanCreationException: Error creating bean with name 'scopedTarget.employeeCsvReader' defined in class path resource [com/aurionpro/papms/config/BatchConfig.class]: Failed to instantiate [org.springframework.batch.item.file.FlatFileItemReader]: Factory method 'employeeCsvReader' threw exception with message: Path must not be null
		at org.springframework.beans.factory.support.ConstructorResolver.instantiate(ConstructorResolver.java:657)
		at org.springframework.beans.factory.support.ConstructorResolver.instantiateUsingFactoryMethod(ConstructorResolver.java:645)
		at org.springframework.beans.factory.support.AbstractAutowireCapableBeanFactory.instantiateUsingFactoryMethod(AbstractAutowireCapableBeanFactory.java:1375)
		at org.springframework.beans.factory.support.AbstractAutowireCapableBeanFactory.createBeanInstance(AbstractAutowireCapableBeanFactory.java:1205)
		at org.springframework.beans.factory.support.AbstractAutowireCapableBeanFactory.doCreateBean(AbstractAutowireCapableBeanFactory.java:569)
		at org.springframework.beans.factory.support.AbstractAutowireCapableBeanFactory.createBean(AbstractAutowireCapableBeanFactory.java:529)
		at org.springframework.beans.factory.support.AbstractBeanFactory.lambda$doGetBean$1(AbstractBeanFactory.java:378)
		at org.springframework.batch.core.scope.StepScope.get(StepScope.java:112)
		at org.springframework.beans.factory.support.AbstractBeanFactory.doGetBean(AbstractBeanFactory.java:375)
		at org.springframework.beans.factory.support.AbstractBeanFactory.getBean(AbstractBeanFactory.java:202)
		at org.springframework.aop.target.SimpleBeanTargetSource.getTarget(SimpleBeanTargetSource.java:35)
		at org.springframework.aop.framework.CglibAopProxy$DynamicAdvisedInterceptor.intercept(CglibAopProxy.java:712)
		at org.springframework.batch.item.file.FlatFileItemReader$$SpringCGLIB$$0.close(<generated>)
		at org.springframework.batch.item.support.CompositeItemStream.close(CompositeItemStream.java:114)
		... 42 common frames omitted
	Caused by: org.springframework.beans.BeanInstantiationException: Failed to instantiate [org.springframework.batch.item.file.FlatFileItemReader]: Factory method 'employeeCsvReader' threw exception with message: Path must not be null
		at org.springframework.beans.factory.support.SimpleInstantiationStrategy.lambda$instantiate$0(SimpleInstantiationStrategy.java:200)
		at org.springframework.beans.factory.support.SimpleInstantiationStrategy.instantiateWithFactoryMethod(SimpleInstantiationStrategy.java:89)
		at org.springframework.beans.factory.support.SimpleInstantiationStrategy.instantiate(SimpleInstantiationStrategy.java:169)
		at org.springframework.beans.factory.support.ConstructorResolver.instantiate(ConstructorResolver.java:653)
		... 55 common frames omitted
	Caused by: java.lang.IllegalArgumentException: Path must not be null
		at org.springframework.util.Assert.notNull(Assert.java:181)
		at org.springframework.core.io.FileSystemResource.<init>(FileSystemResource.java:84)
		at com.aurionpro.papms.config.BatchConfig.employeeCsvReader(BatchConfig.java:315)
		at com.aurionpro.papms.config.BatchConfig$$SpringCGLIB$$0.CGLIB$employeeCsvReader$6(<generated>)
		at com.aurionpro.papms.config.BatchConfig$$SpringCGLIB$$FastClass$$1.invoke(<generated>)
		at org.springframework.cglib.proxy.MethodProxy.invokeSuper(MethodProxy.java:258)
		at org.springframework.context.annotation.ConfigurationClassEnhancer$BeanMethodInterceptor.intercept(ConfigurationClassEnhancer.java:400)
		at com.aurionpro.papms.config.BatchConfig$$SpringCGLIB$$0.employeeCsvReader(<generated>)
		at java.base/jdk.internal.reflect.NativeMethodAccessorImpl.invoke0(Native Method)
		at java.base/jdk.internal.reflect.NativeMethodAccessorImpl.invoke(NativeMethodAccessorImpl.java:77)
		at java.base/jdk.internal.reflect.DelegatingMethodAccessorImpl.invoke(DelegatingMethodAccessorImpl.java:43)
		at java.base/java.lang.reflect.Method.invoke(Method.java:568)
		at org.springframework.beans.factory.support.SimpleInstantiationStrategy.lambda$instantiate$0(SimpleInstantiationStrategy.java:172)
		... 58 common frames omitted
2025-10-12 22:35:55.867 [restartedMain] ERROR c.a.p.b.JobCompletionNotificationListener - !!! EMPLOYEE IMPORT JOB FAILED! Check logs for details.
2025-10-12 22:36:39.398 [restartedMain] ERROR o.s.batch.core.step.AbstractStep - Encountered an error executing step employeeCsvImportStep in job employeeCsvImportJob
org.springframework.beans.factory.BeanCreationException: Error creating bean with name 'scopedTarget.employeeCsvReader' defined in class path resource [com/aurionpro/papms/config/BatchConfig.class]: Failed to instantiate [org.springframework.batch.item.file.FlatFileItemReader]: Factory method 'employeeCsvReader' threw exception with message: Path must not be null
	at org.springframework.beans.factory.support.ConstructorResolver.instantiate(ConstructorResolver.java:657)
	at org.springframework.beans.factory.support.ConstructorResolver.instantiateUsingFactoryMethod(ConstructorResolver.java:645)
	at org.springframework.beans.factory.support.AbstractAutowireCapableBeanFactory.instantiateUsingFactoryMethod(AbstractAutowireCapableBeanFactory.java:1375)
	at org.springframework.beans.factory.support.AbstractAutowireCapableBeanFactory.createBeanInstance(AbstractAutowireCapableBeanFactory.java:1205)
	at org.springframework.beans.factory.support.AbstractAutowireCapableBeanFactory.doCreateBean(AbstractAutowireCapableBeanFactory.java:569)
	at org.springframework.beans.factory.support.AbstractAutowireCapableBeanFactory.createBean(AbstractAutowireCapableBeanFactory.java:529)
	at org.springframework.beans.factory.support.AbstractBeanFactory.lambda$doGetBean$1(AbstractBeanFactory.java:378)
	at org.springframework.batch.core.scope.StepScope.get(StepScope.java:112)
	at org.springframework.beans.factory.support.AbstractBeanFactory.doGetBean(AbstractBeanFactory.java:375)
	at org.springframework.beans.factory.support.AbstractBeanFactory.getBean(AbstractBeanFactory.java:202)
	at org.springframework.aop.target.SimpleBeanTargetSource.getTarget(SimpleBeanTargetSource.java:35)
	at org.springframework.aop.framework.CglibAopProxy$DynamicAdvisedInterceptor.intercept(CglibAopProxy.java:712)
	at org.springframework.batch.item.file.FlatFileItemReader$$SpringCGLIB$$0.open(<generated>)
	at org.springframework.batch.item.support.CompositeItemStream.open(CompositeItemStream.java:138)
	at org.springframework.batch.core.step.tasklet.TaskletStep.open(TaskletStep.java:287)
	at org.springframework.batch.core.step.AbstractStep.execute(AbstractStep.java:227)
	at org.springframework.batch.core.job.SimpleStepHandler.handleStep(SimpleStepHandler.java:153)
	at org.springframework.batch.core.job.flow.JobFlowExecutor.executeStep(JobFlowExecutor.java:68)
	at org.springframework.batch.core.job.flow.support.state.StepState.handle(StepState.java:68)
	at org.springframework.batch.core.job.flow.support.SimpleFlow.resume(SimpleFlow.java:165)
	at org.springframework.batch.core.job.flow.support.SimpleFlow.start(SimpleFlow.java:140)
	at org.springframework.batch.core.job.flow.FlowJob.doExecute(FlowJob.java:132)
	at org.springframework.batch.core.job.AbstractJob.execute(AbstractJob.java:307)
	at org.springframework.batch.core.launch.support.TaskExecutorJobLauncher$1.run(TaskExecutorJobLauncher.java:155)
	at org.springframework.core.task.SyncTaskExecutor.execute(SyncTaskExecutor.java:50)
	at org.springframework.batch.core.launch.support.TaskExecutorJobLauncher.run(TaskExecutorJobLauncher.java:146)
	at org.springframework.boot.autoconfigure.batch.JobLauncherApplicationRunner.execute(JobLauncherApplicationRunner.java:210)
	at org.springframework.boot.autoconfigure.batch.JobLauncherApplicationRunner.executeLocalJobs(JobLauncherApplicationRunner.java:194)
	at org.springframework.boot.autoconfigure.batch.JobLauncherApplicationRunner.launchJobFromProperties(JobLauncherApplicationRunner.java:174)
	at org.springframework.boot.autoconfigure.batch.JobLauncherApplicationRunner.run(JobLauncherApplicationRunner.java:169)
	at org.springframework.boot.autoconfigure.batch.JobLauncherApplicationRunner.run(JobLauncherApplicationRunner.java:164)
	at org.springframework.boot.SpringApplication.lambda$callRunner$4(SpringApplication.java:784)
	at org.springframework.util.function.ThrowingConsumer$1.acceptWithException(ThrowingConsumer.java:82)
	at org.springframework.util.function.ThrowingConsumer.accept(ThrowingConsumer.java:60)
	at org.springframework.util.function.ThrowingConsumer$1.accept(ThrowingConsumer.java:86)
	at org.springframework.boot.SpringApplication.callRunner(SpringApplication.java:796)
	at org.springframework.boot.SpringApplication.callRunner(SpringApplication.java:784)
	at org.springframework.boot.SpringApplication.lambda$callRunners$3(SpringApplication.java:772)
	at java.base/java.util.stream.ForEachOps$ForEachOp$OfRef.accept(ForEachOps.java:183)
	at java.base/java.util.stream.SortedOps$SizedRefSortingSink.end(SortedOps.java:357)
	at java.base/java.util.stream.AbstractPipeline.copyInto(AbstractPipeline.java:510)
	at java.base/java.util.stream.AbstractPipeline.wrapAndCopyInto(AbstractPipeline.java:499)
	at java.base/java.util.stream.ForEachOps$ForEachOp.evaluateSequential(ForEachOps.java:150)
	at java.base/java.util.stream.ForEachOps$ForEachOp$OfRef.evaluateSequential(ForEachOps.java:173)
	at java.base/java.util.stream.AbstractPipeline.evaluate(AbstractPipeline.java:234)
	at java.base/java.util.stream.ReferencePipeline.forEach(ReferencePipeline.java:596)
	at org.springframework.boot.SpringApplication.callRunners(SpringApplication.java:772)
	at org.springframework.boot.SpringApplication.run(SpringApplication.java:325)
	at org.springframework.boot.SpringApplication.run(SpringApplication.java:1361)
	at org.springframework.boot.SpringApplication.run(SpringApplication.java:1350)
	at com.aurionpro.papms.PaPmsApplication.main(PaPmsApplication.java:14)
	at java.base/jdk.internal.reflect.NativeMethodAccessorImpl.invoke0(Native Method)
	at java.base/jdk.internal.reflect.NativeMethodAccessorImpl.invoke(NativeMethodAccessorImpl.java:77)
	at java.base/jdk.internal.reflect.DelegatingMethodAccessorImpl.invoke(DelegatingMethodAccessorImpl.java:43)
	at java.base/java.lang.reflect.Method.invoke(Method.java:568)
	at org.springframework.boot.devtools.restart.RestartLauncher.run(RestartLauncher.java:50)
Caused by: org.springframework.beans.BeanInstantiationException: Failed to instantiate [org.springframework.batch.item.file.FlatFileItemReader]: Factory method 'employeeCsvReader' threw exception with message: Path must not be null
	at org.springframework.beans.factory.support.SimpleInstantiationStrategy.lambda$instantiate$0(SimpleInstantiationStrategy.java:200)
	at org.springframework.beans.factory.support.SimpleInstantiationStrategy.instantiateWithFactoryMethod(SimpleInstantiationStrategy.java:89)
	at org.springframework.beans.factory.support.SimpleInstantiationStrategy.instantiate(SimpleInstantiationStrategy.java:169)
	at org.springframework.beans.factory.support.ConstructorResolver.instantiate(ConstructorResolver.java:653)
	... 55 common frames omitted
Caused by: java.lang.IllegalArgumentException: Path must not be null
	at org.springframework.util.Assert.notNull(Assert.java:181)
	at org.springframework.core.io.FileSystemResource.<init>(FileSystemResource.java:84)
	at com.aurionpro.papms.config.BatchConfig.employeeCsvReader(BatchConfig.java:315)
	at com.aurionpro.papms.config.BatchConfig$$SpringCGLIB$$0.CGLIB$employeeCsvReader$0(<generated>)
	at com.aurionpro.papms.config.BatchConfig$$SpringCGLIB$$FastClass$$1.invoke(<generated>)
	at org.springframework.cglib.proxy.MethodProxy.invokeSuper(MethodProxy.java:258)
	at org.springframework.context.annotation.ConfigurationClassEnhancer$BeanMethodInterceptor.intercept(ConfigurationClassEnhancer.java:400)
	at com.aurionpro.papms.config.BatchConfig$$SpringCGLIB$$0.employeeCsvReader(<generated>)
	at java.base/jdk.internal.reflect.NativeMethodAccessorImpl.invoke0(Native Method)
	at java.base/jdk.internal.reflect.NativeMethodAccessorImpl.invoke(NativeMethodAccessorImpl.java:77)
	at java.base/jdk.internal.reflect.DelegatingMethodAccessorImpl.invoke(DelegatingMethodAccessorImpl.java:43)
	at java.base/java.lang.reflect.Method.invoke(Method.java:568)
	at org.springframework.beans.factory.support.SimpleInstantiationStrategy.lambda$instantiate$0(SimpleInstantiationStrategy.java:172)
	... 58 common frames omitted
2025-10-12 22:36:39.422 [restartedMain] ERROR o.s.batch.core.step.AbstractStep - Exception while closing step execution resources in step employeeCsvImportStep in job employeeCsvImportJob
org.springframework.batch.item.ItemStreamException: Failed to close 1 delegate(s) due to exceptions
	at org.springframework.batch.item.support.CompositeItemStream.close(CompositeItemStream.java:123)
	at org.springframework.batch.core.step.tasklet.TaskletStep.close(TaskletStep.java:282)
	at org.springframework.batch.core.step.AbstractStep.execute(AbstractStep.java:313)
	at org.springframework.batch.core.job.SimpleStepHandler.handleStep(SimpleStepHandler.java:153)
	at org.springframework.batch.core.job.flow.JobFlowExecutor.executeStep(JobFlowExecutor.java:68)
	at org.springframework.batch.core.job.flow.support.state.StepState.handle(StepState.java:68)
	at org.springframework.batch.core.job.flow.support.SimpleFlow.resume(SimpleFlow.java:165)
	at org.springframework.batch.core.job.flow.support.SimpleFlow.start(SimpleFlow.java:140)
	at org.springframework.batch.core.job.flow.FlowJob.doExecute(FlowJob.java:132)
	at org.springframework.batch.core.job.AbstractJob.execute(AbstractJob.java:307)
	at org.springframework.batch.core.launch.support.TaskExecutorJobLauncher$1.run(TaskExecutorJobLauncher.java:155)
	at org.springframework.core.task.SyncTaskExecutor.execute(SyncTaskExecutor.java:50)
	at org.springframework.batch.core.launch.support.TaskExecutorJobLauncher.run(TaskExecutorJobLauncher.java:146)
	at org.springframework.boot.autoconfigure.batch.JobLauncherApplicationRunner.execute(JobLauncherApplicationRunner.java:210)
	at org.springframework.boot.autoconfigure.batch.JobLauncherApplicationRunner.executeLocalJobs(JobLauncherApplicationRunner.java:194)
	at org.springframework.boot.autoconfigure.batch.JobLauncherApplicationRunner.launchJobFromProperties(JobLauncherApplicationRunner.java:174)
	at org.springframework.boot.autoconfigure.batch.JobLauncherApplicationRunner.run(JobLauncherApplicationRunner.java:169)
	at org.springframework.boot.autoconfigure.batch.JobLauncherApplicationRunner.run(JobLauncherApplicationRunner.java:164)
	at org.springframework.boot.SpringApplication.lambda$callRunner$4(SpringApplication.java:784)
	at org.springframework.util.function.ThrowingConsumer$1.acceptWithException(ThrowingConsumer.java:82)
	at org.springframework.util.function.ThrowingConsumer.accept(ThrowingConsumer.java:60)
	at org.springframework.util.function.ThrowingConsumer$1.accept(ThrowingConsumer.java:86)
	at org.springframework.boot.SpringApplication.callRunner(SpringApplication.java:796)
	at org.springframework.boot.SpringApplication.callRunner(SpringApplication.java:784)
	at org.springframework.boot.SpringApplication.lambda$callRunners$3(SpringApplication.java:772)
	at java.base/java.util.stream.ForEachOps$ForEachOp$OfRef.accept(ForEachOps.java:183)
	at java.base/java.util.stream.SortedOps$SizedRefSortingSink.end(SortedOps.java:357)
	at java.base/java.util.stream.AbstractPipeline.copyInto(AbstractPipeline.java:510)
	at java.base/java.util.stream.AbstractPipeline.wrapAndCopyInto(AbstractPipeline.java:499)
	at java.base/java.util.stream.ForEachOps$ForEachOp.evaluateSequential(ForEachOps.java:150)
	at java.base/java.util.stream.ForEachOps$ForEachOp$OfRef.evaluateSequential(ForEachOps.java:173)
	at java.base/java.util.stream.AbstractPipeline.evaluate(AbstractPipeline.java:234)
	at java.base/java.util.stream.ReferencePipeline.forEach(ReferencePipeline.java:596)
	at org.springframework.boot.SpringApplication.callRunners(SpringApplication.java:772)
	at org.springframework.boot.SpringApplication.run(SpringApplication.java:325)
	at org.springframework.boot.SpringApplication.run(SpringApplication.java:1361)
	at org.springframework.boot.SpringApplication.run(SpringApplication.java:1350)
	at com.aurionpro.papms.PaPmsApplication.main(PaPmsApplication.java:14)
	at java.base/jdk.internal.reflect.NativeMethodAccessorImpl.invoke0(Native Method)
	at java.base/jdk.internal.reflect.NativeMethodAccessorImpl.invoke(NativeMethodAccessorImpl.java:77)
	at java.base/jdk.internal.reflect.DelegatingMethodAccessorImpl.invoke(DelegatingMethodAccessorImpl.java:43)
	at java.base/java.lang.reflect.Method.invoke(Method.java:568)
	at org.springframework.boot.devtools.restart.RestartLauncher.run(RestartLauncher.java:50)
	Suppressed: org.springframework.beans.factory.BeanCreationException: Error creating bean with name 'scopedTarget.employeeCsvReader' defined in class path resource [com/aurionpro/papms/config/BatchConfig.class]: Failed to instantiate [org.springframework.batch.item.file.FlatFileItemReader]: Factory method 'employeeCsvReader' threw exception with message: Path must not be null
		at org.springframework.beans.factory.support.ConstructorResolver.instantiate(ConstructorResolver.java:657)
		at org.springframework.beans.factory.support.ConstructorResolver.instantiateUsingFactoryMethod(ConstructorResolver.java:645)
		at org.springframework.beans.factory.support.AbstractAutowireCapableBeanFactory.instantiateUsingFactoryMethod(AbstractAutowireCapableBeanFactory.java:1375)
		at org.springframework.beans.factory.support.AbstractAutowireCapableBeanFactory.createBeanInstance(AbstractAutowireCapableBeanFactory.java:1205)
		at org.springframework.beans.factory.support.AbstractAutowireCapableBeanFactory.doCreateBean(AbstractAutowireCapableBeanFactory.java:569)
		at org.springframework.beans.factory.support.AbstractAutowireCapableBeanFactory.createBean(AbstractAutowireCapableBeanFactory.java:529)
		at org.springframework.beans.factory.support.AbstractBeanFactory.lambda$doGetBean$1(AbstractBeanFactory.java:378)
		at org.springframework.batch.core.scope.StepScope.get(StepScope.java:112)
		at org.springframework.beans.factory.support.AbstractBeanFactory.doGetBean(AbstractBeanFactory.java:375)
		at org.springframework.beans.factory.support.AbstractBeanFactory.getBean(AbstractBeanFactory.java:202)
		at org.springframework.aop.target.SimpleBeanTargetSource.getTarget(SimpleBeanTargetSource.java:35)
		at org.springframework.aop.framework.CglibAopProxy$DynamicAdvisedInterceptor.intercept(CglibAopProxy.java:712)
		at org.springframework.batch.item.file.FlatFileItemReader$$SpringCGLIB$$0.close(<generated>)
		at org.springframework.batch.item.support.CompositeItemStream.close(CompositeItemStream.java:114)
		... 42 common frames omitted
	Caused by: org.springframework.beans.BeanInstantiationException: Failed to instantiate [org.springframework.batch.item.file.FlatFileItemReader]: Factory method 'employeeCsvReader' threw exception with message: Path must not be null
		at org.springframework.beans.factory.support.SimpleInstantiationStrategy.lambda$instantiate$0(SimpleInstantiationStrategy.java:200)
		at org.springframework.beans.factory.support.SimpleInstantiationStrategy.instantiateWithFactoryMethod(SimpleInstantiationStrategy.java:89)
		at org.springframework.beans.factory.support.SimpleInstantiationStrategy.instantiate(SimpleInstantiationStrategy.java:169)
		at org.springframework.beans.factory.support.ConstructorResolver.instantiate(ConstructorResolver.java:653)
		... 55 common frames omitted
	Caused by: java.lang.IllegalArgumentException: Path must not be null
		at org.springframework.util.Assert.notNull(Assert.java:181)
		at org.springframework.core.io.FileSystemResource.<init>(FileSystemResource.java:84)
		at com.aurionpro.papms.config.BatchConfig.employeeCsvReader(BatchConfig.java:315)
		at com.aurionpro.papms.config.BatchConfig$$SpringCGLIB$$0.CGLIB$employeeCsvReader$0(<generated>)
		at com.aurionpro.papms.config.BatchConfig$$SpringCGLIB$$FastClass$$1.invoke(<generated>)
		at org.springframework.cglib.proxy.MethodProxy.invokeSuper(MethodProxy.java:258)
		at org.springframework.context.annotation.ConfigurationClassEnhancer$BeanMethodInterceptor.intercept(ConfigurationClassEnhancer.java:400)
		at com.aurionpro.papms.config.BatchConfig$$SpringCGLIB$$0.employeeCsvReader(<generated>)
		at java.base/jdk.internal.reflect.NativeMethodAccessorImpl.invoke0(Native Method)
		at java.base/jdk.internal.reflect.NativeMethodAccessorImpl.invoke(NativeMethodAccessorImpl.java:77)
		at java.base/jdk.internal.reflect.DelegatingMethodAccessorImpl.invoke(DelegatingMethodAccessorImpl.java:43)
		at java.base/java.lang.reflect.Method.invoke(Method.java:568)
		at org.springframework.beans.factory.support.SimpleInstantiationStrategy.lambda$instantiate$0(SimpleInstantiationStrategy.java:172)
		... 58 common frames omitted
2025-10-12 22:36:39.435 [restartedMain] ERROR c.a.p.b.JobCompletionNotificationListener - !!! EMPLOYEE IMPORT JOB FAILED! Check logs for details.
2025-10-12 22:39:44.410 [restartedMain] ERROR o.s.batch.core.step.AbstractStep - Encountered an error executing step employeeCsvImportStep in job employeeCsvImportJob
org.springframework.beans.factory.BeanCreationException: Error creating bean with name 'scopedTarget.employeeCsvReader' defined in class path resource [com/aurionpro/papms/config/BatchConfig.class]: Failed to instantiate [org.springframework.batch.item.file.FlatFileItemReader]: Factory method 'employeeCsvReader' threw exception with message: Path must not be null
	at org.springframework.beans.factory.support.ConstructorResolver.instantiate(ConstructorResolver.java:657)
	at org.springframework.beans.factory.support.ConstructorResolver.instantiateUsingFactoryMethod(ConstructorResolver.java:645)
	at org.springframework.beans.factory.support.AbstractAutowireCapableBeanFactory.instantiateUsingFactoryMethod(AbstractAutowireCapableBeanFactory.java:1375)
	at org.springframework.beans.factory.support.AbstractAutowireCapableBeanFactory.createBeanInstance(AbstractAutowireCapableBeanFactory.java:1205)
	at org.springframework.beans.factory.support.AbstractAutowireCapableBeanFactory.doCreateBean(AbstractAutowireCapableBeanFactory.java:569)
	at org.springframework.beans.factory.support.AbstractAutowireCapableBeanFactory.createBean(AbstractAutowireCapableBeanFactory.java:529)
	at org.springframework.beans.factory.support.AbstractBeanFactory.lambda$doGetBean$1(AbstractBeanFactory.java:378)
	at org.springframework.batch.core.scope.StepScope.get(StepScope.java:112)
	at org.springframework.beans.factory.support.AbstractBeanFactory.doGetBean(AbstractBeanFactory.java:375)
	at org.springframework.beans.factory.support.AbstractBeanFactory.getBean(AbstractBeanFactory.java:202)
	at org.springframework.aop.target.SimpleBeanTargetSource.getTarget(SimpleBeanTargetSource.java:35)
	at org.springframework.aop.framework.CglibAopProxy$DynamicAdvisedInterceptor.intercept(CglibAopProxy.java:712)
	at org.springframework.batch.item.file.FlatFileItemReader$$SpringCGLIB$$0.open(<generated>)
	at org.springframework.batch.item.support.CompositeItemStream.open(CompositeItemStream.java:138)
	at org.springframework.batch.core.step.tasklet.TaskletStep.open(TaskletStep.java:287)
	at org.springframework.batch.core.step.AbstractStep.execute(AbstractStep.java:227)
	at org.springframework.batch.core.job.SimpleStepHandler.handleStep(SimpleStepHandler.java:153)
	at org.springframework.batch.core.job.flow.JobFlowExecutor.executeStep(JobFlowExecutor.java:68)
	at org.springframework.batch.core.job.flow.support.state.StepState.handle(StepState.java:68)
	at org.springframework.batch.core.job.flow.support.SimpleFlow.resume(SimpleFlow.java:165)
	at org.springframework.batch.core.job.flow.support.SimpleFlow.start(SimpleFlow.java:140)
	at org.springframework.batch.core.job.flow.FlowJob.doExecute(FlowJob.java:132)
	at org.springframework.batch.core.job.AbstractJob.execute(AbstractJob.java:307)
	at org.springframework.batch.core.launch.support.TaskExecutorJobLauncher$1.run(TaskExecutorJobLauncher.java:155)
	at org.springframework.core.task.SyncTaskExecutor.execute(SyncTaskExecutor.java:50)
	at org.springframework.batch.core.launch.support.TaskExecutorJobLauncher.run(TaskExecutorJobLauncher.java:146)
	at org.springframework.boot.autoconfigure.batch.JobLauncherApplicationRunner.execute(JobLauncherApplicationRunner.java:210)
	at org.springframework.boot.autoconfigure.batch.JobLauncherApplicationRunner.executeLocalJobs(JobLauncherApplicationRunner.java:194)
	at org.springframework.boot.autoconfigure.batch.JobLauncherApplicationRunner.launchJobFromProperties(JobLauncherApplicationRunner.java:174)
	at org.springframework.boot.autoconfigure.batch.JobLauncherApplicationRunner.run(JobLauncherApplicationRunner.java:169)
	at org.springframework.boot.autoconfigure.batch.JobLauncherApplicationRunner.run(JobLauncherApplicationRunner.java:164)
	at org.springframework.boot.SpringApplication.lambda$callRunner$4(SpringApplication.java:784)
	at org.springframework.util.function.ThrowingConsumer$1.acceptWithException(ThrowingConsumer.java:82)
	at org.springframework.util.function.ThrowingConsumer.accept(ThrowingConsumer.java:60)
	at org.springframework.util.function.ThrowingConsumer$1.accept(ThrowingConsumer.java:86)
	at org.springframework.boot.SpringApplication.callRunner(SpringApplication.java:796)
	at org.springframework.boot.SpringApplication.callRunner(SpringApplication.java:784)
	at org.springframework.boot.SpringApplication.lambda$callRunners$3(SpringApplication.java:772)
	at java.base/java.util.stream.ForEachOps$ForEachOp$OfRef.accept(ForEachOps.java:183)
	at java.base/java.util.stream.SortedOps$SizedRefSortingSink.end(SortedOps.java:357)
	at java.base/java.util.stream.AbstractPipeline.copyInto(AbstractPipeline.java:510)
	at java.base/java.util.stream.AbstractPipeline.wrapAndCopyInto(AbstractPipeline.java:499)
	at java.base/java.util.stream.ForEachOps$ForEachOp.evaluateSequential(ForEachOps.java:150)
	at java.base/java.util.stream.ForEachOps$ForEachOp$OfRef.evaluateSequential(ForEachOps.java:173)
	at java.base/java.util.stream.AbstractPipeline.evaluate(AbstractPipeline.java:234)
	at java.base/java.util.stream.ReferencePipeline.forEach(ReferencePipeline.java:596)
	at org.springframework.boot.SpringApplication.callRunners(SpringApplication.java:772)
	at org.springframework.boot.SpringApplication.run(SpringApplication.java:325)
	at org.springframework.boot.SpringApplication.run(SpringApplication.java:1361)
	at org.springframework.boot.SpringApplication.run(SpringApplication.java:1350)
	at com.aurionpro.papms.PaPmsApplication.main(PaPmsApplication.java:14)
	at java.base/jdk.internal.reflect.NativeMethodAccessorImpl.invoke0(Native Method)
	at java.base/jdk.internal.reflect.NativeMethodAccessorImpl.invoke(NativeMethodAccessorImpl.java:77)
	at java.base/jdk.internal.reflect.DelegatingMethodAccessorImpl.invoke(DelegatingMethodAccessorImpl.java:43)
	at java.base/java.lang.reflect.Method.invoke(Method.java:568)
	at org.springframework.boot.devtools.restart.RestartLauncher.run(RestartLauncher.java:50)
Caused by: org.springframework.beans.BeanInstantiationException: Failed to instantiate [org.springframework.batch.item.file.FlatFileItemReader]: Factory method 'employeeCsvReader' threw exception with message: Path must not be null
	at org.springframework.beans.factory.support.SimpleInstantiationStrategy.lambda$instantiate$0(SimpleInstantiationStrategy.java:200)
	at org.springframework.beans.factory.support.SimpleInstantiationStrategy.instantiateWithFactoryMethod(SimpleInstantiationStrategy.java:89)
	at org.springframework.beans.factory.support.SimpleInstantiationStrategy.instantiate(SimpleInstantiationStrategy.java:169)
	at org.springframework.beans.factory.support.ConstructorResolver.instantiate(ConstructorResolver.java:653)
	... 55 common frames omitted
Caused by: java.lang.IllegalArgumentException: Path must not be null
	at org.springframework.util.Assert.notNull(Assert.java:181)
	at org.springframework.core.io.FileSystemResource.<init>(FileSystemResource.java:84)
	at com.aurionpro.papms.config.BatchConfig.employeeCsvReader(BatchConfig.java:315)
	at com.aurionpro.papms.config.BatchConfig$$SpringCGLIB$$0.CGLIB$employeeCsvReader$1(<generated>)
	at com.aurionpro.papms.config.BatchConfig$$SpringCGLIB$$FastClass$$1.invoke(<generated>)
	at org.springframework.cglib.proxy.MethodProxy.invokeSuper(MethodProxy.java:258)
	at org.springframework.context.annotation.ConfigurationClassEnhancer$BeanMethodInterceptor.intercept(ConfigurationClassEnhancer.java:400)
	at com.aurionpro.papms.config.BatchConfig$$SpringCGLIB$$0.employeeCsvReader(<generated>)
	at java.base/jdk.internal.reflect.NativeMethodAccessorImpl.invoke0(Native Method)
	at java.base/jdk.internal.reflect.NativeMethodAccessorImpl.invoke(NativeMethodAccessorImpl.java:77)
	at java.base/jdk.internal.reflect.DelegatingMethodAccessorImpl.invoke(DelegatingMethodAccessorImpl.java:43)
	at java.base/java.lang.reflect.Method.invoke(Method.java:568)
	at org.springframework.beans.factory.support.SimpleInstantiationStrategy.lambda$instantiate$0(SimpleInstantiationStrategy.java:172)
	... 58 common frames omitted
2025-10-12 22:39:44.427 [restartedMain] ERROR o.s.batch.core.step.AbstractStep - Exception while closing step execution resources in step employeeCsvImportStep in job employeeCsvImportJob
org.springframework.batch.item.ItemStreamException: Failed to close 1 delegate(s) due to exceptions
	at org.springframework.batch.item.support.CompositeItemStream.close(CompositeItemStream.java:123)
	at org.springframework.batch.core.step.tasklet.TaskletStep.close(TaskletStep.java:282)
	at org.springframework.batch.core.step.AbstractStep.execute(AbstractStep.java:313)
	at org.springframework.batch.core.job.SimpleStepHandler.handleStep(SimpleStepHandler.java:153)
	at org.springframework.batch.core.job.flow.JobFlowExecutor.executeStep(JobFlowExecutor.java:68)
	at org.springframework.batch.core.job.flow.support.state.StepState.handle(StepState.java:68)
	at org.springframework.batch.core.job.flow.support.SimpleFlow.resume(SimpleFlow.java:165)
	at org.springframework.batch.core.job.flow.support.SimpleFlow.start(SimpleFlow.java:140)
	at org.springframework.batch.core.job.flow.FlowJob.doExecute(FlowJob.java:132)
	at org.springframework.batch.core.job.AbstractJob.execute(AbstractJob.java:307)
	at org.springframework.batch.core.launch.support.TaskExecutorJobLauncher$1.run(TaskExecutorJobLauncher.java:155)
	at org.springframework.core.task.SyncTaskExecutor.execute(SyncTaskExecutor.java:50)
	at org.springframework.batch.core.launch.support.TaskExecutorJobLauncher.run(TaskExecutorJobLauncher.java:146)
	at org.springframework.boot.autoconfigure.batch.JobLauncherApplicationRunner.execute(JobLauncherApplicationRunner.java:210)
	at org.springframework.boot.autoconfigure.batch.JobLauncherApplicationRunner.executeLocalJobs(JobLauncherApplicationRunner.java:194)
	at org.springframework.boot.autoconfigure.batch.JobLauncherApplicationRunner.launchJobFromProperties(JobLauncherApplicationRunner.java:174)
	at org.springframework.boot.autoconfigure.batch.JobLauncherApplicationRunner.run(JobLauncherApplicationRunner.java:169)
	at org.springframework.boot.autoconfigure.batch.JobLauncherApplicationRunner.run(JobLauncherApplicationRunner.java:164)
	at org.springframework.boot.SpringApplication.lambda$callRunner$4(SpringApplication.java:784)
	at org.springframework.util.function.ThrowingConsumer$1.acceptWithException(ThrowingConsumer.java:82)
	at org.springframework.util.function.ThrowingConsumer.accept(ThrowingConsumer.java:60)
	at org.springframework.util.function.ThrowingConsumer$1.accept(ThrowingConsumer.java:86)
	at org.springframework.boot.SpringApplication.callRunner(SpringApplication.java:796)
	at org.springframework.boot.SpringApplication.callRunner(SpringApplication.java:784)
	at org.springframework.boot.SpringApplication.lambda$callRunners$3(SpringApplication.java:772)
	at java.base/java.util.stream.ForEachOps$ForEachOp$OfRef.accept(ForEachOps.java:183)
	at java.base/java.util.stream.SortedOps$SizedRefSortingSink.end(SortedOps.java:357)
	at java.base/java.util.stream.AbstractPipeline.copyInto(AbstractPipeline.java:510)
	at java.base/java.util.stream.AbstractPipeline.wrapAndCopyInto(AbstractPipeline.java:499)
	at java.base/java.util.stream.ForEachOps$ForEachOp.evaluateSequential(ForEachOps.java:150)
	at java.base/java.util.stream.ForEachOps$ForEachOp$OfRef.evaluateSequential(ForEachOps.java:173)
	at java.base/java.util.stream.AbstractPipeline.evaluate(AbstractPipeline.java:234)
	at java.base/java.util.stream.ReferencePipeline.forEach(ReferencePipeline.java:596)
	at org.springframework.boot.SpringApplication.callRunners(SpringApplication.java:772)
	at org.springframework.boot.SpringApplication.run(SpringApplication.java:325)
	at org.springframework.boot.SpringApplication.run(SpringApplication.java:1361)
	at org.springframework.boot.SpringApplication.run(SpringApplication.java:1350)
	at com.aurionpro.papms.PaPmsApplication.main(PaPmsApplication.java:14)
	at java.base/jdk.internal.reflect.NativeMethodAccessorImpl.invoke0(Native Method)
	at java.base/jdk.internal.reflect.NativeMethodAccessorImpl.invoke(NativeMethodAccessorImpl.java:77)
	at java.base/jdk.internal.reflect.DelegatingMethodAccessorImpl.invoke(DelegatingMethodAccessorImpl.java:43)
	at java.base/java.lang.reflect.Method.invoke(Method.java:568)
	at org.springframework.boot.devtools.restart.RestartLauncher.run(RestartLauncher.java:50)
	Suppressed: org.springframework.beans.factory.BeanCreationException: Error creating bean with name 'scopedTarget.employeeCsvReader' defined in class path resource [com/aurionpro/papms/config/BatchConfig.class]: Failed to instantiate [org.springframework.batch.item.file.FlatFileItemReader]: Factory method 'employeeCsvReader' threw exception with message: Path must not be null
		at org.springframework.beans.factory.support.ConstructorResolver.instantiate(ConstructorResolver.java:657)
		at org.springframework.beans.factory.support.ConstructorResolver.instantiateUsingFactoryMethod(ConstructorResolver.java:645)
		at org.springframework.beans.factory.support.AbstractAutowireCapableBeanFactory.instantiateUsingFactoryMethod(AbstractAutowireCapableBeanFactory.java:1375)
		at org.springframework.beans.factory.support.AbstractAutowireCapableBeanFactory.createBeanInstance(AbstractAutowireCapableBeanFactory.java:1205)
		at org.springframework.beans.factory.support.AbstractAutowireCapableBeanFactory.doCreateBean(AbstractAutowireCapableBeanFactory.java:569)
		at org.springframework.beans.factory.support.AbstractAutowireCapableBeanFactory.createBean(AbstractAutowireCapableBeanFactory.java:529)
		at org.springframework.beans.factory.support.AbstractBeanFactory.lambda$doGetBean$1(AbstractBeanFactory.java:378)
		at org.springframework.batch.core.scope.StepScope.get(StepScope.java:112)
		at org.springframework.beans.factory.support.AbstractBeanFactory.doGetBean(AbstractBeanFactory.java:375)
		at org.springframework.beans.factory.support.AbstractBeanFactory.getBean(AbstractBeanFactory.java:202)
		at org.springframework.aop.target.SimpleBeanTargetSource.getTarget(SimpleBeanTargetSource.java:35)
		at org.springframework.aop.framework.CglibAopProxy$DynamicAdvisedInterceptor.intercept(CglibAopProxy.java:712)
		at org.springframework.batch.item.file.FlatFileItemReader$$SpringCGLIB$$0.close(<generated>)
		at org.springframework.batch.item.support.CompositeItemStream.close(CompositeItemStream.java:114)
		... 42 common frames omitted
	Caused by: org.springframework.beans.BeanInstantiationException: Failed to instantiate [org.springframework.batch.item.file.FlatFileItemReader]: Factory method 'employeeCsvReader' threw exception with message: Path must not be null
		at org.springframework.beans.factory.support.SimpleInstantiationStrategy.lambda$instantiate$0(SimpleInstantiationStrategy.java:200)
		at org.springframework.beans.factory.support.SimpleInstantiationStrategy.instantiateWithFactoryMethod(SimpleInstantiationStrategy.java:89)
		at org.springframework.beans.factory.support.SimpleInstantiationStrategy.instantiate(SimpleInstantiationStrategy.java:169)
		at org.springframework.beans.factory.support.ConstructorResolver.instantiate(ConstructorResolver.java:653)
		... 55 common frames omitted
	Caused by: java.lang.IllegalArgumentException: Path must not be null
		at org.springframework.util.Assert.notNull(Assert.java:181)
		at org.springframework.core.io.FileSystemResource.<init>(FileSystemResource.java:84)
		at com.aurionpro.papms.config.BatchConfig.employeeCsvReader(BatchConfig.java:315)
		at com.aurionpro.papms.config.BatchConfig$$SpringCGLIB$$0.CGLIB$employeeCsvReader$1(<generated>)
		at com.aurionpro.papms.config.BatchConfig$$SpringCGLIB$$FastClass$$1.invoke(<generated>)
		at org.springframework.cglib.proxy.MethodProxy.invokeSuper(MethodProxy.java:258)
		at org.springframework.context.annotation.ConfigurationClassEnhancer$BeanMethodInterceptor.intercept(ConfigurationClassEnhancer.java:400)
		at com.aurionpro.papms.config.BatchConfig$$SpringCGLIB$$0.employeeCsvReader(<generated>)
		at java.base/jdk.internal.reflect.NativeMethodAccessorImpl.invoke0(Native Method)
		at java.base/jdk.internal.reflect.NativeMethodAccessorImpl.invoke(NativeMethodAccessorImpl.java:77)
		at java.base/jdk.internal.reflect.DelegatingMethodAccessorImpl.invoke(DelegatingMethodAccessorImpl.java:43)
		at java.base/java.lang.reflect.Method.invoke(Method.java:568)
		at org.springframework.beans.factory.support.SimpleInstantiationStrategy.lambda$instantiate$0(SimpleInstantiationStrategy.java:172)
		... 58 common frames omitted
2025-10-12 22:39:44.438 [restartedMain] ERROR c.a.p.b.JobCompletionNotificationListener - !!! EMPLOYEE IMPORT JOB FAILED! Check logs for details.
