2025-12-14 23:53:22.202 [http-nio-8040-exec-6] TRACE org.hibernate.orm.jdbc.bind - binding parameter (1:BIGINT) <- [76]
2025-12-14 23:53:22.264 [http-nio-8040-exec-6] DEBUG org.hibernate.SQL - 
    select
        ba1_0.id,
        ba1_0.account_holder_name,
        ba1_0.account_number,
        ba1_0.bank_name,
        ba1_0.created_at,
        ba1_0.employee_id,
        ba1_0.ifsc_code,
        ba1_0.is_primary,
        ba1_0.owner_type,
        ba1_0.updated_at,
        ba1_0.vendor_id 
    from
        bank_accounts ba1_0 
    where
        ba1_0.employee_id=?
2025-12-14 23:53:22.264 [http-nio-8040-exec-6] TRACE org.hibernate.orm.jdbc.bind - binding parameter (1:BIGINT) <- [77]
2025-12-14 23:53:22.266 [http-nio-8040-exec-6] DEBUG org.hibernate.SQL - 
    select
        ba1_0.id,
        ba1_0.account_holder_name,
        ba1_0.account_number,
        ba1_0.bank_name,
        ba1_0.created_at,
        ba1_0.employee_id,
        ba1_0.ifsc_code,
        ba1_0.is_primary,
        ba1_0.owner_type,
        ba1_0.updated_at,
        ba1_0.vendor_id 
    from
        bank_accounts ba1_0 
    where
        ba1_0.employee_id=?
2025-12-14 23:53:22.267 [http-nio-8040-exec-6] TRACE org.hibernate.orm.jdbc.bind - binding parameter (1:BIGINT) <- [78]
2025-12-14 23:53:22.268 [http-nio-8040-exec-6] DEBUG org.hibernate.SQL - 
    select
        ba1_0.id,
        ba1_0.account_holder_name,
        ba1_0.account_number,
        ba1_0.bank_name,
        ba1_0.created_at,
        ba1_0.employee_id,
        ba1_0.ifsc_code,
        ba1_0.is_primary,
        ba1_0.owner_type,
        ba1_0.updated_at,
        ba1_0.vendor_id 
    from
        bank_accounts ba1_0 
    where
        ba1_0.employee_id=?
2025-12-14 23:53:22.268 [http-nio-8040-exec-6] TRACE org.hibernate.orm.jdbc.bind - binding parameter (1:BIGINT) <- [79]
2025-12-14 23:53:22.268 [http-nio-8040-exec-6] DEBUG org.hibernate.SQL - 
    select
        ba1_0.id,
        ba1_0.account_holder_name,
        ba1_0.account_number,
        ba1_0.bank_name,
        ba1_0.created_at,
        ba1_0.employee_id,
        ba1_0.ifsc_code,
        ba1_0.is_primary,
        ba1_0.owner_type,
        ba1_0.updated_at,
        ba1_0.vendor_id 
    from
        bank_accounts ba1_0 
    where
        ba1_0.employee_id=?
2025-12-14 23:53:22.268 [http-nio-8040-exec-6] TRACE org.hibernate.orm.jdbc.bind - binding parameter (1:BIGINT) <- [80]
2025-12-14 23:53:22.269 [http-nio-8040-exec-6] DEBUG org.hibernate.SQL - 
    select
        ba1_0.id,
        ba1_0.account_holder_name,
        ba1_0.account_number,
        ba1_0.bank_name,
        ba1_0.created_at,
        ba1_0.employee_id,
        ba1_0.ifsc_code,
        ba1_0.is_primary,
        ba1_0.owner_type,
        ba1_0.updated_at,
        ba1_0.vendor_id 
    from
        bank_accounts ba1_0 
    where
        ba1_0.employee_id=?
2025-12-14 23:53:22.269 [http-nio-8040-exec-6] TRACE org.hibernate.orm.jdbc.bind - binding parameter (1:BIGINT) <- [81]
2025-12-14 23:53:22.271 [http-nio-8040-exec-6] DEBUG org.hibernate.SQL - 
    select
        ba1_0.id,
        ba1_0.account_holder_name,
        ba1_0.account_number,
        ba1_0.bank_name,
        ba1_0.created_at,
        ba1_0.employee_id,
        ba1_0.ifsc_code,
        ba1_0.is_primary,
        ba1_0.owner_type,
        ba1_0.updated_at,
        ba1_0.vendor_id 
    from
        bank_accounts ba1_0 
    where
        ba1_0.employee_id=?
2025-12-14 23:53:22.271 [http-nio-8040-exec-6] TRACE org.hibernate.orm.jdbc.bind - binding parameter (1:BIGINT) <- [82]
2025-12-14 23:53:22.271 [http-nio-8040-exec-6] DEBUG org.hibernate.SQL - 
    select
        ba1_0.id,
        ba1_0.account_holder_name,
        ba1_0.account_number,
        ba1_0.bank_name,
        ba1_0.created_at,
        ba1_0.employee_id,
        ba1_0.ifsc_code,
        ba1_0.is_primary,
        ba1_0.owner_type,
        ba1_0.updated_at,
        ba1_0.vendor_id 
    from
        bank_accounts ba1_0 
    where
        ba1_0.employee_id=?
2025-12-14 23:53:22.272 [http-nio-8040-exec-6] TRACE org.hibernate.orm.jdbc.bind - binding parameter (1:BIGINT) <- [83]
2025-12-14 23:53:22.272 [http-nio-8040-exec-6] DEBUG org.hibernate.SQL - 
    select
        ba1_0.id,
        ba1_0.account_holder_name,
        ba1_0.account_number,
        ba1_0.bank_name,
        ba1_0.created_at,
        ba1_0.employee_id,
        ba1_0.ifsc_code,
        ba1_0.is_primary,
        ba1_0.owner_type,
        ba1_0.updated_at,
        ba1_0.vendor_id 
    from
        bank_accounts ba1_0 
    where
        ba1_0.employee_id=?
2025-12-14 23:53:22.273 [http-nio-8040-exec-6] TRACE org.hibernate.orm.jdbc.bind - binding parameter (1:BIGINT) <- [84]
2025-12-14 23:53:22.273 [http-nio-8040-exec-6] DEBUG org.hibernate.SQL - 
    select
        ba1_0.id,
        ba1_0.account_holder_name,
        ba1_0.account_number,
        ba1_0.bank_name,
        ba1_0.created_at,
        ba1_0.employee_id,
        ba1_0.ifsc_code,
        ba1_0.is_primary,
        ba1_0.owner_type,
        ba1_0.updated_at,
        ba1_0.vendor_id 
    from
        bank_accounts ba1_0 
    where
        ba1_0.employee_id=?
2025-12-14 23:53:22.273 [http-nio-8040-exec-6] TRACE org.hibernate.orm.jdbc.bind - binding parameter (1:BIGINT) <- [85]
2025-12-14 23:53:22.274 [http-nio-8040-exec-6] DEBUG org.hibernate.SQL - 
    select
        ba1_0.id,
        ba1_0.account_holder_name,
        ba1_0.account_number,
        ba1_0.bank_name,
        ba1_0.created_at,
        ba1_0.employee_id,
        ba1_0.ifsc_code,
        ba1_0.is_primary,
        ba1_0.owner_type,
        ba1_0.updated_at,
        ba1_0.vendor_id 
    from
        bank_accounts ba1_0 
    where
        ba1_0.employee_id=?
2025-12-14 23:53:22.274 [http-nio-8040-exec-6] TRACE org.hibernate.orm.jdbc.bind - binding parameter (1:BIGINT) <- [86]
2025-12-14 23:53:22.275 [http-nio-8040-exec-6] DEBUG org.hibernate.SQL - 
    select
        ba1_0.id,
        ba1_0.account_holder_name,
        ba1_0.account_number,
        ba1_0.bank_name,
        ba1_0.created_at,
        ba1_0.employee_id,
        ba1_0.ifsc_code,
        ba1_0.is_primary,
        ba1_0.owner_type,
        ba1_0.updated_at,
        ba1_0.vendor_id 
    from
        bank_accounts ba1_0 
    where
        ba1_0.employee_id=?
2025-12-14 23:53:22.275 [http-nio-8040-exec-6] TRACE org.hibernate.orm.jdbc.bind - binding parameter (1:BIGINT) <- [87]
2025-12-14 23:53:22.276 [http-nio-8040-exec-6] DEBUG org.hibernate.SQL - 
    select
        ba1_0.id,
        ba1_0.account_holder_name,
        ba1_0.account_number,
        ba1_0.bank_name,
        ba1_0.created_at,
        ba1_0.employee_id,
        ba1_0.ifsc_code,
        ba1_0.is_primary,
        ba1_0.owner_type,
        ba1_0.updated_at,
        ba1_0.vendor_id 
    from
        bank_accounts ba1_0 
    where
        ba1_0.employee_id=?
2025-12-14 23:53:22.276 [http-nio-8040-exec-6] TRACE org.hibernate.orm.jdbc.bind - binding parameter (1:BIGINT) <- [88]
2025-12-14 23:53:22.277 [http-nio-8040-exec-6] DEBUG org.hibernate.SQL - 
    select
        ba1_0.id,
        ba1_0.account_holder_name,
        ba1_0.account_number,
        ba1_0.bank_name,
        ba1_0.created_at,
        ba1_0.employee_id,
        ba1_0.ifsc_code,
        ba1_0.is_primary,
        ba1_0.owner_type,
        ba1_0.updated_at,
        ba1_0.vendor_id 
    from
        bank_accounts ba1_0 
    where
        ba1_0.employee_id=?
2025-12-14 23:53:22.277 [http-nio-8040-exec-6] TRACE org.hibernate.orm.jdbc.bind - binding parameter (1:BIGINT) <- [89]
2025-12-14 23:53:22.277 [http-nio-8040-exec-6] DEBUG org.hibernate.SQL - 
    select
        ba1_0.id,
        ba1_0.account_holder_name,
        ba1_0.account_number,
        ba1_0.bank_name,
        ba1_0.created_at,
        ba1_0.employee_id,
        ba1_0.ifsc_code,
        ba1_0.is_primary,
        ba1_0.owner_type,
        ba1_0.updated_at,
        ba1_0.vendor_id 
    from
        bank_accounts ba1_0 
    where
        ba1_0.employee_id=?
2025-12-14 23:53:22.278 [http-nio-8040-exec-6] TRACE org.hibernate.orm.jdbc.bind - binding parameter (1:BIGINT) <- [90]
2025-12-14 23:53:22.279 [http-nio-8040-exec-6] DEBUG org.hibernate.SQL - 
    select
        ba1_0.id,
        ba1_0.account_holder_name,
        ba1_0.account_number,
        ba1_0.bank_name,
        ba1_0.created_at,
        ba1_0.employee_id,
        ba1_0.ifsc_code,
        ba1_0.is_primary,
        ba1_0.owner_type,
        ba1_0.updated_at,
        ba1_0.vendor_id 
    from
        bank_accounts ba1_0 
    where
        ba1_0.employee_id=?
2025-12-14 23:53:22.279 [http-nio-8040-exec-6] TRACE org.hibernate.orm.jdbc.bind - binding parameter (1:BIGINT) <- [91]
2025-12-14 23:53:22.280 [http-nio-8040-exec-6] DEBUG org.hibernate.SQL - 
    select
        ba1_0.id,
        ba1_0.account_holder_name,
        ba1_0.account_number,
        ba1_0.bank_name,
        ba1_0.created_at,
        ba1_0.employee_id,
        ba1_0.ifsc_code,
        ba1_0.is_primary,
        ba1_0.owner_type,
        ba1_0.updated_at,
        ba1_0.vendor_id 
    from
        bank_accounts ba1_0 
    where
        ba1_0.employee_id=?
2025-12-14 23:53:22.280 [http-nio-8040-exec-6] TRACE org.hibernate.orm.jdbc.bind - binding parameter (1:BIGINT) <- [92]
2025-12-14 23:53:22.281 [http-nio-8040-exec-6] DEBUG org.hibernate.SQL - 
    select
        ba1_0.id,
        ba1_0.account_holder_name,
        ba1_0.account_number,
        ba1_0.bank_name,
        ba1_0.created_at,
        ba1_0.employee_id,
        ba1_0.ifsc_code,
        ba1_0.is_primary,
        ba1_0.owner_type,
        ba1_0.updated_at,
        ba1_0.vendor_id 
    from
        bank_accounts ba1_0 
    where
        ba1_0.employee_id=?
2025-12-14 23:53:22.281 [http-nio-8040-exec-6] TRACE org.hibernate.orm.jdbc.bind - binding parameter (1:BIGINT) <- [93]
2025-12-14 23:53:22.283 [http-nio-8040-exec-6] DEBUG org.hibernate.SQL - 
    select
        ba1_0.id,
        ba1_0.account_holder_name,
        ba1_0.account_number,
        ba1_0.bank_name,
        ba1_0.created_at,
        ba1_0.employee_id,
        ba1_0.ifsc_code,
        ba1_0.is_primary,
        ba1_0.owner_type,
        ba1_0.updated_at,
        ba1_0.vendor_id 
    from
        bank_accounts ba1_0 
    where
        ba1_0.employee_id=?
2025-12-14 23:53:22.283 [http-nio-8040-exec-6] TRACE org.hibernate.orm.jdbc.bind - binding parameter (1:BIGINT) <- [94]
2025-12-14 23:53:22.283 [http-nio-8040-exec-6] DEBUG org.hibernate.SQL - 
    select
        ba1_0.id,
        ba1_0.account_holder_name,
        ba1_0.account_number,
        ba1_0.bank_name,
        ba1_0.created_at,
        ba1_0.employee_id,
        ba1_0.ifsc_code,
        ba1_0.is_primary,
        ba1_0.owner_type,
        ba1_0.updated_at,
        ba1_0.vendor_id 
    from
        bank_accounts ba1_0 
    where
        ba1_0.employee_id=?
2025-12-14 23:53:22.284 [http-nio-8040-exec-6] TRACE org.hibernate.orm.jdbc.bind - binding parameter (1:BIGINT) <- [95]
2025-12-14 23:53:22.284 [http-nio-8040-exec-6] DEBUG org.hibernate.SQL - 
    select
        ba1_0.id,
        ba1_0.account_holder_name,
        ba1_0.account_number,
        ba1_0.bank_name,
        ba1_0.created_at,
        ba1_0.employee_id,
        ba1_0.ifsc_code,
        ba1_0.is_primary,
        ba1_0.owner_type,
        ba1_0.updated_at,
        ba1_0.vendor_id 
    from
        bank_accounts ba1_0 
    where
        ba1_0.employee_id=?
2025-12-14 23:53:22.285 [http-nio-8040-exec-6] TRACE org.hibernate.orm.jdbc.bind - binding parameter (1:BIGINT) <- [96]
2025-12-14 23:53:22.285 [http-nio-8040-exec-6] DEBUG org.hibernate.SQL - 
    select
        ba1_0.id,
        ba1_0.account_holder_name,
        ba1_0.account_number,
        ba1_0.bank_name,
        ba1_0.created_at,
        ba1_0.employee_id,
        ba1_0.ifsc_code,
        ba1_0.is_primary,
        ba1_0.owner_type,
        ba1_0.updated_at,
        ba1_0.vendor_id 
    from
        bank_accounts ba1_0 
    where
        ba1_0.employee_id=?
2025-12-14 23:53:22.285 [http-nio-8040-exec-6] TRACE org.hibernate.orm.jdbc.bind - binding parameter (1:BIGINT) <- [97]
2025-12-14 23:53:22.286 [http-nio-8040-exec-6] DEBUG org.hibernate.SQL - 
    select
        ba1_0.id,
        ba1_0.account_holder_name,
        ba1_0.account_number,
        ba1_0.bank_name,
        ba1_0.created_at,
        ba1_0.employee_id,
        ba1_0.ifsc_code,
        ba1_0.is_primary,
        ba1_0.owner_type,
        ba1_0.updated_at,
        ba1_0.vendor_id 
    from
        bank_accounts ba1_0 
    where
        ba1_0.employee_id=?
2025-12-14 23:53:22.287 [http-nio-8040-exec-6] TRACE org.hibernate.orm.jdbc.bind - binding parameter (1:BIGINT) <- [98]
2025-12-14 23:53:22.288 [http-nio-8040-exec-6] DEBUG org.hibernate.SQL - 
    select
        ba1_0.id,
        ba1_0.account_holder_name,
        ba1_0.account_number,
        ba1_0.bank_name,
        ba1_0.created_at,
        ba1_0.employee_id,
        ba1_0.ifsc_code,
        ba1_0.is_primary,
        ba1_0.owner_type,
        ba1_0.updated_at,
        ba1_0.vendor_id 
    from
        bank_accounts ba1_0 
    where
        ba1_0.employee_id=?
2025-12-14 23:53:22.288 [http-nio-8040-exec-6] TRACE org.hibernate.orm.jdbc.bind - binding parameter (1:BIGINT) <- [99]
2025-12-14 23:53:22.290 [http-nio-8040-exec-6] DEBUG org.hibernate.SQL - 
    select
        ba1_0.id,
        ba1_0.account_holder_name,
        ba1_0.account_number,
        ba1_0.bank_name,
        ba1_0.created_at,
        ba1_0.employee_id,
        ba1_0.ifsc_code,
        ba1_0.is_primary,
        ba1_0.owner_type,
        ba1_0.updated_at,
        ba1_0.vendor_id 
    from
        bank_accounts ba1_0 
    where
        ba1_0.employee_id=?
2025-12-14 23:53:22.290 [http-nio-8040-exec-6] TRACE org.hibernate.orm.jdbc.bind - binding parameter (1:BIGINT) <- [100]
2025-12-14 23:53:22.291 [http-nio-8040-exec-6] DEBUG org.hibernate.SQL - 
    select
        u1_0.id,
        u1_0.created_at,
        u1_0.email,
        u1_0.full_name,
        u1_0.is_active,
        u1_0.organization_id,
        u1_0.password,
        u1_0.requires_password_change,
        u1_0.role,
        u1_0.updated_at,
        u1_0.username 
    from
        users u1_0 
    where
        u1_0.id=?
2025-12-14 23:53:22.291 [http-nio-8040-exec-6] TRACE org.hibernate.orm.jdbc.bind - binding parameter (1:BIGINT) <- [1]
2025-12-14 23:53:22.292 [http-nio-8040-exec-6] DEBUG org.hibernate.SQL - 
    select
        p1_0.payroll_batch_id,
        p1_0.id,
        p1_0.basic_salary,
        p1_0.created_at,
        p1_0.da,
        p1_0.employee_id,
        p1_0.hra,
        p1_0.net_salary_paid,
        p1_0.other_allowances,
        p1_0.pf_contribution,
        p1_0.processed_at,
        p1_0.status 
    from
        payroll_payments p1_0 
    where
        p1_0.payroll_batch_id=?
2025-12-14 23:53:22.292 [http-nio-8040-exec-6] TRACE org.hibernate.orm.jdbc.bind - binding parameter (1:BIGINT) <- [1]
2025-12-14 23:53:22.299 [http-nio-8040-exec-6] DEBUG org.hibernate.SQL - 
    select
        u1_0.id,
        u1_0.created_at,
        u1_0.email,
        u1_0.full_name,
        u1_0.is_active,
        u1_0.organization_id,
        u1_0.password,
        u1_0.requires_password_change,
        u1_0.role,
        u1_0.updated_at,
        u1_0.username 
    from
        users u1_0 
    where
        u1_0.id=?
2025-12-14 23:53:22.299 [http-nio-8040-exec-6] TRACE org.hibernate.orm.jdbc.bind - binding parameter (1:BIGINT) <- [12]
2025-12-14 23:53:22.300 [http-nio-8040-exec-6] DEBUG org.hibernate.SQL - 
    select
        u1_0.id,
        u1_0.created_at,
        u1_0.email,
        u1_0.full_name,
        u1_0.is_active,
        u1_0.organization_id,
        u1_0.password,
        u1_0.requires_password_change,
        u1_0.role,
        u1_0.updated_at,
        u1_0.username 
    from
        users u1_0 
    where
        u1_0.id=?
2025-12-14 23:53:22.300 [http-nio-8040-exec-6] TRACE org.hibernate.orm.jdbc.bind - binding parameter (1:BIGINT) <- [5]
2025-12-14 23:53:22.301 [http-nio-8040-exec-6] DEBUG org.hibernate.SQL - 
    select
        u1_0.id,
        u1_0.created_at,
        u1_0.email,
        u1_0.full_name,
        u1_0.is_active,
        u1_0.organization_id,
        u1_0.password,
        u1_0.requires_password_change,
        u1_0.role,
        u1_0.updated_at,
        u1_0.username 
    from
        users u1_0 
    where
        u1_0.id=?
2025-12-14 23:53:22.301 [http-nio-8040-exec-6] TRACE org.hibernate.orm.jdbc.bind - binding parameter (1:BIGINT) <- [6]
2025-12-14 23:53:22.301 [http-nio-8040-exec-6] DEBUG org.hibernate.SQL - 
    select
        u1_0.id,
        u1_0.created_at,
        u1_0.email,
        u1_0.full_name,
        u1_0.is_active,
        u1_0.organization_id,
        u1_0.password,
        u1_0.requires_password_change,
        u1_0.role,
        u1_0.updated_at,
        u1_0.username 
    from
        users u1_0 
    where
        u1_0.id=?
2025-12-14 23:53:22.301 [http-nio-8040-exec-6] TRACE org.hibernate.orm.jdbc.bind - binding parameter (1:BIGINT) <- [4]
2025-12-14 23:53:22.302 [http-nio-8040-exec-6] DEBUG org.hibernate.SQL - 
    select
        u1_0.id,
        u1_0.created_at,
        u1_0.email,
        u1_0.full_name,
        u1_0.is_active,
        u1_0.organization_id,
        u1_0.password,
        u1_0.requires_password_change,
        u1_0.role,
        u1_0.updated_at,
        u1_0.username 
    from
        users u1_0 
    where
        u1_0.id=?
2025-12-14 23:53:22.302 [http-nio-8040-exec-6] TRACE org.hibernate.orm.jdbc.bind - binding parameter (1:BIGINT) <- [8]
2025-12-14 23:53:22.302 [http-nio-8040-exec-6] DEBUG org.hibernate.SQL - 
    select
        u1_0.id,
        u1_0.created_at,
        u1_0.email,
        u1_0.full_name,
        u1_0.is_active,
        u1_0.organization_id,
        u1_0.password,
        u1_0.requires_password_change,
        u1_0.role,
        u1_0.updated_at,
        u1_0.username 
    from
        users u1_0 
    where
        u1_0.id=?
2025-12-14 23:53:22.302 [http-nio-8040-exec-6] TRACE org.hibernate.orm.jdbc.bind - binding parameter (1:BIGINT) <- [10]
2025-12-14 23:53:22.304 [http-nio-8040-exec-6] DEBUG org.hibernate.SQL - 
    select
        u1_0.id,
        u1_0.created_at,
        u1_0.email,
        u1_0.full_name,
        u1_0.is_active,
        u1_0.organization_id,
        u1_0.password,
        u1_0.requires_password_change,
        u1_0.role,
        u1_0.updated_at,
        u1_0.username 
    from
        users u1_0 
    where
        u1_0.id=?
2025-12-14 23:53:22.304 [http-nio-8040-exec-6] TRACE org.hibernate.orm.jdbc.bind - binding parameter (1:BIGINT) <- [18]
2025-12-14 23:53:22.305 [http-nio-8040-exec-6] DEBUG org.hibernate.SQL - 
    select
        u1_0.id,
        u1_0.created_at,
        u1_0.email,
        u1_0.full_name,
        u1_0.is_active,
        u1_0.organization_id,
        u1_0.password,
        u1_0.requires_password_change,
        u1_0.role,
        u1_0.updated_at,
        u1_0.username 
    from
        users u1_0 
    where
        u1_0.id=?
2025-12-14 23:53:22.306 [http-nio-8040-exec-6] TRACE org.hibernate.orm.jdbc.bind - binding parameter (1:BIGINT) <- [13]
2025-12-14 23:53:22.306 [http-nio-8040-exec-6] DEBUG org.hibernate.SQL - 
    select
        u1_0.id,
        u1_0.created_at,
        u1_0.email,
        u1_0.full_name,
        u1_0.is_active,
        u1_0.organization_id,
        u1_0.password,
        u1_0.requires_password_change,
        u1_0.role,
        u1_0.updated_at,
        u1_0.username 
    from
        users u1_0 
    where
        u1_0.id=?
2025-12-14 23:53:22.306 [http-nio-8040-exec-6] TRACE org.hibernate.orm.jdbc.bind - binding parameter (1:BIGINT) <- [11]
2025-12-14 23:53:22.307 [http-nio-8040-exec-6] DEBUG org.hibernate.SQL - 
    select
        u1_0.id,
        u1_0.created_at,
        u1_0.email,
        u1_0.full_name,
        u1_0.is_active,
        u1_0.organization_id,
        u1_0.password,
        u1_0.requires_password_change,
        u1_0.role,
        u1_0.updated_at,
        u1_0.username 
    from
        users u1_0 
    where
        u1_0.id=?
2025-12-14 23:53:22.307 [http-nio-8040-exec-6] TRACE org.hibernate.orm.jdbc.bind - binding parameter (1:BIGINT) <- [22]
2025-12-14 23:53:22.307 [http-nio-8040-exec-6] DEBUG org.hibernate.SQL - 
    select
        u1_0.id,
        u1_0.created_at,
        u1_0.email,
        u1_0.full_name,
        u1_0.is_active,
        u1_0.organization_id,
        u1_0.password,
        u1_0.requires_password_change,
        u1_0.role,
        u1_0.updated_at,
        u1_0.username 
    from
        users u1_0 
    where
        u1_0.id=?
2025-12-14 23:53:22.308 [http-nio-8040-exec-6] TRACE org.hibernate.orm.jdbc.bind - binding parameter (1:BIGINT) <- [16]
2025-12-14 23:53:22.308 [http-nio-8040-exec-6] DEBUG org.hibernate.SQL - 
    select
        u1_0.id,
        u1_0.created_at,
        u1_0.email,
        u1_0.full_name,
        u1_0.is_active,
        u1_0.organization_id,
        u1_0.password,
        u1_0.requires_password_change,
        u1_0.role,
        u1_0.updated_at,
        u1_0.username 
    from
        users u1_0 
    where
        u1_0.id=?
2025-12-14 23:53:22.308 [http-nio-8040-exec-6] TRACE org.hibernate.orm.jdbc.bind - binding parameter (1:BIGINT) <- [7]
2025-12-14 23:53:22.308 [http-nio-8040-exec-6] DEBUG org.hibernate.SQL - 
    select
        u1_0.id,
        u1_0.created_at,
        u1_0.email,
        u1_0.full_name,
        u1_0.is_active,
        u1_0.organization_id,
        u1_0.password,
        u1_0.requires_password_change,
        u1_0.role,
        u1_0.updated_at,
        u1_0.username 
    from
        users u1_0 
    where
        u1_0.id=?
2025-12-14 23:53:22.308 [http-nio-8040-exec-6] TRACE org.hibernate.orm.jdbc.bind - binding parameter (1:BIGINT) <- [15]
2025-12-14 23:53:22.310 [http-nio-8040-exec-6] DEBUG org.hibernate.SQL - 
    select
        u1_0.id,
        u1_0.created_at,
        u1_0.email,
        u1_0.full_name,
        u1_0.is_active,
        u1_0.organization_id,
        u1_0.password,
        u1_0.requires_password_change,
        u1_0.role,
        u1_0.updated_at,
        u1_0.username 
    from
        users u1_0 
    where
        u1_0.id=?
2025-12-14 23:53:22.310 [http-nio-8040-exec-6] TRACE org.hibernate.orm.jdbc.bind - binding parameter (1:BIGINT) <- [26]
2025-12-14 23:53:22.311 [http-nio-8040-exec-6] DEBUG org.hibernate.SQL - 
    select
        u1_0.id,
        u1_0.created_at,
        u1_0.email,
        u1_0.full_name,
        u1_0.is_active,
        u1_0.organization_id,
        u1_0.password,
        u1_0.requires_password_change,
        u1_0.role,
        u1_0.updated_at,
        u1_0.username 
    from
        users u1_0 
    where
        u1_0.id=?
2025-12-14 23:53:22.311 [http-nio-8040-exec-6] TRACE org.hibernate.orm.jdbc.bind - binding parameter (1:BIGINT) <- [30]
2025-12-14 23:53:22.312 [http-nio-8040-exec-6] DEBUG org.hibernate.SQL - 
    select
        u1_0.id,
        u1_0.created_at,
        u1_0.email,
        u1_0.full_name,
        u1_0.is_active,
        u1_0.organization_id,
        u1_0.password,
        u1_0.requires_password_change,
        u1_0.role,
        u1_0.updated_at,
        u1_0.username 
    from
        users u1_0 
    where
        u1_0.id=?
2025-12-14 23:53:22.312 [http-nio-8040-exec-6] TRACE org.hibernate.orm.jdbc.bind - binding parameter (1:BIGINT) <- [19]
2025-12-14 23:53:22.313 [http-nio-8040-exec-6] DEBUG org.hibernate.SQL - 
    select
        u1_0.id,
        u1_0.created_at,
        u1_0.email,
        u1_0.full_name,
        u1_0.is_active,
        u1_0.organization_id,
        u1_0.password,
        u1_0.requires_password_change,
        u1_0.role,
        u1_0.updated_at,
        u1_0.username 
    from
        users u1_0 
    where
        u1_0.id=?
2025-12-14 23:53:22.313 [http-nio-8040-exec-6] TRACE org.hibernate.orm.jdbc.bind - binding parameter (1:BIGINT) <- [34]
2025-12-14 23:53:22.314 [http-nio-8040-exec-6] DEBUG org.hibernate.SQL - 
    select
        u1_0.id,
        u1_0.created_at,
        u1_0.email,
        u1_0.full_name,
        u1_0.is_active,
        u1_0.organization_id,
        u1_0.password,
        u1_0.requires_password_change,
        u1_0.role,
        u1_0.updated_at,
        u1_0.username 
    from
        users u1_0 
    where
        u1_0.id=?
2025-12-14 23:53:22.314 [http-nio-8040-exec-6] TRACE org.hibernate.orm.jdbc.bind - binding parameter (1:BIGINT) <- [38]
2025-12-14 23:53:22.314 [http-nio-8040-exec-6] DEBUG org.hibernate.SQL - 
    select
        u1_0.id,
        u1_0.created_at,
        u1_0.email,
        u1_0.full_name,
        u1_0.is_active,
        u1_0.organization_id,
        u1_0.password,
        u1_0.requires_password_change,
        u1_0.role,
        u1_0.updated_at,
        u1_0.username 
    from
        users u1_0 
    where
        u1_0.id=?
2025-12-14 23:53:22.314 [http-nio-8040-exec-6] TRACE org.hibernate.orm.jdbc.bind - binding parameter (1:BIGINT) <- [23]
2025-12-14 23:53:22.314 [http-nio-8040-exec-6] DEBUG org.hibernate.SQL - 
    select
        u1_0.id,
        u1_0.created_at,
        u1_0.email,
        u1_0.full_name,
        u1_0.is_active,
        u1_0.organization_id,
        u1_0.password,
        u1_0.requires_password_change,
        u1_0.role,
        u1_0.updated_at,
        u1_0.username 
    from
        users u1_0 
    where
        u1_0.id=?
2025-12-14 23:53:22.316 [http-nio-8040-exec-6] TRACE org.hibernate.orm.jdbc.bind - binding parameter (1:BIGINT) <- [20]
2025-12-14 23:53:22.316 [http-nio-8040-exec-6] DEBUG org.hibernate.SQL - 
    select
        u1_0.id,
        u1_0.created_at,
        u1_0.email,
        u1_0.full_name,
        u1_0.is_active,
        u1_0.organization_id,
        u1_0.password,
        u1_0.requires_password_change,
        u1_0.role,
        u1_0.updated_at,
        u1_0.username 
    from
        users u1_0 
    where
        u1_0.id=?
2025-12-14 23:53:22.316 [http-nio-8040-exec-6] TRACE org.hibernate.orm.jdbc.bind - binding parameter (1:BIGINT) <- [27]
2025-12-14 23:53:22.317 [http-nio-8040-exec-6] DEBUG org.hibernate.SQL - 
    select
        u1_0.id,
        u1_0.created_at,
        u1_0.email,
        u1_0.full_name,
        u1_0.is_active,
        u1_0.organization_id,
        u1_0.password,
        u1_0.requires_password_change,
        u1_0.role,
        u1_0.updated_at,
        u1_0.username 
    from
        users u1_0 
    where
        u1_0.id=?
2025-12-14 23:53:22.317 [http-nio-8040-exec-6] TRACE org.hibernate.orm.jdbc.bind - binding parameter (1:BIGINT) <- [41]
2025-12-14 23:53:22.317 [http-nio-8040-exec-6] DEBUG org.hibernate.SQL - 
    select
        u1_0.id,
        u1_0.created_at,
        u1_0.email,
        u1_0.full_name,
        u1_0.is_active,
        u1_0.organization_id,
        u1_0.password,
        u1_0.requires_password_change,
        u1_0.role,
        u1_0.updated_at,
        u1_0.username 
    from
        users u1_0 
    where
        u1_0.id=?
2025-12-14 23:53:22.318 [http-nio-8040-exec-6] TRACE org.hibernate.orm.jdbc.bind - binding parameter (1:BIGINT) <- [9]
2025-12-14 23:53:22.318 [http-nio-8040-exec-6] DEBUG org.hibernate.SQL - 
    select
        u1_0.id,
        u1_0.created_at,
        u1_0.email,
        u1_0.full_name,
        u1_0.is_active,
        u1_0.organization_id,
        u1_0.password,
        u1_0.requires_password_change,
        u1_0.role,
        u1_0.updated_at,
        u1_0.username 
    from
        users u1_0 
    where
        u1_0.id=?
2025-12-14 23:53:22.318 [http-nio-8040-exec-6] TRACE org.hibernate.orm.jdbc.bind - binding parameter (1:BIGINT) <- [42]
2025-12-14 23:53:22.319 [http-nio-8040-exec-6] DEBUG org.hibernate.SQL - 
    select
        u1_0.id,
        u1_0.created_at,
        u1_0.email,
        u1_0.full_name,
        u1_0.is_active,
        u1_0.organization_id,
        u1_0.password,
        u1_0.requires_password_change,
        u1_0.role,
        u1_0.updated_at,
        u1_0.username 
    from
        users u1_0 
    where
        u1_0.id=?
2025-12-14 23:53:22.319 [http-nio-8040-exec-6] TRACE org.hibernate.orm.jdbc.bind - binding parameter (1:BIGINT) <- [14]
2025-12-14 23:53:22.320 [http-nio-8040-exec-6] DEBUG org.hibernate.SQL - 
    select
        u1_0.id,
        u1_0.created_at,
        u1_0.email,
        u1_0.full_name,
        u1_0.is_active,
        u1_0.organization_id,
        u1_0.password,
        u1_0.requires_password_change,
        u1_0.role,
        u1_0.updated_at,
        u1_0.username 
    from
        users u1_0 
    where
        u1_0.id=?
2025-12-14 23:53:22.320 [http-nio-8040-exec-6] TRACE org.hibernate.orm.jdbc.bind - binding parameter (1:BIGINT) <- [31]
2025-12-14 23:53:22.320 [http-nio-8040-exec-6] DEBUG org.hibernate.SQL - 
    select
        u1_0.id,
        u1_0.created_at,
        u1_0.email,
        u1_0.full_name,
        u1_0.is_active,
        u1_0.organization_id,
        u1_0.password,
        u1_0.requires_password_change,
        u1_0.role,
        u1_0.updated_at,
        u1_0.username 
    from
        users u1_0 
    where
        u1_0.id=?
2025-12-14 23:53:22.320 [http-nio-8040-exec-6] TRACE org.hibernate.orm.jdbc.bind - binding parameter (1:BIGINT) <- [43]
2025-12-14 23:53:22.321 [http-nio-8040-exec-6] DEBUG org.hibernate.SQL - 
    select
        u1_0.id,
        u1_0.created_at,
        u1_0.email,
        u1_0.full_name,
        u1_0.is_active,
        u1_0.organization_id,
        u1_0.password,
        u1_0.requires_password_change,
        u1_0.role,
        u1_0.updated_at,
        u1_0.username 
    from
        users u1_0 
    where
        u1_0.id=?
2025-12-14 23:53:22.321 [http-nio-8040-exec-6] TRACE org.hibernate.orm.jdbc.bind - binding parameter (1:BIGINT) <- [17]
2025-12-14 23:53:22.323 [http-nio-8040-exec-6] DEBUG org.hibernate.SQL - 
    select
        u1_0.id,
        u1_0.created_at,
        u1_0.email,
        u1_0.full_name,
        u1_0.is_active,
        u1_0.organization_id,
        u1_0.password,
        u1_0.requires_password_change,
        u1_0.role,
        u1_0.updated_at,
        u1_0.username 
    from
        users u1_0 
    where
        u1_0.id=?
2025-12-14 23:53:22.323 [http-nio-8040-exec-6] TRACE org.hibernate.orm.jdbc.bind - binding parameter (1:BIGINT) <- [35]
2025-12-14 23:53:22.324 [http-nio-8040-exec-6] DEBUG org.hibernate.SQL - 
    select
        u1_0.id,
        u1_0.created_at,
        u1_0.email,
        u1_0.full_name,
        u1_0.is_active,
        u1_0.organization_id,
        u1_0.password,
        u1_0.requires_password_change,
        u1_0.role,
        u1_0.updated_at,
        u1_0.username 
    from
        users u1_0 
    where
        u1_0.id=?
2025-12-14 23:53:22.324 [http-nio-8040-exec-6] TRACE org.hibernate.orm.jdbc.bind - binding parameter (1:BIGINT) <- [21]
2025-12-14 23:53:22.325 [http-nio-8040-exec-6] DEBUG org.hibernate.SQL - 
    select
        u1_0.id,
        u1_0.created_at,
        u1_0.email,
        u1_0.full_name,
        u1_0.is_active,
        u1_0.organization_id,
        u1_0.password,
        u1_0.requires_password_change,
        u1_0.role,
        u1_0.updated_at,
        u1_0.username 
    from
        users u1_0 
    where
        u1_0.id=?
2025-12-14 23:53:22.326 [http-nio-8040-exec-6] TRACE org.hibernate.orm.jdbc.bind - binding parameter (1:BIGINT) <- [24]
2025-12-14 23:53:22.327 [http-nio-8040-exec-6] DEBUG org.hibernate.SQL - 
    select
        u1_0.id,
        u1_0.created_at,
        u1_0.email,
        u1_0.full_name,
        u1_0.is_active,
        u1_0.organization_id,
        u1_0.password,
        u1_0.requires_password_change,
        u1_0.role,
        u1_0.updated_at,
        u1_0.username 
    from
        users u1_0 
    where
        u1_0.id=?
2025-12-14 23:53:22.327 [http-nio-8040-exec-6] TRACE org.hibernate.orm.jdbc.bind - binding parameter (1:BIGINT) <- [39]
2025-12-14 23:53:22.327 [http-nio-8040-exec-6] DEBUG org.hibernate.SQL - 
    select
        u1_0.id,
        u1_0.created_at,
        u1_0.email,
        u1_0.full_name,
        u1_0.is_active,
        u1_0.organization_id,
        u1_0.password,
        u1_0.requires_password_change,
        u1_0.role,
        u1_0.updated_at,
        u1_0.username 
    from
        users u1_0 
    where
        u1_0.id=?
2025-12-14 23:53:22.327 [http-nio-8040-exec-6] TRACE org.hibernate.orm.jdbc.bind - binding parameter (1:BIGINT) <- [25]
2025-12-14 23:53:22.328 [http-nio-8040-exec-6] DEBUG org.hibernate.SQL - 
    select
        u1_0.id,
        u1_0.created_at,
        u1_0.email,
        u1_0.full_name,
        u1_0.is_active,
        u1_0.organization_id,
        u1_0.password,
        u1_0.requires_password_change,
        u1_0.role,
        u1_0.updated_at,
        u1_0.username 
    from
        users u1_0 
    where
        u1_0.id=?
2025-12-14 23:53:22.328 [http-nio-8040-exec-6] TRACE org.hibernate.orm.jdbc.bind - binding parameter (1:BIGINT) <- [28]
2025-12-14 23:53:22.329 [http-nio-8040-exec-6] DEBUG org.hibernate.SQL - 
    select
        u1_0.id,
        u1_0.created_at,
        u1_0.email,
        u1_0.full_name,
        u1_0.is_active,
        u1_0.organization_id,
        u1_0.password,
        u1_0.requires_password_change,
        u1_0.role,
        u1_0.updated_at,
        u1_0.username 
    from
        users u1_0 
    where
        u1_0.id=?
2025-12-14 23:53:22.329 [http-nio-8040-exec-6] TRACE org.hibernate.orm.jdbc.bind - binding parameter (1:BIGINT) <- [29]
2025-12-14 23:53:22.330 [http-nio-8040-exec-6] DEBUG org.hibernate.SQL - 
    select
        u1_0.id,
        u1_0.created_at,
        u1_0.email,
        u1_0.full_name,
        u1_0.is_active,
        u1_0.organization_id,
        u1_0.password,
        u1_0.requires_password_change,
        u1_0.role,
        u1_0.updated_at,
        u1_0.username 
    from
        users u1_0 
    where
        u1_0.id=?
2025-12-14 23:53:22.330 [http-nio-8040-exec-6] TRACE org.hibernate.orm.jdbc.bind - binding parameter (1:BIGINT) <- [33]
2025-12-14 23:53:22.331 [http-nio-8040-exec-6] DEBUG org.hibernate.SQL - 
    select
        u1_0.id,
        u1_0.created_at,
        u1_0.email,
        u1_0.full_name,
        u1_0.is_active,
        u1_0.organization_id,
        u1_0.password,
        u1_0.requires_password_change,
        u1_0.role,
        u1_0.updated_at,
        u1_0.username 
    from
        users u1_0 
    where
        u1_0.id=?
2025-12-14 23:53:22.331 [http-nio-8040-exec-6] TRACE org.hibernate.orm.jdbc.bind - binding parameter (1:BIGINT) <- [37]
2025-12-14 23:53:22.332 [http-nio-8040-exec-6] DEBUG org.hibernate.SQL - 
    select
        u1_0.id,
        u1_0.created_at,
        u1_0.email,
        u1_0.full_name,
        u1_0.is_active,
        u1_0.organization_id,
        u1_0.password,
        u1_0.requires_password_change,
        u1_0.role,
        u1_0.updated_at,
        u1_0.username 
    from
        users u1_0 
    where
        u1_0.id=?
2025-12-14 23:53:22.332 [http-nio-8040-exec-6] TRACE org.hibernate.orm.jdbc.bind - binding parameter (1:BIGINT) <- [32]
2025-12-14 23:53:22.333 [http-nio-8040-exec-6] DEBUG org.hibernate.SQL - 
    select
        u1_0.id,
        u1_0.created_at,
        u1_0.email,
        u1_0.full_name,
        u1_0.is_active,
        u1_0.organization_id,
        u1_0.password,
        u1_0.requires_password_change,
        u1_0.role,
        u1_0.updated_at,
        u1_0.username 
    from
        users u1_0 
    where
        u1_0.id=?
2025-12-14 23:53:22.333 [http-nio-8040-exec-6] TRACE org.hibernate.orm.jdbc.bind - binding parameter (1:BIGINT) <- [36]
2025-12-14 23:53:22.333 [http-nio-8040-exec-6] DEBUG org.hibernate.SQL - 
    select
        u1_0.id,
        u1_0.created_at,
        u1_0.email,
        u1_0.full_name,
        u1_0.is_active,
        u1_0.organization_id,
        u1_0.password,
        u1_0.requires_password_change,
        u1_0.role,
        u1_0.updated_at,
        u1_0.username 
    from
        users u1_0 
    where
        u1_0.id=?
2025-12-14 23:53:22.333 [http-nio-8040-exec-6] TRACE org.hibernate.orm.jdbc.bind - binding parameter (1:BIGINT) <- [40]
2025-12-14 23:53:22.335 [http-nio-8040-exec-6] DEBUG org.hibernate.SQL - 
    select
        u1_0.id,
        u1_0.created_at,
        u1_0.email,
        u1_0.full_name,
        u1_0.is_active,
        u1_0.organization_id,
        u1_0.password,
        u1_0.requires_password_change,
        u1_0.role,
        u1_0.updated_at,
        u1_0.username 
    from
        users u1_0 
    where
        u1_0.id=?
2025-12-14 23:53:22.335 [http-nio-8040-exec-6] TRACE org.hibernate.orm.jdbc.bind - binding parameter (1:BIGINT) <- [44]
2025-12-14 23:53:22.336 [http-nio-8040-exec-6] DEBUG org.hibernate.SQL - 
    select
        u1_0.id,
        u1_0.created_at,
        u1_0.email,
        u1_0.full_name,
        u1_0.is_active,
        u1_0.organization_id,
        u1_0.password,
        u1_0.requires_password_change,
        u1_0.role,
        u1_0.updated_at,
        u1_0.username 
    from
        users u1_0 
    where
        u1_0.id=?
2025-12-14 23:53:22.337 [http-nio-8040-exec-6] TRACE org.hibernate.orm.jdbc.bind - binding parameter (1:BIGINT) <- [45]
2025-12-14 23:53:22.337 [http-nio-8040-exec-6] DEBUG org.hibernate.SQL - 
    select
        u1_0.id,
        u1_0.created_at,
        u1_0.email,
        u1_0.full_name,
        u1_0.is_active,
        u1_0.organization_id,
        u1_0.password,
        u1_0.requires_password_change,
        u1_0.role,
        u1_0.updated_at,
        u1_0.username 
    from
        users u1_0 
    where
        u1_0.id=?
2025-12-14 23:53:22.337 [http-nio-8040-exec-6] TRACE org.hibernate.orm.jdbc.bind - binding parameter (1:BIGINT) <- [46]
2025-12-14 23:53:22.338 [http-nio-8040-exec-6] DEBUG org.hibernate.SQL - 
    select
        u1_0.id,
        u1_0.created_at,
        u1_0.email,
        u1_0.full_name,
        u1_0.is_active,
        u1_0.organization_id,
        u1_0.password,
        u1_0.requires_password_change,
        u1_0.role,
        u1_0.updated_at,
        u1_0.username 
    from
        users u1_0 
    where
        u1_0.id=?
2025-12-14 23:53:22.338 [http-nio-8040-exec-6] TRACE org.hibernate.orm.jdbc.bind - binding parameter (1:BIGINT) <- [47]
2025-12-14 23:53:22.340 [http-nio-8040-exec-6] DEBUG org.hibernate.SQL - 
    select
        u1_0.id,
        u1_0.created_at,
        u1_0.email,
        u1_0.full_name,
        u1_0.is_active,
        u1_0.organization_id,
        u1_0.password,
        u1_0.requires_password_change,
        u1_0.role,
        u1_0.updated_at,
        u1_0.username 
    from
        users u1_0 
    where
        u1_0.id=?
2025-12-14 23:53:22.340 [http-nio-8040-exec-6] TRACE org.hibernate.orm.jdbc.bind - binding parameter (1:BIGINT) <- [48]
2025-12-14 23:53:22.341 [http-nio-8040-exec-6] DEBUG org.hibernate.SQL - 
    select
        u1_0.id,
        u1_0.created_at,
        u1_0.email,
        u1_0.full_name,
        u1_0.is_active,
        u1_0.organization_id,
        u1_0.password,
        u1_0.requires_password_change,
        u1_0.role,
        u1_0.updated_at,
        u1_0.username 
    from
        users u1_0 
    where
        u1_0.id=?
2025-12-14 23:53:22.341 [http-nio-8040-exec-6] TRACE org.hibernate.orm.jdbc.bind - binding parameter (1:BIGINT) <- [49]
2025-12-14 23:53:22.341 [http-nio-8040-exec-6] DEBUG org.hibernate.SQL - 
    select
        u1_0.id,
        u1_0.created_at,
        u1_0.email,
        u1_0.full_name,
        u1_0.is_active,
        u1_0.organization_id,
        u1_0.password,
        u1_0.requires_password_change,
        u1_0.role,
        u1_0.updated_at,
        u1_0.username 
    from
        users u1_0 
    where
        u1_0.id=?
2025-12-14 23:53:22.342 [http-nio-8040-exec-6] TRACE org.hibernate.orm.jdbc.bind - binding parameter (1:BIGINT) <- [50]
2025-12-14 23:53:22.342 [http-nio-8040-exec-6] DEBUG org.hibernate.SQL - 
    select
        u1_0.id,
        u1_0.created_at,
        u1_0.email,
        u1_0.full_name,
        u1_0.is_active,
        u1_0.organization_id,
        u1_0.password,
        u1_0.requires_password_change,
        u1_0.role,
        u1_0.updated_at,
        u1_0.username 
    from
        users u1_0 
    where
        u1_0.id=?
2025-12-14 23:53:22.343 [http-nio-8040-exec-6] TRACE org.hibernate.orm.jdbc.bind - binding parameter (1:BIGINT) <- [51]
2025-12-14 23:53:22.343 [http-nio-8040-exec-6] DEBUG org.hibernate.SQL - 
    select
        u1_0.id,
        u1_0.created_at,
        u1_0.email,
        u1_0.full_name,
        u1_0.is_active,
        u1_0.organization_id,
        u1_0.password,
        u1_0.requires_password_change,
        u1_0.role,
        u1_0.updated_at,
        u1_0.username 
    from
        users u1_0 
    where
        u1_0.id=?
2025-12-14 23:53:22.344 [http-nio-8040-exec-6] TRACE org.hibernate.orm.jdbc.bind - binding parameter (1:BIGINT) <- [52]
2025-12-14 23:53:22.344 [http-nio-8040-exec-6] DEBUG org.hibernate.SQL - 
    select
        u1_0.id,
        u1_0.created_at,
        u1_0.email,
        u1_0.full_name,
        u1_0.is_active,
        u1_0.organization_id,
        u1_0.password,
        u1_0.requires_password_change,
        u1_0.role,
        u1_0.updated_at,
        u1_0.username 
    from
        users u1_0 
    where
        u1_0.id=?
2025-12-14 23:53:22.344 [http-nio-8040-exec-6] TRACE org.hibernate.orm.jdbc.bind - binding parameter (1:BIGINT) <- [53]
2025-12-14 23:53:22.345 [http-nio-8040-exec-6] DEBUG org.hibernate.SQL - 
    select
        u1_0.id,
        u1_0.created_at,
        u1_0.email,
        u1_0.full_name,
        u1_0.is_active,
        u1_0.organization_id,
        u1_0.password,
        u1_0.requires_password_change,
        u1_0.role,
        u1_0.updated_at,
        u1_0.username 
    from
        users u1_0 
    where
        u1_0.id=?
2025-12-14 23:53:22.345 [http-nio-8040-exec-6] TRACE org.hibernate.orm.jdbc.bind - binding parameter (1:BIGINT) <- [54]
2025-12-14 23:53:22.346 [http-nio-8040-exec-6] DEBUG org.hibernate.SQL - 
    select
        u1_0.id,
        u1_0.created_at,
        u1_0.email,
        u1_0.full_name,
        u1_0.is_active,
        u1_0.organization_id,
        u1_0.password,
        u1_0.requires_password_change,
        u1_0.role,
        u1_0.updated_at,
        u1_0.username 
    from
        users u1_0 
    where
        u1_0.id=?
2025-12-14 23:53:22.346 [http-nio-8040-exec-6] TRACE org.hibernate.orm.jdbc.bind - binding parameter (1:BIGINT) <- [55]
2025-12-14 23:53:22.346 [http-nio-8040-exec-6] DEBUG org.hibernate.SQL - 
    select
        u1_0.id,
        u1_0.created_at,
        u1_0.email,
        u1_0.full_name,
        u1_0.is_active,
        u1_0.organization_id,
        u1_0.password,
        u1_0.requires_password_change,
        u1_0.role,
        u1_0.updated_at,
        u1_0.username 
    from
        users u1_0 
    where
        u1_0.id=?
2025-12-14 23:53:22.346 [http-nio-8040-exec-6] TRACE org.hibernate.orm.jdbc.bind - binding parameter (1:BIGINT) <- [56]
2025-12-14 23:53:22.347 [http-nio-8040-exec-6] DEBUG org.hibernate.SQL - 
    select
        u1_0.id,
        u1_0.created_at,
        u1_0.email,
        u1_0.full_name,
        u1_0.is_active,
        u1_0.organization_id,
        u1_0.password,
        u1_0.requires_password_change,
        u1_0.role,
        u1_0.updated_at,
        u1_0.username 
    from
        users u1_0 
    where
        u1_0.id=?
2025-12-14 23:53:22.347 [http-nio-8040-exec-6] TRACE org.hibernate.orm.jdbc.bind - binding parameter (1:BIGINT) <- [57]
2025-12-14 23:53:22.347 [http-nio-8040-exec-6] DEBUG org.hibernate.SQL - 
    select
        u1_0.id,
        u1_0.created_at,
        u1_0.email,
        u1_0.full_name,
        u1_0.is_active,
        u1_0.organization_id,
        u1_0.password,
        u1_0.requires_password_change,
        u1_0.role,
        u1_0.updated_at,
        u1_0.username 
    from
        users u1_0 
    where
        u1_0.id=?
2025-12-14 23:53:22.349 [http-nio-8040-exec-6] TRACE org.hibernate.orm.jdbc.bind - binding parameter (1:BIGINT) <- [58]
2025-12-14 23:53:22.349 [http-nio-8040-exec-6] DEBUG org.hibernate.SQL - 
    select
        u1_0.id,
        u1_0.created_at,
        u1_0.email,
        u1_0.full_name,
        u1_0.is_active,
        u1_0.organization_id,
        u1_0.password,
        u1_0.requires_password_change,
        u1_0.role,
        u1_0.updated_at,
        u1_0.username 
    from
        users u1_0 
    where
        u1_0.id=?
2025-12-14 23:53:22.349 [http-nio-8040-exec-6] TRACE org.hibernate.orm.jdbc.bind - binding parameter (1:BIGINT) <- [59]
2025-12-14 23:53:22.350 [http-nio-8040-exec-6] DEBUG org.hibernate.SQL - 
    select
        u1_0.id,
        u1_0.created_at,
        u1_0.email,
        u1_0.full_name,
        u1_0.is_active,
        u1_0.organization_id,
        u1_0.password,
        u1_0.requires_password_change,
        u1_0.role,
        u1_0.updated_at,
        u1_0.username 
    from
        users u1_0 
    where
        u1_0.id=?
2025-12-14 23:53:22.350 [http-nio-8040-exec-6] TRACE org.hibernate.orm.jdbc.bind - binding parameter (1:BIGINT) <- [60]
2025-12-14 23:53:22.350 [http-nio-8040-exec-6] DEBUG org.hibernate.SQL - 
    select
        u1_0.id,
        u1_0.created_at,
        u1_0.email,
        u1_0.full_name,
        u1_0.is_active,
        u1_0.organization_id,
        u1_0.password,
        u1_0.requires_password_change,
        u1_0.role,
        u1_0.updated_at,
        u1_0.username 
    from
        users u1_0 
    where
        u1_0.id=?
2025-12-14 23:53:22.350 [http-nio-8040-exec-6] TRACE org.hibernate.orm.jdbc.bind - binding parameter (1:BIGINT) <- [61]
2025-12-14 23:53:22.352 [http-nio-8040-exec-6] DEBUG org.hibernate.SQL - 
    select
        u1_0.id,
        u1_0.created_at,
        u1_0.email,
        u1_0.full_name,
        u1_0.is_active,
        u1_0.organization_id,
        u1_0.password,
        u1_0.requires_password_change,
        u1_0.role,
        u1_0.updated_at,
        u1_0.username 
    from
        users u1_0 
    where
        u1_0.id=?
2025-12-14 23:53:22.352 [http-nio-8040-exec-6] TRACE org.hibernate.orm.jdbc.bind - binding parameter (1:BIGINT) <- [62]
2025-12-14 23:53:22.353 [http-nio-8040-exec-6] DEBUG org.hibernate.SQL - 
    select
        u1_0.id,
        u1_0.created_at,
        u1_0.email,
        u1_0.full_name,
        u1_0.is_active,
        u1_0.organization_id,
        u1_0.password,
        u1_0.requires_password_change,
        u1_0.role,
        u1_0.updated_at,
        u1_0.username 
    from
        users u1_0 
    where
        u1_0.id=?
2025-12-14 23:53:22.354 [http-nio-8040-exec-6] TRACE org.hibernate.orm.jdbc.bind - binding parameter (1:BIGINT) <- [63]
2025-12-14 23:53:22.355 [http-nio-8040-exec-6] DEBUG org.hibernate.SQL - 
    select
        u1_0.id,
        u1_0.created_at,
        u1_0.email,
        u1_0.full_name,
        u1_0.is_active,
        u1_0.organization_id,
        u1_0.password,
        u1_0.requires_password_change,
        u1_0.role,
        u1_0.updated_at,
        u1_0.username 
    from
        users u1_0 
    where
        u1_0.id=?
2025-12-14 23:53:22.355 [http-nio-8040-exec-6] TRACE org.hibernate.orm.jdbc.bind - binding parameter (1:BIGINT) <- [64]
2025-12-14 23:53:22.356 [http-nio-8040-exec-6] DEBUG org.hibernate.SQL - 
    select
        u1_0.id,
        u1_0.created_at,
        u1_0.email,
        u1_0.full_name,
        u1_0.is_active,
        u1_0.organization_id,
        u1_0.password,
        u1_0.requires_password_change,
        u1_0.role,
        u1_0.updated_at,
        u1_0.username 
    from
        users u1_0 
    where
        u1_0.id=?
2025-12-14 23:53:22.356 [http-nio-8040-exec-6] TRACE org.hibernate.orm.jdbc.bind - binding parameter (1:BIGINT) <- [65]
2025-12-14 23:53:22.356 [http-nio-8040-exec-6] DEBUG org.hibernate.SQL - 
    select
        u1_0.id,
        u1_0.created_at,
        u1_0.email,
        u1_0.full_name,
        u1_0.is_active,
        u1_0.organization_id,
        u1_0.password,
        u1_0.requires_password_change,
        u1_0.role,
        u1_0.updated_at,
        u1_0.username 
    from
        users u1_0 
    where
        u1_0.id=?
2025-12-14 23:53:22.356 [http-nio-8040-exec-6] TRACE org.hibernate.orm.jdbc.bind - binding parameter (1:BIGINT) <- [66]
2025-12-14 23:53:22.357 [http-nio-8040-exec-6] DEBUG org.hibernate.SQL - 
    select
        u1_0.id,
        u1_0.created_at,
        u1_0.email,
        u1_0.full_name,
        u1_0.is_active,
        u1_0.organization_id,
        u1_0.password,
        u1_0.requires_password_change,
        u1_0.role,
        u1_0.updated_at,
        u1_0.username 
    from
        users u1_0 
    where
        u1_0.id=?
2025-12-14 23:53:22.357 [http-nio-8040-exec-6] TRACE org.hibernate.orm.jdbc.bind - binding parameter (1:BIGINT) <- [67]
2025-12-14 23:53:22.359 [http-nio-8040-exec-6] DEBUG org.hibernate.SQL - 
    select
        u1_0.id,
        u1_0.created_at,
        u1_0.email,
        u1_0.full_name,
        u1_0.is_active,
        u1_0.organization_id,
        u1_0.password,
        u1_0.requires_password_change,
        u1_0.role,
        u1_0.updated_at,
        u1_0.username 
    from
        users u1_0 
    where
        u1_0.id=?
2025-12-14 23:53:22.359 [http-nio-8040-exec-6] TRACE org.hibernate.orm.jdbc.bind - binding parameter (1:BIGINT) <- [68]
2025-12-14 23:53:22.359 [http-nio-8040-exec-6] DEBUG org.hibernate.SQL - 
    select
        u1_0.id,
        u1_0.created_at,
        u1_0.email,
        u1_0.full_name,
        u1_0.is_active,
        u1_0.organization_id,
        u1_0.password,
        u1_0.requires_password_change,
        u1_0.role,
        u1_0.updated_at,
        u1_0.username 
    from
        users u1_0 
    where
        u1_0.id=?
2025-12-14 23:53:22.360 [http-nio-8040-exec-6] TRACE org.hibernate.orm.jdbc.bind - binding parameter (1:BIGINT) <- [69]
2025-12-14 23:53:22.361 [http-nio-8040-exec-6] DEBUG org.hibernate.SQL - 
    select
        u1_0.id,
        u1_0.created_at,
        u1_0.email,
        u1_0.full_name,
        u1_0.is_active,
        u1_0.organization_id,
        u1_0.password,
        u1_0.requires_password_change,
        u1_0.role,
        u1_0.updated_at,
        u1_0.username 
    from
        users u1_0 
    where
        u1_0.id=?
2025-12-14 23:53:22.361 [http-nio-8040-exec-6] TRACE org.hibernate.orm.jdbc.bind - binding parameter (1:BIGINT) <- [70]
2025-12-14 23:53:22.361 [http-nio-8040-exec-6] DEBUG org.hibernate.SQL - 
    select
        u1_0.id,
        u1_0.created_at,
        u1_0.email,
        u1_0.full_name,
        u1_0.is_active,
        u1_0.organization_id,
        u1_0.password,
        u1_0.requires_password_change,
        u1_0.role,
        u1_0.updated_at,
        u1_0.username 
    from
        users u1_0 
    where
        u1_0.id=?
2025-12-14 23:53:22.362 [http-nio-8040-exec-6] TRACE org.hibernate.orm.jdbc.bind - binding parameter (1:BIGINT) <- [71]
2025-12-14 23:53:22.362 [http-nio-8040-exec-6] DEBUG org.hibernate.SQL - 
    select
        u1_0.id,
        u1_0.created_at,
        u1_0.email,
        u1_0.full_name,
        u1_0.is_active,
        u1_0.organization_id,
        u1_0.password,
        u1_0.requires_password_change,
        u1_0.role,
        u1_0.updated_at,
        u1_0.username 
    from
        users u1_0 
    where
        u1_0.id=?
2025-12-14 23:53:22.362 [http-nio-8040-exec-6] TRACE org.hibernate.orm.jdbc.bind - binding parameter (1:BIGINT) <- [72]
2025-12-14 23:53:22.364 [http-nio-8040-exec-6] DEBUG org.hibernate.SQL - 
    select
        u1_0.id,
        u1_0.created_at,
        u1_0.email,
        u1_0.full_name,
        u1_0.is_active,
        u1_0.organization_id,
        u1_0.password,
        u1_0.requires_password_change,
        u1_0.role,
        u1_0.updated_at,
        u1_0.username 
    from
        users u1_0 
    where
        u1_0.id=?
2025-12-14 23:53:22.364 [http-nio-8040-exec-6] TRACE org.hibernate.orm.jdbc.bind - binding parameter (1:BIGINT) <- [73]
2025-12-14 23:53:22.365 [http-nio-8040-exec-6] DEBUG org.hibernate.SQL - 
    select
        u1_0.id,
        u1_0.created_at,
        u1_0.email,
        u1_0.full_name,
        u1_0.is_active,
        u1_0.organization_id,
        u1_0.password,
        u1_0.requires_password_change,
        u1_0.role,
        u1_0.updated_at,
        u1_0.username 
    from
        users u1_0 
    where
        u1_0.id=?
2025-12-14 23:53:22.365 [http-nio-8040-exec-6] TRACE org.hibernate.orm.jdbc.bind - binding parameter (1:BIGINT) <- [74]
2025-12-14 23:53:22.366 [http-nio-8040-exec-6] DEBUG org.hibernate.SQL - 
    select
        u1_0.id,
        u1_0.created_at,
        u1_0.email,
        u1_0.full_name,
        u1_0.is_active,
        u1_0.organization_id,
        u1_0.password,
        u1_0.requires_password_change,
        u1_0.role,
        u1_0.updated_at,
        u1_0.username 
    from
        users u1_0 
    where
        u1_0.id=?
2025-12-14 23:53:22.366 [http-nio-8040-exec-6] TRACE org.hibernate.orm.jdbc.bind - binding parameter (1:BIGINT) <- [75]
2025-12-14 23:53:22.366 [http-nio-8040-exec-6] DEBUG org.hibernate.SQL - 
    select
        u1_0.id,
        u1_0.created_at,
        u1_0.email,
        u1_0.full_name,
        u1_0.is_active,
        u1_0.organization_id,
        u1_0.password,
        u1_0.requires_password_change,
        u1_0.role,
        u1_0.updated_at,
        u1_0.username 
    from
        users u1_0 
    where
        u1_0.id=?
2025-12-14 23:53:22.367 [http-nio-8040-exec-6] TRACE org.hibernate.orm.jdbc.bind - binding parameter (1:BIGINT) <- [76]
2025-12-14 23:53:22.367 [http-nio-8040-exec-6] DEBUG org.hibernate.SQL - 
    select
        u1_0.id,
        u1_0.created_at,
        u1_0.email,
        u1_0.full_name,
        u1_0.is_active,
        u1_0.organization_id,
        u1_0.password,
        u1_0.requires_password_change,
        u1_0.role,
        u1_0.updated_at,
        u1_0.username 
    from
        users u1_0 
    where
        u1_0.id=?
2025-12-14 23:53:22.367 [http-nio-8040-exec-6] TRACE org.hibernate.orm.jdbc.bind - binding parameter (1:BIGINT) <- [77]
2025-12-14 23:53:22.368 [http-nio-8040-exec-6] DEBUG org.hibernate.SQL - 
    select
        u1_0.id,
        u1_0.created_at,
        u1_0.email,
        u1_0.full_name,
        u1_0.is_active,
        u1_0.organization_id,
        u1_0.password,
        u1_0.requires_password_change,
        u1_0.role,
        u1_0.updated_at,
        u1_0.username 
    from
        users u1_0 
    where
        u1_0.id=?
2025-12-14 23:53:22.368 [http-nio-8040-exec-6] TRACE org.hibernate.orm.jdbc.bind - binding parameter (1:BIGINT) <- [78]
2025-12-14 23:53:22.369 [http-nio-8040-exec-6] DEBUG org.hibernate.SQL - 
    select
        u1_0.id,
        u1_0.created_at,
        u1_0.email,
        u1_0.full_name,
        u1_0.is_active,
        u1_0.organization_id,
        u1_0.password,
        u1_0.requires_password_change,
        u1_0.role,
        u1_0.updated_at,
        u1_0.username 
    from
        users u1_0 
    where
        u1_0.id=?
2025-12-14 23:53:22.369 [http-nio-8040-exec-6] TRACE org.hibernate.orm.jdbc.bind - binding parameter (1:BIGINT) <- [79]
2025-12-14 23:53:22.370 [http-nio-8040-exec-6] DEBUG org.hibernate.SQL - 
    select
        u1_0.id,
        u1_0.created_at,
        u1_0.email,
        u1_0.full_name,
        u1_0.is_active,
        u1_0.organization_id,
        u1_0.password,
        u1_0.requires_password_change,
        u1_0.role,
        u1_0.updated_at,
        u1_0.username 
    from
        users u1_0 
    where
        u1_0.id=?
2025-12-14 23:53:22.370 [http-nio-8040-exec-6] TRACE org.hibernate.orm.jdbc.bind - binding parameter (1:BIGINT) <- [80]
2025-12-14 23:53:22.371 [http-nio-8040-exec-6] DEBUG org.hibernate.SQL - 
    select
        u1_0.id,
        u1_0.created_at,
        u1_0.email,
        u1_0.full_name,
        u1_0.is_active,
        u1_0.organization_id,
        u1_0.password,
        u1_0.requires_password_change,
        u1_0.role,
        u1_0.updated_at,
        u1_0.username 
    from
        users u1_0 
    where
        u1_0.id=?
2025-12-14 23:53:22.371 [http-nio-8040-exec-6] TRACE org.hibernate.orm.jdbc.bind - binding parameter (1:BIGINT) <- [81]
2025-12-14 23:53:22.371 [http-nio-8040-exec-6] DEBUG org.hibernate.SQL - 
    select
        u1_0.id,
        u1_0.created_at,
        u1_0.email,
        u1_0.full_name,
        u1_0.is_active,
        u1_0.organization_id,
        u1_0.password,
        u1_0.requires_password_change,
        u1_0.role,
        u1_0.updated_at,
        u1_0.username 
    from
        users u1_0 
    where
        u1_0.id=?
2025-12-14 23:53:22.371 [http-nio-8040-exec-6] TRACE org.hibernate.orm.jdbc.bind - binding parameter (1:BIGINT) <- [82]
2025-12-14 23:53:22.373 [http-nio-8040-exec-6] DEBUG org.hibernate.SQL - 
    select
        u1_0.id,
        u1_0.created_at,
        u1_0.email,
        u1_0.full_name,
        u1_0.is_active,
        u1_0.organization_id,
        u1_0.password,
        u1_0.requires_password_change,
        u1_0.role,
        u1_0.updated_at,
        u1_0.username 
    from
        users u1_0 
    where
        u1_0.id=?
2025-12-14 23:53:22.373 [http-nio-8040-exec-6] TRACE org.hibernate.orm.jdbc.bind - binding parameter (1:BIGINT) <- [83]
2025-12-14 23:53:22.373 [http-nio-8040-exec-6] DEBUG org.hibernate.SQL - 
    select
        u1_0.id,
        u1_0.created_at,
        u1_0.email,
        u1_0.full_name,
        u1_0.is_active,
        u1_0.organization_id,
        u1_0.password,
        u1_0.requires_password_change,
        u1_0.role,
        u1_0.updated_at,
        u1_0.username 
    from
        users u1_0 
    where
        u1_0.id=?
2025-12-14 23:53:22.373 [http-nio-8040-exec-6] TRACE org.hibernate.orm.jdbc.bind - binding parameter (1:BIGINT) <- [84]
2025-12-14 23:53:22.375 [http-nio-8040-exec-6] DEBUG org.hibernate.SQL - 
    select
        u1_0.id,
        u1_0.created_at,
        u1_0.email,
        u1_0.full_name,
        u1_0.is_active,
        u1_0.organization_id,
        u1_0.password,
        u1_0.requires_password_change,
        u1_0.role,
        u1_0.updated_at,
        u1_0.username 
    from
        users u1_0 
    where
        u1_0.id=?
2025-12-14 23:53:22.375 [http-nio-8040-exec-6] TRACE org.hibernate.orm.jdbc.bind - binding parameter (1:BIGINT) <- [85]
2025-12-14 23:53:22.375 [http-nio-8040-exec-6] DEBUG org.hibernate.SQL - 
    select
        u1_0.id,
        u1_0.created_at,
        u1_0.email,
        u1_0.full_name,
        u1_0.is_active,
        u1_0.organization_id,
        u1_0.password,
        u1_0.requires_password_change,
        u1_0.role,
        u1_0.updated_at,
        u1_0.username 
    from
        users u1_0 
    where
        u1_0.id=?
2025-12-14 23:53:22.376 [http-nio-8040-exec-6] TRACE org.hibernate.orm.jdbc.bind - binding parameter (1:BIGINT) <- [86]
2025-12-14 23:53:22.377 [http-nio-8040-exec-6] DEBUG org.hibernate.SQL - 
    select
        u1_0.id,
        u1_0.created_at,
        u1_0.email,
        u1_0.full_name,
        u1_0.is_active,
        u1_0.organization_id,
        u1_0.password,
        u1_0.requires_password_change,
        u1_0.role,
        u1_0.updated_at,
        u1_0.username 
    from
        users u1_0 
    where
        u1_0.id=?
2025-12-14 23:53:22.377 [http-nio-8040-exec-6] TRACE org.hibernate.orm.jdbc.bind - binding parameter (1:BIGINT) <- [87]
2025-12-14 23:53:22.377 [http-nio-8040-exec-6] DEBUG org.hibernate.SQL - 
    select
        u1_0.id,
        u1_0.created_at,
        u1_0.email,
        u1_0.full_name,
        u1_0.is_active,
        u1_0.organization_id,
        u1_0.password,
        u1_0.requires_password_change,
        u1_0.role,
        u1_0.updated_at,
        u1_0.username 
    from
        users u1_0 
    where
        u1_0.id=?
2025-12-14 23:53:22.377 [http-nio-8040-exec-6] TRACE org.hibernate.orm.jdbc.bind - binding parameter (1:BIGINT) <- [88]
2025-12-14 23:53:22.379 [http-nio-8040-exec-6] DEBUG org.hibernate.SQL - 
    select
        u1_0.id,
        u1_0.created_at,
        u1_0.email,
        u1_0.full_name,
        u1_0.is_active,
        u1_0.organization_id,
        u1_0.password,
        u1_0.requires_password_change,
        u1_0.role,
        u1_0.updated_at,
        u1_0.username 
    from
        users u1_0 
    where
        u1_0.id=?
2025-12-14 23:53:22.379 [http-nio-8040-exec-6] TRACE org.hibernate.orm.jdbc.bind - binding parameter (1:BIGINT) <- [89]
2025-12-14 23:53:22.380 [http-nio-8040-exec-6] DEBUG org.hibernate.SQL - 
    select
        u1_0.id,
        u1_0.created_at,
        u1_0.email,
        u1_0.full_name,
        u1_0.is_active,
        u1_0.organization_id,
        u1_0.password,
        u1_0.requires_password_change,
        u1_0.role,
        u1_0.updated_at,
        u1_0.username 
    from
        users u1_0 
    where
        u1_0.id=?
2025-12-14 23:53:22.380 [http-nio-8040-exec-6] TRACE org.hibernate.orm.jdbc.bind - binding parameter (1:BIGINT) <- [90]
2025-12-14 23:53:22.380 [http-nio-8040-exec-6] DEBUG org.hibernate.SQL - 
    select
        u1_0.id,
        u1_0.created_at,
        u1_0.email,
        u1_0.full_name,
        u1_0.is_active,
        u1_0.organization_id,
        u1_0.password,
        u1_0.requires_password_change,
        u1_0.role,
        u1_0.updated_at,
        u1_0.username 
    from
        users u1_0 
    where
        u1_0.id=?
2025-12-14 23:53:22.381 [http-nio-8040-exec-6] TRACE org.hibernate.orm.jdbc.bind - binding parameter (1:BIGINT) <- [91]
2025-12-14 23:53:22.382 [http-nio-8040-exec-6] DEBUG org.hibernate.SQL - 
    select
        u1_0.id,
        u1_0.created_at,
        u1_0.email,
        u1_0.full_name,
        u1_0.is_active,
        u1_0.organization_id,
        u1_0.password,
        u1_0.requires_password_change,
        u1_0.role,
        u1_0.updated_at,
        u1_0.username 
    from
        users u1_0 
    where
        u1_0.id=?
2025-12-14 23:53:22.382 [http-nio-8040-exec-6] TRACE org.hibernate.orm.jdbc.bind - binding parameter (1:BIGINT) <- [92]
2025-12-14 23:53:22.383 [http-nio-8040-exec-6] DEBUG org.hibernate.SQL - 
    select
        u1_0.id,
        u1_0.created_at,
        u1_0.email,
        u1_0.full_name,
        u1_0.is_active,
        u1_0.organization_id,
        u1_0.password,
        u1_0.requires_password_change,
        u1_0.role,
        u1_0.updated_at,
        u1_0.username 
    from
        users u1_0 
    where
        u1_0.id=?
2025-12-14 23:53:22.383 [http-nio-8040-exec-6] TRACE org.hibernate.orm.jdbc.bind - binding parameter (1:BIGINT) <- [93]
2025-12-14 23:53:22.384 [http-nio-8040-exec-6] DEBUG org.hibernate.SQL - 
    select
        u1_0.id,
        u1_0.created_at,
        u1_0.email,
        u1_0.full_name,
        u1_0.is_active,
        u1_0.organization_id,
        u1_0.password,
        u1_0.requires_password_change,
        u1_0.role,
        u1_0.updated_at,
        u1_0.username 
    from
        users u1_0 
    where
        u1_0.id=?
2025-12-14 23:53:22.384 [http-nio-8040-exec-6] TRACE org.hibernate.orm.jdbc.bind - binding parameter (1:BIGINT) <- [94]
2025-12-14 23:53:22.385 [http-nio-8040-exec-6] DEBUG org.hibernate.SQL - 
    select
        u1_0.id,
        u1_0.created_at,
        u1_0.email,
        u1_0.full_name,
        u1_0.is_active,
        u1_0.organization_id,
        u1_0.password,
        u1_0.requires_password_change,
        u1_0.role,
        u1_0.updated_at,
        u1_0.username 
    from
        users u1_0 
    where
        u1_0.id=?
2025-12-14 23:53:22.385 [http-nio-8040-exec-6] TRACE org.hibernate.orm.jdbc.bind - binding parameter (1:BIGINT) <- [95]
2025-12-14 23:53:22.386 [http-nio-8040-exec-6] DEBUG org.hibernate.SQL - 
    select
        u1_0.id,
        u1_0.created_at,
        u1_0.email,
        u1_0.full_name,
        u1_0.is_active,
        u1_0.organization_id,
        u1_0.password,
        u1_0.requires_password_change,
        u1_0.role,
        u1_0.updated_at,
        u1_0.username 
    from
        users u1_0 
    where
        u1_0.id=?
2025-12-14 23:53:22.386 [http-nio-8040-exec-6] TRACE org.hibernate.orm.jdbc.bind - binding parameter (1:BIGINT) <- [96]
2025-12-14 23:53:22.387 [http-nio-8040-exec-6] DEBUG org.hibernate.SQL - 
    select
        u1_0.id,
        u1_0.created_at,
        u1_0.email,
        u1_0.full_name,
        u1_0.is_active,
        u1_0.organization_id,
        u1_0.password,
        u1_0.requires_password_change,
        u1_0.role,
        u1_0.updated_at,
        u1_0.username 
    from
        users u1_0 
    where
        u1_0.id=?
2025-12-14 23:53:22.387 [http-nio-8040-exec-6] TRACE org.hibernate.orm.jdbc.bind - binding parameter (1:BIGINT) <- [97]
2025-12-14 23:53:22.387 [http-nio-8040-exec-6] DEBUG org.hibernate.SQL - 
    select
        u1_0.id,
        u1_0.created_at,
        u1_0.email,
        u1_0.full_name,
        u1_0.is_active,
        u1_0.organization_id,
        u1_0.password,
        u1_0.requires_password_change,
        u1_0.role,
        u1_0.updated_at,
        u1_0.username 
    from
        users u1_0 
    where
        u1_0.id=?
2025-12-14 23:53:22.389 [http-nio-8040-exec-6] TRACE org.hibernate.orm.jdbc.bind - binding parameter (1:BIGINT) <- [98]
2025-12-14 23:53:22.389 [http-nio-8040-exec-6] DEBUG org.hibernate.SQL - 
    select
        u1_0.id,
        u1_0.created_at,
        u1_0.email,
        u1_0.full_name,
        u1_0.is_active,
        u1_0.organization_id,
        u1_0.password,
        u1_0.requires_password_change,
        u1_0.role,
        u1_0.updated_at,
        u1_0.username 
    from
        users u1_0 
    where
        u1_0.id=?
2025-12-14 23:53:22.389 [http-nio-8040-exec-6] TRACE org.hibernate.orm.jdbc.bind - binding parameter (1:BIGINT) <- [99]
2025-12-14 23:53:22.390 [http-nio-8040-exec-6] DEBUG org.hibernate.SQL - 
    select
        u1_0.id,
        u1_0.created_at,
        u1_0.email,
        u1_0.full_name,
        u1_0.is_active,
        u1_0.organization_id,
        u1_0.password,
        u1_0.requires_password_change,
        u1_0.role,
        u1_0.updated_at,
        u1_0.username 
    from
        users u1_0 
    where
        u1_0.id=?
2025-12-14 23:53:22.390 [http-nio-8040-exec-6] TRACE org.hibernate.orm.jdbc.bind - binding parameter (1:BIGINT) <- [100]
2025-12-14 23:53:22.391 [http-nio-8040-exec-6] DEBUG org.hibernate.SQL - 
    select
        u1_0.id,
        u1_0.created_at,
        u1_0.email,
        u1_0.full_name,
        u1_0.is_active,
        u1_0.organization_id,
        u1_0.password,
        u1_0.requires_password_change,
        u1_0.role,
        u1_0.updated_at,
        u1_0.username 
    from
        users u1_0 
    where
        u1_0.id=?
2025-12-14 23:53:22.391 [http-nio-8040-exec-6] TRACE org.hibernate.orm.jdbc.bind - binding parameter (1:BIGINT) <- [101]
2025-12-14 23:53:22.392 [http-nio-8040-exec-6] DEBUG org.hibernate.SQL - 
    select
        u1_0.id,
        u1_0.created_at,
        u1_0.email,
        u1_0.full_name,
        u1_0.is_active,
        u1_0.organization_id,
        u1_0.password,
        u1_0.requires_password_change,
        u1_0.role,
        u1_0.updated_at,
        u1_0.username 
    from
        users u1_0 
    where
        u1_0.id=?
2025-12-14 23:53:22.392 [http-nio-8040-exec-6] TRACE org.hibernate.orm.jdbc.bind - binding parameter (1:BIGINT) <- [102]
2025-12-14 23:53:22.393 [http-nio-8040-exec-6] DEBUG org.hibernate.SQL - 
    select
        u1_0.id,
        u1_0.created_at,
        u1_0.email,
        u1_0.full_name,
        u1_0.is_active,
        u1_0.organization_id,
        u1_0.password,
        u1_0.requires_password_change,
        u1_0.role,
        u1_0.updated_at,
        u1_0.username 
    from
        users u1_0 
    where
        u1_0.id=?
2025-12-14 23:53:22.393 [http-nio-8040-exec-6] TRACE org.hibernate.orm.jdbc.bind - binding parameter (1:BIGINT) <- [103]
2025-12-14 23:53:22.394 [http-nio-8040-exec-6] DEBUG org.hibernate.SQL - 
    select
        p1_0.payroll_batch_id,
        p1_0.id,
        p1_0.basic_salary,
        p1_0.created_at,
        p1_0.da,
        p1_0.employee_id,
        p1_0.hra,
        p1_0.net_salary_paid,
        p1_0.other_allowances,
        p1_0.pf_contribution,
        p1_0.processed_at,
        p1_0.status 
    from
        payroll_payments p1_0 
    where
        p1_0.payroll_batch_id=?
2025-12-14 23:53:22.394 [http-nio-8040-exec-6] TRACE org.hibernate.orm.jdbc.bind - binding parameter (1:BIGINT) <- [2]
2025-12-14 23:53:22.399 [http-nio-8040-exec-6] DEBUG org.hibernate.SQL - 
    select
        p1_0.payroll_batch_id,
        p1_0.id,
        p1_0.basic_salary,
        p1_0.created_at,
        p1_0.da,
        p1_0.employee_id,
        p1_0.hra,
        p1_0.net_salary_paid,
        p1_0.other_allowances,
        p1_0.pf_contribution,
        p1_0.processed_at,
        p1_0.status 
    from
        payroll_payments p1_0 
    where
        p1_0.payroll_batch_id=?
2025-12-14 23:53:22.399 [http-nio-8040-exec-6] TRACE org.hibernate.orm.jdbc.bind - binding parameter (1:BIGINT) <- [3]
2025-12-14 23:53:22.403 [http-nio-8040-exec-6] DEBUG org.hibernate.SQL - 
    select
        p1_0.payroll_batch_id,
        p1_0.id,
        p1_0.basic_salary,
        p1_0.created_at,
        p1_0.da,
        p1_0.employee_id,
        p1_0.hra,
        p1_0.net_salary_paid,
        p1_0.other_allowances,
        p1_0.pf_contribution,
        p1_0.processed_at,
        p1_0.status 
    from
        payroll_payments p1_0 
    where
        p1_0.payroll_batch_id=?
2025-12-14 23:53:22.404 [http-nio-8040-exec-6] TRACE org.hibernate.orm.jdbc.bind - binding parameter (1:BIGINT) <- [4]
2025-12-14 23:53:32.394 [http-nio-8040-exec-8] DEBUG org.hibernate.SQL - 
    select
        u1_0.id,
        u1_0.created_at,
        u1_0.email,
        u1_0.full_name,
        u1_0.is_active,
        u1_0.organization_id,
        u1_0.password,
        u1_0.requires_password_change,
        u1_0.role,
        u1_0.updated_at,
        u1_0.username 
    from
        users u1_0 
    where
        u1_0.username=?
2025-12-14 23:53:32.395 [http-nio-8040-exec-8] TRACE org.hibernate.orm.jdbc.bind - binding parameter (1:VARCHAR) <- [sony]
2025-12-14 23:53:32.399 [http-nio-8040-exec-8] INFO  c.a.p.controller.PayrollController - Request to get payroll history for org ID 1 with pagination: Page request [number: 0, size 10, sort: UNSORTED]
2025-12-14 23:53:32.402 [http-nio-8040-exec-8] DEBUG org.hibernate.SQL - 
    select
        u1_0.id,
        u1_0.created_at,
        u1_0.email,
        u1_0.full_name,
        u1_0.is_active,
        u1_0.organization_id,
        u1_0.password,
        u1_0.requires_password_change,
        u1_0.role,
        u1_0.updated_at,
        u1_0.username 
    from
        users u1_0 
    where
        u1_0.username=?
2025-12-14 23:53:32.402 [http-nio-8040-exec-8] TRACE org.hibernate.orm.jdbc.bind - binding parameter (1:VARCHAR) <- [sony]
2025-12-14 23:53:32.404 [http-nio-8040-exec-8] DEBUG org.hibernate.SQL - 
    select
        pb1_0.id,
        pb1_0.approved_by_user_id,
        pb1_0.created_at,
        pb1_0.organization_id,
        pb1_0.payroll_month,
        pb1_0.payroll_year,
        pb1_0.rejection_reason,
        pb1_0.status,
        pb1_0.submitted_by_user_id,
        pb1_0.total_amount,
        pb1_0.total_employees,
        pb1_0.transaction_id,
        pb1_0.updated_at 
    from
        payroll_batches pb1_0 
    left join
        organizations o1_0 
            on o1_0.id=pb1_0.organization_id 
    where
        o1_0.id=? 
    limit
        ?
2025-12-14 23:53:32.405 [http-nio-8040-exec-8] TRACE org.hibernate.orm.jdbc.bind - binding parameter (1:INTEGER) <- [1]
2025-12-14 23:53:32.405 [http-nio-8040-exec-8] TRACE org.hibernate.orm.jdbc.bind - binding parameter (2:INTEGER) <- [10]
2025-12-14 23:53:32.406 [http-nio-8040-exec-8] DEBUG org.hibernate.SQL - 
    select
        o1_0.id,
        o1_0.address,
        o1_0.bank_assigned_account_number,
        o1_0.company_name,
        o1_0.contact_email,
        o1_0.contact_phone,
        o1_0.created_at,
        o1_0.internal_balance,
        o1_0.logo_url,
        o1_0.rejection_reason,
        o1_0.status,
        o1_0.updated_at,
        e1_0.organization_id,
        e1_0.id,
        e1_0.created_at,
        e1_0.date_of_joining,
        e1_0.deletion_scheduled_at,
        e1_0.department,
        e1_0.employee_code,
        e1_0.is_active,
        e1_0.job_title,
        e1_0.profile_picture_url,
        e1_0.updated_at,
        e1_0.user_id 
    from
        organizations o1_0 
    left join
        employees e1_0 
            on o1_0.id=e1_0.organization_id 
    where
        o1_0.id=?
2025-12-14 23:53:32.407 [http-nio-8040-exec-8] TRACE org.hibernate.orm.jdbc.bind - binding parameter (1:INTEGER) <- [1]
2025-12-14 23:53:32.411 [http-nio-8040-exec-8] DEBUG org.hibernate.SQL - 
    select
        ba1_0.id,
        ba1_0.account_holder_name,
        ba1_0.account_number,
        ba1_0.bank_name,
        ba1_0.created_at,
        ba1_0.employee_id,
        ba1_0.ifsc_code,
        ba1_0.is_primary,
        ba1_0.owner_type,
        ba1_0.updated_at,
        ba1_0.vendor_id 
    from
        bank_accounts ba1_0 
    where
        ba1_0.employee_id=?
2025-12-14 23:53:32.411 [http-nio-8040-exec-8] TRACE org.hibernate.orm.jdbc.bind - binding parameter (1:BIGINT) <- [11]
2025-12-14 23:53:32.412 [http-nio-8040-exec-8] DEBUG org.hibernate.SQL - 
    select
        ba1_0.id,
        ba1_0.account_holder_name,
        ba1_0.account_number,
        ba1_0.bank_name,
        ba1_0.created_at,
        ba1_0.employee_id,
        ba1_0.ifsc_code,
        ba1_0.is_primary,
        ba1_0.owner_type,
        ba1_0.updated_at,
        ba1_0.vendor_id 
    from
        bank_accounts ba1_0 
    where
        ba1_0.employee_id=?
2025-12-14 23:53:32.412 [http-nio-8040-exec-8] TRACE org.hibernate.orm.jdbc.bind - binding parameter (1:BIGINT) <- [2]
2025-12-14 23:53:32.412 [http-nio-8040-exec-8] DEBUG org.hibernate.SQL - 
    select
        ba1_0.id,
        ba1_0.account_holder_name,
        ba1_0.account_number,
        ba1_0.bank_name,
        ba1_0.created_at,
        ba1_0.employee_id,
        ba1_0.ifsc_code,
        ba1_0.is_primary,
        ba1_0.owner_type,
        ba1_0.updated_at,
        ba1_0.vendor_id 
    from
        bank_accounts ba1_0 
    where
        ba1_0.employee_id=?
2025-12-14 23:53:32.412 [http-nio-8040-exec-8] TRACE org.hibernate.orm.jdbc.bind - binding parameter (1:BIGINT) <- [3]
2025-12-14 23:53:32.413 [http-nio-8040-exec-8] DEBUG org.hibernate.SQL - 
    select
        ba1_0.id,
        ba1_0.account_holder_name,
        ba1_0.account_number,
        ba1_0.bank_name,
        ba1_0.created_at,
        ba1_0.employee_id,
        ba1_0.ifsc_code,
        ba1_0.is_primary,
        ba1_0.owner_type,
        ba1_0.updated_at,
        ba1_0.vendor_id 
    from
        bank_accounts ba1_0 
    where
        ba1_0.employee_id=?
2025-12-14 23:53:32.413 [http-nio-8040-exec-8] TRACE org.hibernate.orm.jdbc.bind - binding parameter (1:BIGINT) <- [1]
2025-12-14 23:53:32.414 [http-nio-8040-exec-8] DEBUG org.hibernate.SQL - 
    select
        ba1_0.id,
        ba1_0.account_holder_name,
        ba1_0.account_number,
        ba1_0.bank_name,
        ba1_0.created_at,
        ba1_0.employee_id,
        ba1_0.ifsc_code,
        ba1_0.is_primary,
        ba1_0.owner_type,
        ba1_0.updated_at,
        ba1_0.vendor_id 
    from
        bank_accounts ba1_0 
    where
        ba1_0.employee_id=?
2025-12-14 23:53:32.414 [http-nio-8040-exec-8] TRACE org.hibernate.orm.jdbc.bind - binding parameter (1:BIGINT) <- [5]
2025-12-14 23:53:32.414 [http-nio-8040-exec-8] DEBUG org.hibernate.SQL - 
    select
        ba1_0.id,
        ba1_0.account_holder_name,
        ba1_0.account_number,
        ba1_0.bank_name,
        ba1_0.created_at,
        ba1_0.employee_id,
        ba1_0.ifsc_code,
        ba1_0.is_primary,
        ba1_0.owner_type,
        ba1_0.updated_at,
        ba1_0.vendor_id 
    from
        bank_accounts ba1_0 
    where
        ba1_0.employee_id=?
2025-12-14 23:53:32.414 [http-nio-8040-exec-8] TRACE org.hibernate.orm.jdbc.bind - binding parameter (1:BIGINT) <- [7]
2025-12-14 23:53:32.416 [http-nio-8040-exec-8] DEBUG org.hibernate.SQL - 
    select
        ba1_0.id,
        ba1_0.account_holder_name,
        ba1_0.account_number,
        ba1_0.bank_name,
        ba1_0.created_at,
        ba1_0.employee_id,
        ba1_0.ifsc_code,
        ba1_0.is_primary,
        ba1_0.owner_type,
        ba1_0.updated_at,
        ba1_0.vendor_id 
    from
        bank_accounts ba1_0 
    where
        ba1_0.employee_id=?
2025-12-14 23:53:32.416 [http-nio-8040-exec-8] TRACE org.hibernate.orm.jdbc.bind - binding parameter (1:BIGINT) <- [15]
2025-12-14 23:53:32.416 [http-nio-8040-exec-8] DEBUG org.hibernate.SQL - 
    select
        ba1_0.id,
        ba1_0.account_holder_name,
        ba1_0.account_number,
        ba1_0.bank_name,
        ba1_0.created_at,
        ba1_0.employee_id,
        ba1_0.ifsc_code,
        ba1_0.is_primary,
        ba1_0.owner_type,
        ba1_0.updated_at,
        ba1_0.vendor_id 
    from
        bank_accounts ba1_0 
    where
        ba1_0.employee_id=?
2025-12-14 23:53:32.417 [http-nio-8040-exec-8] TRACE org.hibernate.orm.jdbc.bind - binding parameter (1:BIGINT) <- [10]
2025-12-14 23:53:32.417 [http-nio-8040-exec-8] DEBUG org.hibernate.SQL - 
    select
        ba1_0.id,
        ba1_0.account_holder_name,
        ba1_0.account_number,
        ba1_0.bank_name,
        ba1_0.created_at,
        ba1_0.employee_id,
        ba1_0.ifsc_code,
        ba1_0.is_primary,
        ba1_0.owner_type,
        ba1_0.updated_at,
        ba1_0.vendor_id 
    from
        bank_accounts ba1_0 
    where
        ba1_0.employee_id=?
2025-12-14 23:53:32.418 [http-nio-8040-exec-8] TRACE org.hibernate.orm.jdbc.bind - binding parameter (1:BIGINT) <- [8]
2025-12-14 23:53:32.418 [http-nio-8040-exec-8] DEBUG org.hibernate.SQL - 
    select
        ba1_0.id,
        ba1_0.account_holder_name,
        ba1_0.account_number,
        ba1_0.bank_name,
        ba1_0.created_at,
        ba1_0.employee_id,
        ba1_0.ifsc_code,
        ba1_0.is_primary,
        ba1_0.owner_type,
        ba1_0.updated_at,
        ba1_0.vendor_id 
    from
        bank_accounts ba1_0 
    where
        ba1_0.employee_id=?
2025-12-14 23:53:32.418 [http-nio-8040-exec-8] TRACE org.hibernate.orm.jdbc.bind - binding parameter (1:BIGINT) <- [19]
2025-12-14 23:53:32.418 [http-nio-8040-exec-8] DEBUG org.hibernate.SQL - 
    select
        ba1_0.id,
        ba1_0.account_holder_name,
        ba1_0.account_number,
        ba1_0.bank_name,
        ba1_0.created_at,
        ba1_0.employee_id,
        ba1_0.ifsc_code,
        ba1_0.is_primary,
        ba1_0.owner_type,
        ba1_0.updated_at,
        ba1_0.vendor_id 
    from
        bank_accounts ba1_0 
    where
        ba1_0.employee_id=?
2025-12-14 23:53:32.418 [http-nio-8040-exec-8] TRACE org.hibernate.orm.jdbc.bind - binding parameter (1:BIGINT) <- [13]
2025-12-14 23:53:32.420 [http-nio-8040-exec-8] DEBUG org.hibernate.SQL - 
    select
        ba1_0.id,
        ba1_0.account_holder_name,
        ba1_0.account_number,
        ba1_0.bank_name,
        ba1_0.created_at,
        ba1_0.employee_id,
        ba1_0.ifsc_code,
        ba1_0.is_primary,
        ba1_0.owner_type,
        ba1_0.updated_at,
        ba1_0.vendor_id 
    from
        bank_accounts ba1_0 
    where
        ba1_0.employee_id=?
2025-12-14 23:53:32.420 [http-nio-8040-exec-8] TRACE org.hibernate.orm.jdbc.bind - binding parameter (1:BIGINT) <- [4]
2025-12-14 23:53:32.421 [http-nio-8040-exec-8] DEBUG org.hibernate.SQL - 
    select
        ba1_0.id,
        ba1_0.account_holder_name,
        ba1_0.account_number,
        ba1_0.bank_name,
        ba1_0.created_at,
        ba1_0.employee_id,
        ba1_0.ifsc_code,
        ba1_0.is_primary,
        ba1_0.owner_type,
        ba1_0.updated_at,
        ba1_0.vendor_id 
    from
        bank_accounts ba1_0 
    where
        ba1_0.employee_id=?
2025-12-14 23:53:32.421 [http-nio-8040-exec-8] TRACE org.hibernate.orm.jdbc.bind - binding parameter (1:BIGINT) <- [12]
2025-12-14 23:53:32.422 [http-nio-8040-exec-8] DEBUG org.hibernate.SQL - 
    select
        ba1_0.id,
        ba1_0.account_holder_name,
        ba1_0.account_number,
        ba1_0.bank_name,
        ba1_0.created_at,
        ba1_0.employee_id,
        ba1_0.ifsc_code,
        ba1_0.is_primary,
        ba1_0.owner_type,
        ba1_0.updated_at,
        ba1_0.vendor_id 
    from
        bank_accounts ba1_0 
    where
        ba1_0.employee_id=?
2025-12-14 23:53:32.422 [http-nio-8040-exec-8] TRACE org.hibernate.orm.jdbc.bind - binding parameter (1:BIGINT) <- [23]
2025-12-14 23:53:32.423 [http-nio-8040-exec-8] DEBUG org.hibernate.SQL - 
    select
        ba1_0.id,
        ba1_0.account_holder_name,
        ba1_0.account_number,
        ba1_0.bank_name,
        ba1_0.created_at,
        ba1_0.employee_id,
        ba1_0.ifsc_code,
        ba1_0.is_primary,
        ba1_0.owner_type,
        ba1_0.updated_at,
        ba1_0.vendor_id 
    from
        bank_accounts ba1_0 
    where
        ba1_0.employee_id=?
2025-12-14 23:53:32.423 [http-nio-8040-exec-8] TRACE org.hibernate.orm.jdbc.bind - binding parameter (1:BIGINT) <- [27]
2025-12-14 23:53:32.424 [http-nio-8040-exec-8] DEBUG org.hibernate.SQL - 
    select
        ba1_0.id,
        ba1_0.account_holder_name,
        ba1_0.account_number,
        ba1_0.bank_name,
        ba1_0.created_at,
        ba1_0.employee_id,
        ba1_0.ifsc_code,
        ba1_0.is_primary,
        ba1_0.owner_type,
        ba1_0.updated_at,
        ba1_0.vendor_id 
    from
        bank_accounts ba1_0 
    where
        ba1_0.employee_id=?
2025-12-14 23:53:32.424 [http-nio-8040-exec-8] TRACE org.hibernate.orm.jdbc.bind - binding parameter (1:BIGINT) <- [16]
2025-12-14 23:53:32.425 [http-nio-8040-exec-8] DEBUG org.hibernate.SQL - 
    select
        ba1_0.id,
        ba1_0.account_holder_name,
        ba1_0.account_number,
        ba1_0.bank_name,
        ba1_0.created_at,
        ba1_0.employee_id,
        ba1_0.ifsc_code,
        ba1_0.is_primary,
        ba1_0.owner_type,
        ba1_0.updated_at,
        ba1_0.vendor_id 
    from
        bank_accounts ba1_0 
    where
        ba1_0.employee_id=?
2025-12-14 23:53:32.425 [http-nio-8040-exec-8] TRACE org.hibernate.orm.jdbc.bind - binding parameter (1:BIGINT) <- [31]
2025-12-14 23:53:32.425 [http-nio-8040-exec-8] DEBUG org.hibernate.SQL - 
    select
        ba1_0.id,
        ba1_0.account_holder_name,
        ba1_0.account_number,
        ba1_0.bank_name,
        ba1_0.created_at,
        ba1_0.employee_id,
        ba1_0.ifsc_code,
        ba1_0.is_primary,
        ba1_0.owner_type,
        ba1_0.updated_at,
        ba1_0.vendor_id 
    from
        bank_accounts ba1_0 
    where
        ba1_0.employee_id=?
2025-12-14 23:53:32.426 [http-nio-8040-exec-8] TRACE org.hibernate.orm.jdbc.bind - binding parameter (1:BIGINT) <- [35]
2025-12-14 23:53:32.426 [http-nio-8040-exec-8] DEBUG org.hibernate.SQL - 
    select
        ba1_0.id,
        ba1_0.account_holder_name,
        ba1_0.account_number,
        ba1_0.bank_name,
        ba1_0.created_at,
        ba1_0.employee_id,
        ba1_0.ifsc_code,
        ba1_0.is_primary,
        ba1_0.owner_type,
        ba1_0.updated_at,
        ba1_0.vendor_id 
    from
        bank_accounts ba1_0 
    where
        ba1_0.employee_id=?
2025-12-14 23:53:32.427 [http-nio-8040-exec-8] TRACE org.hibernate.orm.jdbc.bind - binding parameter (1:BIGINT) <- [20]
2025-12-14 23:53:32.427 [http-nio-8040-exec-8] DEBUG org.hibernate.SQL - 
    select
        ba1_0.id,
        ba1_0.account_holder_name,
        ba1_0.account_number,
        ba1_0.bank_name,
        ba1_0.created_at,
        ba1_0.employee_id,
        ba1_0.ifsc_code,
        ba1_0.is_primary,
        ba1_0.owner_type,
        ba1_0.updated_at,
        ba1_0.vendor_id 
    from
        bank_accounts ba1_0 
    where
        ba1_0.employee_id=?
2025-12-14 23:53:32.427 [http-nio-8040-exec-8] TRACE org.hibernate.orm.jdbc.bind - binding parameter (1:BIGINT) <- [17]
2025-12-14 23:53:32.428 [http-nio-8040-exec-8] DEBUG org.hibernate.SQL - 
    select
        ba1_0.id,
        ba1_0.account_holder_name,
        ba1_0.account_number,
        ba1_0.bank_name,
        ba1_0.created_at,
        ba1_0.employee_id,
        ba1_0.ifsc_code,
        ba1_0.is_primary,
        ba1_0.owner_type,
        ba1_0.updated_at,
        ba1_0.vendor_id 
    from
        bank_accounts ba1_0 
    where
        ba1_0.employee_id=?
2025-12-14 23:53:32.428 [http-nio-8040-exec-8] TRACE org.hibernate.orm.jdbc.bind - binding parameter (1:BIGINT) <- [24]
2025-12-14 23:53:32.429 [http-nio-8040-exec-8] DEBUG org.hibernate.SQL - 
    select
        ba1_0.id,
        ba1_0.account_holder_name,
        ba1_0.account_number,
        ba1_0.bank_name,
        ba1_0.created_at,
        ba1_0.employee_id,
        ba1_0.ifsc_code,
        ba1_0.is_primary,
        ba1_0.owner_type,
        ba1_0.updated_at,
        ba1_0.vendor_id 
    from
        bank_accounts ba1_0 
    where
        ba1_0.employee_id=?
2025-12-14 23:53:32.429 [http-nio-8040-exec-8] TRACE org.hibernate.orm.jdbc.bind - binding parameter (1:BIGINT) <- [38]
2025-12-14 23:53:32.430 [http-nio-8040-exec-8] DEBUG org.hibernate.SQL - 
    select
        ba1_0.id,
        ba1_0.account_holder_name,
        ba1_0.account_number,
        ba1_0.bank_name,
        ba1_0.created_at,
        ba1_0.employee_id,
        ba1_0.ifsc_code,
        ba1_0.is_primary,
        ba1_0.owner_type,
        ba1_0.updated_at,
        ba1_0.vendor_id 
    from
        bank_accounts ba1_0 
    where
        ba1_0.employee_id=?
2025-12-14 23:53:32.430 [http-nio-8040-exec-8] TRACE org.hibernate.orm.jdbc.bind - binding parameter (1:BIGINT) <- [6]
2025-12-14 23:53:32.432 [http-nio-8040-exec-8] DEBUG org.hibernate.SQL - 
    select
        ba1_0.id,
        ba1_0.account_holder_name,
        ba1_0.account_number,
        ba1_0.bank_name,
        ba1_0.created_at,
        ba1_0.employee_id,
        ba1_0.ifsc_code,
        ba1_0.is_primary,
        ba1_0.owner_type,
        ba1_0.updated_at,
        ba1_0.vendor_id 
    from
        bank_accounts ba1_0 
    where
        ba1_0.employee_id=?
2025-12-14 23:53:32.432 [http-nio-8040-exec-8] TRACE org.hibernate.orm.jdbc.bind - binding parameter (1:BIGINT) <- [39]
2025-12-14 23:53:32.432 [http-nio-8040-exec-8] DEBUG org.hibernate.SQL - 
    select
        ba1_0.id,
        ba1_0.account_holder_name,
        ba1_0.account_number,
        ba1_0.bank_name,
        ba1_0.created_at,
        ba1_0.employee_id,
        ba1_0.ifsc_code,
        ba1_0.is_primary,
        ba1_0.owner_type,
        ba1_0.updated_at,
        ba1_0.vendor_id 
    from
        bank_accounts ba1_0 
    where
        ba1_0.employee_id=?
2025-12-14 23:53:32.432 [http-nio-8040-exec-8] TRACE org.hibernate.orm.jdbc.bind - binding parameter (1:BIGINT) <- [9]
2025-12-14 23:53:32.433 [http-nio-8040-exec-8] DEBUG org.hibernate.SQL - 
    select
        ba1_0.id,
        ba1_0.account_holder_name,
        ba1_0.account_number,
        ba1_0.bank_name,
        ba1_0.created_at,
        ba1_0.employee_id,
        ba1_0.ifsc_code,
        ba1_0.is_primary,
        ba1_0.owner_type,
        ba1_0.updated_at,
        ba1_0.vendor_id 
    from
        bank_accounts ba1_0 
    where
        ba1_0.employee_id=?
2025-12-14 23:53:32.433 [http-nio-8040-exec-8] TRACE org.hibernate.orm.jdbc.bind - binding parameter (1:BIGINT) <- [28]
2025-12-14 23:53:32.433 [http-nio-8040-exec-8] DEBUG org.hibernate.SQL - 
    select
        ba1_0.id,
        ba1_0.account_holder_name,
        ba1_0.account_number,
        ba1_0.bank_name,
        ba1_0.created_at,
        ba1_0.employee_id,
        ba1_0.ifsc_code,
        ba1_0.is_primary,
        ba1_0.owner_type,
        ba1_0.updated_at,
        ba1_0.vendor_id 
    from
        bank_accounts ba1_0 
    where
        ba1_0.employee_id=?
2025-12-14 23:53:32.433 [http-nio-8040-exec-8] TRACE org.hibernate.orm.jdbc.bind - binding parameter (1:BIGINT) <- [40]
2025-12-14 23:53:32.434 [http-nio-8040-exec-8] DEBUG org.hibernate.SQL - 
    select
        ba1_0.id,
        ba1_0.account_holder_name,
        ba1_0.account_number,
        ba1_0.bank_name,
        ba1_0.created_at,
        ba1_0.employee_id,
        ba1_0.ifsc_code,
        ba1_0.is_primary,
        ba1_0.owner_type,
        ba1_0.updated_at,
        ba1_0.vendor_id 
    from
        bank_accounts ba1_0 
    where
        ba1_0.employee_id=?
2025-12-14 23:53:32.434 [http-nio-8040-exec-8] TRACE org.hibernate.orm.jdbc.bind - binding parameter (1:BIGINT) <- [14]
2025-12-14 23:53:32.435 [http-nio-8040-exec-8] DEBUG org.hibernate.SQL - 
    select
        ba1_0.id,
        ba1_0.account_holder_name,
        ba1_0.account_number,
        ba1_0.bank_name,
        ba1_0.created_at,
        ba1_0.employee_id,
        ba1_0.ifsc_code,
        ba1_0.is_primary,
        ba1_0.owner_type,
        ba1_0.updated_at,
        ba1_0.vendor_id 
    from
        bank_accounts ba1_0 
    where
        ba1_0.employee_id=?
2025-12-14 23:53:32.435 [http-nio-8040-exec-8] TRACE org.hibernate.orm.jdbc.bind - binding parameter (1:BIGINT) <- [32]
2025-12-14 23:53:32.436 [http-nio-8040-exec-8] DEBUG org.hibernate.SQL - 
    select
        ba1_0.id,
        ba1_0.account_holder_name,
        ba1_0.account_number,
        ba1_0.bank_name,
        ba1_0.created_at,
        ba1_0.employee_id,
        ba1_0.ifsc_code,
        ba1_0.is_primary,
        ba1_0.owner_type,
        ba1_0.updated_at,
        ba1_0.vendor_id 
    from
        bank_accounts ba1_0 
    where
        ba1_0.employee_id=?
2025-12-14 23:53:32.436 [http-nio-8040-exec-8] TRACE org.hibernate.orm.jdbc.bind - binding parameter (1:BIGINT) <- [18]
2025-12-14 23:53:32.437 [http-nio-8040-exec-8] DEBUG org.hibernate.SQL - 
    select
        ba1_0.id,
        ba1_0.account_holder_name,
        ba1_0.account_number,
        ba1_0.bank_name,
        ba1_0.created_at,
        ba1_0.employee_id,
        ba1_0.ifsc_code,
        ba1_0.is_primary,
        ba1_0.owner_type,
        ba1_0.updated_at,
        ba1_0.vendor_id 
    from
        bank_accounts ba1_0 
    where
        ba1_0.employee_id=?
2025-12-14 23:53:32.437 [http-nio-8040-exec-8] TRACE org.hibernate.orm.jdbc.bind - binding parameter (1:BIGINT) <- [22]
2025-12-14 23:53:32.437 [http-nio-8040-exec-8] DEBUG org.hibernate.SQL - 
    select
        ba1_0.id,
        ba1_0.account_holder_name,
        ba1_0.account_number,
        ba1_0.bank_name,
        ba1_0.created_at,
        ba1_0.employee_id,
        ba1_0.ifsc_code,
        ba1_0.is_primary,
        ba1_0.owner_type,
        ba1_0.updated_at,
        ba1_0.vendor_id 
    from
        bank_accounts ba1_0 
    where
        ba1_0.employee_id=?
2025-12-14 23:53:32.437 [http-nio-8040-exec-8] TRACE org.hibernate.orm.jdbc.bind - binding parameter (1:BIGINT) <- [36]
2025-12-14 23:53:32.439 [http-nio-8040-exec-8] DEBUG org.hibernate.SQL - 
    select
        ba1_0.id,
        ba1_0.account_holder_name,
        ba1_0.account_number,
        ba1_0.bank_name,
        ba1_0.created_at,
        ba1_0.employee_id,
        ba1_0.ifsc_code,
        ba1_0.is_primary,
        ba1_0.owner_type,
        ba1_0.updated_at,
        ba1_0.vendor_id 
    from
        bank_accounts ba1_0 
    where
        ba1_0.employee_id=?
2025-12-14 23:53:32.439 [http-nio-8040-exec-8] TRACE org.hibernate.orm.jdbc.bind - binding parameter (1:BIGINT) <- [21]
2025-12-14 23:53:32.439 [http-nio-8040-exec-8] DEBUG org.hibernate.SQL - 
    select
        ba1_0.id,
        ba1_0.account_holder_name,
        ba1_0.account_number,
        ba1_0.bank_name,
        ba1_0.created_at,
        ba1_0.employee_id,
        ba1_0.ifsc_code,
        ba1_0.is_primary,
        ba1_0.owner_type,
        ba1_0.updated_at,
        ba1_0.vendor_id 
    from
        bank_accounts ba1_0 
    where
        ba1_0.employee_id=?
2025-12-14 23:53:32.439 [http-nio-8040-exec-8] TRACE org.hibernate.orm.jdbc.bind - binding parameter (1:BIGINT) <- [25]
2025-12-14 23:53:32.439 [http-nio-8040-exec-8] DEBUG org.hibernate.SQL - 
    select
        ba1_0.id,
        ba1_0.account_holder_name,
        ba1_0.account_number,
        ba1_0.bank_name,
        ba1_0.created_at,
        ba1_0.employee_id,
        ba1_0.ifsc_code,
        ba1_0.is_primary,
        ba1_0.owner_type,
        ba1_0.updated_at,
        ba1_0.vendor_id 
    from
        bank_accounts ba1_0 
    where
        ba1_0.employee_id=?
2025-12-14 23:53:32.439 [http-nio-8040-exec-8] TRACE org.hibernate.orm.jdbc.bind - binding parameter (1:BIGINT) <- [26]
2025-12-14 23:53:32.441 [http-nio-8040-exec-8] DEBUG org.hibernate.SQL - 
    select
        ba1_0.id,
        ba1_0.account_holder_name,
        ba1_0.account_number,
        ba1_0.bank_name,
        ba1_0.created_at,
        ba1_0.employee_id,
        ba1_0.ifsc_code,
        ba1_0.is_primary,
        ba1_0.owner_type,
        ba1_0.updated_at,
        ba1_0.vendor_id 
    from
        bank_accounts ba1_0 
    where
        ba1_0.employee_id=?
2025-12-14 23:53:32.441 [http-nio-8040-exec-8] TRACE org.hibernate.orm.jdbc.bind - binding parameter (1:BIGINT) <- [29]
2025-12-14 23:53:32.442 [http-nio-8040-exec-8] DEBUG org.hibernate.SQL - 
    select
        ba1_0.id,
        ba1_0.account_holder_name,
        ba1_0.account_number,
        ba1_0.bank_name,
        ba1_0.created_at,
        ba1_0.employee_id,
        ba1_0.ifsc_code,
        ba1_0.is_primary,
        ba1_0.owner_type,
        ba1_0.updated_at,
        ba1_0.vendor_id 
    from
        bank_accounts ba1_0 
    where
        ba1_0.employee_id=?
2025-12-14 23:53:32.442 [http-nio-8040-exec-8] TRACE org.hibernate.orm.jdbc.bind - binding parameter (1:BIGINT) <- [34]
2025-12-14 23:53:32.442 [http-nio-8040-exec-8] DEBUG org.hibernate.SQL - 
    select
        ba1_0.id,
        ba1_0.account_holder_name,
        ba1_0.account_number,
        ba1_0.bank_name,
        ba1_0.created_at,
        ba1_0.employee_id,
        ba1_0.ifsc_code,
        ba1_0.is_primary,
        ba1_0.owner_type,
        ba1_0.updated_at,
        ba1_0.vendor_id 
    from
        bank_accounts ba1_0 
    where
        ba1_0.employee_id=?
2025-12-14 23:53:32.442 [http-nio-8040-exec-8] TRACE org.hibernate.orm.jdbc.bind - binding parameter (1:BIGINT) <- [30]
2025-12-14 23:53:32.443 [http-nio-8040-exec-8] DEBUG org.hibernate.SQL - 
    select
        ba1_0.id,
        ba1_0.account_holder_name,
        ba1_0.account_number,
        ba1_0.bank_name,
        ba1_0.created_at,
        ba1_0.employee_id,
        ba1_0.ifsc_code,
        ba1_0.is_primary,
        ba1_0.owner_type,
        ba1_0.updated_at,
        ba1_0.vendor_id 
    from
        bank_accounts ba1_0 
    where
        ba1_0.employee_id=?
2025-12-14 23:53:32.444 [http-nio-8040-exec-8] TRACE org.hibernate.orm.jdbc.bind - binding parameter (1:BIGINT) <- [33]
2025-12-14 23:53:32.444 [http-nio-8040-exec-8] DEBUG org.hibernate.SQL - 
    select
        ba1_0.id,
        ba1_0.account_holder_name,
        ba1_0.account_number,
        ba1_0.bank_name,
        ba1_0.created_at,
        ba1_0.employee_id,
        ba1_0.ifsc_code,
        ba1_0.is_primary,
        ba1_0.owner_type,
        ba1_0.updated_at,
        ba1_0.vendor_id 
    from
        bank_accounts ba1_0 
    where
        ba1_0.employee_id=?
2025-12-14 23:53:32.444 [http-nio-8040-exec-8] TRACE org.hibernate.orm.jdbc.bind - binding parameter (1:BIGINT) <- [37]
2025-12-14 23:53:32.445 [http-nio-8040-exec-8] DEBUG org.hibernate.SQL - 
    select
        ba1_0.id,
        ba1_0.account_holder_name,
        ba1_0.account_number,
        ba1_0.bank_name,
        ba1_0.created_at,
        ba1_0.employee_id,
        ba1_0.ifsc_code,
        ba1_0.is_primary,
        ba1_0.owner_type,
        ba1_0.updated_at,
        ba1_0.vendor_id 
    from
        bank_accounts ba1_0 
    where
        ba1_0.employee_id=?
2025-12-14 23:53:32.445 [http-nio-8040-exec-8] TRACE org.hibernate.orm.jdbc.bind - binding parameter (1:BIGINT) <- [41]
2025-12-14 23:53:32.445 [http-nio-8040-exec-8] DEBUG org.hibernate.SQL - 
    select
        ba1_0.id,
        ba1_0.account_holder_name,
        ba1_0.account_number,
        ba1_0.bank_name,
        ba1_0.created_at,
        ba1_0.employee_id,
        ba1_0.ifsc_code,
        ba1_0.is_primary,
        ba1_0.owner_type,
        ba1_0.updated_at,
        ba1_0.vendor_id 
    from
        bank_accounts ba1_0 
    where
        ba1_0.employee_id=?
2025-12-14 23:53:32.445 [http-nio-8040-exec-8] TRACE org.hibernate.orm.jdbc.bind - binding parameter (1:BIGINT) <- [42]
2025-12-14 23:53:32.447 [http-nio-8040-exec-8] DEBUG org.hibernate.SQL - 
    select
        ba1_0.id,
        ba1_0.account_holder_name,
        ba1_0.account_number,
        ba1_0.bank_name,
        ba1_0.created_at,
        ba1_0.employee_id,
        ba1_0.ifsc_code,
        ba1_0.is_primary,
        ba1_0.owner_type,
        ba1_0.updated_at,
        ba1_0.vendor_id 
    from
        bank_accounts ba1_0 
    where
        ba1_0.employee_id=?
2025-12-14 23:53:32.447 [http-nio-8040-exec-8] TRACE org.hibernate.orm.jdbc.bind - binding parameter (1:BIGINT) <- [43]
2025-12-14 23:53:32.448 [http-nio-8040-exec-8] DEBUG org.hibernate.SQL - 
    select
        ba1_0.id,
        ba1_0.account_holder_name,
        ba1_0.account_number,
        ba1_0.bank_name,
        ba1_0.created_at,
        ba1_0.employee_id,
        ba1_0.ifsc_code,
        ba1_0.is_primary,
        ba1_0.owner_type,
        ba1_0.updated_at,
        ba1_0.vendor_id 
    from
        bank_accounts ba1_0 
    where
        ba1_0.employee_id=?
2025-12-14 23:53:32.448 [http-nio-8040-exec-8] TRACE org.hibernate.orm.jdbc.bind - binding parameter (1:BIGINT) <- [44]
2025-12-14 23:53:32.449 [http-nio-8040-exec-8] DEBUG org.hibernate.SQL - 
    select
        ba1_0.id,
        ba1_0.account_holder_name,
        ba1_0.account_number,
        ba1_0.bank_name,
        ba1_0.created_at,
        ba1_0.employee_id,
        ba1_0.ifsc_code,
        ba1_0.is_primary,
        ba1_0.owner_type,
        ba1_0.updated_at,
        ba1_0.vendor_id 
    from
        bank_accounts ba1_0 
    where
        ba1_0.employee_id=?
2025-12-14 23:53:32.449 [http-nio-8040-exec-8] TRACE org.hibernate.orm.jdbc.bind - binding parameter (1:BIGINT) <- [45]
2025-12-14 23:53:32.449 [http-nio-8040-exec-8] DEBUG org.hibernate.SQL - 
    select
        ba1_0.id,
        ba1_0.account_holder_name,
        ba1_0.account_number,
        ba1_0.bank_name,
        ba1_0.created_at,
        ba1_0.employee_id,
        ba1_0.ifsc_code,
        ba1_0.is_primary,
        ba1_0.owner_type,
        ba1_0.updated_at,
        ba1_0.vendor_id 
    from
        bank_accounts ba1_0 
    where
        ba1_0.employee_id=?
2025-12-14 23:53:32.450 [http-nio-8040-exec-8] TRACE org.hibernate.orm.jdbc.bind - binding parameter (1:BIGINT) <- [46]
2025-12-14 23:53:32.450 [http-nio-8040-exec-8] DEBUG org.hibernate.SQL - 
    select
        ba1_0.id,
        ba1_0.account_holder_name,
        ba1_0.account_number,
        ba1_0.bank_name,
        ba1_0.created_at,
        ba1_0.employee_id,
        ba1_0.ifsc_code,
        ba1_0.is_primary,
        ba1_0.owner_type,
        ba1_0.updated_at,
        ba1_0.vendor_id 
    from
        bank_accounts ba1_0 
    where
        ba1_0.employee_id=?
2025-12-14 23:53:32.450 [http-nio-8040-exec-8] TRACE org.hibernate.orm.jdbc.bind - binding parameter (1:BIGINT) <- [47]
2025-12-14 23:53:32.451 [http-nio-8040-exec-8] DEBUG org.hibernate.SQL - 
    select
        ba1_0.id,
        ba1_0.account_holder_name,
        ba1_0.account_number,
        ba1_0.bank_name,
        ba1_0.created_at,
        ba1_0.employee_id,
        ba1_0.ifsc_code,
        ba1_0.is_primary,
        ba1_0.owner_type,
        ba1_0.updated_at,
        ba1_0.vendor_id 
    from
        bank_accounts ba1_0 
    where
        ba1_0.employee_id=?
2025-12-14 23:53:32.451 [http-nio-8040-exec-8] TRACE org.hibernate.orm.jdbc.bind - binding parameter (1:BIGINT) <- [48]
2025-12-14 23:53:32.452 [http-nio-8040-exec-8] DEBUG org.hibernate.SQL - 
    select
        ba1_0.id,
        ba1_0.account_holder_name,
        ba1_0.account_number,
        ba1_0.bank_name,
        ba1_0.created_at,
        ba1_0.employee_id,
        ba1_0.ifsc_code,
        ba1_0.is_primary,
        ba1_0.owner_type,
        ba1_0.updated_at,
        ba1_0.vendor_id 
    from
        bank_accounts ba1_0 
    where
        ba1_0.employee_id=?
2025-12-14 23:53:32.452 [http-nio-8040-exec-8] TRACE org.hibernate.orm.jdbc.bind - binding parameter (1:BIGINT) <- [49]
2025-12-14 23:53:32.453 [http-nio-8040-exec-8] DEBUG org.hibernate.SQL - 
    select
        ba1_0.id,
        ba1_0.account_holder_name,
        ba1_0.account_number,
        ba1_0.bank_name,
        ba1_0.created_at,
        ba1_0.employee_id,
        ba1_0.ifsc_code,
        ba1_0.is_primary,
        ba1_0.owner_type,
        ba1_0.updated_at,
        ba1_0.vendor_id 
    from
        bank_accounts ba1_0 
    where
        ba1_0.employee_id=?
2025-12-14 23:53:32.453 [http-nio-8040-exec-8] TRACE org.hibernate.orm.jdbc.bind - binding parameter (1:BIGINT) <- [50]
2025-12-14 23:53:32.453 [http-nio-8040-exec-8] DEBUG org.hibernate.SQL - 
    select
        ba1_0.id,
        ba1_0.account_holder_name,
        ba1_0.account_number,
        ba1_0.bank_name,
        ba1_0.created_at,
        ba1_0.employee_id,
        ba1_0.ifsc_code,
        ba1_0.is_primary,
        ba1_0.owner_type,
        ba1_0.updated_at,
        ba1_0.vendor_id 
    from
        bank_accounts ba1_0 
    where
        ba1_0.employee_id=?
2025-12-14 23:53:32.453 [http-nio-8040-exec-8] TRACE org.hibernate.orm.jdbc.bind - binding parameter (1:BIGINT) <- [51]
2025-12-14 23:53:32.454 [http-nio-8040-exec-8] DEBUG org.hibernate.SQL - 
    select
        ba1_0.id,
        ba1_0.account_holder_name,
        ba1_0.account_number,
        ba1_0.bank_name,
        ba1_0.created_at,
        ba1_0.employee_id,
        ba1_0.ifsc_code,
        ba1_0.is_primary,
        ba1_0.owner_type,
        ba1_0.updated_at,
        ba1_0.vendor_id 
    from
        bank_accounts ba1_0 
    where
        ba1_0.employee_id=?
2025-12-14 23:53:32.454 [http-nio-8040-exec-8] TRACE org.hibernate.orm.jdbc.bind - binding parameter (1:BIGINT) <- [52]
2025-12-14 23:53:32.455 [http-nio-8040-exec-8] DEBUG org.hibernate.SQL - 
    select
        ba1_0.id,
        ba1_0.account_holder_name,
        ba1_0.account_number,
        ba1_0.bank_name,
        ba1_0.created_at,
        ba1_0.employee_id,
        ba1_0.ifsc_code,
        ba1_0.is_primary,
        ba1_0.owner_type,
        ba1_0.updated_at,
        ba1_0.vendor_id 
    from
        bank_accounts ba1_0 
    where
        ba1_0.employee_id=?
2025-12-14 23:53:32.455 [http-nio-8040-exec-8] TRACE org.hibernate.orm.jdbc.bind - binding parameter (1:BIGINT) <- [53]
2025-12-14 23:53:32.456 [http-nio-8040-exec-8] DEBUG org.hibernate.SQL - 
    select
        ba1_0.id,
        ba1_0.account_holder_name,
        ba1_0.account_number,
        ba1_0.bank_name,
        ba1_0.created_at,
        ba1_0.employee_id,
        ba1_0.ifsc_code,
        ba1_0.is_primary,
        ba1_0.owner_type,
        ba1_0.updated_at,
        ba1_0.vendor_id 
    from
        bank_accounts ba1_0 
    where
        ba1_0.employee_id=?
2025-12-14 23:53:32.456 [http-nio-8040-exec-8] TRACE org.hibernate.orm.jdbc.bind - binding parameter (1:BIGINT) <- [54]
2025-12-14 23:53:32.457 [http-nio-8040-exec-8] DEBUG org.hibernate.SQL - 
    select
        ba1_0.id,
        ba1_0.account_holder_name,
        ba1_0.account_number,
        ba1_0.bank_name,
        ba1_0.created_at,
        ba1_0.employee_id,
        ba1_0.ifsc_code,
        ba1_0.is_primary,
        ba1_0.owner_type,
        ba1_0.updated_at,
        ba1_0.vendor_id 
    from
        bank_accounts ba1_0 
    where
        ba1_0.employee_id=?
2025-12-14 23:53:32.457 [http-nio-8040-exec-8] TRACE org.hibernate.orm.jdbc.bind - binding parameter (1:BIGINT) <- [55]
2025-12-14 23:53:32.457 [http-nio-8040-exec-8] DEBUG org.hibernate.SQL - 
    select
        ba1_0.id,
        ba1_0.account_holder_name,
        ba1_0.account_number,
        ba1_0.bank_name,
        ba1_0.created_at,
        ba1_0.employee_id,
        ba1_0.ifsc_code,
        ba1_0.is_primary,
        ba1_0.owner_type,
        ba1_0.updated_at,
        ba1_0.vendor_id 
    from
        bank_accounts ba1_0 
    where
        ba1_0.employee_id=?
2025-12-14 23:53:32.457 [http-nio-8040-exec-8] TRACE org.hibernate.orm.jdbc.bind - binding parameter (1:BIGINT) <- [56]
2025-12-14 23:53:32.459 [http-nio-8040-exec-8] DEBUG org.hibernate.SQL - 
    select
        ba1_0.id,
        ba1_0.account_holder_name,
        ba1_0.account_number,
        ba1_0.bank_name,
        ba1_0.created_at,
        ba1_0.employee_id,
        ba1_0.ifsc_code,
        ba1_0.is_primary,
        ba1_0.owner_type,
        ba1_0.updated_at,
        ba1_0.vendor_id 
    from
        bank_accounts ba1_0 
    where
        ba1_0.employee_id=?
2025-12-14 23:53:32.459 [http-nio-8040-exec-8] TRACE org.hibernate.orm.jdbc.bind - binding parameter (1:BIGINT) <- [57]
2025-12-14 23:53:32.459 [http-nio-8040-exec-8] DEBUG org.hibernate.SQL - 
    select
        ba1_0.id,
        ba1_0.account_holder_name,
        ba1_0.account_number,
        ba1_0.bank_name,
        ba1_0.created_at,
        ba1_0.employee_id,
        ba1_0.ifsc_code,
        ba1_0.is_primary,
        ba1_0.owner_type,
        ba1_0.updated_at,
        ba1_0.vendor_id 
    from
        bank_accounts ba1_0 
    where
        ba1_0.employee_id=?
2025-12-14 23:53:32.459 [http-nio-8040-exec-8] TRACE org.hibernate.orm.jdbc.bind - binding parameter (1:BIGINT) <- [58]
2025-12-14 23:53:32.460 [http-nio-8040-exec-8] DEBUG org.hibernate.SQL - 
    select
        ba1_0.id,
        ba1_0.account_holder_name,
        ba1_0.account_number,
        ba1_0.bank_name,
        ba1_0.created_at,
        ba1_0.employee_id,
        ba1_0.ifsc_code,
        ba1_0.is_primary,
        ba1_0.owner_type,
        ba1_0.updated_at,
        ba1_0.vendor_id 
    from
        bank_accounts ba1_0 
    where
        ba1_0.employee_id=?
2025-12-14 23:53:32.460 [http-nio-8040-exec-8] TRACE org.hibernate.orm.jdbc.bind - binding parameter (1:BIGINT) <- [59]
2025-12-14 23:53:32.460 [http-nio-8040-exec-8] DEBUG org.hibernate.SQL - 
    select
        ba1_0.id,
        ba1_0.account_holder_name,
        ba1_0.account_number,
        ba1_0.bank_name,
        ba1_0.created_at,
        ba1_0.employee_id,
        ba1_0.ifsc_code,
        ba1_0.is_primary,
        ba1_0.owner_type,
        ba1_0.updated_at,
        ba1_0.vendor_id 
    from
        bank_accounts ba1_0 
    where
        ba1_0.employee_id=?
2025-12-14 23:53:32.460 [http-nio-8040-exec-8] TRACE org.hibernate.orm.jdbc.bind - binding parameter (1:BIGINT) <- [60]
2025-12-14 23:53:32.461 [http-nio-8040-exec-8] DEBUG org.hibernate.SQL - 
    select
        ba1_0.id,
        ba1_0.account_holder_name,
        ba1_0.account_number,
        ba1_0.bank_name,
        ba1_0.created_at,
        ba1_0.employee_id,
        ba1_0.ifsc_code,
        ba1_0.is_primary,
        ba1_0.owner_type,
        ba1_0.updated_at,
        ba1_0.vendor_id 
    from
        bank_accounts ba1_0 
    where
        ba1_0.employee_id=?
2025-12-14 23:53:32.461 [http-nio-8040-exec-8] TRACE org.hibernate.orm.jdbc.bind - binding parameter (1:BIGINT) <- [61]
2025-12-14 23:53:32.462 [http-nio-8040-exec-8] DEBUG org.hibernate.SQL - 
    select
        ba1_0.id,
        ba1_0.account_holder_name,
        ba1_0.account_number,
        ba1_0.bank_name,
        ba1_0.created_at,
        ba1_0.employee_id,
        ba1_0.ifsc_code,
        ba1_0.is_primary,
        ba1_0.owner_type,
        ba1_0.updated_at,
        ba1_0.vendor_id 
    from
        bank_accounts ba1_0 
    where
        ba1_0.employee_id=?
2025-12-14 23:53:32.462 [http-nio-8040-exec-8] TRACE org.hibernate.orm.jdbc.bind - binding parameter (1:BIGINT) <- [62]
2025-12-14 23:53:32.462 [http-nio-8040-exec-8] DEBUG org.hibernate.SQL - 
    select
        ba1_0.id,
        ba1_0.account_holder_name,
        ba1_0.account_number,
        ba1_0.bank_name,
        ba1_0.created_at,
        ba1_0.employee_id,
        ba1_0.ifsc_code,
        ba1_0.is_primary,
        ba1_0.owner_type,
        ba1_0.updated_at,
        ba1_0.vendor_id 
    from
        bank_accounts ba1_0 
    where
        ba1_0.employee_id=?
2025-12-14 23:53:32.464 [http-nio-8040-exec-8] TRACE org.hibernate.orm.jdbc.bind - binding parameter (1:BIGINT) <- [63]
2025-12-14 23:53:32.464 [http-nio-8040-exec-8] DEBUG org.hibernate.SQL - 
    select
        ba1_0.id,
        ba1_0.account_holder_name,
        ba1_0.account_number,
        ba1_0.bank_name,
        ba1_0.created_at,
        ba1_0.employee_id,
        ba1_0.ifsc_code,
        ba1_0.is_primary,
        ba1_0.owner_type,
        ba1_0.updated_at,
        ba1_0.vendor_id 
    from
        bank_accounts ba1_0 
    where
        ba1_0.employee_id=?
2025-12-14 23:53:32.464 [http-nio-8040-exec-8] TRACE org.hibernate.orm.jdbc.bind - binding parameter (1:BIGINT) <- [64]
2025-12-14 23:53:32.465 [http-nio-8040-exec-8] DEBUG org.hibernate.SQL - 
    select
        ba1_0.id,
        ba1_0.account_holder_name,
        ba1_0.account_number,
        ba1_0.bank_name,
        ba1_0.created_at,
        ba1_0.employee_id,
        ba1_0.ifsc_code,
        ba1_0.is_primary,
        ba1_0.owner_type,
        ba1_0.updated_at,
        ba1_0.vendor_id 
    from
        bank_accounts ba1_0 
    where
        ba1_0.employee_id=?
2025-12-14 23:53:32.465 [http-nio-8040-exec-8] TRACE org.hibernate.orm.jdbc.bind - binding parameter (1:BIGINT) <- [65]
2025-12-14 23:53:32.466 [http-nio-8040-exec-8] DEBUG org.hibernate.SQL - 
    select
        ba1_0.id,
        ba1_0.account_holder_name,
        ba1_0.account_number,
        ba1_0.bank_name,
        ba1_0.created_at,
        ba1_0.employee_id,
        ba1_0.ifsc_code,
        ba1_0.is_primary,
        ba1_0.owner_type,
        ba1_0.updated_at,
        ba1_0.vendor_id 
    from
        bank_accounts ba1_0 
    where
        ba1_0.employee_id=?
2025-12-14 23:53:32.467 [http-nio-8040-exec-8] TRACE org.hibernate.orm.jdbc.bind - binding parameter (1:BIGINT) <- [66]
2025-12-14 23:53:32.468 [http-nio-8040-exec-8] DEBUG org.hibernate.SQL - 
    select
        ba1_0.id,
        ba1_0.account_holder_name,
        ba1_0.account_number,
        ba1_0.bank_name,
        ba1_0.created_at,
        ba1_0.employee_id,
        ba1_0.ifsc_code,
        ba1_0.is_primary,
        ba1_0.owner_type,
        ba1_0.updated_at,
        ba1_0.vendor_id 
    from
        bank_accounts ba1_0 
    where
        ba1_0.employee_id=?
2025-12-14 23:53:32.468 [http-nio-8040-exec-8] TRACE org.hibernate.orm.jdbc.bind - binding parameter (1:BIGINT) <- [67]
2025-12-14 23:53:32.469 [http-nio-8040-exec-8] DEBUG org.hibernate.SQL - 
    select
        ba1_0.id,
        ba1_0.account_holder_name,
        ba1_0.account_number,
        ba1_0.bank_name,
        ba1_0.created_at,
        ba1_0.employee_id,
        ba1_0.ifsc_code,
        ba1_0.is_primary,
        ba1_0.owner_type,
        ba1_0.updated_at,
        ba1_0.vendor_id 
    from
        bank_accounts ba1_0 
    where
        ba1_0.employee_id=?
2025-12-14 23:53:32.469 [http-nio-8040-exec-8] TRACE org.hibernate.orm.jdbc.bind - binding parameter (1:BIGINT) <- [68]
2025-12-14 23:53:32.469 [http-nio-8040-exec-8] DEBUG org.hibernate.SQL - 
    select
        ba1_0.id,
        ba1_0.account_holder_name,
        ba1_0.account_number,
        ba1_0.bank_name,
        ba1_0.created_at,
        ba1_0.employee_id,
        ba1_0.ifsc_code,
        ba1_0.is_primary,
        ba1_0.owner_type,
        ba1_0.updated_at,
        ba1_0.vendor_id 
    from
        bank_accounts ba1_0 
    where
        ba1_0.employee_id=?
2025-12-14 23:53:32.469 [http-nio-8040-exec-8] TRACE org.hibernate.orm.jdbc.bind - binding parameter (1:BIGINT) <- [69]
2025-12-14 23:53:32.470 [http-nio-8040-exec-8] DEBUG org.hibernate.SQL - 
    select
        ba1_0.id,
        ba1_0.account_holder_name,
        ba1_0.account_number,
        ba1_0.bank_name,
        ba1_0.created_at,
        ba1_0.employee_id,
        ba1_0.ifsc_code,
        ba1_0.is_primary,
        ba1_0.owner_type,
        ba1_0.updated_at,
        ba1_0.vendor_id 
    from
        bank_accounts ba1_0 
    where
        ba1_0.employee_id=?
2025-12-14 23:53:32.470 [http-nio-8040-exec-8] TRACE org.hibernate.orm.jdbc.bind - binding parameter (1:BIGINT) <- [70]
2025-12-14 23:53:32.471 [http-nio-8040-exec-8] DEBUG org.hibernate.SQL - 
    select
        ba1_0.id,
        ba1_0.account_holder_name,
        ba1_0.account_number,
        ba1_0.bank_name,
        ba1_0.created_at,
        ba1_0.employee_id,
        ba1_0.ifsc_code,
        ba1_0.is_primary,
        ba1_0.owner_type,
        ba1_0.updated_at,
        ba1_0.vendor_id 
    from
        bank_accounts ba1_0 
    where
        ba1_0.employee_id=?
2025-12-14 23:53:32.471 [http-nio-8040-exec-8] TRACE org.hibernate.orm.jdbc.bind - binding parameter (1:BIGINT) <- [71]
2025-12-14 23:53:32.472 [http-nio-8040-exec-8] DEBUG org.hibernate.SQL - 
    select
        ba1_0.id,
        ba1_0.account_holder_name,
        ba1_0.account_number,
        ba1_0.bank_name,
        ba1_0.created_at,
        ba1_0.employee_id,
        ba1_0.ifsc_code,
        ba1_0.is_primary,
        ba1_0.owner_type,
        ba1_0.updated_at,
        ba1_0.vendor_id 
    from
        bank_accounts ba1_0 
    where
        ba1_0.employee_id=?
2025-12-14 23:53:32.472 [http-nio-8040-exec-8] TRACE org.hibernate.orm.jdbc.bind - binding parameter (1:BIGINT) <- [72]
2025-12-14 23:53:32.473 [http-nio-8040-exec-8] DEBUG org.hibernate.SQL - 
    select
        ba1_0.id,
        ba1_0.account_holder_name,
        ba1_0.account_number,
        ba1_0.bank_name,
        ba1_0.created_at,
        ba1_0.employee_id,
        ba1_0.ifsc_code,
        ba1_0.is_primary,
        ba1_0.owner_type,
        ba1_0.updated_at,
        ba1_0.vendor_id 
    from
        bank_accounts ba1_0 
    where
        ba1_0.employee_id=?
2025-12-14 23:53:32.473 [http-nio-8040-exec-8] TRACE org.hibernate.orm.jdbc.bind - binding parameter (1:BIGINT) <- [73]
2025-12-14 23:53:32.473 [http-nio-8040-exec-8] DEBUG org.hibernate.SQL - 
    select
        ba1_0.id,
        ba1_0.account_holder_name,
        ba1_0.account_number,
        ba1_0.bank_name,
        ba1_0.created_at,
        ba1_0.employee_id,
        ba1_0.ifsc_code,
        ba1_0.is_primary,
        ba1_0.owner_type,
        ba1_0.updated_at,
        ba1_0.vendor_id 
    from
        bank_accounts ba1_0 
    where
        ba1_0.employee_id=?
2025-12-14 23:53:32.473 [http-nio-8040-exec-8] TRACE org.hibernate.orm.jdbc.bind - binding parameter (1:BIGINT) <- [74]
2025-12-14 23:53:32.474 [http-nio-8040-exec-8] DEBUG org.hibernate.SQL - 
    select
        ba1_0.id,
        ba1_0.account_holder_name,
        ba1_0.account_number,
        ba1_0.bank_name,
        ba1_0.created_at,
        ba1_0.employee_id,
        ba1_0.ifsc_code,
        ba1_0.is_primary,
        ba1_0.owner_type,
        ba1_0.updated_at,
        ba1_0.vendor_id 
    from
        bank_accounts ba1_0 
    where
        ba1_0.employee_id=?
2025-12-14 23:53:32.474 [http-nio-8040-exec-8] TRACE org.hibernate.orm.jdbc.bind - binding parameter (1:BIGINT) <- [75]
2025-12-14 23:53:32.475 [http-nio-8040-exec-8] DEBUG org.hibernate.SQL - 
    select
        ba1_0.id,
        ba1_0.account_holder_name,
        ba1_0.account_number,
        ba1_0.bank_name,
        ba1_0.created_at,
        ba1_0.employee_id,
        ba1_0.ifsc_code,
        ba1_0.is_primary,
        ba1_0.owner_type,
        ba1_0.updated_at,
        ba1_0.vendor_id 
    from
        bank_accounts ba1_0 
    where
        ba1_0.employee_id=?
2025-12-14 23:53:32.475 [http-nio-8040-exec-8] TRACE org.hibernate.orm.jdbc.bind - binding parameter (1:BIGINT) <- [76]
2025-12-14 23:53:32.476 [http-nio-8040-exec-8] DEBUG org.hibernate.SQL - 
    select
        ba1_0.id,
        ba1_0.account_holder_name,
        ba1_0.account_number,
        ba1_0.bank_name,
        ba1_0.created_at,
        ba1_0.employee_id,
        ba1_0.ifsc_code,
        ba1_0.is_primary,
        ba1_0.owner_type,
        ba1_0.updated_at,
        ba1_0.vendor_id 
    from
        bank_accounts ba1_0 
    where
        ba1_0.employee_id=?
2025-12-14 23:53:32.476 [http-nio-8040-exec-8] TRACE org.hibernate.orm.jdbc.bind - binding parameter (1:BIGINT) <- [77]
2025-12-14 23:53:32.476 [http-nio-8040-exec-8] DEBUG org.hibernate.SQL - 
    select
        ba1_0.id,
        ba1_0.account_holder_name,
        ba1_0.account_number,
        ba1_0.bank_name,
        ba1_0.created_at,
        ba1_0.employee_id,
        ba1_0.ifsc_code,
        ba1_0.is_primary,
        ba1_0.owner_type,
        ba1_0.updated_at,
        ba1_0.vendor_id 
    from
        bank_accounts ba1_0 
    where
        ba1_0.employee_id=?
2025-12-14 23:53:32.477 [http-nio-8040-exec-8] TRACE org.hibernate.orm.jdbc.bind - binding parameter (1:BIGINT) <- [78]
2025-12-14 23:53:32.477 [http-nio-8040-exec-8] DEBUG org.hibernate.SQL - 
    select
        ba1_0.id,
        ba1_0.account_holder_name,
        ba1_0.account_number,
        ba1_0.bank_name,
        ba1_0.created_at,
        ba1_0.employee_id,
        ba1_0.ifsc_code,
        ba1_0.is_primary,
        ba1_0.owner_type,
        ba1_0.updated_at,
        ba1_0.vendor_id 
    from
        bank_accounts ba1_0 
    where
        ba1_0.employee_id=?
2025-12-14 23:53:32.477 [http-nio-8040-exec-8] TRACE org.hibernate.orm.jdbc.bind - binding parameter (1:BIGINT) <- [79]
2025-12-14 23:53:32.478 [http-nio-8040-exec-8] DEBUG org.hibernate.SQL - 
    select
        ba1_0.id,
        ba1_0.account_holder_name,
        ba1_0.account_number,
        ba1_0.bank_name,
        ba1_0.created_at,
        ba1_0.employee_id,
        ba1_0.ifsc_code,
        ba1_0.is_primary,
        ba1_0.owner_type,
        ba1_0.updated_at,
        ba1_0.vendor_id 
    from
        bank_accounts ba1_0 
    where
        ba1_0.employee_id=?
2025-12-14 23:53:32.478 [http-nio-8040-exec-8] TRACE org.hibernate.orm.jdbc.bind - binding parameter (1:BIGINT) <- [80]
2025-12-14 23:53:32.479 [http-nio-8040-exec-8] DEBUG org.hibernate.SQL - 
    select
        ba1_0.id,
        ba1_0.account_holder_name,
        ba1_0.account_number,
        ba1_0.bank_name,
        ba1_0.created_at,
        ba1_0.employee_id,
        ba1_0.ifsc_code,
        ba1_0.is_primary,
        ba1_0.owner_type,
        ba1_0.updated_at,
        ba1_0.vendor_id 
    from
        bank_accounts ba1_0 
    where
        ba1_0.employee_id=?
2025-12-14 23:53:32.479 [http-nio-8040-exec-8] TRACE org.hibernate.orm.jdbc.bind - binding parameter (1:BIGINT) <- [81]
2025-12-14 23:53:32.479 [http-nio-8040-exec-8] DEBUG org.hibernate.SQL - 
    select
        ba1_0.id,
        ba1_0.account_holder_name,
        ba1_0.account_number,
        ba1_0.bank_name,
        ba1_0.created_at,
        ba1_0.employee_id,
        ba1_0.ifsc_code,
        ba1_0.is_primary,
        ba1_0.owner_type,
        ba1_0.updated_at,
        ba1_0.vendor_id 
    from
        bank_accounts ba1_0 
    where
        ba1_0.employee_id=?
2025-12-14 23:53:32.480 [http-nio-8040-exec-8] TRACE org.hibernate.orm.jdbc.bind - binding parameter (1:BIGINT) <- [82]
2025-12-14 23:53:32.480 [http-nio-8040-exec-8] DEBUG org.hibernate.SQL - 
    select
        ba1_0.id,
        ba1_0.account_holder_name,
        ba1_0.account_number,
        ba1_0.bank_name,
        ba1_0.created_at,
        ba1_0.employee_id,
        ba1_0.ifsc_code,
        ba1_0.is_primary,
        ba1_0.owner_type,
        ba1_0.updated_at,
        ba1_0.vendor_id 
    from
        bank_accounts ba1_0 
    where
        ba1_0.employee_id=?
2025-12-14 23:53:32.480 [http-nio-8040-exec-8] TRACE org.hibernate.orm.jdbc.bind - binding parameter (1:BIGINT) <- [83]
2025-12-14 23:53:32.482 [http-nio-8040-exec-8] DEBUG org.hibernate.SQL - 
    select
        ba1_0.id,
        ba1_0.account_holder_name,
        ba1_0.account_number,
        ba1_0.bank_name,
        ba1_0.created_at,
        ba1_0.employee_id,
        ba1_0.ifsc_code,
        ba1_0.is_primary,
        ba1_0.owner_type,
        ba1_0.updated_at,
        ba1_0.vendor_id 
    from
        bank_accounts ba1_0 
    where
        ba1_0.employee_id=?
2025-12-14 23:53:32.482 [http-nio-8040-exec-8] TRACE org.hibernate.orm.jdbc.bind - binding parameter (1:BIGINT) <- [84]
2025-12-14 23:53:32.482 [http-nio-8040-exec-8] DEBUG org.hibernate.SQL - 
    select
        ba1_0.id,
        ba1_0.account_holder_name,
        ba1_0.account_number,
        ba1_0.bank_name,
        ba1_0.created_at,
        ba1_0.employee_id,
        ba1_0.ifsc_code,
        ba1_0.is_primary,
        ba1_0.owner_type,
        ba1_0.updated_at,
        ba1_0.vendor_id 
    from
        bank_accounts ba1_0 
    where
        ba1_0.employee_id=?
2025-12-14 23:53:32.483 [http-nio-8040-exec-8] TRACE org.hibernate.orm.jdbc.bind - binding parameter (1:BIGINT) <- [85]
2025-12-14 23:53:32.483 [http-nio-8040-exec-8] DEBUG org.hibernate.SQL - 
    select
        ba1_0.id,
        ba1_0.account_holder_name,
        ba1_0.account_number,
        ba1_0.bank_name,
        ba1_0.created_at,
        ba1_0.employee_id,
        ba1_0.ifsc_code,
        ba1_0.is_primary,
        ba1_0.owner_type,
        ba1_0.updated_at,
        ba1_0.vendor_id 
    from
        bank_accounts ba1_0 
    where
        ba1_0.employee_id=?
2025-12-14 23:53:32.483 [http-nio-8040-exec-8] TRACE org.hibernate.orm.jdbc.bind - binding parameter (1:BIGINT) <- [86]
2025-12-14 23:53:32.483 [http-nio-8040-exec-8] DEBUG org.hibernate.SQL - 
    select
        ba1_0.id,
        ba1_0.account_holder_name,
        ba1_0.account_number,
        ba1_0.bank_name,
        ba1_0.created_at,
        ba1_0.employee_id,
        ba1_0.ifsc_code,
        ba1_0.is_primary,
        ba1_0.owner_type,
        ba1_0.updated_at,
        ba1_0.vendor_id 
    from
        bank_accounts ba1_0 
    where
        ba1_0.employee_id=?
2025-12-14 23:53:32.484 [http-nio-8040-exec-8] TRACE org.hibernate.orm.jdbc.bind - binding parameter (1:BIGINT) <- [87]
2025-12-14 23:53:32.484 [http-nio-8040-exec-8] DEBUG org.hibernate.SQL - 
    select
        ba1_0.id,
        ba1_0.account_holder_name,
        ba1_0.account_number,
        ba1_0.bank_name,
        ba1_0.created_at,
        ba1_0.employee_id,
        ba1_0.ifsc_code,
        ba1_0.is_primary,
        ba1_0.owner_type,
        ba1_0.updated_at,
        ba1_0.vendor_id 
    from
        bank_accounts ba1_0 
    where
        ba1_0.employee_id=?
2025-12-14 23:53:32.485 [http-nio-8040-exec-8] TRACE org.hibernate.orm.jdbc.bind - binding parameter (1:BIGINT) <- [88]
2025-12-14 23:53:32.486 [http-nio-8040-exec-8] DEBUG org.hibernate.SQL - 
    select
        ba1_0.id,
        ba1_0.account_holder_name,
        ba1_0.account_number,
        ba1_0.bank_name,
        ba1_0.created_at,
        ba1_0.employee_id,
        ba1_0.ifsc_code,
        ba1_0.is_primary,
        ba1_0.owner_type,
        ba1_0.updated_at,
        ba1_0.vendor_id 
    from
        bank_accounts ba1_0 
    where
        ba1_0.employee_id=?
2025-12-14 23:53:32.486 [http-nio-8040-exec-8] TRACE org.hibernate.orm.jdbc.bind - binding parameter (1:BIGINT) <- [89]
2025-12-14 23:53:32.486 [http-nio-8040-exec-8] DEBUG org.hibernate.SQL - 
    select
        ba1_0.id,
        ba1_0.account_holder_name,
        ba1_0.account_number,
        ba1_0.bank_name,
        ba1_0.created_at,
        ba1_0.employee_id,
        ba1_0.ifsc_code,
        ba1_0.is_primary,
        ba1_0.owner_type,
        ba1_0.updated_at,
        ba1_0.vendor_id 
    from
        bank_accounts ba1_0 
    where
        ba1_0.employee_id=?
2025-12-14 23:53:32.486 [http-nio-8040-exec-8] TRACE org.hibernate.orm.jdbc.bind - binding parameter (1:BIGINT) <- [90]
2025-12-14 23:53:32.487 [http-nio-8040-exec-8] DEBUG org.hibernate.SQL - 
    select
        ba1_0.id,
        ba1_0.account_holder_name,
        ba1_0.account_number,
        ba1_0.bank_name,
        ba1_0.created_at,
        ba1_0.employee_id,
        ba1_0.ifsc_code,
        ba1_0.is_primary,
        ba1_0.owner_type,
        ba1_0.updated_at,
        ba1_0.vendor_id 
    from
        bank_accounts ba1_0 
    where
        ba1_0.employee_id=?
2025-12-14 23:53:32.487 [http-nio-8040-exec-8] TRACE org.hibernate.orm.jdbc.bind - binding parameter (1:BIGINT) <- [91]
2025-12-14 23:53:32.488 [http-nio-8040-exec-8] DEBUG org.hibernate.SQL - 
    select
        ba1_0.id,
        ba1_0.account_holder_name,
        ba1_0.account_number,
        ba1_0.bank_name,
        ba1_0.created_at,
        ba1_0.employee_id,
        ba1_0.ifsc_code,
        ba1_0.is_primary,
        ba1_0.owner_type,
        ba1_0.updated_at,
        ba1_0.vendor_id 
    from
        bank_accounts ba1_0 
    where
        ba1_0.employee_id=?
2025-12-14 23:53:32.488 [http-nio-8040-exec-8] TRACE org.hibernate.orm.jdbc.bind - binding parameter (1:BIGINT) <- [92]
2025-12-14 23:53:32.489 [http-nio-8040-exec-8] DEBUG org.hibernate.SQL - 
    select
        ba1_0.id,
        ba1_0.account_holder_name,
        ba1_0.account_number,
        ba1_0.bank_name,
        ba1_0.created_at,
        ba1_0.employee_id,
        ba1_0.ifsc_code,
        ba1_0.is_primary,
        ba1_0.owner_type,
        ba1_0.updated_at,
        ba1_0.vendor_id 
    from
        bank_accounts ba1_0 
    where
        ba1_0.employee_id=?
2025-12-14 23:53:32.489 [http-nio-8040-exec-8] TRACE org.hibernate.orm.jdbc.bind - binding parameter (1:BIGINT) <- [93]
2025-12-14 23:53:32.489 [http-nio-8040-exec-8] DEBUG org.hibernate.SQL - 
    select
        ba1_0.id,
        ba1_0.account_holder_name,
        ba1_0.account_number,
        ba1_0.bank_name,
        ba1_0.created_at,
        ba1_0.employee_id,
        ba1_0.ifsc_code,
        ba1_0.is_primary,
        ba1_0.owner_type,
        ba1_0.updated_at,
        ba1_0.vendor_id 
    from
        bank_accounts ba1_0 
    where
        ba1_0.employee_id=?
2025-12-14 23:53:32.489 [http-nio-8040-exec-8] TRACE org.hibernate.orm.jdbc.bind - binding parameter (1:BIGINT) <- [94]
2025-12-14 23:53:32.490 [http-nio-8040-exec-8] DEBUG org.hibernate.SQL - 
    select
        ba1_0.id,
        ba1_0.account_holder_name,
        ba1_0.account_number,
        ba1_0.bank_name,
        ba1_0.created_at,
        ba1_0.employee_id,
        ba1_0.ifsc_code,
        ba1_0.is_primary,
        ba1_0.owner_type,
        ba1_0.updated_at,
        ba1_0.vendor_id 
    from
        bank_accounts ba1_0 
    where
        ba1_0.employee_id=?
2025-12-14 23:53:32.490 [http-nio-8040-exec-8] TRACE org.hibernate.orm.jdbc.bind - binding parameter (1:BIGINT) <- [95]
2025-12-14 23:53:32.490 [http-nio-8040-exec-8] DEBUG org.hibernate.SQL - 
    select
        ba1_0.id,
        ba1_0.account_holder_name,
        ba1_0.account_number,
        ba1_0.bank_name,
        ba1_0.created_at,
        ba1_0.employee_id,
        ba1_0.ifsc_code,
        ba1_0.is_primary,
        ba1_0.owner_type,
        ba1_0.updated_at,
        ba1_0.vendor_id 
    from
        bank_accounts ba1_0 
    where
        ba1_0.employee_id=?
2025-12-14 23:53:32.492 [http-nio-8040-exec-8] TRACE org.hibernate.orm.jdbc.bind - binding parameter (1:BIGINT) <- [96]
2025-12-14 23:53:32.492 [http-nio-8040-exec-8] DEBUG org.hibernate.SQL - 
    select
        ba1_0.id,
        ba1_0.account_holder_name,
        ba1_0.account_number,
        ba1_0.bank_name,
        ba1_0.created_at,
        ba1_0.employee_id,
        ba1_0.ifsc_code,
        ba1_0.is_primary,
        ba1_0.owner_type,
        ba1_0.updated_at,
        ba1_0.vendor_id 
    from
        bank_accounts ba1_0 
    where
        ba1_0.employee_id=?
2025-12-14 23:53:32.492 [http-nio-8040-exec-8] TRACE org.hibernate.orm.jdbc.bind - binding parameter (1:BIGINT) <- [97]
2025-12-14 23:53:32.493 [http-nio-8040-exec-8] DEBUG org.hibernate.SQL - 
    select
        ba1_0.id,
        ba1_0.account_holder_name,
        ba1_0.account_number,
        ba1_0.bank_name,
        ba1_0.created_at,
        ba1_0.employee_id,
        ba1_0.ifsc_code,
        ba1_0.is_primary,
        ba1_0.owner_type,
        ba1_0.updated_at,
        ba1_0.vendor_id 
    from
        bank_accounts ba1_0 
    where
        ba1_0.employee_id=?
2025-12-14 23:53:32.493 [http-nio-8040-exec-8] TRACE org.hibernate.orm.jdbc.bind - binding parameter (1:BIGINT) <- [98]
2025-12-14 23:53:32.493 [http-nio-8040-exec-8] DEBUG org.hibernate.SQL - 
    select
        ba1_0.id,
        ba1_0.account_holder_name,
        ba1_0.account_number,
        ba1_0.bank_name,
        ba1_0.created_at,
        ba1_0.employee_id,
        ba1_0.ifsc_code,
        ba1_0.is_primary,
        ba1_0.owner_type,
        ba1_0.updated_at,
        ba1_0.vendor_id 
    from
        bank_accounts ba1_0 
    where
        ba1_0.employee_id=?
2025-12-14 23:53:32.493 [http-nio-8040-exec-8] TRACE org.hibernate.orm.jdbc.bind - binding parameter (1:BIGINT) <- [99]
2025-12-14 23:53:32.495 [http-nio-8040-exec-8] DEBUG org.hibernate.SQL - 
    select
        ba1_0.id,
        ba1_0.account_holder_name,
        ba1_0.account_number,
        ba1_0.bank_name,
        ba1_0.created_at,
        ba1_0.employee_id,
        ba1_0.ifsc_code,
        ba1_0.is_primary,
        ba1_0.owner_type,
        ba1_0.updated_at,
        ba1_0.vendor_id 
    from
        bank_accounts ba1_0 
    where
        ba1_0.employee_id=?
2025-12-14 23:53:32.495 [http-nio-8040-exec-8] TRACE org.hibernate.orm.jdbc.bind - binding parameter (1:BIGINT) <- [100]
2025-12-14 23:53:32.496 [http-nio-8040-exec-8] DEBUG org.hibernate.SQL - 
    select
        u1_0.id,
        u1_0.created_at,
        u1_0.email,
        u1_0.full_name,
        u1_0.is_active,
        u1_0.organization_id,
        u1_0.password,
        u1_0.requires_password_change,
        u1_0.role,
        u1_0.updated_at,
        u1_0.username 
    from
        users u1_0 
    where
        u1_0.id=?
2025-12-14 23:53:32.496 [http-nio-8040-exec-8] TRACE org.hibernate.orm.jdbc.bind - binding parameter (1:BIGINT) <- [1]
2025-12-14 23:53:32.496 [http-nio-8040-exec-8] DEBUG org.hibernate.SQL - 
    select
        p1_0.payroll_batch_id,
        p1_0.id,
        p1_0.basic_salary,
        p1_0.created_at,
        p1_0.da,
        p1_0.employee_id,
        p1_0.hra,
        p1_0.net_salary_paid,
        p1_0.other_allowances,
        p1_0.pf_contribution,
        p1_0.processed_at,
        p1_0.status 
    from
        payroll_payments p1_0 
    where
        p1_0.payroll_batch_id=?
2025-12-14 23:53:32.496 [http-nio-8040-exec-8] TRACE org.hibernate.orm.jdbc.bind - binding parameter (1:BIGINT) <- [1]
2025-12-14 23:53:32.502 [http-nio-8040-exec-8] DEBUG org.hibernate.SQL - 
    select
        u1_0.id,
        u1_0.created_at,
        u1_0.email,
        u1_0.full_name,
        u1_0.is_active,
        u1_0.organization_id,
        u1_0.password,
        u1_0.requires_password_change,
        u1_0.role,
        u1_0.updated_at,
        u1_0.username 
    from
        users u1_0 
    where
        u1_0.id=?
2025-12-14 23:53:32.502 [http-nio-8040-exec-8] TRACE org.hibernate.orm.jdbc.bind - binding parameter (1:BIGINT) <- [12]
2025-12-14 23:53:32.502 [http-nio-8040-exec-8] DEBUG org.hibernate.SQL - 
    select
        u1_0.id,
        u1_0.created_at,
        u1_0.email,
        u1_0.full_name,
        u1_0.is_active,
        u1_0.organization_id,
        u1_0.password,
        u1_0.requires_password_change,
        u1_0.role,
        u1_0.updated_at,
        u1_0.username 
    from
        users u1_0 
    where
        u1_0.id=?
2025-12-14 23:53:32.503 [http-nio-8040-exec-8] TRACE org.hibernate.orm.jdbc.bind - binding parameter (1:BIGINT) <- [5]
2025-12-14 23:53:32.504 [http-nio-8040-exec-8] DEBUG org.hibernate.SQL - 
    select
        u1_0.id,
        u1_0.created_at,
        u1_0.email,
        u1_0.full_name,
        u1_0.is_active,
        u1_0.organization_id,
        u1_0.password,
        u1_0.requires_password_change,
        u1_0.role,
        u1_0.updated_at,
        u1_0.username 
    from
        users u1_0 
    where
        u1_0.id=?
2025-12-14 23:53:32.504 [http-nio-8040-exec-8] TRACE org.hibernate.orm.jdbc.bind - binding parameter (1:BIGINT) <- [6]
2025-12-14 23:53:32.504 [http-nio-8040-exec-8] DEBUG org.hibernate.SQL - 
    select
        u1_0.id,
        u1_0.created_at,
        u1_0.email,
        u1_0.full_name,
        u1_0.is_active,
        u1_0.organization_id,
        u1_0.password,
        u1_0.requires_password_change,
        u1_0.role,
        u1_0.updated_at,
        u1_0.username 
    from
        users u1_0 
    where
        u1_0.id=?
2025-12-14 23:53:32.504 [http-nio-8040-exec-8] TRACE org.hibernate.orm.jdbc.bind - binding parameter (1:BIGINT) <- [4]
2025-12-14 23:53:32.506 [http-nio-8040-exec-8] DEBUG org.hibernate.SQL - 
    select
        u1_0.id,
        u1_0.created_at,
        u1_0.email,
        u1_0.full_name,
        u1_0.is_active,
        u1_0.organization_id,
        u1_0.password,
        u1_0.requires_password_change,
        u1_0.role,
        u1_0.updated_at,
        u1_0.username 
    from
        users u1_0 
    where
        u1_0.id=?
2025-12-14 23:53:32.506 [http-nio-8040-exec-8] TRACE org.hibernate.orm.jdbc.bind - binding parameter (1:BIGINT) <- [8]
2025-12-14 23:53:32.506 [http-nio-8040-exec-8] DEBUG org.hibernate.SQL - 
    select
        u1_0.id,
        u1_0.created_at,
        u1_0.email,
        u1_0.full_name,
        u1_0.is_active,
        u1_0.organization_id,
        u1_0.password,
        u1_0.requires_password_change,
        u1_0.role,
        u1_0.updated_at,
        u1_0.username 
    from
        users u1_0 
    where
        u1_0.id=?
2025-12-14 23:53:32.506 [http-nio-8040-exec-8] TRACE org.hibernate.orm.jdbc.bind - binding parameter (1:BIGINT) <- [10]
2025-12-14 23:53:32.507 [http-nio-8040-exec-8] DEBUG org.hibernate.SQL - 
    select
        u1_0.id,
        u1_0.created_at,
        u1_0.email,
        u1_0.full_name,
        u1_0.is_active,
        u1_0.organization_id,
        u1_0.password,
        u1_0.requires_password_change,
        u1_0.role,
        u1_0.updated_at,
        u1_0.username 
    from
        users u1_0 
    where
        u1_0.id=?
2025-12-14 23:53:32.507 [http-nio-8040-exec-8] TRACE org.hibernate.orm.jdbc.bind - binding parameter (1:BIGINT) <- [18]
2025-12-14 23:53:32.508 [http-nio-8040-exec-8] DEBUG org.hibernate.SQL - 
    select
        u1_0.id,
        u1_0.created_at,
        u1_0.email,
        u1_0.full_name,
        u1_0.is_active,
        u1_0.organization_id,
        u1_0.password,
        u1_0.requires_password_change,
        u1_0.role,
        u1_0.updated_at,
        u1_0.username 
    from
        users u1_0 
    where
        u1_0.id=?
2025-12-14 23:53:32.508 [http-nio-8040-exec-8] TRACE org.hibernate.orm.jdbc.bind - binding parameter (1:BIGINT) <- [13]
2025-12-14 23:53:32.509 [http-nio-8040-exec-8] DEBUG org.hibernate.SQL - 
    select
        u1_0.id,
        u1_0.created_at,
        u1_0.email,
        u1_0.full_name,
        u1_0.is_active,
        u1_0.organization_id,
        u1_0.password,
        u1_0.requires_password_change,
        u1_0.role,
        u1_0.updated_at,
        u1_0.username 
    from
        users u1_0 
    where
        u1_0.id=?
2025-12-14 23:53:32.509 [http-nio-8040-exec-8] TRACE org.hibernate.orm.jdbc.bind - binding parameter (1:BIGINT) <- [11]
2025-12-14 23:53:32.510 [http-nio-8040-exec-8] DEBUG org.hibernate.SQL - 
    select
        u1_0.id,
        u1_0.created_at,
        u1_0.email,
        u1_0.full_name,
        u1_0.is_active,
        u1_0.organization_id,
        u1_0.password,
        u1_0.requires_password_change,
        u1_0.role,
        u1_0.updated_at,
        u1_0.username 
    from
        users u1_0 
    where
        u1_0.id=?
2025-12-14 23:53:32.510 [http-nio-8040-exec-8] TRACE org.hibernate.orm.jdbc.bind - binding parameter (1:BIGINT) <- [22]
2025-12-14 23:53:32.511 [http-nio-8040-exec-8] DEBUG org.hibernate.SQL - 
    select
        u1_0.id,
        u1_0.created_at,
        u1_0.email,
        u1_0.full_name,
        u1_0.is_active,
        u1_0.organization_id,
        u1_0.password,
        u1_0.requires_password_change,
        u1_0.role,
        u1_0.updated_at,
        u1_0.username 
    from
        users u1_0 
    where
        u1_0.id=?
2025-12-14 23:53:32.511 [http-nio-8040-exec-8] TRACE org.hibernate.orm.jdbc.bind - binding parameter (1:BIGINT) <- [16]
2025-12-14 23:53:32.511 [http-nio-8040-exec-8] DEBUG org.hibernate.SQL - 
    select
        u1_0.id,
        u1_0.created_at,
        u1_0.email,
        u1_0.full_name,
        u1_0.is_active,
        u1_0.organization_id,
        u1_0.password,
        u1_0.requires_password_change,
        u1_0.role,
        u1_0.updated_at,
        u1_0.username 
    from
        users u1_0 
    where
        u1_0.id=?
2025-12-14 23:53:32.513 [http-nio-8040-exec-8] TRACE org.hibernate.orm.jdbc.bind - binding parameter (1:BIGINT) <- [7]
2025-12-14 23:53:32.513 [http-nio-8040-exec-8] DEBUG org.hibernate.SQL - 
    select
        u1_0.id,
        u1_0.created_at,
        u1_0.email,
        u1_0.full_name,
        u1_0.is_active,
        u1_0.organization_id,
        u1_0.password,
        u1_0.requires_password_change,
        u1_0.role,
        u1_0.updated_at,
        u1_0.username 
    from
        users u1_0 
    where
        u1_0.id=?
2025-12-14 23:53:32.513 [http-nio-8040-exec-8] TRACE org.hibernate.orm.jdbc.bind - binding parameter (1:BIGINT) <- [15]
2025-12-14 23:53:32.514 [http-nio-8040-exec-8] DEBUG org.hibernate.SQL - 
    select
        u1_0.id,
        u1_0.created_at,
        u1_0.email,
        u1_0.full_name,
        u1_0.is_active,
        u1_0.organization_id,
        u1_0.password,
        u1_0.requires_password_change,
        u1_0.role,
        u1_0.updated_at,
        u1_0.username 
    from
        users u1_0 
    where
        u1_0.id=?
2025-12-14 23:53:32.514 [http-nio-8040-exec-8] TRACE org.hibernate.orm.jdbc.bind - binding parameter (1:BIGINT) <- [26]
2025-12-14 23:53:32.515 [http-nio-8040-exec-8] DEBUG org.hibernate.SQL - 
    select
        u1_0.id,
        u1_0.created_at,
        u1_0.email,
        u1_0.full_name,
        u1_0.is_active,
        u1_0.organization_id,
        u1_0.password,
        u1_0.requires_password_change,
        u1_0.role,
        u1_0.updated_at,
        u1_0.username 
    from
        users u1_0 
    where
        u1_0.id=?
2025-12-14 23:53:32.515 [http-nio-8040-exec-8] TRACE org.hibernate.orm.jdbc.bind - binding parameter (1:BIGINT) <- [30]
2025-12-14 23:53:32.515 [http-nio-8040-exec-8] DEBUG org.hibernate.SQL - 
    select
        u1_0.id,
        u1_0.created_at,
        u1_0.email,
        u1_0.full_name,
        u1_0.is_active,
        u1_0.organization_id,
        u1_0.password,
        u1_0.requires_password_change,
        u1_0.role,
        u1_0.updated_at,
        u1_0.username 
    from
        users u1_0 
    where
        u1_0.id=?
2025-12-14 23:53:32.515 [http-nio-8040-exec-8] TRACE org.hibernate.orm.jdbc.bind - binding parameter (1:BIGINT) <- [19]
2025-12-14 23:53:32.516 [http-nio-8040-exec-8] DEBUG org.hibernate.SQL - 
    select
        u1_0.id,
        u1_0.created_at,
        u1_0.email,
        u1_0.full_name,
        u1_0.is_active,
        u1_0.organization_id,
        u1_0.password,
        u1_0.requires_password_change,
        u1_0.role,
        u1_0.updated_at,
        u1_0.username 
    from
        users u1_0 
    where
        u1_0.id=?
2025-12-14 23:53:32.517 [http-nio-8040-exec-8] TRACE org.hibernate.orm.jdbc.bind - binding parameter (1:BIGINT) <- [34]
2025-12-14 23:53:32.517 [http-nio-8040-exec-8] DEBUG org.hibernate.SQL - 
    select
        u1_0.id,
        u1_0.created_at,
        u1_0.email,
        u1_0.full_name,
        u1_0.is_active,
        u1_0.organization_id,
        u1_0.password,
        u1_0.requires_password_change,
        u1_0.role,
        u1_0.updated_at,
        u1_0.username 
    from
        users u1_0 
    where
        u1_0.id=?
2025-12-14 23:53:32.517 [http-nio-8040-exec-8] TRACE org.hibernate.orm.jdbc.bind - binding parameter (1:BIGINT) <- [38]
2025-12-14 23:53:32.518 [http-nio-8040-exec-8] DEBUG org.hibernate.SQL - 
    select
        u1_0.id,
        u1_0.created_at,
        u1_0.email,
        u1_0.full_name,
        u1_0.is_active,
        u1_0.organization_id,
        u1_0.password,
        u1_0.requires_password_change,
        u1_0.role,
        u1_0.updated_at,
        u1_0.username 
    from
        users u1_0 
    where
        u1_0.id=?
2025-12-14 23:53:32.518 [http-nio-8040-exec-8] TRACE org.hibernate.orm.jdbc.bind - binding parameter (1:BIGINT) <- [23]
2025-12-14 23:53:32.518 [http-nio-8040-exec-8] DEBUG org.hibernate.SQL - 
    select
        u1_0.id,
        u1_0.created_at,
        u1_0.email,
        u1_0.full_name,
        u1_0.is_active,
        u1_0.organization_id,
        u1_0.password,
        u1_0.requires_password_change,
        u1_0.role,
        u1_0.updated_at,
        u1_0.username 
    from
        users u1_0 
    where
        u1_0.id=?
2025-12-14 23:53:32.518 [http-nio-8040-exec-8] TRACE org.hibernate.orm.jdbc.bind - binding parameter (1:BIGINT) <- [20]
2025-12-14 23:53:32.520 [http-nio-8040-exec-8] DEBUG org.hibernate.SQL - 
    select
        u1_0.id,
        u1_0.created_at,
        u1_0.email,
        u1_0.full_name,
        u1_0.is_active,
        u1_0.organization_id,
        u1_0.password,
        u1_0.requires_password_change,
        u1_0.role,
        u1_0.updated_at,
        u1_0.username 
    from
        users u1_0 
    where
        u1_0.id=?
2025-12-14 23:53:32.520 [http-nio-8040-exec-8] TRACE org.hibernate.orm.jdbc.bind - binding parameter (1:BIGINT) <- [27]
2025-12-14 23:53:32.521 [http-nio-8040-exec-8] DEBUG org.hibernate.SQL - 
    select
        u1_0.id,
        u1_0.created_at,
        u1_0.email,
        u1_0.full_name,
        u1_0.is_active,
        u1_0.organization_id,
        u1_0.password,
        u1_0.requires_password_change,
        u1_0.role,
        u1_0.updated_at,
        u1_0.username 
    from
        users u1_0 
    where
        u1_0.id=?
2025-12-14 23:53:32.521 [http-nio-8040-exec-8] TRACE org.hibernate.orm.jdbc.bind - binding parameter (1:BIGINT) <- [41]
2025-12-14 23:53:32.521 [http-nio-8040-exec-8] DEBUG org.hibernate.SQL - 
    select
        u1_0.id,
        u1_0.created_at,
        u1_0.email,
        u1_0.full_name,
        u1_0.is_active,
        u1_0.organization_id,
        u1_0.password,
        u1_0.requires_password_change,
        u1_0.role,
        u1_0.updated_at,
        u1_0.username 
    from
        users u1_0 
    where
        u1_0.id=?
2025-12-14 23:53:32.521 [http-nio-8040-exec-8] TRACE org.hibernate.orm.jdbc.bind - binding parameter (1:BIGINT) <- [9]
2025-12-14 23:53:32.522 [http-nio-8040-exec-8] DEBUG org.hibernate.SQL - 
    select
        u1_0.id,
        u1_0.created_at,
        u1_0.email,
        u1_0.full_name,
        u1_0.is_active,
        u1_0.organization_id,
        u1_0.password,
        u1_0.requires_password_change,
        u1_0.role,
        u1_0.updated_at,
        u1_0.username 
    from
        users u1_0 
    where
        u1_0.id=?
2025-12-14 23:53:32.522 [http-nio-8040-exec-8] TRACE org.hibernate.orm.jdbc.bind - binding parameter (1:BIGINT) <- [42]
2025-12-14 23:53:32.523 [http-nio-8040-exec-8] DEBUG org.hibernate.SQL - 
    select
        u1_0.id,
        u1_0.created_at,
        u1_0.email,
        u1_0.full_name,
        u1_0.is_active,
        u1_0.organization_id,
        u1_0.password,
        u1_0.requires_password_change,
        u1_0.role,
        u1_0.updated_at,
        u1_0.username 
    from
        users u1_0 
    where
        u1_0.id=?
2025-12-14 23:53:32.523 [http-nio-8040-exec-8] TRACE org.hibernate.orm.jdbc.bind - binding parameter (1:BIGINT) <- [14]
2025-12-14 23:53:32.524 [http-nio-8040-exec-8] DEBUG org.hibernate.SQL - 
    select
        u1_0.id,
        u1_0.created_at,
        u1_0.email,
        u1_0.full_name,
        u1_0.is_active,
        u1_0.organization_id,
        u1_0.password,
        u1_0.requires_password_change,
        u1_0.role,
        u1_0.updated_at,
        u1_0.username 
    from
        users u1_0 
    where
        u1_0.id=?
2025-12-14 23:53:32.524 [http-nio-8040-exec-8] TRACE org.hibernate.orm.jdbc.bind - binding parameter (1:BIGINT) <- [31]
2025-12-14 23:53:32.526 [http-nio-8040-exec-8] DEBUG org.hibernate.SQL - 
    select
        u1_0.id,
        u1_0.created_at,
        u1_0.email,
        u1_0.full_name,
        u1_0.is_active,
        u1_0.organization_id,
        u1_0.password,
        u1_0.requires_password_change,
        u1_0.role,
        u1_0.updated_at,
        u1_0.username 
    from
        users u1_0 
    where
        u1_0.id=?
2025-12-14 23:53:32.526 [http-nio-8040-exec-8] TRACE org.hibernate.orm.jdbc.bind - binding parameter (1:BIGINT) <- [43]
2025-12-14 23:53:32.526 [http-nio-8040-exec-8] DEBUG org.hibernate.SQL - 
    select
        u1_0.id,
        u1_0.created_at,
        u1_0.email,
        u1_0.full_name,
        u1_0.is_active,
        u1_0.organization_id,
        u1_0.password,
        u1_0.requires_password_change,
        u1_0.role,
        u1_0.updated_at,
        u1_0.username 
    from
        users u1_0 
    where
        u1_0.id=?
2025-12-14 23:53:32.526 [http-nio-8040-exec-8] TRACE org.hibernate.orm.jdbc.bind - binding parameter (1:BIGINT) <- [17]
2025-12-14 23:53:32.527 [http-nio-8040-exec-8] DEBUG org.hibernate.SQL - 
    select
        u1_0.id,
        u1_0.created_at,
        u1_0.email,
        u1_0.full_name,
        u1_0.is_active,
        u1_0.organization_id,
        u1_0.password,
        u1_0.requires_password_change,
        u1_0.role,
        u1_0.updated_at,
        u1_0.username 
    from
        users u1_0 
    where
        u1_0.id=?
2025-12-14 23:53:32.527 [http-nio-8040-exec-8] TRACE org.hibernate.orm.jdbc.bind - binding parameter (1:BIGINT) <- [35]
2025-12-14 23:53:32.527 [http-nio-8040-exec-8] DEBUG org.hibernate.SQL - 
    select
        u1_0.id,
        u1_0.created_at,
        u1_0.email,
        u1_0.full_name,
        u1_0.is_active,
        u1_0.organization_id,
        u1_0.password,
        u1_0.requires_password_change,
        u1_0.role,
        u1_0.updated_at,
        u1_0.username 
    from
        users u1_0 
    where
        u1_0.id=?
2025-12-14 23:53:32.527 [http-nio-8040-exec-8] TRACE org.hibernate.orm.jdbc.bind - binding parameter (1:BIGINT) <- [21]
2025-12-14 23:53:32.529 [http-nio-8040-exec-8] DEBUG org.hibernate.SQL - 
    select
        u1_0.id,
        u1_0.created_at,
        u1_0.email,
        u1_0.full_name,
        u1_0.is_active,
        u1_0.organization_id,
        u1_0.password,
        u1_0.requires_password_change,
        u1_0.role,
        u1_0.updated_at,
        u1_0.username 
    from
        users u1_0 
    where
        u1_0.id=?
2025-12-14 23:53:32.529 [http-nio-8040-exec-8] TRACE org.hibernate.orm.jdbc.bind - binding parameter (1:BIGINT) <- [24]
2025-12-14 23:53:32.530 [http-nio-8040-exec-8] DEBUG org.hibernate.SQL - 
    select
        u1_0.id,
        u1_0.created_at,
        u1_0.email,
        u1_0.full_name,
        u1_0.is_active,
        u1_0.organization_id,
        u1_0.password,
        u1_0.requires_password_change,
        u1_0.role,
        u1_0.updated_at,
        u1_0.username 
    from
        users u1_0 
    where
        u1_0.id=?
2025-12-14 23:53:32.530 [http-nio-8040-exec-8] TRACE org.hibernate.orm.jdbc.bind - binding parameter (1:BIGINT) <- [39]
2025-12-14 23:53:32.530 [http-nio-8040-exec-8] DEBUG org.hibernate.SQL - 
    select
        u1_0.id,
        u1_0.created_at,
        u1_0.email,
        u1_0.full_name,
        u1_0.is_active,
        u1_0.organization_id,
        u1_0.password,
        u1_0.requires_password_change,
        u1_0.role,
        u1_0.updated_at,
        u1_0.username 
    from
        users u1_0 
    where
        u1_0.id=?
2025-12-14 23:53:32.531 [http-nio-8040-exec-8] TRACE org.hibernate.orm.jdbc.bind - binding parameter (1:BIGINT) <- [25]
2025-12-14 23:53:32.532 [http-nio-8040-exec-8] DEBUG org.hibernate.SQL - 
    select
        u1_0.id,
        u1_0.created_at,
        u1_0.email,
        u1_0.full_name,
        u1_0.is_active,
        u1_0.organization_id,
        u1_0.password,
        u1_0.requires_password_change,
        u1_0.role,
        u1_0.updated_at,
        u1_0.username 
    from
        users u1_0 
    where
        u1_0.id=?
2025-12-14 23:53:32.532 [http-nio-8040-exec-8] TRACE org.hibernate.orm.jdbc.bind - binding parameter (1:BIGINT) <- [28]
2025-12-14 23:53:32.532 [http-nio-8040-exec-8] DEBUG org.hibernate.SQL - 
    select
        u1_0.id,
        u1_0.created_at,
        u1_0.email,
        u1_0.full_name,
        u1_0.is_active,
        u1_0.organization_id,
        u1_0.password,
        u1_0.requires_password_change,
        u1_0.role,
        u1_0.updated_at,
        u1_0.username 
    from
        users u1_0 
    where
        u1_0.id=?
2025-12-14 23:53:32.534 [http-nio-8040-exec-8] TRACE org.hibernate.orm.jdbc.bind - binding parameter (1:BIGINT) <- [29]
2025-12-14 23:53:32.534 [http-nio-8040-exec-8] DEBUG org.hibernate.SQL - 
    select
        u1_0.id,
        u1_0.created_at,
        u1_0.email,
        u1_0.full_name,
        u1_0.is_active,
        u1_0.organization_id,
        u1_0.password,
        u1_0.requires_password_change,
        u1_0.role,
        u1_0.updated_at,
        u1_0.username 
    from
        users u1_0 
    where
        u1_0.id=?
2025-12-14 23:53:32.534 [http-nio-8040-exec-8] TRACE org.hibernate.orm.jdbc.bind - binding parameter (1:BIGINT) <- [33]
2025-12-14 23:53:32.536 [http-nio-8040-exec-8] DEBUG org.hibernate.SQL - 
    select
        u1_0.id,
        u1_0.created_at,
        u1_0.email,
        u1_0.full_name,
        u1_0.is_active,
        u1_0.organization_id,
        u1_0.password,
        u1_0.requires_password_change,
        u1_0.role,
        u1_0.updated_at,
        u1_0.username 
    from
        users u1_0 
    where
        u1_0.id=?
2025-12-14 23:53:32.536 [http-nio-8040-exec-8] TRACE org.hibernate.orm.jdbc.bind - binding parameter (1:BIGINT) <- [37]
2025-12-14 23:53:32.536 [http-nio-8040-exec-8] DEBUG org.hibernate.SQL - 
    select
        u1_0.id,
        u1_0.created_at,
        u1_0.email,
        u1_0.full_name,
        u1_0.is_active,
        u1_0.organization_id,
        u1_0.password,
        u1_0.requires_password_change,
        u1_0.role,
        u1_0.updated_at,
        u1_0.username 
    from
        users u1_0 
    where
        u1_0.id=?
2025-12-14 23:53:32.536 [http-nio-8040-exec-8] TRACE org.hibernate.orm.jdbc.bind - binding parameter (1:BIGINT) <- [32]
2025-12-14 23:53:32.538 [http-nio-8040-exec-8] DEBUG org.hibernate.SQL - 
    select
        u1_0.id,
        u1_0.created_at,
        u1_0.email,
        u1_0.full_name,
        u1_0.is_active,
        u1_0.organization_id,
        u1_0.password,
        u1_0.requires_password_change,
        u1_0.role,
        u1_0.updated_at,
        u1_0.username 
    from
        users u1_0 
    where
        u1_0.id=?
2025-12-14 23:53:32.538 [http-nio-8040-exec-8] TRACE org.hibernate.orm.jdbc.bind - binding parameter (1:BIGINT) <- [36]
2025-12-14 23:53:32.539 [http-nio-8040-exec-8] DEBUG org.hibernate.SQL - 
    select
        u1_0.id,
        u1_0.created_at,
        u1_0.email,
        u1_0.full_name,
        u1_0.is_active,
        u1_0.organization_id,
        u1_0.password,
        u1_0.requires_password_change,
        u1_0.role,
        u1_0.updated_at,
        u1_0.username 
    from
        users u1_0 
    where
        u1_0.id=?
2025-12-14 23:53:32.539 [http-nio-8040-exec-8] TRACE org.hibernate.orm.jdbc.bind - binding parameter (1:BIGINT) <- [40]
2025-12-14 23:53:32.540 [http-nio-8040-exec-8] DEBUG org.hibernate.SQL - 
    select
        u1_0.id,
        u1_0.created_at,
        u1_0.email,
        u1_0.full_name,
        u1_0.is_active,
        u1_0.organization_id,
        u1_0.password,
        u1_0.requires_password_change,
        u1_0.role,
        u1_0.updated_at,
        u1_0.username 
    from
        users u1_0 
    where
        u1_0.id=?
2025-12-14 23:53:32.540 [http-nio-8040-exec-8] TRACE org.hibernate.orm.jdbc.bind - binding parameter (1:BIGINT) <- [44]
2025-12-14 23:53:32.541 [http-nio-8040-exec-8] DEBUG org.hibernate.SQL - 
    select
        u1_0.id,
        u1_0.created_at,
        u1_0.email,
        u1_0.full_name,
        u1_0.is_active,
        u1_0.organization_id,
        u1_0.password,
        u1_0.requires_password_change,
        u1_0.role,
        u1_0.updated_at,
        u1_0.username 
    from
        users u1_0 
    where
        u1_0.id=?
2025-12-14 23:53:32.541 [http-nio-8040-exec-8] TRACE org.hibernate.orm.jdbc.bind - binding parameter (1:BIGINT) <- [45]
2025-12-14 23:53:32.541 [http-nio-8040-exec-8] DEBUG org.hibernate.SQL - 
    select
        u1_0.id,
        u1_0.created_at,
        u1_0.email,
        u1_0.full_name,
        u1_0.is_active,
        u1_0.organization_id,
        u1_0.password,
        u1_0.requires_password_change,
        u1_0.role,
        u1_0.updated_at,
        u1_0.username 
    from
        users u1_0 
    where
        u1_0.id=?
2025-12-14 23:53:32.541 [http-nio-8040-exec-8] TRACE org.hibernate.orm.jdbc.bind - binding parameter (1:BIGINT) <- [46]
2025-12-14 23:53:32.542 [http-nio-8040-exec-8] DEBUG org.hibernate.SQL - 
    select
        u1_0.id,
        u1_0.created_at,
        u1_0.email,
        u1_0.full_name,
        u1_0.is_active,
        u1_0.organization_id,
        u1_0.password,
        u1_0.requires_password_change,
        u1_0.role,
        u1_0.updated_at,
        u1_0.username 
    from
        users u1_0 
    where
        u1_0.id=?
2025-12-14 23:53:32.542 [http-nio-8040-exec-8] TRACE org.hibernate.orm.jdbc.bind - binding parameter (1:BIGINT) <- [47]
2025-12-14 23:53:32.542 [http-nio-8040-exec-8] DEBUG org.hibernate.SQL - 
    select
        u1_0.id,
        u1_0.created_at,
        u1_0.email,
        u1_0.full_name,
        u1_0.is_active,
        u1_0.organization_id,
        u1_0.password,
        u1_0.requires_password_change,
        u1_0.role,
        u1_0.updated_at,
        u1_0.username 
    from
        users u1_0 
    where
        u1_0.id=?
2025-12-14 23:53:32.543 [http-nio-8040-exec-8] TRACE org.hibernate.orm.jdbc.bind - binding parameter (1:BIGINT) <- [48]
2025-12-14 23:53:32.543 [http-nio-8040-exec-8] DEBUG org.hibernate.SQL - 
    select
        u1_0.id,
        u1_0.created_at,
        u1_0.email,
        u1_0.full_name,
        u1_0.is_active,
        u1_0.organization_id,
        u1_0.password,
        u1_0.requires_password_change,
        u1_0.role,
        u1_0.updated_at,
        u1_0.username 
    from
        users u1_0 
    where
        u1_0.id=?
2025-12-14 23:53:32.543 [http-nio-8040-exec-8] TRACE org.hibernate.orm.jdbc.bind - binding parameter (1:BIGINT) <- [49]
2025-12-14 23:53:32.544 [http-nio-8040-exec-8] DEBUG org.hibernate.SQL - 
    select
        u1_0.id,
        u1_0.created_at,
        u1_0.email,
        u1_0.full_name,
        u1_0.is_active,
        u1_0.organization_id,
        u1_0.password,
        u1_0.requires_password_change,
        u1_0.role,
        u1_0.updated_at,
        u1_0.username 
    from
        users u1_0 
    where
        u1_0.id=?
2025-12-14 23:53:32.544 [http-nio-8040-exec-8] TRACE org.hibernate.orm.jdbc.bind - binding parameter (1:BIGINT) <- [50]
2025-12-14 23:53:32.545 [http-nio-8040-exec-8] DEBUG org.hibernate.SQL - 
    select
        u1_0.id,
        u1_0.created_at,
        u1_0.email,
        u1_0.full_name,
        u1_0.is_active,
        u1_0.organization_id,
        u1_0.password,
        u1_0.requires_password_change,
        u1_0.role,
        u1_0.updated_at,
        u1_0.username 
    from
        users u1_0 
    where
        u1_0.id=?
2025-12-14 23:53:32.545 [http-nio-8040-exec-8] TRACE org.hibernate.orm.jdbc.bind - binding parameter (1:BIGINT) <- [51]
2025-12-14 23:53:32.547 [http-nio-8040-exec-8] DEBUG org.hibernate.SQL - 
    select
        u1_0.id,
        u1_0.created_at,
        u1_0.email,
        u1_0.full_name,
        u1_0.is_active,
        u1_0.organization_id,
        u1_0.password,
        u1_0.requires_password_change,
        u1_0.role,
        u1_0.updated_at,
        u1_0.username 
    from
        users u1_0 
    where
        u1_0.id=?
2025-12-14 23:53:32.547 [http-nio-8040-exec-8] TRACE org.hibernate.orm.jdbc.bind - binding parameter (1:BIGINT) <- [52]
2025-12-14 23:53:32.547 [http-nio-8040-exec-8] DEBUG org.hibernate.SQL - 
    select
        u1_0.id,
        u1_0.created_at,
        u1_0.email,
        u1_0.full_name,
        u1_0.is_active,
        u1_0.organization_id,
        u1_0.password,
        u1_0.requires_password_change,
        u1_0.role,
        u1_0.updated_at,
        u1_0.username 
    from
        users u1_0 
    where
        u1_0.id=?
2025-12-14 23:53:32.547 [http-nio-8040-exec-8] TRACE org.hibernate.orm.jdbc.bind - binding parameter (1:BIGINT) <- [53]
2025-12-14 23:53:32.548 [http-nio-8040-exec-8] DEBUG org.hibernate.SQL - 
    select
        u1_0.id,
        u1_0.created_at,
        u1_0.email,
        u1_0.full_name,
        u1_0.is_active,
        u1_0.organization_id,
        u1_0.password,
        u1_0.requires_password_change,
        u1_0.role,
        u1_0.updated_at,
        u1_0.username 
    from
        users u1_0 
    where
        u1_0.id=?
2025-12-14 23:53:32.548 [http-nio-8040-exec-8] TRACE org.hibernate.orm.jdbc.bind - binding parameter (1:BIGINT) <- [54]
2025-12-14 23:53:32.549 [http-nio-8040-exec-8] DEBUG org.hibernate.SQL - 
    select
        u1_0.id,
        u1_0.created_at,
        u1_0.email,
        u1_0.full_name,
        u1_0.is_active,
        u1_0.organization_id,
        u1_0.password,
        u1_0.requires_password_change,
        u1_0.role,
        u1_0.updated_at,
        u1_0.username 
    from
        users u1_0 
    where
        u1_0.id=?
2025-12-14 23:53:32.549 [http-nio-8040-exec-8] TRACE org.hibernate.orm.jdbc.bind - binding parameter (1:BIGINT) <- [55]
2025-12-14 23:53:32.549 [http-nio-8040-exec-8] DEBUG org.hibernate.SQL - 
    select
        u1_0.id,
        u1_0.created_at,
        u1_0.email,
        u1_0.full_name,
        u1_0.is_active,
        u1_0.organization_id,
        u1_0.password,
        u1_0.requires_password_change,
        u1_0.role,
        u1_0.updated_at,
        u1_0.username 
    from
        users u1_0 
    where
        u1_0.id=?
2025-12-14 23:53:32.551 [http-nio-8040-exec-8] TRACE org.hibernate.orm.jdbc.bind - binding parameter (1:BIGINT) <- [56]
2025-12-14 23:53:32.551 [http-nio-8040-exec-8] DEBUG org.hibernate.SQL - 
    select
        u1_0.id,
        u1_0.created_at,
        u1_0.email,
        u1_0.full_name,
        u1_0.is_active,
        u1_0.organization_id,
        u1_0.password,
        u1_0.requires_password_change,
        u1_0.role,
        u1_0.updated_at,
        u1_0.username 
    from
        users u1_0 
    where
        u1_0.id=?
2025-12-14 23:53:32.551 [http-nio-8040-exec-8] TRACE org.hibernate.orm.jdbc.bind - binding parameter (1:BIGINT) <- [57]
2025-12-14 23:53:32.552 [http-nio-8040-exec-8] DEBUG org.hibernate.SQL - 
    select
        u1_0.id,
        u1_0.created_at,
        u1_0.email,
        u1_0.full_name,
        u1_0.is_active,
        u1_0.organization_id,
        u1_0.password,
        u1_0.requires_password_change,
        u1_0.role,
        u1_0.updated_at,
        u1_0.username 
    from
        users u1_0 
    where
        u1_0.id=?
2025-12-14 23:53:32.552 [http-nio-8040-exec-8] TRACE org.hibernate.orm.jdbc.bind - binding parameter (1:BIGINT) <- [58]
2025-12-14 23:53:32.553 [http-nio-8040-exec-8] DEBUG org.hibernate.SQL - 
    select
        u1_0.id,
        u1_0.created_at,
        u1_0.email,
        u1_0.full_name,
        u1_0.is_active,
        u1_0.organization_id,
        u1_0.password,
        u1_0.requires_password_change,
        u1_0.role,
        u1_0.updated_at,
        u1_0.username 
    from
        users u1_0 
    where
        u1_0.id=?
2025-12-14 23:53:32.553 [http-nio-8040-exec-8] TRACE org.hibernate.orm.jdbc.bind - binding parameter (1:BIGINT) <- [59]
2025-12-14 23:53:32.553 [http-nio-8040-exec-8] DEBUG org.hibernate.SQL - 
    select
        u1_0.id,
        u1_0.created_at,
        u1_0.email,
        u1_0.full_name,
        u1_0.is_active,
        u1_0.organization_id,
        u1_0.password,
        u1_0.requires_password_change,
        u1_0.role,
        u1_0.updated_at,
        u1_0.username 
    from
        users u1_0 
    where
        u1_0.id=?
2025-12-14 23:53:32.554 [http-nio-8040-exec-8] TRACE org.hibernate.orm.jdbc.bind - binding parameter (1:BIGINT) <- [60]
2025-12-14 23:53:32.554 [http-nio-8040-exec-8] DEBUG org.hibernate.SQL - 
    select
        u1_0.id,
        u1_0.created_at,
        u1_0.email,
        u1_0.full_name,
        u1_0.is_active,
        u1_0.organization_id,
        u1_0.password,
        u1_0.requires_password_change,
        u1_0.role,
        u1_0.updated_at,
        u1_0.username 
    from
        users u1_0 
    where
        u1_0.id=?
2025-12-14 23:53:32.555 [http-nio-8040-exec-8] TRACE org.hibernate.orm.jdbc.bind - binding parameter (1:BIGINT) <- [61]
2025-12-14 23:53:32.555 [http-nio-8040-exec-8] DEBUG org.hibernate.SQL - 
    select
        u1_0.id,
        u1_0.created_at,
        u1_0.email,
        u1_0.full_name,
        u1_0.is_active,
        u1_0.organization_id,
        u1_0.password,
        u1_0.requires_password_change,
        u1_0.role,
        u1_0.updated_at,
        u1_0.username 
    from
        users u1_0 
    where
        u1_0.id=?
2025-12-14 23:53:32.555 [http-nio-8040-exec-8] TRACE org.hibernate.orm.jdbc.bind - binding parameter (1:BIGINT) <- [62]
2025-12-14 23:53:32.556 [http-nio-8040-exec-8] DEBUG org.hibernate.SQL - 
    select
        u1_0.id,
        u1_0.created_at,
        u1_0.email,
        u1_0.full_name,
        u1_0.is_active,
        u1_0.organization_id,
        u1_0.password,
        u1_0.requires_password_change,
        u1_0.role,
        u1_0.updated_at,
        u1_0.username 
    from
        users u1_0 
    where
        u1_0.id=?
2025-12-14 23:53:32.556 [http-nio-8040-exec-8] TRACE org.hibernate.orm.jdbc.bind - binding parameter (1:BIGINT) <- [63]
2025-12-14 23:53:32.556 [http-nio-8040-exec-8] DEBUG org.hibernate.SQL - 
    select
        u1_0.id,
        u1_0.created_at,
        u1_0.email,
        u1_0.full_name,
        u1_0.is_active,
        u1_0.organization_id,
        u1_0.password,
        u1_0.requires_password_change,
        u1_0.role,
        u1_0.updated_at,
        u1_0.username 
    from
        users u1_0 
    where
        u1_0.id=?
2025-12-14 23:53:32.558 [http-nio-8040-exec-8] TRACE org.hibernate.orm.jdbc.bind - binding parameter (1:BIGINT) <- [64]
2025-12-14 23:53:32.558 [http-nio-8040-exec-8] DEBUG org.hibernate.SQL - 
    select
        u1_0.id,
        u1_0.created_at,
        u1_0.email,
        u1_0.full_name,
        u1_0.is_active,
        u1_0.organization_id,
        u1_0.password,
        u1_0.requires_password_change,
        u1_0.role,
        u1_0.updated_at,
        u1_0.username 
    from
        users u1_0 
    where
        u1_0.id=?
2025-12-14 23:53:32.558 [http-nio-8040-exec-8] TRACE org.hibernate.orm.jdbc.bind - binding parameter (1:BIGINT) <- [65]
2025-12-14 23:53:32.559 [http-nio-8040-exec-8] DEBUG org.hibernate.SQL - 
    select
        u1_0.id,
        u1_0.created_at,
        u1_0.email,
        u1_0.full_name,
        u1_0.is_active,
        u1_0.organization_id,
        u1_0.password,
        u1_0.requires_password_change,
        u1_0.role,
        u1_0.updated_at,
        u1_0.username 
    from
        users u1_0 
    where
        u1_0.id=?
2025-12-14 23:53:32.559 [http-nio-8040-exec-8] TRACE org.hibernate.orm.jdbc.bind - binding parameter (1:BIGINT) <- [66]
2025-12-14 23:53:32.560 [http-nio-8040-exec-8] DEBUG org.hibernate.SQL - 
    select
        u1_0.id,
        u1_0.created_at,
        u1_0.email,
        u1_0.full_name,
        u1_0.is_active,
        u1_0.organization_id,
        u1_0.password,
        u1_0.requires_password_change,
        u1_0.role,
        u1_0.updated_at,
        u1_0.username 
    from
        users u1_0 
    where
        u1_0.id=?
2025-12-14 23:53:32.560 [http-nio-8040-exec-8] TRACE org.hibernate.orm.jdbc.bind - binding parameter (1:BIGINT) <- [67]
2025-12-14 23:53:32.561 [http-nio-8040-exec-8] DEBUG org.hibernate.SQL - 
    select
        u1_0.id,
        u1_0.created_at,
        u1_0.email,
        u1_0.full_name,
        u1_0.is_active,
        u1_0.organization_id,
        u1_0.password,
        u1_0.requires_password_change,
        u1_0.role,
        u1_0.updated_at,
        u1_0.username 
    from
        users u1_0 
    where
        u1_0.id=?
2025-12-14 23:53:32.561 [http-nio-8040-exec-8] TRACE org.hibernate.orm.jdbc.bind - binding parameter (1:BIGINT) <- [68]
2025-12-14 23:53:32.562 [http-nio-8040-exec-8] DEBUG org.hibernate.SQL - 
    select
        u1_0.id,
        u1_0.created_at,
        u1_0.email,
        u1_0.full_name,
        u1_0.is_active,
        u1_0.organization_id,
        u1_0.password,
        u1_0.requires_password_change,
        u1_0.role,
        u1_0.updated_at,
        u1_0.username 
    from
        users u1_0 
    where
        u1_0.id=?
2025-12-14 23:53:32.562 [http-nio-8040-exec-8] TRACE org.hibernate.orm.jdbc.bind - binding parameter (1:BIGINT) <- [69]
2025-12-14 23:53:32.562 [http-nio-8040-exec-8] DEBUG org.hibernate.SQL - 
    select
        u1_0.id,
        u1_0.created_at,
        u1_0.email,
        u1_0.full_name,
        u1_0.is_active,
        u1_0.organization_id,
        u1_0.password,
        u1_0.requires_password_change,
        u1_0.role,
        u1_0.updated_at,
        u1_0.username 
    from
        users u1_0 
    where
        u1_0.id=?
2025-12-14 23:53:32.563 [http-nio-8040-exec-8] TRACE org.hibernate.orm.jdbc.bind - binding parameter (1:BIGINT) <- [70]
2025-12-14 23:53:32.563 [http-nio-8040-exec-8] DEBUG org.hibernate.SQL - 
    select
        u1_0.id,
        u1_0.created_at,
        u1_0.email,
        u1_0.full_name,
        u1_0.is_active,
        u1_0.organization_id,
        u1_0.password,
        u1_0.requires_password_change,
        u1_0.role,
        u1_0.updated_at,
        u1_0.username 
    from
        users u1_0 
    where
        u1_0.id=?
2025-12-14 23:53:32.564 [http-nio-8040-exec-8] TRACE org.hibernate.orm.jdbc.bind - binding parameter (1:BIGINT) <- [71]
2025-12-14 23:53:32.564 [http-nio-8040-exec-8] DEBUG org.hibernate.SQL - 
    select
        u1_0.id,
        u1_0.created_at,
        u1_0.email,
        u1_0.full_name,
        u1_0.is_active,
        u1_0.organization_id,
        u1_0.password,
        u1_0.requires_password_change,
        u1_0.role,
        u1_0.updated_at,
        u1_0.username 
    from
        users u1_0 
    where
        u1_0.id=?
2025-12-14 23:53:32.564 [http-nio-8040-exec-8] TRACE org.hibernate.orm.jdbc.bind - binding parameter (1:BIGINT) <- [72]
2025-12-14 23:53:32.564 [http-nio-8040-exec-8] DEBUG org.hibernate.SQL - 
    select
        u1_0.id,
        u1_0.created_at,
        u1_0.email,
        u1_0.full_name,
        u1_0.is_active,
        u1_0.organization_id,
        u1_0.password,
        u1_0.requires_password_change,
        u1_0.role,
        u1_0.updated_at,
        u1_0.username 
    from
        users u1_0 
    where
        u1_0.id=?
2025-12-14 23:53:32.564 [http-nio-8040-exec-8] TRACE org.hibernate.orm.jdbc.bind - binding parameter (1:BIGINT) <- [73]
2025-12-14 23:53:32.566 [http-nio-8040-exec-8] DEBUG org.hibernate.SQL - 
    select
        u1_0.id,
        u1_0.created_at,
        u1_0.email,
        u1_0.full_name,
        u1_0.is_active,
        u1_0.organization_id,
        u1_0.password,
        u1_0.requires_password_change,
        u1_0.role,
        u1_0.updated_at,
        u1_0.username 
    from
        users u1_0 
    where
        u1_0.id=?
2025-12-14 23:53:32.566 [http-nio-8040-exec-8] TRACE org.hibernate.orm.jdbc.bind - binding parameter (1:BIGINT) <- [74]
2025-12-14 23:53:32.567 [http-nio-8040-exec-8] DEBUG org.hibernate.SQL - 
    select
        u1_0.id,
        u1_0.created_at,
        u1_0.email,
        u1_0.full_name,
        u1_0.is_active,
        u1_0.organization_id,
        u1_0.password,
        u1_0.requires_password_change,
        u1_0.role,
        u1_0.updated_at,
        u1_0.username 
    from
        users u1_0 
    where
        u1_0.id=?
2025-12-14 23:53:32.567 [http-nio-8040-exec-8] TRACE org.hibernate.orm.jdbc.bind - binding parameter (1:BIGINT) <- [75]
2025-12-14 23:53:32.568 [http-nio-8040-exec-8] DEBUG org.hibernate.SQL - 
    select
        u1_0.id,
        u1_0.created_at,
        u1_0.email,
        u1_0.full_name,
        u1_0.is_active,
        u1_0.organization_id,
        u1_0.password,
        u1_0.requires_password_change,
        u1_0.role,
        u1_0.updated_at,
        u1_0.username 
    from
        users u1_0 
    where
        u1_0.id=?
2025-12-14 23:53:32.568 [http-nio-8040-exec-8] TRACE org.hibernate.orm.jdbc.bind - binding parameter (1:BIGINT) <- [76]
2025-12-14 23:53:32.569 [http-nio-8040-exec-8] DEBUG org.hibernate.SQL - 
    select
        u1_0.id,
        u1_0.created_at,
        u1_0.email,
        u1_0.full_name,
        u1_0.is_active,
        u1_0.organization_id,
        u1_0.password,
        u1_0.requires_password_change,
        u1_0.role,
        u1_0.updated_at,
        u1_0.username 
    from
        users u1_0 
    where
        u1_0.id=?
2025-12-14 23:53:32.569 [http-nio-8040-exec-8] TRACE org.hibernate.orm.jdbc.bind - binding parameter (1:BIGINT) <- [77]
2025-12-14 23:53:32.570 [http-nio-8040-exec-8] DEBUG org.hibernate.SQL - 
    select
        u1_0.id,
        u1_0.created_at,
        u1_0.email,
        u1_0.full_name,
        u1_0.is_active,
        u1_0.organization_id,
        u1_0.password,
        u1_0.requires_password_change,
        u1_0.role,
        u1_0.updated_at,
        u1_0.username 
    from
        users u1_0 
    where
        u1_0.id=?
2025-12-14 23:53:32.570 [http-nio-8040-exec-8] TRACE org.hibernate.orm.jdbc.bind - binding parameter (1:BIGINT) <- [78]
2025-12-14 23:53:32.571 [http-nio-8040-exec-8] DEBUG org.hibernate.SQL - 
    select
        u1_0.id,
        u1_0.created_at,
        u1_0.email,
        u1_0.full_name,
        u1_0.is_active,
        u1_0.organization_id,
        u1_0.password,
        u1_0.requires_password_change,
        u1_0.role,
        u1_0.updated_at,
        u1_0.username 
    from
        users u1_0 
    where
        u1_0.id=?
2025-12-14 23:53:32.571 [http-nio-8040-exec-8] TRACE org.hibernate.orm.jdbc.bind - binding parameter (1:BIGINT) <- [79]
2025-12-14 23:53:32.571 [http-nio-8040-exec-8] DEBUG org.hibernate.SQL - 
    select
        u1_0.id,
        u1_0.created_at,
        u1_0.email,
        u1_0.full_name,
        u1_0.is_active,
        u1_0.organization_id,
        u1_0.password,
        u1_0.requires_password_change,
        u1_0.role,
        u1_0.updated_at,
        u1_0.username 
    from
        users u1_0 
    where
        u1_0.id=?
2025-12-14 23:53:32.572 [http-nio-8040-exec-8] TRACE org.hibernate.orm.jdbc.bind - binding parameter (1:BIGINT) <- [80]
2025-12-14 23:53:32.573 [http-nio-8040-exec-8] DEBUG org.hibernate.SQL - 
    select
        u1_0.id,
        u1_0.created_at,
        u1_0.email,
        u1_0.full_name,
        u1_0.is_active,
        u1_0.organization_id,
        u1_0.password,
        u1_0.requires_password_change,
        u1_0.role,
        u1_0.updated_at,
        u1_0.username 
    from
        users u1_0 
    where
        u1_0.id=?
2025-12-14 23:53:32.573 [http-nio-8040-exec-8] TRACE org.hibernate.orm.jdbc.bind - binding parameter (1:BIGINT) <- [81]
2025-12-14 23:53:32.574 [http-nio-8040-exec-8] DEBUG org.hibernate.SQL - 
    select
        u1_0.id,
        u1_0.created_at,
        u1_0.email,
        u1_0.full_name,
        u1_0.is_active,
        u1_0.organization_id,
        u1_0.password,
        u1_0.requires_password_change,
        u1_0.role,
        u1_0.updated_at,
        u1_0.username 
    from
        users u1_0 
    where
        u1_0.id=?
2025-12-14 23:53:32.574 [http-nio-8040-exec-8] TRACE org.hibernate.orm.jdbc.bind - binding parameter (1:BIGINT) <- [82]
2025-12-14 23:53:32.575 [http-nio-8040-exec-8] DEBUG org.hibernate.SQL - 
    select
        u1_0.id,
        u1_0.created_at,
        u1_0.email,
        u1_0.full_name,
        u1_0.is_active,
        u1_0.organization_id,
        u1_0.password,
        u1_0.requires_password_change,
        u1_0.role,
        u1_0.updated_at,
        u1_0.username 
    from
        users u1_0 
    where
        u1_0.id=?
2025-12-14 23:53:32.575 [http-nio-8040-exec-8] TRACE org.hibernate.orm.jdbc.bind - binding parameter (1:BIGINT) <- [83]
2025-12-14 23:53:32.576 [http-nio-8040-exec-8] DEBUG org.hibernate.SQL - 
    select
        u1_0.id,
        u1_0.created_at,
        u1_0.email,
        u1_0.full_name,
        u1_0.is_active,
        u1_0.organization_id,
        u1_0.password,
        u1_0.requires_password_change,
        u1_0.role,
        u1_0.updated_at,
        u1_0.username 
    from
        users u1_0 
    where
        u1_0.id=?
2025-12-14 23:53:32.576 [http-nio-8040-exec-8] TRACE org.hibernate.orm.jdbc.bind - binding parameter (1:BIGINT) <- [84]
2025-12-14 23:53:32.577 [http-nio-8040-exec-8] DEBUG org.hibernate.SQL - 
    select
        u1_0.id,
        u1_0.created_at,
        u1_0.email,
        u1_0.full_name,
        u1_0.is_active,
        u1_0.organization_id,
        u1_0.password,
        u1_0.requires_password_change,
        u1_0.role,
        u1_0.updated_at,
        u1_0.username 
    from
        users u1_0 
    where
        u1_0.id=?
2025-12-14 23:53:32.577 [http-nio-8040-exec-8] TRACE org.hibernate.orm.jdbc.bind - binding parameter (1:BIGINT) <- [85]
2025-12-14 23:53:32.577 [http-nio-8040-exec-8] DEBUG org.hibernate.SQL - 
    select
        u1_0.id,
        u1_0.created_at,
        u1_0.email,
        u1_0.full_name,
        u1_0.is_active,
        u1_0.organization_id,
        u1_0.password,
        u1_0.requires_password_change,
        u1_0.role,
        u1_0.updated_at,
        u1_0.username 
    from
        users u1_0 
    where
        u1_0.id=?
2025-12-14 23:53:32.577 [http-nio-8040-exec-8] TRACE org.hibernate.orm.jdbc.bind - binding parameter (1:BIGINT) <- [86]
2025-12-14 23:53:32.578 [http-nio-8040-exec-8] DEBUG org.hibernate.SQL - 
    select
        u1_0.id,
        u1_0.created_at,
        u1_0.email,
        u1_0.full_name,
        u1_0.is_active,
        u1_0.organization_id,
        u1_0.password,
        u1_0.requires_password_change,
        u1_0.role,
        u1_0.updated_at,
        u1_0.username 
    from
        users u1_0 
    where
        u1_0.id=?
2025-12-14 23:53:32.578 [http-nio-8040-exec-8] TRACE org.hibernate.orm.jdbc.bind - binding parameter (1:BIGINT) <- [87]
2025-12-14 23:53:32.580 [http-nio-8040-exec-8] DEBUG org.hibernate.SQL - 
    select
        u1_0.id,
        u1_0.created_at,
        u1_0.email,
        u1_0.full_name,
        u1_0.is_active,
        u1_0.organization_id,
        u1_0.password,
        u1_0.requires_password_change,
        u1_0.role,
        u1_0.updated_at,
        u1_0.username 
    from
        users u1_0 
    where
        u1_0.id=?
2025-12-14 23:53:32.580 [http-nio-8040-exec-8] TRACE org.hibernate.orm.jdbc.bind - binding parameter (1:BIGINT) <- [88]
2025-12-14 23:53:32.581 [http-nio-8040-exec-8] DEBUG org.hibernate.SQL - 
    select
        u1_0.id,
        u1_0.created_at,
        u1_0.email,
        u1_0.full_name,
        u1_0.is_active,
        u1_0.organization_id,
        u1_0.password,
        u1_0.requires_password_change,
        u1_0.role,
        u1_0.updated_at,
        u1_0.username 
    from
        users u1_0 
    where
        u1_0.id=?
2025-12-14 23:53:32.581 [http-nio-8040-exec-8] TRACE org.hibernate.orm.jdbc.bind - binding parameter (1:BIGINT) <- [89]
2025-12-14 23:53:32.581 [http-nio-8040-exec-8] DEBUG org.hibernate.SQL - 
    select
        u1_0.id,
        u1_0.created_at,
        u1_0.email,
        u1_0.full_name,
        u1_0.is_active,
        u1_0.organization_id,
        u1_0.password,
        u1_0.requires_password_change,
        u1_0.role,
        u1_0.updated_at,
        u1_0.username 
    from
        users u1_0 
    where
        u1_0.id=?
2025-12-14 23:53:32.582 [http-nio-8040-exec-8] TRACE org.hibernate.orm.jdbc.bind - binding parameter (1:BIGINT) <- [90]
2025-12-14 23:53:32.582 [http-nio-8040-exec-8] DEBUG org.hibernate.SQL - 
    select
        u1_0.id,
        u1_0.created_at,
        u1_0.email,
        u1_0.full_name,
        u1_0.is_active,
        u1_0.organization_id,
        u1_0.password,
        u1_0.requires_password_change,
        u1_0.role,
        u1_0.updated_at,
        u1_0.username 
    from
        users u1_0 
    where
        u1_0.id=?
2025-12-14 23:53:32.582 [http-nio-8040-exec-8] TRACE org.hibernate.orm.jdbc.bind - binding parameter (1:BIGINT) <- [91]
2025-12-14 23:53:32.583 [http-nio-8040-exec-8] DEBUG org.hibernate.SQL - 
    select
        u1_0.id,
        u1_0.created_at,
        u1_0.email,
        u1_0.full_name,
        u1_0.is_active,
        u1_0.organization_id,
        u1_0.password,
        u1_0.requires_password_change,
        u1_0.role,
        u1_0.updated_at,
        u1_0.username 
    from
        users u1_0 
    where
        u1_0.id=?
2025-12-14 23:53:32.583 [http-nio-8040-exec-8] TRACE org.hibernate.orm.jdbc.bind - binding parameter (1:BIGINT) <- [92]
2025-12-14 23:53:32.584 [http-nio-8040-exec-8] DEBUG org.hibernate.SQL - 
    select
        u1_0.id,
        u1_0.created_at,
        u1_0.email,
        u1_0.full_name,
        u1_0.is_active,
        u1_0.organization_id,
        u1_0.password,
        u1_0.requires_password_change,
        u1_0.role,
        u1_0.updated_at,
        u1_0.username 
    from
        users u1_0 
    where
        u1_0.id=?
2025-12-14 23:53:32.584 [http-nio-8040-exec-8] TRACE org.hibernate.orm.jdbc.bind - binding parameter (1:BIGINT) <- [93]
2025-12-14 23:53:32.585 [http-nio-8040-exec-8] DEBUG org.hibernate.SQL - 
    select
        u1_0.id,
        u1_0.created_at,
        u1_0.email,
        u1_0.full_name,
        u1_0.is_active,
        u1_0.organization_id,
        u1_0.password,
        u1_0.requires_password_change,
        u1_0.role,
        u1_0.updated_at,
        u1_0.username 
    from
        users u1_0 
    where
        u1_0.id=?
2025-12-14 23:53:32.585 [http-nio-8040-exec-8] TRACE org.hibernate.orm.jdbc.bind - binding parameter (1:BIGINT) <- [94]
2025-12-14 23:53:32.586 [http-nio-8040-exec-8] DEBUG org.hibernate.SQL - 
    select
        u1_0.id,
        u1_0.created_at,
        u1_0.email,
        u1_0.full_name,
        u1_0.is_active,
        u1_0.organization_id,
        u1_0.password,
        u1_0.requires_password_change,
        u1_0.role,
        u1_0.updated_at,
        u1_0.username 
    from
        users u1_0 
    where
        u1_0.id=?
2025-12-14 23:53:32.586 [http-nio-8040-exec-8] TRACE org.hibernate.orm.jdbc.bind - binding parameter (1:BIGINT) <- [95]
2025-12-14 23:53:32.587 [http-nio-8040-exec-8] DEBUG org.hibernate.SQL - 
    select
        u1_0.id,
        u1_0.created_at,
        u1_0.email,
        u1_0.full_name,
        u1_0.is_active,
        u1_0.organization_id,
        u1_0.password,
        u1_0.requires_password_change,
        u1_0.role,
        u1_0.updated_at,
        u1_0.username 
    from
        users u1_0 
    where
        u1_0.id=?
2025-12-14 23:53:32.587 [http-nio-8040-exec-8] TRACE org.hibernate.orm.jdbc.bind - binding parameter (1:BIGINT) <- [96]
2025-12-14 23:53:32.588 [http-nio-8040-exec-8] DEBUG org.hibernate.SQL - 
    select
        u1_0.id,
        u1_0.created_at,
        u1_0.email,
        u1_0.full_name,
        u1_0.is_active,
        u1_0.organization_id,
        u1_0.password,
        u1_0.requires_password_change,
        u1_0.role,
        u1_0.updated_at,
        u1_0.username 
    from
        users u1_0 
    where
        u1_0.id=?
2025-12-14 23:53:32.588 [http-nio-8040-exec-8] TRACE org.hibernate.orm.jdbc.bind - binding parameter (1:BIGINT) <- [97]
2025-12-14 23:53:32.588 [http-nio-8040-exec-8] DEBUG org.hibernate.SQL - 
    select
        u1_0.id,
        u1_0.created_at,
        u1_0.email,
        u1_0.full_name,
        u1_0.is_active,
        u1_0.organization_id,
        u1_0.password,
        u1_0.requires_password_change,
        u1_0.role,
        u1_0.updated_at,
        u1_0.username 
    from
        users u1_0 
    where
        u1_0.id=?
2025-12-14 23:53:32.588 [http-nio-8040-exec-8] TRACE org.hibernate.orm.jdbc.bind - binding parameter (1:BIGINT) <- [98]
2025-12-14 23:53:32.590 [http-nio-8040-exec-8] DEBUG org.hibernate.SQL - 
    select
        u1_0.id,
        u1_0.created_at,
        u1_0.email,
        u1_0.full_name,
        u1_0.is_active,
        u1_0.organization_id,
        u1_0.password,
        u1_0.requires_password_change,
        u1_0.role,
        u1_0.updated_at,
        u1_0.username 
    from
        users u1_0 
    where
        u1_0.id=?
2025-12-14 23:53:32.590 [http-nio-8040-exec-8] TRACE org.hibernate.orm.jdbc.bind - binding parameter (1:BIGINT) <- [99]
2025-12-14 23:53:32.591 [http-nio-8040-exec-8] DEBUG org.hibernate.SQL - 
    select
        u1_0.id,
        u1_0.created_at,
        u1_0.email,
        u1_0.full_name,
        u1_0.is_active,
        u1_0.organization_id,
        u1_0.password,
        u1_0.requires_password_change,
        u1_0.role,
        u1_0.updated_at,
        u1_0.username 
    from
        users u1_0 
    where
        u1_0.id=?
2025-12-14 23:53:32.591 [http-nio-8040-exec-8] TRACE org.hibernate.orm.jdbc.bind - binding parameter (1:BIGINT) <- [100]
2025-12-14 23:53:32.591 [http-nio-8040-exec-8] DEBUG org.hibernate.SQL - 
    select
        u1_0.id,
        u1_0.created_at,
        u1_0.email,
        u1_0.full_name,
        u1_0.is_active,
        u1_0.organization_id,
        u1_0.password,
        u1_0.requires_password_change,
        u1_0.role,
        u1_0.updated_at,
        u1_0.username 
    from
        users u1_0 
    where
        u1_0.id=?
2025-12-14 23:53:32.591 [http-nio-8040-exec-8] TRACE org.hibernate.orm.jdbc.bind - binding parameter (1:BIGINT) <- [101]
2025-12-14 23:53:32.593 [http-nio-8040-exec-8] DEBUG org.hibernate.SQL - 
    select
        u1_0.id,
        u1_0.created_at,
        u1_0.email,
        u1_0.full_name,
        u1_0.is_active,
        u1_0.organization_id,
        u1_0.password,
        u1_0.requires_password_change,
        u1_0.role,
        u1_0.updated_at,
        u1_0.username 
    from
        users u1_0 
    where
        u1_0.id=?
2025-12-14 23:53:32.593 [http-nio-8040-exec-8] TRACE org.hibernate.orm.jdbc.bind - binding parameter (1:BIGINT) <- [102]
2025-12-14 23:53:32.593 [http-nio-8040-exec-8] DEBUG org.hibernate.SQL - 
    select
        u1_0.id,
        u1_0.created_at,
        u1_0.email,
        u1_0.full_name,
        u1_0.is_active,
        u1_0.organization_id,
        u1_0.password,
        u1_0.requires_password_change,
        u1_0.role,
        u1_0.updated_at,
        u1_0.username 
    from
        users u1_0 
    where
        u1_0.id=?
2025-12-14 23:53:32.593 [http-nio-8040-exec-8] TRACE org.hibernate.orm.jdbc.bind - binding parameter (1:BIGINT) <- [103]
2025-12-14 23:53:32.594 [http-nio-8040-exec-8] DEBUG org.hibernate.SQL - 
    select
        p1_0.payroll_batch_id,
        p1_0.id,
        p1_0.basic_salary,
        p1_0.created_at,
        p1_0.da,
        p1_0.employee_id,
        p1_0.hra,
        p1_0.net_salary_paid,
        p1_0.other_allowances,
        p1_0.pf_contribution,
        p1_0.processed_at,
        p1_0.status 
    from
        payroll_payments p1_0 
    where
        p1_0.payroll_batch_id=?
2025-12-14 23:53:32.594 [http-nio-8040-exec-8] TRACE org.hibernate.orm.jdbc.bind - binding parameter (1:BIGINT) <- [2]
2025-12-14 23:53:32.599 [http-nio-8040-exec-8] DEBUG org.hibernate.SQL - 
    select
        p1_0.payroll_batch_id,
        p1_0.id,
        p1_0.basic_salary,
        p1_0.created_at,
        p1_0.da,
        p1_0.employee_id,
        p1_0.hra,
        p1_0.net_salary_paid,
        p1_0.other_allowances,
        p1_0.pf_contribution,
        p1_0.processed_at,
        p1_0.status 
    from
        payroll_payments p1_0 
    where
        p1_0.payroll_batch_id=?
2025-12-14 23:53:32.599 [http-nio-8040-exec-8] TRACE org.hibernate.orm.jdbc.bind - binding parameter (1:BIGINT) <- [3]
2025-12-14 23:53:32.605 [http-nio-8040-exec-8] DEBUG org.hibernate.SQL - 
    select
        p1_0.payroll_batch_id,
        p1_0.id,
        p1_0.basic_salary,
        p1_0.created_at,
        p1_0.da,
        p1_0.employee_id,
        p1_0.hra,
        p1_0.net_salary_paid,
        p1_0.other_allowances,
        p1_0.pf_contribution,
        p1_0.processed_at,
        p1_0.status 
    from
        payroll_payments p1_0 
    where
        p1_0.payroll_batch_id=?
2025-12-14 23:53:32.605 [http-nio-8040-exec-8] TRACE org.hibernate.orm.jdbc.bind - binding parameter (1:BIGINT) <- [4]
2025-12-14 23:53:35.334 [http-nio-8040-exec-7] DEBUG org.hibernate.SQL - 
    select
        u1_0.id,
        u1_0.created_at,
        u1_0.email,
        u1_0.full_name,
        u1_0.is_active,
        u1_0.organization_id,
        u1_0.password,
        u1_0.requires_password_change,
        u1_0.role,
        u1_0.updated_at,
        u1_0.username 
    from
        users u1_0 
    where
        u1_0.username=?
2025-12-14 23:53:35.335 [http-nio-8040-exec-7] TRACE org.hibernate.orm.jdbc.bind - binding parameter (1:VARCHAR) <- [sony]
2025-12-14 23:53:35.339 [http-nio-8040-exec-7] INFO  c.a.p.controller.PayrollController - Request to get payroll history for org ID 1 with pagination: Page request [number: 0, size 10, sort: UNSORTED]
2025-12-14 23:53:35.342 [http-nio-8040-exec-7] DEBUG org.hibernate.SQL - 
    select
        u1_0.id,
        u1_0.created_at,
        u1_0.email,
        u1_0.full_name,
        u1_0.is_active,
        u1_0.organization_id,
        u1_0.password,
        u1_0.requires_password_change,
        u1_0.role,
        u1_0.updated_at,
        u1_0.username 
    from
        users u1_0 
    where
        u1_0.username=?
2025-12-14 23:53:35.342 [http-nio-8040-exec-7] TRACE org.hibernate.orm.jdbc.bind - binding parameter (1:VARCHAR) <- [sony]
2025-12-14 23:53:35.345 [http-nio-8040-exec-7] DEBUG org.hibernate.SQL - 
    select
        pb1_0.id,
        pb1_0.approved_by_user_id,
        pb1_0.created_at,
        pb1_0.organization_id,
        pb1_0.payroll_month,
        pb1_0.payroll_year,
        pb1_0.rejection_reason,
        pb1_0.status,
        pb1_0.submitted_by_user_id,
        pb1_0.total_amount,
        pb1_0.total_employees,
        pb1_0.transaction_id,
        pb1_0.updated_at 
    from
        payroll_batches pb1_0 
    left join
        organizations o1_0 
            on o1_0.id=pb1_0.organization_id 
    where
        o1_0.id=? 
    limit
        ?
2025-12-14 23:53:35.345 [http-nio-8040-exec-7] TRACE org.hibernate.orm.jdbc.bind - binding parameter (1:INTEGER) <- [1]
2025-12-14 23:53:35.345 [http-nio-8040-exec-7] TRACE org.hibernate.orm.jdbc.bind - binding parameter (2:INTEGER) <- [10]
2025-12-14 23:53:35.352 [http-nio-8040-exec-7] DEBUG org.hibernate.SQL - 
    select
        o1_0.id,
        o1_0.address,
        o1_0.bank_assigned_account_number,
        o1_0.company_name,
        o1_0.contact_email,
        o1_0.contact_phone,
        o1_0.created_at,
        o1_0.internal_balance,
        o1_0.logo_url,
        o1_0.rejection_reason,
        o1_0.status,
        o1_0.updated_at,
        e1_0.organization_id,
        e1_0.id,
        e1_0.created_at,
        e1_0.date_of_joining,
        e1_0.deletion_scheduled_at,
        e1_0.department,
        e1_0.employee_code,
        e1_0.is_active,
        e1_0.job_title,
        e1_0.profile_picture_url,
        e1_0.updated_at,
        e1_0.user_id 
    from
        organizations o1_0 
    left join
        employees e1_0 
            on o1_0.id=e1_0.organization_id 
    where
        o1_0.id=?
2025-12-14 23:53:35.352 [http-nio-8040-exec-7] TRACE org.hibernate.orm.jdbc.bind - binding parameter (1:INTEGER) <- [1]
2025-12-14 23:53:35.357 [http-nio-8040-exec-7] DEBUG org.hibernate.SQL - 
    select
        ba1_0.id,
        ba1_0.account_holder_name,
        ba1_0.account_number,
        ba1_0.bank_name,
        ba1_0.created_at,
        ba1_0.employee_id,
        ba1_0.ifsc_code,
        ba1_0.is_primary,
        ba1_0.owner_type,
        ba1_0.updated_at,
        ba1_0.vendor_id 
    from
        bank_accounts ba1_0 
    where
        ba1_0.employee_id=?
2025-12-14 23:53:35.357 [http-nio-8040-exec-7] TRACE org.hibernate.orm.jdbc.bind - binding parameter (1:BIGINT) <- [11]
2025-12-14 23:53:35.359 [http-nio-8040-exec-7] DEBUG org.hibernate.SQL - 
    select
        ba1_0.id,
        ba1_0.account_holder_name,
        ba1_0.account_number,
        ba1_0.bank_name,
        ba1_0.created_at,
        ba1_0.employee_id,
        ba1_0.ifsc_code,
        ba1_0.is_primary,
        ba1_0.owner_type,
        ba1_0.updated_at,
        ba1_0.vendor_id 
    from
        bank_accounts ba1_0 
    where
        ba1_0.employee_id=?
2025-12-14 23:53:35.359 [http-nio-8040-exec-7] TRACE org.hibernate.orm.jdbc.bind - binding parameter (1:BIGINT) <- [2]
2025-12-14 23:53:35.360 [http-nio-8040-exec-7] DEBUG org.hibernate.SQL - 
    select
        ba1_0.id,
        ba1_0.account_holder_name,
        ba1_0.account_number,
        ba1_0.bank_name,
        ba1_0.created_at,
        ba1_0.employee_id,
        ba1_0.ifsc_code,
        ba1_0.is_primary,
        ba1_0.owner_type,
        ba1_0.updated_at,
        ba1_0.vendor_id 
    from
        bank_accounts ba1_0 
    where
        ba1_0.employee_id=?
2025-12-14 23:53:35.361 [http-nio-8040-exec-7] TRACE org.hibernate.orm.jdbc.bind - binding parameter (1:BIGINT) <- [3]
2025-12-14 23:53:35.362 [http-nio-8040-exec-7] DEBUG org.hibernate.SQL - 
    select
        ba1_0.id,
        ba1_0.account_holder_name,
        ba1_0.account_number,
        ba1_0.bank_name,
        ba1_0.created_at,
        ba1_0.employee_id,
        ba1_0.ifsc_code,
        ba1_0.is_primary,
        ba1_0.owner_type,
        ba1_0.updated_at,
        ba1_0.vendor_id 
    from
        bank_accounts ba1_0 
    where
        ba1_0.employee_id=?
2025-12-14 23:53:35.362 [http-nio-8040-exec-7] TRACE org.hibernate.orm.jdbc.bind - binding parameter (1:BIGINT) <- [1]
2025-12-14 23:53:35.362 [http-nio-8040-exec-7] DEBUG org.hibernate.SQL - 
    select
        ba1_0.id,
        ba1_0.account_holder_name,
        ba1_0.account_number,
        ba1_0.bank_name,
        ba1_0.created_at,
        ba1_0.employee_id,
        ba1_0.ifsc_code,
        ba1_0.is_primary,
        ba1_0.owner_type,
        ba1_0.updated_at,
        ba1_0.vendor_id 
    from
        bank_accounts ba1_0 
    where
        ba1_0.employee_id=?
2025-12-14 23:53:35.362 [http-nio-8040-exec-7] TRACE org.hibernate.orm.jdbc.bind - binding parameter (1:BIGINT) <- [5]
2025-12-14 23:53:35.364 [http-nio-8040-exec-7] DEBUG org.hibernate.SQL - 
    select
        ba1_0.id,
        ba1_0.account_holder_name,
        ba1_0.account_number,
        ba1_0.bank_name,
        ba1_0.created_at,
        ba1_0.employee_id,
        ba1_0.ifsc_code,
        ba1_0.is_primary,
        ba1_0.owner_type,
        ba1_0.updated_at,
        ba1_0.vendor_id 
    from
        bank_accounts ba1_0 
    where
        ba1_0.employee_id=?
2025-12-14 23:53:35.364 [http-nio-8040-exec-7] TRACE org.hibernate.orm.jdbc.bind - binding parameter (1:BIGINT) <- [7]
2025-12-14 23:53:35.365 [http-nio-8040-exec-7] DEBUG org.hibernate.SQL - 
    select
        ba1_0.id,
        ba1_0.account_holder_name,
        ba1_0.account_number,
        ba1_0.bank_name,
        ba1_0.created_at,
        ba1_0.employee_id,
        ba1_0.ifsc_code,
        ba1_0.is_primary,
        ba1_0.owner_type,
        ba1_0.updated_at,
        ba1_0.vendor_id 
    from
        bank_accounts ba1_0 
    where
        ba1_0.employee_id=?
2025-12-14 23:53:35.365 [http-nio-8040-exec-7] TRACE org.hibernate.orm.jdbc.bind - binding parameter (1:BIGINT) <- [15]
2025-12-14 23:53:35.366 [http-nio-8040-exec-7] DEBUG org.hibernate.SQL - 
    select
        ba1_0.id,
        ba1_0.account_holder_name,
        ba1_0.account_number,
        ba1_0.bank_name,
        ba1_0.created_at,
        ba1_0.employee_id,
        ba1_0.ifsc_code,
        ba1_0.is_primary,
        ba1_0.owner_type,
        ba1_0.updated_at,
        ba1_0.vendor_id 
    from
        bank_accounts ba1_0 
    where
        ba1_0.employee_id=?
2025-12-14 23:53:35.366 [http-nio-8040-exec-7] TRACE org.hibernate.orm.jdbc.bind - binding parameter (1:BIGINT) <- [10]
2025-12-14 23:53:35.367 [http-nio-8040-exec-7] DEBUG org.hibernate.SQL - 
    select
        ba1_0.id,
        ba1_0.account_holder_name,
        ba1_0.account_number,
        ba1_0.bank_name,
        ba1_0.created_at,
        ba1_0.employee_id,
        ba1_0.ifsc_code,
        ba1_0.is_primary,
        ba1_0.owner_type,
        ba1_0.updated_at,
        ba1_0.vendor_id 
    from
        bank_accounts ba1_0 
    where
        ba1_0.employee_id=?
2025-12-14 23:53:35.368 [http-nio-8040-exec-7] TRACE org.hibernate.orm.jdbc.bind - binding parameter (1:BIGINT) <- [8]
2025-12-14 23:53:35.370 [http-nio-8040-exec-7] DEBUG org.hibernate.SQL - 
    select
        ba1_0.id,
        ba1_0.account_holder_name,
        ba1_0.account_number,
        ba1_0.bank_name,
        ba1_0.created_at,
        ba1_0.employee_id,
        ba1_0.ifsc_code,
        ba1_0.is_primary,
        ba1_0.owner_type,
        ba1_0.updated_at,
        ba1_0.vendor_id 
    from
        bank_accounts ba1_0 
    where
        ba1_0.employee_id=?
2025-12-14 23:53:35.370 [http-nio-8040-exec-7] TRACE org.hibernate.orm.jdbc.bind - binding parameter (1:BIGINT) <- [19]
2025-12-14 23:53:35.370 [http-nio-8040-exec-7] DEBUG org.hibernate.SQL - 
    select
        ba1_0.id,
        ba1_0.account_holder_name,
        ba1_0.account_number,
        ba1_0.bank_name,
        ba1_0.created_at,
        ba1_0.employee_id,
        ba1_0.ifsc_code,
        ba1_0.is_primary,
        ba1_0.owner_type,
        ba1_0.updated_at,
        ba1_0.vendor_id 
    from
        bank_accounts ba1_0 
    where
        ba1_0.employee_id=?
2025-12-14 23:53:35.370 [http-nio-8040-exec-7] TRACE org.hibernate.orm.jdbc.bind - binding parameter (1:BIGINT) <- [13]
2025-12-14 23:53:35.372 [http-nio-8040-exec-7] DEBUG org.hibernate.SQL - 
    select
        ba1_0.id,
        ba1_0.account_holder_name,
        ba1_0.account_number,
        ba1_0.bank_name,
        ba1_0.created_at,
        ba1_0.employee_id,
        ba1_0.ifsc_code,
        ba1_0.is_primary,
        ba1_0.owner_type,
        ba1_0.updated_at,
        ba1_0.vendor_id 
    from
        bank_accounts ba1_0 
    where
        ba1_0.employee_id=?
2025-12-14 23:53:35.373 [http-nio-8040-exec-7] TRACE org.hibernate.orm.jdbc.bind - binding parameter (1:BIGINT) <- [4]
2025-12-14 23:53:35.374 [http-nio-8040-exec-7] DEBUG org.hibernate.SQL - 
    select
        ba1_0.id,
        ba1_0.account_holder_name,
        ba1_0.account_number,
        ba1_0.bank_name,
        ba1_0.created_at,
        ba1_0.employee_id,
        ba1_0.ifsc_code,
        ba1_0.is_primary,
        ba1_0.owner_type,
        ba1_0.updated_at,
        ba1_0.vendor_id 
    from
        bank_accounts ba1_0 
    where
        ba1_0.employee_id=?
2025-12-14 23:53:35.374 [http-nio-8040-exec-7] TRACE org.hibernate.orm.jdbc.bind - binding parameter (1:BIGINT) <- [12]
2025-12-14 23:53:35.374 [http-nio-8040-exec-7] DEBUG org.hibernate.SQL - 
    select
        ba1_0.id,
        ba1_0.account_holder_name,
        ba1_0.account_number,
        ba1_0.bank_name,
        ba1_0.created_at,
        ba1_0.employee_id,
        ba1_0.ifsc_code,
        ba1_0.is_primary,
        ba1_0.owner_type,
        ba1_0.updated_at,
        ba1_0.vendor_id 
    from
        bank_accounts ba1_0 
    where
        ba1_0.employee_id=?
2025-12-14 23:53:35.375 [http-nio-8040-exec-7] TRACE org.hibernate.orm.jdbc.bind - binding parameter (1:BIGINT) <- [23]
2025-12-14 23:53:35.375 [http-nio-8040-exec-7] DEBUG org.hibernate.SQL - 
    select
        ba1_0.id,
        ba1_0.account_holder_name,
        ba1_0.account_number,
        ba1_0.bank_name,
        ba1_0.created_at,
        ba1_0.employee_id,
        ba1_0.ifsc_code,
        ba1_0.is_primary,
        ba1_0.owner_type,
        ba1_0.updated_at,
        ba1_0.vendor_id 
    from
        bank_accounts ba1_0 
    where
        ba1_0.employee_id=?
2025-12-14 23:53:35.375 [http-nio-8040-exec-7] TRACE org.hibernate.orm.jdbc.bind - binding parameter (1:BIGINT) <- [27]
2025-12-14 23:53:35.376 [http-nio-8040-exec-7] DEBUG org.hibernate.SQL - 
    select
        ba1_0.id,
        ba1_0.account_holder_name,
        ba1_0.account_number,
        ba1_0.bank_name,
        ba1_0.created_at,
        ba1_0.employee_id,
        ba1_0.ifsc_code,
        ba1_0.is_primary,
        ba1_0.owner_type,
        ba1_0.updated_at,
        ba1_0.vendor_id 
    from
        bank_accounts ba1_0 
    where
        ba1_0.employee_id=?
2025-12-14 23:53:35.376 [http-nio-8040-exec-7] TRACE org.hibernate.orm.jdbc.bind - binding parameter (1:BIGINT) <- [16]
2025-12-14 23:53:35.377 [http-nio-8040-exec-7] DEBUG org.hibernate.SQL - 
    select
        ba1_0.id,
        ba1_0.account_holder_name,
        ba1_0.account_number,
        ba1_0.bank_name,
        ba1_0.created_at,
        ba1_0.employee_id,
        ba1_0.ifsc_code,
        ba1_0.is_primary,
        ba1_0.owner_type,
        ba1_0.updated_at,
        ba1_0.vendor_id 
    from
        bank_accounts ba1_0 
    where
        ba1_0.employee_id=?
2025-12-14 23:53:35.377 [http-nio-8040-exec-7] TRACE org.hibernate.orm.jdbc.bind - binding parameter (1:BIGINT) <- [31]
2025-12-14 23:53:35.377 [http-nio-8040-exec-7] DEBUG org.hibernate.SQL - 
    select
        ba1_0.id,
        ba1_0.account_holder_name,
        ba1_0.account_number,
        ba1_0.bank_name,
        ba1_0.created_at,
        ba1_0.employee_id,
        ba1_0.ifsc_code,
        ba1_0.is_primary,
        ba1_0.owner_type,
        ba1_0.updated_at,
        ba1_0.vendor_id 
    from
        bank_accounts ba1_0 
    where
        ba1_0.employee_id=?
2025-12-14 23:53:35.377 [http-nio-8040-exec-7] TRACE org.hibernate.orm.jdbc.bind - binding parameter (1:BIGINT) <- [35]
2025-12-14 23:53:35.379 [http-nio-8040-exec-7] DEBUG org.hibernate.SQL - 
    select
        ba1_0.id,
        ba1_0.account_holder_name,
        ba1_0.account_number,
        ba1_0.bank_name,
        ba1_0.created_at,
        ba1_0.employee_id,
        ba1_0.ifsc_code,
        ba1_0.is_primary,
        ba1_0.owner_type,
        ba1_0.updated_at,
        ba1_0.vendor_id 
    from
        bank_accounts ba1_0 
    where
        ba1_0.employee_id=?
2025-12-14 23:53:35.379 [http-nio-8040-exec-7] TRACE org.hibernate.orm.jdbc.bind - binding parameter (1:BIGINT) <- [20]
2025-12-14 23:53:35.380 [http-nio-8040-exec-7] DEBUG org.hibernate.SQL - 
    select
        ba1_0.id,
        ba1_0.account_holder_name,
        ba1_0.account_number,
        ba1_0.bank_name,
        ba1_0.created_at,
        ba1_0.employee_id,
        ba1_0.ifsc_code,
        ba1_0.is_primary,
        ba1_0.owner_type,
        ba1_0.updated_at,
        ba1_0.vendor_id 
    from
        bank_accounts ba1_0 
    where
        ba1_0.employee_id=?
2025-12-14 23:53:35.380 [http-nio-8040-exec-7] TRACE org.hibernate.orm.jdbc.bind - binding parameter (1:BIGINT) <- [17]
2025-12-14 23:53:35.380 [http-nio-8040-exec-7] DEBUG org.hibernate.SQL - 
    select
        ba1_0.id,
        ba1_0.account_holder_name,
        ba1_0.account_number,
        ba1_0.bank_name,
        ba1_0.created_at,
        ba1_0.employee_id,
        ba1_0.ifsc_code,
        ba1_0.is_primary,
        ba1_0.owner_type,
        ba1_0.updated_at,
        ba1_0.vendor_id 
    from
        bank_accounts ba1_0 
    where
        ba1_0.employee_id=?
2025-12-14 23:53:35.380 [http-nio-8040-exec-7] TRACE org.hibernate.orm.jdbc.bind - binding parameter (1:BIGINT) <- [24]
2025-12-14 23:53:35.382 [http-nio-8040-exec-7] DEBUG org.hibernate.SQL - 
    select
        ba1_0.id,
        ba1_0.account_holder_name,
        ba1_0.account_number,
        ba1_0.bank_name,
        ba1_0.created_at,
        ba1_0.employee_id,
        ba1_0.ifsc_code,
        ba1_0.is_primary,
        ba1_0.owner_type,
        ba1_0.updated_at,
        ba1_0.vendor_id 
    from
        bank_accounts ba1_0 
    where
        ba1_0.employee_id=?
2025-12-14 23:53:35.382 [http-nio-8040-exec-7] TRACE org.hibernate.orm.jdbc.bind - binding parameter (1:BIGINT) <- [38]
2025-12-14 23:53:35.383 [http-nio-8040-exec-7] DEBUG org.hibernate.SQL - 
    select
        ba1_0.id,
        ba1_0.account_holder_name,
        ba1_0.account_number,
        ba1_0.bank_name,
        ba1_0.created_at,
        ba1_0.employee_id,
        ba1_0.ifsc_code,
        ba1_0.is_primary,
        ba1_0.owner_type,
        ba1_0.updated_at,
        ba1_0.vendor_id 
    from
        bank_accounts ba1_0 
    where
        ba1_0.employee_id=?
2025-12-14 23:53:35.383 [http-nio-8040-exec-7] TRACE org.hibernate.orm.jdbc.bind - binding parameter (1:BIGINT) <- [6]
2025-12-14 23:53:35.384 [http-nio-8040-exec-7] DEBUG org.hibernate.SQL - 
    select
        ba1_0.id,
        ba1_0.account_holder_name,
        ba1_0.account_number,
        ba1_0.bank_name,
        ba1_0.created_at,
        ba1_0.employee_id,
        ba1_0.ifsc_code,
        ba1_0.is_primary,
        ba1_0.owner_type,
        ba1_0.updated_at,
        ba1_0.vendor_id 
    from
        bank_accounts ba1_0 
    where
        ba1_0.employee_id=?
2025-12-14 23:53:35.384 [http-nio-8040-exec-7] TRACE org.hibernate.orm.jdbc.bind - binding parameter (1:BIGINT) <- [39]
2025-12-14 23:53:35.385 [http-nio-8040-exec-7] DEBUG org.hibernate.SQL - 
    select
        ba1_0.id,
        ba1_0.account_holder_name,
        ba1_0.account_number,
        ba1_0.bank_name,
        ba1_0.created_at,
        ba1_0.employee_id,
        ba1_0.ifsc_code,
        ba1_0.is_primary,
        ba1_0.owner_type,
        ba1_0.updated_at,
        ba1_0.vendor_id 
    from
        bank_accounts ba1_0 
    where
        ba1_0.employee_id=?
2025-12-14 23:53:35.385 [http-nio-8040-exec-7] TRACE org.hibernate.orm.jdbc.bind - binding parameter (1:BIGINT) <- [9]
2025-12-14 23:53:35.386 [http-nio-8040-exec-7] DEBUG org.hibernate.SQL - 
    select
        ba1_0.id,
        ba1_0.account_holder_name,
        ba1_0.account_number,
        ba1_0.bank_name,
        ba1_0.created_at,
        ba1_0.employee_id,
        ba1_0.ifsc_code,
        ba1_0.is_primary,
        ba1_0.owner_type,
        ba1_0.updated_at,
        ba1_0.vendor_id 
    from
        bank_accounts ba1_0 
    where
        ba1_0.employee_id=?
2025-12-14 23:53:35.386 [http-nio-8040-exec-7] TRACE org.hibernate.orm.jdbc.bind - binding parameter (1:BIGINT) <- [28]
2025-12-14 23:53:35.388 [http-nio-8040-exec-7] DEBUG org.hibernate.SQL - 
    select
        ba1_0.id,
        ba1_0.account_holder_name,
        ba1_0.account_number,
        ba1_0.bank_name,
        ba1_0.created_at,
        ba1_0.employee_id,
        ba1_0.ifsc_code,
        ba1_0.is_primary,
        ba1_0.owner_type,
        ba1_0.updated_at,
        ba1_0.vendor_id 
    from
        bank_accounts ba1_0 
    where
        ba1_0.employee_id=?
2025-12-14 23:53:35.388 [http-nio-8040-exec-7] TRACE org.hibernate.orm.jdbc.bind - binding parameter (1:BIGINT) <- [40]
2025-12-14 23:53:35.390 [http-nio-8040-exec-7] DEBUG org.hibernate.SQL - 
    select
        ba1_0.id,
        ba1_0.account_holder_name,
        ba1_0.account_number,
        ba1_0.bank_name,
        ba1_0.created_at,
        ba1_0.employee_id,
        ba1_0.ifsc_code,
        ba1_0.is_primary,
        ba1_0.owner_type,
        ba1_0.updated_at,
        ba1_0.vendor_id 
    from
        bank_accounts ba1_0 
    where
        ba1_0.employee_id=?
2025-12-14 23:53:35.390 [http-nio-8040-exec-7] TRACE org.hibernate.orm.jdbc.bind - binding parameter (1:BIGINT) <- [14]
2025-12-14 23:53:35.391 [http-nio-8040-exec-7] DEBUG org.hibernate.SQL - 
    select
        ba1_0.id,
        ba1_0.account_holder_name,
        ba1_0.account_number,
        ba1_0.bank_name,
        ba1_0.created_at,
        ba1_0.employee_id,
        ba1_0.ifsc_code,
        ba1_0.is_primary,
        ba1_0.owner_type,
        ba1_0.updated_at,
        ba1_0.vendor_id 
    from
        bank_accounts ba1_0 
    where
        ba1_0.employee_id=?
2025-12-14 23:53:35.391 [http-nio-8040-exec-7] TRACE org.hibernate.orm.jdbc.bind - binding parameter (1:BIGINT) <- [32]
2025-12-14 23:53:35.392 [http-nio-8040-exec-7] DEBUG org.hibernate.SQL - 
    select
        ba1_0.id,
        ba1_0.account_holder_name,
        ba1_0.account_number,
        ba1_0.bank_name,
        ba1_0.created_at,
        ba1_0.employee_id,
        ba1_0.ifsc_code,
        ba1_0.is_primary,
        ba1_0.owner_type,
        ba1_0.updated_at,
        ba1_0.vendor_id 
    from
        bank_accounts ba1_0 
    where
        ba1_0.employee_id=?
2025-12-14 23:53:35.392 [http-nio-8040-exec-7] TRACE org.hibernate.orm.jdbc.bind - binding parameter (1:BIGINT) <- [18]
2025-12-14 23:53:35.393 [http-nio-8040-exec-7] DEBUG org.hibernate.SQL - 
    select
        ba1_0.id,
        ba1_0.account_holder_name,
        ba1_0.account_number,
        ba1_0.bank_name,
        ba1_0.created_at,
        ba1_0.employee_id,
        ba1_0.ifsc_code,
        ba1_0.is_primary,
        ba1_0.owner_type,
        ba1_0.updated_at,
        ba1_0.vendor_id 
    from
        bank_accounts ba1_0 
    where
        ba1_0.employee_id=?
2025-12-14 23:53:35.393 [http-nio-8040-exec-7] TRACE org.hibernate.orm.jdbc.bind - binding parameter (1:BIGINT) <- [22]
2025-12-14 23:53:35.394 [http-nio-8040-exec-7] DEBUG org.hibernate.SQL - 
    select
        ba1_0.id,
        ba1_0.account_holder_name,
        ba1_0.account_number,
        ba1_0.bank_name,
        ba1_0.created_at,
        ba1_0.employee_id,
        ba1_0.ifsc_code,
        ba1_0.is_primary,
        ba1_0.owner_type,
        ba1_0.updated_at,
        ba1_0.vendor_id 
    from
        bank_accounts ba1_0 
    where
        ba1_0.employee_id=?
2025-12-14 23:53:35.394 [http-nio-8040-exec-7] TRACE org.hibernate.orm.jdbc.bind - binding parameter (1:BIGINT) <- [36]
2025-12-14 23:53:35.395 [http-nio-8040-exec-7] DEBUG org.hibernate.SQL - 
    select
        ba1_0.id,
        ba1_0.account_holder_name,
        ba1_0.account_number,
        ba1_0.bank_name,
        ba1_0.created_at,
        ba1_0.employee_id,
        ba1_0.ifsc_code,
        ba1_0.is_primary,
        ba1_0.owner_type,
        ba1_0.updated_at,
        ba1_0.vendor_id 
    from
        bank_accounts ba1_0 
    where
        ba1_0.employee_id=?
2025-12-14 23:53:35.395 [http-nio-8040-exec-7] TRACE org.hibernate.orm.jdbc.bind - binding parameter (1:BIGINT) <- [21]
2025-12-14 23:53:35.396 [http-nio-8040-exec-7] DEBUG org.hibernate.SQL - 
    select
        ba1_0.id,
        ba1_0.account_holder_name,
        ba1_0.account_number,
        ba1_0.bank_name,
        ba1_0.created_at,
        ba1_0.employee_id,
        ba1_0.ifsc_code,
        ba1_0.is_primary,
        ba1_0.owner_type,
        ba1_0.updated_at,
        ba1_0.vendor_id 
    from
        bank_accounts ba1_0 
    where
        ba1_0.employee_id=?
2025-12-14 23:53:35.396 [http-nio-8040-exec-7] TRACE org.hibernate.orm.jdbc.bind - binding parameter (1:BIGINT) <- [25]
2025-12-14 23:53:35.397 [http-nio-8040-exec-7] DEBUG org.hibernate.SQL - 
    select
        ba1_0.id,
        ba1_0.account_holder_name,
        ba1_0.account_number,
        ba1_0.bank_name,
        ba1_0.created_at,
        ba1_0.employee_id,
        ba1_0.ifsc_code,
        ba1_0.is_primary,
        ba1_0.owner_type,
        ba1_0.updated_at,
        ba1_0.vendor_id 
    from
        bank_accounts ba1_0 
    where
        ba1_0.employee_id=?
2025-12-14 23:53:35.397 [http-nio-8040-exec-7] TRACE org.hibernate.orm.jdbc.bind - binding parameter (1:BIGINT) <- [26]
2025-12-14 23:53:35.397 [http-nio-8040-exec-7] DEBUG org.hibernate.SQL - 
    select
        ba1_0.id,
        ba1_0.account_holder_name,
        ba1_0.account_number,
        ba1_0.bank_name,
        ba1_0.created_at,
        ba1_0.employee_id,
        ba1_0.ifsc_code,
        ba1_0.is_primary,
        ba1_0.owner_type,
        ba1_0.updated_at,
        ba1_0.vendor_id 
    from
        bank_accounts ba1_0 
    where
        ba1_0.employee_id=?
2025-12-14 23:53:35.397 [http-nio-8040-exec-7] TRACE org.hibernate.orm.jdbc.bind - binding parameter (1:BIGINT) <- [29]
2025-12-14 23:53:35.398 [http-nio-8040-exec-7] DEBUG org.hibernate.SQL - 
    select
        ba1_0.id,
        ba1_0.account_holder_name,
        ba1_0.account_number,
        ba1_0.bank_name,
        ba1_0.created_at,
        ba1_0.employee_id,
        ba1_0.ifsc_code,
        ba1_0.is_primary,
        ba1_0.owner_type,
        ba1_0.updated_at,
        ba1_0.vendor_id 
    from
        bank_accounts ba1_0 
    where
        ba1_0.employee_id=?
2025-12-14 23:53:35.398 [http-nio-8040-exec-7] TRACE org.hibernate.orm.jdbc.bind - binding parameter (1:BIGINT) <- [34]
2025-12-14 23:53:35.399 [http-nio-8040-exec-7] DEBUG org.hibernate.SQL - 
    select
        ba1_0.id,
        ba1_0.account_holder_name,
        ba1_0.account_number,
        ba1_0.bank_name,
        ba1_0.created_at,
        ba1_0.employee_id,
        ba1_0.ifsc_code,
        ba1_0.is_primary,
        ba1_0.owner_type,
        ba1_0.updated_at,
        ba1_0.vendor_id 
    from
        bank_accounts ba1_0 
    where
        ba1_0.employee_id=?
2025-12-14 23:53:35.399 [http-nio-8040-exec-7] TRACE org.hibernate.orm.jdbc.bind - binding parameter (1:BIGINT) <- [30]
2025-12-14 23:53:35.401 [http-nio-8040-exec-7] DEBUG org.hibernate.SQL - 
    select
        ba1_0.id,
        ba1_0.account_holder_name,
        ba1_0.account_number,
        ba1_0.bank_name,
        ba1_0.created_at,
        ba1_0.employee_id,
        ba1_0.ifsc_code,
        ba1_0.is_primary,
        ba1_0.owner_type,
        ba1_0.updated_at,
        ba1_0.vendor_id 
    from
        bank_accounts ba1_0 
    where
        ba1_0.employee_id=?
2025-12-14 23:53:35.401 [http-nio-8040-exec-7] TRACE org.hibernate.orm.jdbc.bind - binding parameter (1:BIGINT) <- [33]
2025-12-14 23:53:35.401 [http-nio-8040-exec-7] DEBUG org.hibernate.SQL - 
    select
        ba1_0.id,
        ba1_0.account_holder_name,
        ba1_0.account_number,
        ba1_0.bank_name,
        ba1_0.created_at,
        ba1_0.employee_id,
        ba1_0.ifsc_code,
        ba1_0.is_primary,
        ba1_0.owner_type,
        ba1_0.updated_at,
        ba1_0.vendor_id 
    from
        bank_accounts ba1_0 
    where
        ba1_0.employee_id=?
2025-12-14 23:53:35.403 [http-nio-8040-exec-7] TRACE org.hibernate.orm.jdbc.bind - binding parameter (1:BIGINT) <- [37]
2025-12-14 23:53:35.403 [http-nio-8040-exec-7] DEBUG org.hibernate.SQL - 
    select
        ba1_0.id,
        ba1_0.account_holder_name,
        ba1_0.account_number,
        ba1_0.bank_name,
        ba1_0.created_at,
        ba1_0.employee_id,
        ba1_0.ifsc_code,
        ba1_0.is_primary,
        ba1_0.owner_type,
        ba1_0.updated_at,
        ba1_0.vendor_id 
    from
        bank_accounts ba1_0 
    where
        ba1_0.employee_id=?
2025-12-14 23:53:35.404 [http-nio-8040-exec-7] TRACE org.hibernate.orm.jdbc.bind - binding parameter (1:BIGINT) <- [41]
2025-12-14 23:53:35.405 [http-nio-8040-exec-7] DEBUG org.hibernate.SQL - 
    select
        ba1_0.id,
        ba1_0.account_holder_name,
        ba1_0.account_number,
        ba1_0.bank_name,
        ba1_0.created_at,
        ba1_0.employee_id,
        ba1_0.ifsc_code,
        ba1_0.is_primary,
        ba1_0.owner_type,
        ba1_0.updated_at,
        ba1_0.vendor_id 
    from
        bank_accounts ba1_0 
    where
        ba1_0.employee_id=?
2025-12-14 23:53:35.405 [http-nio-8040-exec-7] TRACE org.hibernate.orm.jdbc.bind - binding parameter (1:BIGINT) <- [42]
2025-12-14 23:53:35.406 [http-nio-8040-exec-7] DEBUG org.hibernate.SQL - 
    select
        ba1_0.id,
        ba1_0.account_holder_name,
        ba1_0.account_number,
        ba1_0.bank_name,
        ba1_0.created_at,
        ba1_0.employee_id,
        ba1_0.ifsc_code,
        ba1_0.is_primary,
        ba1_0.owner_type,
        ba1_0.updated_at,
        ba1_0.vendor_id 
    from
        bank_accounts ba1_0 
    where
        ba1_0.employee_id=?
2025-12-14 23:53:35.406 [http-nio-8040-exec-7] TRACE org.hibernate.orm.jdbc.bind - binding parameter (1:BIGINT) <- [43]
2025-12-14 23:53:35.407 [http-nio-8040-exec-7] DEBUG org.hibernate.SQL - 
    select
        ba1_0.id,
        ba1_0.account_holder_name,
        ba1_0.account_number,
        ba1_0.bank_name,
        ba1_0.created_at,
        ba1_0.employee_id,
        ba1_0.ifsc_code,
        ba1_0.is_primary,
        ba1_0.owner_type,
        ba1_0.updated_at,
        ba1_0.vendor_id 
    from
        bank_accounts ba1_0 
    where
        ba1_0.employee_id=?
2025-12-14 23:53:35.407 [http-nio-8040-exec-7] TRACE org.hibernate.orm.jdbc.bind - binding parameter (1:BIGINT) <- [44]
2025-12-14 23:53:35.407 [http-nio-8040-exec-7] DEBUG org.hibernate.SQL - 
    select
        ba1_0.id,
        ba1_0.account_holder_name,
        ba1_0.account_number,
        ba1_0.bank_name,
        ba1_0.created_at,
        ba1_0.employee_id,
        ba1_0.ifsc_code,
        ba1_0.is_primary,
        ba1_0.owner_type,
        ba1_0.updated_at,
        ba1_0.vendor_id 
    from
        bank_accounts ba1_0 
    where
        ba1_0.employee_id=?
2025-12-14 23:53:35.407 [http-nio-8040-exec-7] TRACE org.hibernate.orm.jdbc.bind - binding parameter (1:BIGINT) <- [45]
2025-12-14 23:53:35.409 [http-nio-8040-exec-7] DEBUG org.hibernate.SQL - 
    select
        ba1_0.id,
        ba1_0.account_holder_name,
        ba1_0.account_number,
        ba1_0.bank_name,
        ba1_0.created_at,
        ba1_0.employee_id,
        ba1_0.ifsc_code,
        ba1_0.is_primary,
        ba1_0.owner_type,
        ba1_0.updated_at,
        ba1_0.vendor_id 
    from
        bank_accounts ba1_0 
    where
        ba1_0.employee_id=?
2025-12-14 23:53:35.409 [http-nio-8040-exec-7] TRACE org.hibernate.orm.jdbc.bind - binding parameter (1:BIGINT) <- [46]
2025-12-14 23:53:35.409 [http-nio-8040-exec-7] DEBUG org.hibernate.SQL - 
    select
        ba1_0.id,
        ba1_0.account_holder_name,
        ba1_0.account_number,
        ba1_0.bank_name,
        ba1_0.created_at,
        ba1_0.employee_id,
        ba1_0.ifsc_code,
        ba1_0.is_primary,
        ba1_0.owner_type,
        ba1_0.updated_at,
        ba1_0.vendor_id 
    from
        bank_accounts ba1_0 
    where
        ba1_0.employee_id=?
2025-12-14 23:53:35.410 [http-nio-8040-exec-7] TRACE org.hibernate.orm.jdbc.bind - binding parameter (1:BIGINT) <- [47]
2025-12-14 23:53:35.410 [http-nio-8040-exec-7] DEBUG org.hibernate.SQL - 
    select
        ba1_0.id,
        ba1_0.account_holder_name,
        ba1_0.account_number,
        ba1_0.bank_name,
        ba1_0.created_at,
        ba1_0.employee_id,
        ba1_0.ifsc_code,
        ba1_0.is_primary,
        ba1_0.owner_type,
        ba1_0.updated_at,
        ba1_0.vendor_id 
    from
        bank_accounts ba1_0 
    where
        ba1_0.employee_id=?
2025-12-14 23:53:35.411 [http-nio-8040-exec-7] TRACE org.hibernate.orm.jdbc.bind - binding parameter (1:BIGINT) <- [48]
2025-12-14 23:53:35.412 [http-nio-8040-exec-7] DEBUG org.hibernate.SQL - 
    select
        ba1_0.id,
        ba1_0.account_holder_name,
        ba1_0.account_number,
        ba1_0.bank_name,
        ba1_0.created_at,
        ba1_0.employee_id,
        ba1_0.ifsc_code,
        ba1_0.is_primary,
        ba1_0.owner_type,
        ba1_0.updated_at,
        ba1_0.vendor_id 
    from
        bank_accounts ba1_0 
    where
        ba1_0.employee_id=?
2025-12-14 23:53:35.412 [http-nio-8040-exec-7] TRACE org.hibernate.orm.jdbc.bind - binding parameter (1:BIGINT) <- [49]
2025-12-14 23:53:35.413 [http-nio-8040-exec-7] DEBUG org.hibernate.SQL - 
    select
        ba1_0.id,
        ba1_0.account_holder_name,
        ba1_0.account_number,
        ba1_0.bank_name,
        ba1_0.created_at,
        ba1_0.employee_id,
        ba1_0.ifsc_code,
        ba1_0.is_primary,
        ba1_0.owner_type,
        ba1_0.updated_at,
        ba1_0.vendor_id 
    from
        bank_accounts ba1_0 
    where
        ba1_0.employee_id=?
2025-12-14 23:53:35.413 [http-nio-8040-exec-7] TRACE org.hibernate.orm.jdbc.bind - binding parameter (1:BIGINT) <- [50]
2025-12-14 23:53:35.414 [http-nio-8040-exec-7] DEBUG org.hibernate.SQL - 
    select
        ba1_0.id,
        ba1_0.account_holder_name,
        ba1_0.account_number,
        ba1_0.bank_name,
        ba1_0.created_at,
        ba1_0.employee_id,
        ba1_0.ifsc_code,
        ba1_0.is_primary,
        ba1_0.owner_type,
        ba1_0.updated_at,
        ba1_0.vendor_id 
    from
        bank_accounts ba1_0 
    where
        ba1_0.employee_id=?
2025-12-14 23:53:35.414 [http-nio-8040-exec-7] TRACE org.hibernate.orm.jdbc.bind - binding parameter (1:BIGINT) <- [51]
2025-12-14 23:53:35.414 [http-nio-8040-exec-7] DEBUG org.hibernate.SQL - 
    select
        ba1_0.id,
        ba1_0.account_holder_name,
        ba1_0.account_number,
        ba1_0.bank_name,
        ba1_0.created_at,
        ba1_0.employee_id,
        ba1_0.ifsc_code,
        ba1_0.is_primary,
        ba1_0.owner_type,
        ba1_0.updated_at,
        ba1_0.vendor_id 
    from
        bank_accounts ba1_0 
    where
        ba1_0.employee_id=?
2025-12-14 23:53:35.414 [http-nio-8040-exec-7] TRACE org.hibernate.orm.jdbc.bind - binding parameter (1:BIGINT) <- [52]
2025-12-14 23:53:35.416 [http-nio-8040-exec-7] DEBUG org.hibernate.SQL - 
    select
        ba1_0.id,
        ba1_0.account_holder_name,
        ba1_0.account_number,
        ba1_0.bank_name,
        ba1_0.created_at,
        ba1_0.employee_id,
        ba1_0.ifsc_code,
        ba1_0.is_primary,
        ba1_0.owner_type,
        ba1_0.updated_at,
        ba1_0.vendor_id 
    from
        bank_accounts ba1_0 
    where
        ba1_0.employee_id=?
2025-12-14 23:53:35.416 [http-nio-8040-exec-7] TRACE org.hibernate.orm.jdbc.bind - binding parameter (1:BIGINT) <- [53]
2025-12-14 23:53:35.416 [http-nio-8040-exec-7] DEBUG org.hibernate.SQL - 
    select
        ba1_0.id,
        ba1_0.account_holder_name,
        ba1_0.account_number,
        ba1_0.bank_name,
        ba1_0.created_at,
        ba1_0.employee_id,
        ba1_0.ifsc_code,
        ba1_0.is_primary,
        ba1_0.owner_type,
        ba1_0.updated_at,
        ba1_0.vendor_id 
    from
        bank_accounts ba1_0 
    where
        ba1_0.employee_id=?
2025-12-14 23:53:35.416 [http-nio-8040-exec-7] TRACE org.hibernate.orm.jdbc.bind - binding parameter (1:BIGINT) <- [54]
2025-12-14 23:53:35.418 [http-nio-8040-exec-7] DEBUG org.hibernate.SQL - 
    select
        ba1_0.id,
        ba1_0.account_holder_name,
        ba1_0.account_number,
        ba1_0.bank_name,
        ba1_0.created_at,
        ba1_0.employee_id,
        ba1_0.ifsc_code,
        ba1_0.is_primary,
        ba1_0.owner_type,
        ba1_0.updated_at,
        ba1_0.vendor_id 
    from
        bank_accounts ba1_0 
    where
        ba1_0.employee_id=?
2025-12-14 23:53:35.418 [http-nio-8040-exec-7] TRACE org.hibernate.orm.jdbc.bind - binding parameter (1:BIGINT) <- [55]
2025-12-14 23:53:35.419 [http-nio-8040-exec-7] DEBUG org.hibernate.SQL - 
    select
        ba1_0.id,
        ba1_0.account_holder_name,
        ba1_0.account_number,
        ba1_0.bank_name,
        ba1_0.created_at,
        ba1_0.employee_id,
        ba1_0.ifsc_code,
        ba1_0.is_primary,
        ba1_0.owner_type,
        ba1_0.updated_at,
        ba1_0.vendor_id 
    from
        bank_accounts ba1_0 
    where
        ba1_0.employee_id=?
2025-12-14 23:53:35.419 [http-nio-8040-exec-7] TRACE org.hibernate.orm.jdbc.bind - binding parameter (1:BIGINT) <- [56]
2025-12-14 23:53:35.420 [http-nio-8040-exec-7] DEBUG org.hibernate.SQL - 
    select
        ba1_0.id,
        ba1_0.account_holder_name,
        ba1_0.account_number,
        ba1_0.bank_name,
        ba1_0.created_at,
        ba1_0.employee_id,
        ba1_0.ifsc_code,
        ba1_0.is_primary,
        ba1_0.owner_type,
        ba1_0.updated_at,
        ba1_0.vendor_id 
    from
        bank_accounts ba1_0 
    where
        ba1_0.employee_id=?
2025-12-14 23:53:35.420 [http-nio-8040-exec-7] TRACE org.hibernate.orm.jdbc.bind - binding parameter (1:BIGINT) <- [57]
2025-12-14 23:53:35.421 [http-nio-8040-exec-7] DEBUG org.hibernate.SQL - 
    select
        ba1_0.id,
        ba1_0.account_holder_name,
        ba1_0.account_number,
        ba1_0.bank_name,
        ba1_0.created_at,
        ba1_0.employee_id,
        ba1_0.ifsc_code,
        ba1_0.is_primary,
        ba1_0.owner_type,
        ba1_0.updated_at,
        ba1_0.vendor_id 
    from
        bank_accounts ba1_0 
    where
        ba1_0.employee_id=?
2025-12-14 23:53:35.421 [http-nio-8040-exec-7] TRACE org.hibernate.orm.jdbc.bind - binding parameter (1:BIGINT) <- [58]
2025-12-14 23:53:35.422 [http-nio-8040-exec-7] DEBUG org.hibernate.SQL - 
    select
        ba1_0.id,
        ba1_0.account_holder_name,
        ba1_0.account_number,
        ba1_0.bank_name,
        ba1_0.created_at,
        ba1_0.employee_id,
        ba1_0.ifsc_code,
        ba1_0.is_primary,
        ba1_0.owner_type,
        ba1_0.updated_at,
        ba1_0.vendor_id 
    from
        bank_accounts ba1_0 
    where
        ba1_0.employee_id=?
2025-12-14 23:53:35.422 [http-nio-8040-exec-7] TRACE org.hibernate.orm.jdbc.bind - binding parameter (1:BIGINT) <- [59]
2025-12-14 23:53:35.423 [http-nio-8040-exec-7] DEBUG org.hibernate.SQL - 
    select
        ba1_0.id,
        ba1_0.account_holder_name,
        ba1_0.account_number,
        ba1_0.bank_name,
        ba1_0.created_at,
        ba1_0.employee_id,
        ba1_0.ifsc_code,
        ba1_0.is_primary,
        ba1_0.owner_type,
        ba1_0.updated_at,
        ba1_0.vendor_id 
    from
        bank_accounts ba1_0 
    where
        ba1_0.employee_id=?
2025-12-14 23:53:35.424 [http-nio-8040-exec-7] TRACE org.hibernate.orm.jdbc.bind - binding parameter (1:BIGINT) <- [60]
2025-12-14 23:53:35.424 [http-nio-8040-exec-7] DEBUG org.hibernate.SQL - 
    select
        ba1_0.id,
        ba1_0.account_holder_name,
        ba1_0.account_number,
        ba1_0.bank_name,
        ba1_0.created_at,
        ba1_0.employee_id,
        ba1_0.ifsc_code,
        ba1_0.is_primary,
        ba1_0.owner_type,
        ba1_0.updated_at,
        ba1_0.vendor_id 
    from
        bank_accounts ba1_0 
    where
        ba1_0.employee_id=?
2025-12-14 23:53:35.424 [http-nio-8040-exec-7] TRACE org.hibernate.orm.jdbc.bind - binding parameter (1:BIGINT) <- [61]
2025-12-14 23:53:35.425 [http-nio-8040-exec-7] DEBUG org.hibernate.SQL - 
    select
        ba1_0.id,
        ba1_0.account_holder_name,
        ba1_0.account_number,
        ba1_0.bank_name,
        ba1_0.created_at,
        ba1_0.employee_id,
        ba1_0.ifsc_code,
        ba1_0.is_primary,
        ba1_0.owner_type,
        ba1_0.updated_at,
        ba1_0.vendor_id 
    from
        bank_accounts ba1_0 
    where
        ba1_0.employee_id=?
2025-12-14 23:53:35.425 [http-nio-8040-exec-7] TRACE org.hibernate.orm.jdbc.bind - binding parameter (1:BIGINT) <- [62]
2025-12-14 23:53:35.426 [http-nio-8040-exec-7] DEBUG org.hibernate.SQL - 
    select
        ba1_0.id,
        ba1_0.account_holder_name,
        ba1_0.account_number,
        ba1_0.bank_name,
        ba1_0.created_at,
        ba1_0.employee_id,
        ba1_0.ifsc_code,
        ba1_0.is_primary,
        ba1_0.owner_type,
        ba1_0.updated_at,
        ba1_0.vendor_id 
    from
        bank_accounts ba1_0 
    where
        ba1_0.employee_id=?
2025-12-14 23:53:35.426 [http-nio-8040-exec-7] TRACE org.hibernate.orm.jdbc.bind - binding parameter (1:BIGINT) <- [63]
2025-12-14 23:53:35.427 [http-nio-8040-exec-7] DEBUG org.hibernate.SQL - 
    select
        ba1_0.id,
        ba1_0.account_holder_name,
        ba1_0.account_number,
        ba1_0.bank_name,
        ba1_0.created_at,
        ba1_0.employee_id,
        ba1_0.ifsc_code,
        ba1_0.is_primary,
        ba1_0.owner_type,
        ba1_0.updated_at,
        ba1_0.vendor_id 
    from
        bank_accounts ba1_0 
    where
        ba1_0.employee_id=?
2025-12-14 23:53:35.427 [http-nio-8040-exec-7] TRACE org.hibernate.orm.jdbc.bind - binding parameter (1:BIGINT) <- [64]
2025-12-14 23:53:35.428 [http-nio-8040-exec-7] DEBUG org.hibernate.SQL - 
    select
        ba1_0.id,
        ba1_0.account_holder_name,
        ba1_0.account_number,
        ba1_0.bank_name,
        ba1_0.created_at,
        ba1_0.employee_id,
        ba1_0.ifsc_code,
        ba1_0.is_primary,
        ba1_0.owner_type,
        ba1_0.updated_at,
        ba1_0.vendor_id 
    from
        bank_accounts ba1_0 
    where
        ba1_0.employee_id=?
2025-12-14 23:53:35.428 [http-nio-8040-exec-7] TRACE org.hibernate.orm.jdbc.bind - binding parameter (1:BIGINT) <- [65]
2025-12-14 23:53:35.429 [http-nio-8040-exec-7] DEBUG org.hibernate.SQL - 
    select
        ba1_0.id,
        ba1_0.account_holder_name,
        ba1_0.account_number,
        ba1_0.bank_name,
        ba1_0.created_at,
        ba1_0.employee_id,
        ba1_0.ifsc_code,
        ba1_0.is_primary,
        ba1_0.owner_type,
        ba1_0.updated_at,
        ba1_0.vendor_id 
    from
        bank_accounts ba1_0 
    where
        ba1_0.employee_id=?
2025-12-14 23:53:35.429 [http-nio-8040-exec-7] TRACE org.hibernate.orm.jdbc.bind - binding parameter (1:BIGINT) <- [66]
2025-12-14 23:53:35.430 [http-nio-8040-exec-7] DEBUG org.hibernate.SQL - 
    select
        ba1_0.id,
        ba1_0.account_holder_name,
        ba1_0.account_number,
        ba1_0.bank_name,
        ba1_0.created_at,
        ba1_0.employee_id,
        ba1_0.ifsc_code,
        ba1_0.is_primary,
        ba1_0.owner_type,
        ba1_0.updated_at,
        ba1_0.vendor_id 
    from
        bank_accounts ba1_0 
    where
        ba1_0.employee_id=?
2025-12-14 23:53:35.430 [http-nio-8040-exec-7] TRACE org.hibernate.orm.jdbc.bind - binding parameter (1:BIGINT) <- [67]
2025-12-14 23:53:35.431 [http-nio-8040-exec-7] DEBUG org.hibernate.SQL - 
    select
        ba1_0.id,
        ba1_0.account_holder_name,
        ba1_0.account_number,
        ba1_0.bank_name,
        ba1_0.created_at,
        ba1_0.employee_id,
        ba1_0.ifsc_code,
        ba1_0.is_primary,
        ba1_0.owner_type,
        ba1_0.updated_at,
        ba1_0.vendor_id 
    from
        bank_accounts ba1_0 
    where
        ba1_0.employee_id=?
2025-12-14 23:53:35.431 [http-nio-8040-exec-7] TRACE org.hibernate.orm.jdbc.bind - binding parameter (1:BIGINT) <- [68]
2025-12-14 23:53:35.431 [http-nio-8040-exec-7] DEBUG org.hibernate.SQL - 
    select
        ba1_0.id,
        ba1_0.account_holder_name,
        ba1_0.account_number,
        ba1_0.bank_name,
        ba1_0.created_at,
        ba1_0.employee_id,
        ba1_0.ifsc_code,
        ba1_0.is_primary,
        ba1_0.owner_type,
        ba1_0.updated_at,
        ba1_0.vendor_id 
    from
        bank_accounts ba1_0 
    where
        ba1_0.employee_id=?
2025-12-14 23:53:35.432 [http-nio-8040-exec-7] TRACE org.hibernate.orm.jdbc.bind - binding parameter (1:BIGINT) <- [69]
2025-12-14 23:53:35.433 [http-nio-8040-exec-7] DEBUG org.hibernate.SQL - 
    select
        ba1_0.id,
        ba1_0.account_holder_name,
        ba1_0.account_number,
        ba1_0.bank_name,
        ba1_0.created_at,
        ba1_0.employee_id,
        ba1_0.ifsc_code,
        ba1_0.is_primary,
        ba1_0.owner_type,
        ba1_0.updated_at,
        ba1_0.vendor_id 
    from
        bank_accounts ba1_0 
    where
        ba1_0.employee_id=?
2025-12-14 23:53:35.433 [http-nio-8040-exec-7] TRACE org.hibernate.orm.jdbc.bind - binding parameter (1:BIGINT) <- [70]
2025-12-14 23:53:35.433 [http-nio-8040-exec-7] DEBUG org.hibernate.SQL - 
    select
        ba1_0.id,
        ba1_0.account_holder_name,
        ba1_0.account_number,
        ba1_0.bank_name,
        ba1_0.created_at,
        ba1_0.employee_id,
        ba1_0.ifsc_code,
        ba1_0.is_primary,
        ba1_0.owner_type,
        ba1_0.updated_at,
        ba1_0.vendor_id 
    from
        bank_accounts ba1_0 
    where
        ba1_0.employee_id=?
2025-12-14 23:53:35.433 [http-nio-8040-exec-7] TRACE org.hibernate.orm.jdbc.bind - binding parameter (1:BIGINT) <- [71]
2025-12-14 23:53:35.434 [http-nio-8040-exec-7] DEBUG org.hibernate.SQL - 
    select
        ba1_0.id,
        ba1_0.account_holder_name,
        ba1_0.account_number,
        ba1_0.bank_name,
        ba1_0.created_at,
        ba1_0.employee_id,
        ba1_0.ifsc_code,
        ba1_0.is_primary,
        ba1_0.owner_type,
        ba1_0.updated_at,
        ba1_0.vendor_id 
    from
        bank_accounts ba1_0 
    where
        ba1_0.employee_id=?
2025-12-14 23:53:35.434 [http-nio-8040-exec-7] TRACE org.hibernate.orm.jdbc.bind - binding parameter (1:BIGINT) <- [72]
2025-12-14 23:53:35.435 [http-nio-8040-exec-7] DEBUG org.hibernate.SQL - 
    select
        ba1_0.id,
        ba1_0.account_holder_name,
        ba1_0.account_number,
        ba1_0.bank_name,
        ba1_0.created_at,
        ba1_0.employee_id,
        ba1_0.ifsc_code,
        ba1_0.is_primary,
        ba1_0.owner_type,
        ba1_0.updated_at,
        ba1_0.vendor_id 
    from
        bank_accounts ba1_0 
    where
        ba1_0.employee_id=?
2025-12-14 23:53:35.436 [http-nio-8040-exec-7] TRACE org.hibernate.orm.jdbc.bind - binding parameter (1:BIGINT) <- [73]
2025-12-14 23:53:35.436 [http-nio-8040-exec-7] DEBUG org.hibernate.SQL - 
    select
        ba1_0.id,
        ba1_0.account_holder_name,
        ba1_0.account_number,
        ba1_0.bank_name,
        ba1_0.created_at,
        ba1_0.employee_id,
        ba1_0.ifsc_code,
        ba1_0.is_primary,
        ba1_0.owner_type,
        ba1_0.updated_at,
        ba1_0.vendor_id 
    from
        bank_accounts ba1_0 
    where
        ba1_0.employee_id=?
2025-12-14 23:53:35.437 [http-nio-8040-exec-7] TRACE org.hibernate.orm.jdbc.bind - binding parameter (1:BIGINT) <- [74]
2025-12-14 23:53:35.437 [http-nio-8040-exec-7] DEBUG org.hibernate.SQL - 
    select
        ba1_0.id,
        ba1_0.account_holder_name,
        ba1_0.account_number,
        ba1_0.bank_name,
        ba1_0.created_at,
        ba1_0.employee_id,
        ba1_0.ifsc_code,
        ba1_0.is_primary,
        ba1_0.owner_type,
        ba1_0.updated_at,
        ba1_0.vendor_id 
    from
        bank_accounts ba1_0 
    where
        ba1_0.employee_id=?
2025-12-14 23:53:35.437 [http-nio-8040-exec-7] TRACE org.hibernate.orm.jdbc.bind - binding parameter (1:BIGINT) <- [75]
2025-12-14 23:53:35.439 [http-nio-8040-exec-7] DEBUG org.hibernate.SQL - 
    select
        ba1_0.id,
        ba1_0.account_holder_name,
        ba1_0.account_number,
        ba1_0.bank_name,
        ba1_0.created_at,
        ba1_0.employee_id,
        ba1_0.ifsc_code,
        ba1_0.is_primary,
        ba1_0.owner_type,
        ba1_0.updated_at,
        ba1_0.vendor_id 
    from
        bank_accounts ba1_0 
    where
        ba1_0.employee_id=?
2025-12-14 23:53:35.439 [http-nio-8040-exec-7] TRACE org.hibernate.orm.jdbc.bind - binding parameter (1:BIGINT) <- [76]
2025-12-14 23:53:35.439 [http-nio-8040-exec-7] DEBUG org.hibernate.SQL - 
    select
        ba1_0.id,
        ba1_0.account_holder_name,
        ba1_0.account_number,
        ba1_0.bank_name,
        ba1_0.created_at,
        ba1_0.employee_id,
        ba1_0.ifsc_code,
        ba1_0.is_primary,
        ba1_0.owner_type,
        ba1_0.updated_at,
        ba1_0.vendor_id 
    from
        bank_accounts ba1_0 
    where
        ba1_0.employee_id=?
2025-12-14 23:53:35.439 [http-nio-8040-exec-7] TRACE org.hibernate.orm.jdbc.bind - binding parameter (1:BIGINT) <- [77]
2025-12-14 23:53:35.440 [http-nio-8040-exec-7] DEBUG org.hibernate.SQL - 
    select
        ba1_0.id,
        ba1_0.account_holder_name,
        ba1_0.account_number,
        ba1_0.bank_name,
        ba1_0.created_at,
        ba1_0.employee_id,
        ba1_0.ifsc_code,
        ba1_0.is_primary,
        ba1_0.owner_type,
        ba1_0.updated_at,
        ba1_0.vendor_id 
    from
        bank_accounts ba1_0 
    where
        ba1_0.employee_id=?
2025-12-14 23:53:35.440 [http-nio-8040-exec-7] TRACE org.hibernate.orm.jdbc.bind - binding parameter (1:BIGINT) <- [78]
2025-12-14 23:53:35.442 [http-nio-8040-exec-7] DEBUG org.hibernate.SQL - 
    select
        ba1_0.id,
        ba1_0.account_holder_name,
        ba1_0.account_number,
        ba1_0.bank_name,
        ba1_0.created_at,
        ba1_0.employee_id,
        ba1_0.ifsc_code,
        ba1_0.is_primary,
        ba1_0.owner_type,
        ba1_0.updated_at,
        ba1_0.vendor_id 
    from
        bank_accounts ba1_0 
    where
        ba1_0.employee_id=?
2025-12-14 23:53:35.442 [http-nio-8040-exec-7] TRACE org.hibernate.orm.jdbc.bind - binding parameter (1:BIGINT) <- [79]
2025-12-14 23:53:35.442 [http-nio-8040-exec-7] DEBUG org.hibernate.SQL - 
    select
        ba1_0.id,
        ba1_0.account_holder_name,
        ba1_0.account_number,
        ba1_0.bank_name,
        ba1_0.created_at,
        ba1_0.employee_id,
        ba1_0.ifsc_code,
        ba1_0.is_primary,
        ba1_0.owner_type,
        ba1_0.updated_at,
        ba1_0.vendor_id 
    from
        bank_accounts ba1_0 
    where
        ba1_0.employee_id=?
2025-12-14 23:53:35.442 [http-nio-8040-exec-7] TRACE org.hibernate.orm.jdbc.bind - binding parameter (1:BIGINT) <- [80]
2025-12-14 23:53:35.443 [http-nio-8040-exec-7] DEBUG org.hibernate.SQL - 
    select
        ba1_0.id,
        ba1_0.account_holder_name,
        ba1_0.account_number,
        ba1_0.bank_name,
        ba1_0.created_at,
        ba1_0.employee_id,
        ba1_0.ifsc_code,
        ba1_0.is_primary,
        ba1_0.owner_type,
        ba1_0.updated_at,
        ba1_0.vendor_id 
    from
        bank_accounts ba1_0 
    where
        ba1_0.employee_id=?
2025-12-14 23:53:35.443 [http-nio-8040-exec-7] TRACE org.hibernate.orm.jdbc.bind - binding parameter (1:BIGINT) <- [81]
2025-12-14 23:53:35.443 [http-nio-8040-exec-7] DEBUG org.hibernate.SQL - 
    select
        ba1_0.id,
        ba1_0.account_holder_name,
        ba1_0.account_number,
        ba1_0.bank_name,
        ba1_0.created_at,
        ba1_0.employee_id,
        ba1_0.ifsc_code,
        ba1_0.is_primary,
        ba1_0.owner_type,
        ba1_0.updated_at,
        ba1_0.vendor_id 
    from
        bank_accounts ba1_0 
    where
        ba1_0.employee_id=?
2025-12-14 23:53:35.445 [http-nio-8040-exec-7] TRACE org.hibernate.orm.jdbc.bind - binding parameter (1:BIGINT) <- [82]
2025-12-14 23:53:35.445 [http-nio-8040-exec-7] DEBUG org.hibernate.SQL - 
    select
        ba1_0.id,
        ba1_0.account_holder_name,
        ba1_0.account_number,
        ba1_0.bank_name,
        ba1_0.created_at,
        ba1_0.employee_id,
        ba1_0.ifsc_code,
        ba1_0.is_primary,
        ba1_0.owner_type,
        ba1_0.updated_at,
        ba1_0.vendor_id 
    from
        bank_accounts ba1_0 
    where
        ba1_0.employee_id=?
2025-12-14 23:53:35.445 [http-nio-8040-exec-7] TRACE org.hibernate.orm.jdbc.bind - binding parameter (1:BIGINT) <- [83]
2025-12-14 23:53:35.446 [http-nio-8040-exec-7] DEBUG org.hibernate.SQL - 
    select
        ba1_0.id,
        ba1_0.account_holder_name,
        ba1_0.account_number,
        ba1_0.bank_name,
        ba1_0.created_at,
        ba1_0.employee_id,
        ba1_0.ifsc_code,
        ba1_0.is_primary,
        ba1_0.owner_type,
        ba1_0.updated_at,
        ba1_0.vendor_id 
    from
        bank_accounts ba1_0 
    where
        ba1_0.employee_id=?
2025-12-14 23:53:35.446 [http-nio-8040-exec-7] TRACE org.hibernate.orm.jdbc.bind - binding parameter (1:BIGINT) <- [84]
2025-12-14 23:53:35.447 [http-nio-8040-exec-7] DEBUG org.hibernate.SQL - 
    select
        ba1_0.id,
        ba1_0.account_holder_name,
        ba1_0.account_number,
        ba1_0.bank_name,
        ba1_0.created_at,
        ba1_0.employee_id,
        ba1_0.ifsc_code,
        ba1_0.is_primary,
        ba1_0.owner_type,
        ba1_0.updated_at,
        ba1_0.vendor_id 
    from
        bank_accounts ba1_0 
    where
        ba1_0.employee_id=?
2025-12-14 23:53:35.447 [http-nio-8040-exec-7] TRACE org.hibernate.orm.jdbc.bind - binding parameter (1:BIGINT) <- [85]
2025-12-14 23:53:35.448 [http-nio-8040-exec-7] DEBUG org.hibernate.SQL - 
    select
        ba1_0.id,
        ba1_0.account_holder_name,
        ba1_0.account_number,
        ba1_0.bank_name,
        ba1_0.created_at,
        ba1_0.employee_id,
        ba1_0.ifsc_code,
        ba1_0.is_primary,
        ba1_0.owner_type,
        ba1_0.updated_at,
        ba1_0.vendor_id 
    from
        bank_accounts ba1_0 
    where
        ba1_0.employee_id=?
2025-12-14 23:53:35.448 [http-nio-8040-exec-7] TRACE org.hibernate.orm.jdbc.bind - binding parameter (1:BIGINT) <- [86]
2025-12-14 23:53:35.449 [http-nio-8040-exec-7] DEBUG org.hibernate.SQL - 
    select
        ba1_0.id,
        ba1_0.account_holder_name,
        ba1_0.account_number,
        ba1_0.bank_name,
        ba1_0.created_at,
        ba1_0.employee_id,
        ba1_0.ifsc_code,
        ba1_0.is_primary,
        ba1_0.owner_type,
        ba1_0.updated_at,
        ba1_0.vendor_id 
    from
        bank_accounts ba1_0 
    where
        ba1_0.employee_id=?
2025-12-14 23:53:35.449 [http-nio-8040-exec-7] TRACE org.hibernate.orm.jdbc.bind - binding parameter (1:BIGINT) <- [87]
2025-12-14 23:53:35.449 [http-nio-8040-exec-7] DEBUG org.hibernate.SQL - 
    select
        ba1_0.id,
        ba1_0.account_holder_name,
        ba1_0.account_number,
        ba1_0.bank_name,
        ba1_0.created_at,
        ba1_0.employee_id,
        ba1_0.ifsc_code,
        ba1_0.is_primary,
        ba1_0.owner_type,
        ba1_0.updated_at,
        ba1_0.vendor_id 
    from
        bank_accounts ba1_0 
    where
        ba1_0.employee_id=?
2025-12-14 23:53:35.451 [http-nio-8040-exec-7] TRACE org.hibernate.orm.jdbc.bind - binding parameter (1:BIGINT) <- [88]
2025-12-14 23:53:35.451 [http-nio-8040-exec-7] DEBUG org.hibernate.SQL - 
    select
        ba1_0.id,
        ba1_0.account_holder_name,
        ba1_0.account_number,
        ba1_0.bank_name,
        ba1_0.created_at,
        ba1_0.employee_id,
        ba1_0.ifsc_code,
        ba1_0.is_primary,
        ba1_0.owner_type,
        ba1_0.updated_at,
        ba1_0.vendor_id 
    from
        bank_accounts ba1_0 
    where
        ba1_0.employee_id=?
2025-12-14 23:53:35.451 [http-nio-8040-exec-7] TRACE org.hibernate.orm.jdbc.bind - binding parameter (1:BIGINT) <- [89]
2025-12-14 23:53:35.452 [http-nio-8040-exec-7] DEBUG org.hibernate.SQL - 
    select
        ba1_0.id,
        ba1_0.account_holder_name,
        ba1_0.account_number,
        ba1_0.bank_name,
        ba1_0.created_at,
        ba1_0.employee_id,
        ba1_0.ifsc_code,
        ba1_0.is_primary,
        ba1_0.owner_type,
        ba1_0.updated_at,
        ba1_0.vendor_id 
    from
        bank_accounts ba1_0 
    where
        ba1_0.employee_id=?
2025-12-14 23:53:35.452 [http-nio-8040-exec-7] TRACE org.hibernate.orm.jdbc.bind - binding parameter (1:BIGINT) <- [90]
2025-12-14 23:53:35.453 [http-nio-8040-exec-7] DEBUG org.hibernate.SQL - 
    select
        ba1_0.id,
        ba1_0.account_holder_name,
        ba1_0.account_number,
        ba1_0.bank_name,
        ba1_0.created_at,
        ba1_0.employee_id,
        ba1_0.ifsc_code,
        ba1_0.is_primary,
        ba1_0.owner_type,
        ba1_0.updated_at,
        ba1_0.vendor_id 
    from
        bank_accounts ba1_0 
    where
        ba1_0.employee_id=?
2025-12-14 23:53:35.453 [http-nio-8040-exec-7] TRACE org.hibernate.orm.jdbc.bind - binding parameter (1:BIGINT) <- [91]
2025-12-14 23:53:35.454 [http-nio-8040-exec-7] DEBUG org.hibernate.SQL - 
    select
        ba1_0.id,
        ba1_0.account_holder_name,
        ba1_0.account_number,
        ba1_0.bank_name,
        ba1_0.created_at,
        ba1_0.employee_id,
        ba1_0.ifsc_code,
        ba1_0.is_primary,
        ba1_0.owner_type,
        ba1_0.updated_at,
        ba1_0.vendor_id 
    from
        bank_accounts ba1_0 
    where
        ba1_0.employee_id=?
2025-12-14 23:53:35.454 [http-nio-8040-exec-7] TRACE org.hibernate.orm.jdbc.bind - binding parameter (1:BIGINT) <- [92]
2025-12-14 23:53:35.454 [http-nio-8040-exec-7] DEBUG org.hibernate.SQL - 
    select
        ba1_0.id,
        ba1_0.account_holder_name,
        ba1_0.account_number,
        ba1_0.bank_name,
        ba1_0.created_at,
        ba1_0.employee_id,
        ba1_0.ifsc_code,
        ba1_0.is_primary,
        ba1_0.owner_type,
        ba1_0.updated_at,
        ba1_0.vendor_id 
    from
        bank_accounts ba1_0 
    where
        ba1_0.employee_id=?
2025-12-14 23:53:35.455 [http-nio-8040-exec-7] TRACE org.hibernate.orm.jdbc.bind - binding parameter (1:BIGINT) <- [93]
2025-12-14 23:53:35.456 [http-nio-8040-exec-7] DEBUG org.hibernate.SQL - 
    select
        ba1_0.id,
        ba1_0.account_holder_name,
        ba1_0.account_number,
        ba1_0.bank_name,
        ba1_0.created_at,
        ba1_0.employee_id,
        ba1_0.ifsc_code,
        ba1_0.is_primary,
        ba1_0.owner_type,
        ba1_0.updated_at,
        ba1_0.vendor_id 
    from
        bank_accounts ba1_0 
    where
        ba1_0.employee_id=?
2025-12-14 23:53:35.456 [http-nio-8040-exec-7] TRACE org.hibernate.orm.jdbc.bind - binding parameter (1:BIGINT) <- [94]
2025-12-14 23:53:35.457 [http-nio-8040-exec-7] DEBUG org.hibernate.SQL - 
    select
        ba1_0.id,
        ba1_0.account_holder_name,
        ba1_0.account_number,
        ba1_0.bank_name,
        ba1_0.created_at,
        ba1_0.employee_id,
        ba1_0.ifsc_code,
        ba1_0.is_primary,
        ba1_0.owner_type,
        ba1_0.updated_at,
        ba1_0.vendor_id 
    from
        bank_accounts ba1_0 
    where
        ba1_0.employee_id=?
2025-12-14 23:53:35.457 [http-nio-8040-exec-7] TRACE org.hibernate.orm.jdbc.bind - binding parameter (1:BIGINT) <- [95]
2025-12-14 23:53:35.458 [http-nio-8040-exec-7] DEBUG org.hibernate.SQL - 
    select
        ba1_0.id,
        ba1_0.account_holder_name,
        ba1_0.account_number,
        ba1_0.bank_name,
        ba1_0.created_at,
        ba1_0.employee_id,
        ba1_0.ifsc_code,
        ba1_0.is_primary,
        ba1_0.owner_type,
        ba1_0.updated_at,
        ba1_0.vendor_id 
    from
        bank_accounts ba1_0 
    where
        ba1_0.employee_id=?
2025-12-14 23:53:35.459 [http-nio-8040-exec-7] TRACE org.hibernate.orm.jdbc.bind - binding parameter (1:BIGINT) <- [96]
2025-12-14 23:53:35.459 [http-nio-8040-exec-7] DEBUG org.hibernate.SQL - 
    select
        ba1_0.id,
        ba1_0.account_holder_name,
        ba1_0.account_number,
        ba1_0.bank_name,
        ba1_0.created_at,
        ba1_0.employee_id,
        ba1_0.ifsc_code,
        ba1_0.is_primary,
        ba1_0.owner_type,
        ba1_0.updated_at,
        ba1_0.vendor_id 
    from
        bank_accounts ba1_0 
    where
        ba1_0.employee_id=?
2025-12-14 23:53:35.459 [http-nio-8040-exec-7] TRACE org.hibernate.orm.jdbc.bind - binding parameter (1:BIGINT) <- [97]
2025-12-14 23:53:35.460 [http-nio-8040-exec-7] DEBUG org.hibernate.SQL - 
    select
        ba1_0.id,
        ba1_0.account_holder_name,
        ba1_0.account_number,
        ba1_0.bank_name,
        ba1_0.created_at,
        ba1_0.employee_id,
        ba1_0.ifsc_code,
        ba1_0.is_primary,
        ba1_0.owner_type,
        ba1_0.updated_at,
        ba1_0.vendor_id 
    from
        bank_accounts ba1_0 
    where
        ba1_0.employee_id=?
2025-12-14 23:53:35.460 [http-nio-8040-exec-7] TRACE org.hibernate.orm.jdbc.bind - binding parameter (1:BIGINT) <- [98]
2025-12-14 23:53:35.461 [http-nio-8040-exec-7] DEBUG org.hibernate.SQL - 
    select
        ba1_0.id,
        ba1_0.account_holder_name,
        ba1_0.account_number,
        ba1_0.bank_name,
        ba1_0.created_at,
        ba1_0.employee_id,
        ba1_0.ifsc_code,
        ba1_0.is_primary,
        ba1_0.owner_type,
        ba1_0.updated_at,
        ba1_0.vendor_id 
    from
        bank_accounts ba1_0 
    where
        ba1_0.employee_id=?
2025-12-14 23:53:35.461 [http-nio-8040-exec-7] TRACE org.hibernate.orm.jdbc.bind - binding parameter (1:BIGINT) <- [99]
2025-12-14 23:53:35.462 [http-nio-8040-exec-7] DEBUG org.hibernate.SQL - 
    select
        ba1_0.id,
        ba1_0.account_holder_name,
        ba1_0.account_number,
        ba1_0.bank_name,
        ba1_0.created_at,
        ba1_0.employee_id,
        ba1_0.ifsc_code,
        ba1_0.is_primary,
        ba1_0.owner_type,
        ba1_0.updated_at,
        ba1_0.vendor_id 
    from
        bank_accounts ba1_0 
    where
        ba1_0.employee_id=?
2025-12-14 23:53:35.462 [http-nio-8040-exec-7] TRACE org.hibernate.orm.jdbc.bind - binding parameter (1:BIGINT) <- [100]
2025-12-14 23:53:35.510 [http-nio-8040-exec-7] DEBUG org.hibernate.SQL - 
    select
        u1_0.id,
        u1_0.created_at,
        u1_0.email,
        u1_0.full_name,
        u1_0.is_active,
        u1_0.organization_id,
        u1_0.password,
        u1_0.requires_password_change,
        u1_0.role,
        u1_0.updated_at,
        u1_0.username 
    from
        users u1_0 
    where
        u1_0.id=?
2025-12-14 23:53:35.510 [http-nio-8040-exec-7] TRACE org.hibernate.orm.jdbc.bind - binding parameter (1:BIGINT) <- [1]
2025-12-14 23:53:35.511 [http-nio-8040-exec-7] DEBUG org.hibernate.SQL - 
    select
        p1_0.payroll_batch_id,
        p1_0.id,
        p1_0.basic_salary,
        p1_0.created_at,
        p1_0.da,
        p1_0.employee_id,
        p1_0.hra,
        p1_0.net_salary_paid,
        p1_0.other_allowances,
        p1_0.pf_contribution,
        p1_0.processed_at,
        p1_0.status 
    from
        payroll_payments p1_0 
    where
        p1_0.payroll_batch_id=?
2025-12-14 23:53:35.512 [http-nio-8040-exec-7] TRACE org.hibernate.orm.jdbc.bind - binding parameter (1:BIGINT) <- [1]
2025-12-14 23:53:35.516 [http-nio-8040-exec-7] DEBUG org.hibernate.SQL - 
    select
        u1_0.id,
        u1_0.created_at,
        u1_0.email,
        u1_0.full_name,
        u1_0.is_active,
        u1_0.organization_id,
        u1_0.password,
        u1_0.requires_password_change,
        u1_0.role,
        u1_0.updated_at,
        u1_0.username 
    from
        users u1_0 
    where
        u1_0.id=?
2025-12-14 23:53:35.516 [http-nio-8040-exec-7] TRACE org.hibernate.orm.jdbc.bind - binding parameter (1:BIGINT) <- [12]
2025-12-14 23:53:35.517 [http-nio-8040-exec-7] DEBUG org.hibernate.SQL - 
    select
        u1_0.id,
        u1_0.created_at,
        u1_0.email,
        u1_0.full_name,
        u1_0.is_active,
        u1_0.organization_id,
        u1_0.password,
        u1_0.requires_password_change,
        u1_0.role,
        u1_0.updated_at,
        u1_0.username 
    from
        users u1_0 
    where
        u1_0.id=?
2025-12-14 23:53:35.517 [http-nio-8040-exec-7] TRACE org.hibernate.orm.jdbc.bind - binding parameter (1:BIGINT) <- [5]
2025-12-14 23:53:35.518 [http-nio-8040-exec-7] DEBUG org.hibernate.SQL - 
    select
        u1_0.id,
        u1_0.created_at,
        u1_0.email,
        u1_0.full_name,
        u1_0.is_active,
        u1_0.organization_id,
        u1_0.password,
        u1_0.requires_password_change,
        u1_0.role,
        u1_0.updated_at,
        u1_0.username 
    from
        users u1_0 
    where
        u1_0.id=?
2025-12-14 23:53:35.518 [http-nio-8040-exec-7] TRACE org.hibernate.orm.jdbc.bind - binding parameter (1:BIGINT) <- [6]
2025-12-14 23:53:35.520 [http-nio-8040-exec-7] DEBUG org.hibernate.SQL - 
    select
        u1_0.id,
        u1_0.created_at,
        u1_0.email,
        u1_0.full_name,
        u1_0.is_active,
        u1_0.organization_id,
        u1_0.password,
        u1_0.requires_password_change,
        u1_0.role,
        u1_0.updated_at,
        u1_0.username 
    from
        users u1_0 
    where
        u1_0.id=?
2025-12-14 23:53:35.520 [http-nio-8040-exec-7] TRACE org.hibernate.orm.jdbc.bind - binding parameter (1:BIGINT) <- [4]
2025-12-14 23:53:35.520 [http-nio-8040-exec-7] DEBUG org.hibernate.SQL - 
    select
        u1_0.id,
        u1_0.created_at,
        u1_0.email,
        u1_0.full_name,
        u1_0.is_active,
        u1_0.organization_id,
        u1_0.password,
        u1_0.requires_password_change,
        u1_0.role,
        u1_0.updated_at,
        u1_0.username 
    from
        users u1_0 
    where
        u1_0.id=?
2025-12-14 23:53:35.521 [http-nio-8040-exec-7] TRACE org.hibernate.orm.jdbc.bind - binding parameter (1:BIGINT) <- [8]
2025-12-14 23:53:35.521 [http-nio-8040-exec-7] DEBUG org.hibernate.SQL - 
    select
        u1_0.id,
        u1_0.created_at,
        u1_0.email,
        u1_0.full_name,
        u1_0.is_active,
        u1_0.organization_id,
        u1_0.password,
        u1_0.requires_password_change,
        u1_0.role,
        u1_0.updated_at,
        u1_0.username 
    from
        users u1_0 
    where
        u1_0.id=?
2025-12-14 23:53:35.522 [http-nio-8040-exec-7] TRACE org.hibernate.orm.jdbc.bind - binding parameter (1:BIGINT) <- [10]
2025-12-14 23:53:35.522 [http-nio-8040-exec-7] DEBUG org.hibernate.SQL - 
    select
        u1_0.id,
        u1_0.created_at,
        u1_0.email,
        u1_0.full_name,
        u1_0.is_active,
        u1_0.organization_id,
        u1_0.password,
        u1_0.requires_password_change,
        u1_0.role,
        u1_0.updated_at,
        u1_0.username 
    from
        users u1_0 
    where
        u1_0.id=?
2025-12-14 23:53:35.522 [http-nio-8040-exec-7] TRACE org.hibernate.orm.jdbc.bind - binding parameter (1:BIGINT) <- [18]
2025-12-14 23:53:35.522 [http-nio-8040-exec-7] DEBUG org.hibernate.SQL - 
    select
        u1_0.id,
        u1_0.created_at,
        u1_0.email,
        u1_0.full_name,
        u1_0.is_active,
        u1_0.organization_id,
        u1_0.password,
        u1_0.requires_password_change,
        u1_0.role,
        u1_0.updated_at,
        u1_0.username 
    from
        users u1_0 
    where
        u1_0.id=?
2025-12-14 23:53:35.523 [http-nio-8040-exec-7] TRACE org.hibernate.orm.jdbc.bind - binding parameter (1:BIGINT) <- [13]
2025-12-14 23:53:35.523 [http-nio-8040-exec-7] DEBUG org.hibernate.SQL - 
    select
        u1_0.id,
        u1_0.created_at,
        u1_0.email,
        u1_0.full_name,
        u1_0.is_active,
        u1_0.organization_id,
        u1_0.password,
        u1_0.requires_password_change,
        u1_0.role,
        u1_0.updated_at,
        u1_0.username 
    from
        users u1_0 
    where
        u1_0.id=?
2025-12-14 23:53:35.523 [http-nio-8040-exec-7] TRACE org.hibernate.orm.jdbc.bind - binding parameter (1:BIGINT) <- [11]
2025-12-14 23:53:35.525 [http-nio-8040-exec-7] DEBUG org.hibernate.SQL - 
    select
        u1_0.id,
        u1_0.created_at,
        u1_0.email,
        u1_0.full_name,
        u1_0.is_active,
        u1_0.organization_id,
        u1_0.password,
        u1_0.requires_password_change,
        u1_0.role,
        u1_0.updated_at,
        u1_0.username 
    from
        users u1_0 
    where
        u1_0.id=?
2025-12-14 23:53:35.525 [http-nio-8040-exec-7] TRACE org.hibernate.orm.jdbc.bind - binding parameter (1:BIGINT) <- [22]
2025-12-14 23:53:35.526 [http-nio-8040-exec-7] DEBUG org.hibernate.SQL - 
    select
        u1_0.id,
        u1_0.created_at,
        u1_0.email,
        u1_0.full_name,
        u1_0.is_active,
        u1_0.organization_id,
        u1_0.password,
        u1_0.requires_password_change,
        u1_0.role,
        u1_0.updated_at,
        u1_0.username 
    from
        users u1_0 
    where
        u1_0.id=?
2025-12-14 23:53:35.526 [http-nio-8040-exec-7] TRACE org.hibernate.orm.jdbc.bind - binding parameter (1:BIGINT) <- [16]
2025-12-14 23:53:35.527 [http-nio-8040-exec-7] DEBUG org.hibernate.SQL - 
    select
        u1_0.id,
        u1_0.created_at,
        u1_0.email,
        u1_0.full_name,
        u1_0.is_active,
        u1_0.organization_id,
        u1_0.password,
        u1_0.requires_password_change,
        u1_0.role,
        u1_0.updated_at,
        u1_0.username 
    from
        users u1_0 
    where
        u1_0.id=?
2025-12-14 23:53:35.527 [http-nio-8040-exec-7] TRACE org.hibernate.orm.jdbc.bind - binding parameter (1:BIGINT) <- [7]
2025-12-14 23:53:35.527 [http-nio-8040-exec-7] DEBUG org.hibernate.SQL - 
    select
        u1_0.id,
        u1_0.created_at,
        u1_0.email,
        u1_0.full_name,
        u1_0.is_active,
        u1_0.organization_id,
        u1_0.password,
        u1_0.requires_password_change,
        u1_0.role,
        u1_0.updated_at,
        u1_0.username 
    from
        users u1_0 
    where
        u1_0.id=?
2025-12-14 23:53:35.528 [http-nio-8040-exec-7] TRACE org.hibernate.orm.jdbc.bind - binding parameter (1:BIGINT) <- [15]
2025-12-14 23:53:35.528 [http-nio-8040-exec-7] DEBUG org.hibernate.SQL - 
    select
        u1_0.id,
        u1_0.created_at,
        u1_0.email,
        u1_0.full_name,
        u1_0.is_active,
        u1_0.organization_id,
        u1_0.password,
        u1_0.requires_password_change,
        u1_0.role,
        u1_0.updated_at,
        u1_0.username 
    from
        users u1_0 
    where
        u1_0.id=?
2025-12-14 23:53:35.529 [http-nio-8040-exec-7] TRACE org.hibernate.orm.jdbc.bind - binding parameter (1:BIGINT) <- [26]
2025-12-14 23:53:35.529 [http-nio-8040-exec-7] DEBUG org.hibernate.SQL - 
    select
        u1_0.id,
        u1_0.created_at,
        u1_0.email,
        u1_0.full_name,
        u1_0.is_active,
        u1_0.organization_id,
        u1_0.password,
        u1_0.requires_password_change,
        u1_0.role,
        u1_0.updated_at,
        u1_0.username 
    from
        users u1_0 
    where
        u1_0.id=?
2025-12-14 23:53:35.529 [http-nio-8040-exec-7] TRACE org.hibernate.orm.jdbc.bind - binding parameter (1:BIGINT) <- [30]
2025-12-14 23:53:35.530 [http-nio-8040-exec-7] DEBUG org.hibernate.SQL - 
    select
        u1_0.id,
        u1_0.created_at,
        u1_0.email,
        u1_0.full_name,
        u1_0.is_active,
        u1_0.organization_id,
        u1_0.password,
        u1_0.requires_password_change,
        u1_0.role,
        u1_0.updated_at,
        u1_0.username 
    from
        users u1_0 
    where
        u1_0.id=?
2025-12-14 23:53:35.530 [http-nio-8040-exec-7] TRACE org.hibernate.orm.jdbc.bind - binding parameter (1:BIGINT) <- [19]
2025-12-14 23:53:35.531 [http-nio-8040-exec-7] DEBUG org.hibernate.SQL - 
    select
        u1_0.id,
        u1_0.created_at,
        u1_0.email,
        u1_0.full_name,
        u1_0.is_active,
        u1_0.organization_id,
        u1_0.password,
        u1_0.requires_password_change,
        u1_0.role,
        u1_0.updated_at,
        u1_0.username 
    from
        users u1_0 
    where
        u1_0.id=?
2025-12-14 23:53:35.531 [http-nio-8040-exec-7] TRACE org.hibernate.orm.jdbc.bind - binding parameter (1:BIGINT) <- [34]
2025-12-14 23:53:35.532 [http-nio-8040-exec-7] DEBUG org.hibernate.SQL - 
    select
        u1_0.id,
        u1_0.created_at,
        u1_0.email,
        u1_0.full_name,
        u1_0.is_active,
        u1_0.organization_id,
        u1_0.password,
        u1_0.requires_password_change,
        u1_0.role,
        u1_0.updated_at,
        u1_0.username 
    from
        users u1_0 
    where
        u1_0.id=?
2025-12-14 23:53:35.532 [http-nio-8040-exec-7] TRACE org.hibernate.orm.jdbc.bind - binding parameter (1:BIGINT) <- [38]
2025-12-14 23:53:35.533 [http-nio-8040-exec-7] DEBUG org.hibernate.SQL - 
    select
        u1_0.id,
        u1_0.created_at,
        u1_0.email,
        u1_0.full_name,
        u1_0.is_active,
        u1_0.organization_id,
        u1_0.password,
        u1_0.requires_password_change,
        u1_0.role,
        u1_0.updated_at,
        u1_0.username 
    from
        users u1_0 
    where
        u1_0.id=?
2025-12-14 23:53:35.533 [http-nio-8040-exec-7] TRACE org.hibernate.orm.jdbc.bind - binding parameter (1:BIGINT) <- [23]
2025-12-14 23:53:35.534 [http-nio-8040-exec-7] DEBUG org.hibernate.SQL - 
    select
        u1_0.id,
        u1_0.created_at,
        u1_0.email,
        u1_0.full_name,
        u1_0.is_active,
        u1_0.organization_id,
        u1_0.password,
        u1_0.requires_password_change,
        u1_0.role,
        u1_0.updated_at,
        u1_0.username 
    from
        users u1_0 
    where
        u1_0.id=?
2025-12-14 23:53:35.534 [http-nio-8040-exec-7] TRACE org.hibernate.orm.jdbc.bind - binding parameter (1:BIGINT) <- [20]
2025-12-14 23:53:35.535 [http-nio-8040-exec-7] DEBUG org.hibernate.SQL - 
    select
        u1_0.id,
        u1_0.created_at,
        u1_0.email,
        u1_0.full_name,
        u1_0.is_active,
        u1_0.organization_id,
        u1_0.password,
        u1_0.requires_password_change,
        u1_0.role,
        u1_0.updated_at,
        u1_0.username 
    from
        users u1_0 
    where
        u1_0.id=?
2025-12-14 23:53:35.535 [http-nio-8040-exec-7] TRACE org.hibernate.orm.jdbc.bind - binding parameter (1:BIGINT) <- [27]
2025-12-14 23:53:35.535 [http-nio-8040-exec-7] DEBUG org.hibernate.SQL - 
    select
        u1_0.id,
        u1_0.created_at,
        u1_0.email,
        u1_0.full_name,
        u1_0.is_active,
        u1_0.organization_id,
        u1_0.password,
        u1_0.requires_password_change,
        u1_0.role,
        u1_0.updated_at,
        u1_0.username 
    from
        users u1_0 
    where
        u1_0.id=?
2025-12-14 23:53:35.535 [http-nio-8040-exec-7] TRACE org.hibernate.orm.jdbc.bind - binding parameter (1:BIGINT) <- [41]
2025-12-14 23:53:35.537 [http-nio-8040-exec-7] DEBUG org.hibernate.SQL - 
    select
        u1_0.id,
        u1_0.created_at,
        u1_0.email,
        u1_0.full_name,
        u1_0.is_active,
        u1_0.organization_id,
        u1_0.password,
        u1_0.requires_password_change,
        u1_0.role,
        u1_0.updated_at,
        u1_0.username 
    from
        users u1_0 
    where
        u1_0.id=?
2025-12-14 23:53:35.537 [http-nio-8040-exec-7] TRACE org.hibernate.orm.jdbc.bind - binding parameter (1:BIGINT) <- [9]
2025-12-14 23:53:35.537 [http-nio-8040-exec-7] DEBUG org.hibernate.SQL - 
    select
        u1_0.id,
        u1_0.created_at,
        u1_0.email,
        u1_0.full_name,
        u1_0.is_active,
        u1_0.organization_id,
        u1_0.password,
        u1_0.requires_password_change,
        u1_0.role,
        u1_0.updated_at,
        u1_0.username 
    from
        users u1_0 
    where
        u1_0.id=?
2025-12-14 23:53:35.537 [http-nio-8040-exec-7] TRACE org.hibernate.orm.jdbc.bind - binding parameter (1:BIGINT) <- [42]
2025-12-14 23:53:35.539 [http-nio-8040-exec-7] DEBUG org.hibernate.SQL - 
    select
        u1_0.id,
        u1_0.created_at,
        u1_0.email,
        u1_0.full_name,
        u1_0.is_active,
        u1_0.organization_id,
        u1_0.password,
        u1_0.requires_password_change,
        u1_0.role,
        u1_0.updated_at,
        u1_0.username 
    from
        users u1_0 
    where
        u1_0.id=?
2025-12-14 23:53:35.539 [http-nio-8040-exec-7] TRACE org.hibernate.orm.jdbc.bind - binding parameter (1:BIGINT) <- [14]
2025-12-14 23:53:35.540 [http-nio-8040-exec-7] DEBUG org.hibernate.SQL - 
    select
        u1_0.id,
        u1_0.created_at,
        u1_0.email,
        u1_0.full_name,
        u1_0.is_active,
        u1_0.organization_id,
        u1_0.password,
        u1_0.requires_password_change,
        u1_0.role,
        u1_0.updated_at,
        u1_0.username 
    from
        users u1_0 
    where
        u1_0.id=?
2025-12-14 23:53:35.540 [http-nio-8040-exec-7] TRACE org.hibernate.orm.jdbc.bind - binding parameter (1:BIGINT) <- [31]
2025-12-14 23:53:35.541 [http-nio-8040-exec-7] DEBUG org.hibernate.SQL - 
    select
        u1_0.id,
        u1_0.created_at,
        u1_0.email,
        u1_0.full_name,
        u1_0.is_active,
        u1_0.organization_id,
        u1_0.password,
        u1_0.requires_password_change,
        u1_0.role,
        u1_0.updated_at,
        u1_0.username 
    from
        users u1_0 
    where
        u1_0.id=?
2025-12-14 23:53:35.541 [http-nio-8040-exec-7] TRACE org.hibernate.orm.jdbc.bind - binding parameter (1:BIGINT) <- [43]
2025-12-14 23:53:35.542 [http-nio-8040-exec-7] DEBUG org.hibernate.SQL - 
    select
        u1_0.id,
        u1_0.created_at,
        u1_0.email,
        u1_0.full_name,
        u1_0.is_active,
        u1_0.organization_id,
        u1_0.password,
        u1_0.requires_password_change,
        u1_0.role,
        u1_0.updated_at,
        u1_0.username 
    from
        users u1_0 
    where
        u1_0.id=?
2025-12-14 23:53:35.542 [http-nio-8040-exec-7] TRACE org.hibernate.orm.jdbc.bind - binding parameter (1:BIGINT) <- [17]
2025-12-14 23:53:35.543 [http-nio-8040-exec-7] DEBUG org.hibernate.SQL - 
    select
        u1_0.id,
        u1_0.created_at,
        u1_0.email,
        u1_0.full_name,
        u1_0.is_active,
        u1_0.organization_id,
        u1_0.password,
        u1_0.requires_password_change,
        u1_0.role,
        u1_0.updated_at,
        u1_0.username 
    from
        users u1_0 
    where
        u1_0.id=?
2025-12-14 23:53:35.543 [http-nio-8040-exec-7] TRACE org.hibernate.orm.jdbc.bind - binding parameter (1:BIGINT) <- [35]
2025-12-14 23:53:35.544 [http-nio-8040-exec-7] DEBUG org.hibernate.SQL - 
    select
        u1_0.id,
        u1_0.created_at,
        u1_0.email,
        u1_0.full_name,
        u1_0.is_active,
        u1_0.organization_id,
        u1_0.password,
        u1_0.requires_password_change,
        u1_0.role,
        u1_0.updated_at,
        u1_0.username 
    from
        users u1_0 
    where
        u1_0.id=?
2025-12-14 23:53:35.544 [http-nio-8040-exec-7] TRACE org.hibernate.orm.jdbc.bind - binding parameter (1:BIGINT) <- [21]
2025-12-14 23:53:35.545 [http-nio-8040-exec-7] DEBUG org.hibernate.SQL - 
    select
        u1_0.id,
        u1_0.created_at,
        u1_0.email,
        u1_0.full_name,
        u1_0.is_active,
        u1_0.organization_id,
        u1_0.password,
        u1_0.requires_password_change,
        u1_0.role,
        u1_0.updated_at,
        u1_0.username 
    from
        users u1_0 
    where
        u1_0.id=?
2025-12-14 23:53:35.545 [http-nio-8040-exec-7] TRACE org.hibernate.orm.jdbc.bind - binding parameter (1:BIGINT) <- [24]
2025-12-14 23:53:35.546 [http-nio-8040-exec-7] DEBUG org.hibernate.SQL - 
    select
        u1_0.id,
        u1_0.created_at,
        u1_0.email,
        u1_0.full_name,
        u1_0.is_active,
        u1_0.organization_id,
        u1_0.password,
        u1_0.requires_password_change,
        u1_0.role,
        u1_0.updated_at,
        u1_0.username 
    from
        users u1_0 
    where
        u1_0.id=?
2025-12-14 23:53:35.546 [http-nio-8040-exec-7] TRACE org.hibernate.orm.jdbc.bind - binding parameter (1:BIGINT) <- [39]
2025-12-14 23:53:35.547 [http-nio-8040-exec-7] DEBUG org.hibernate.SQL - 
    select
        u1_0.id,
        u1_0.created_at,
        u1_0.email,
        u1_0.full_name,
        u1_0.is_active,
        u1_0.organization_id,
        u1_0.password,
        u1_0.requires_password_change,
        u1_0.role,
        u1_0.updated_at,
        u1_0.username 
    from
        users u1_0 
    where
        u1_0.id=?
2025-12-14 23:53:35.547 [http-nio-8040-exec-7] TRACE org.hibernate.orm.jdbc.bind - binding parameter (1:BIGINT) <- [25]
2025-12-14 23:53:35.548 [http-nio-8040-exec-7] DEBUG org.hibernate.SQL - 
    select
        u1_0.id,
        u1_0.created_at,
        u1_0.email,
        u1_0.full_name,
        u1_0.is_active,
        u1_0.organization_id,
        u1_0.password,
        u1_0.requires_password_change,
        u1_0.role,
        u1_0.updated_at,
        u1_0.username 
    from
        users u1_0 
    where
        u1_0.id=?
2025-12-14 23:53:35.548 [http-nio-8040-exec-7] TRACE org.hibernate.orm.jdbc.bind - binding parameter (1:BIGINT) <- [28]
2025-12-14 23:53:35.548 [http-nio-8040-exec-7] DEBUG org.hibernate.SQL - 
    select
        u1_0.id,
        u1_0.created_at,
        u1_0.email,
        u1_0.full_name,
        u1_0.is_active,
        u1_0.organization_id,
        u1_0.password,
        u1_0.requires_password_change,
        u1_0.role,
        u1_0.updated_at,
        u1_0.username 
    from
        users u1_0 
    where
        u1_0.id=?
2025-12-14 23:53:35.549 [http-nio-8040-exec-7] TRACE org.hibernate.orm.jdbc.bind - binding parameter (1:BIGINT) <- [29]
2025-12-14 23:53:35.549 [http-nio-8040-exec-7] DEBUG org.hibernate.SQL - 
    select
        u1_0.id,
        u1_0.created_at,
        u1_0.email,
        u1_0.full_name,
        u1_0.is_active,
        u1_0.organization_id,
        u1_0.password,
        u1_0.requires_password_change,
        u1_0.role,
        u1_0.updated_at,
        u1_0.username 
    from
        users u1_0 
    where
        u1_0.id=?
2025-12-14 23:53:35.549 [http-nio-8040-exec-7] TRACE org.hibernate.orm.jdbc.bind - binding parameter (1:BIGINT) <- [33]
2025-12-14 23:53:35.550 [http-nio-8040-exec-7] DEBUG org.hibernate.SQL - 
    select
        u1_0.id,
        u1_0.created_at,
        u1_0.email,
        u1_0.full_name,
        u1_0.is_active,
        u1_0.organization_id,
        u1_0.password,
        u1_0.requires_password_change,
        u1_0.role,
        u1_0.updated_at,
        u1_0.username 
    from
        users u1_0 
    where
        u1_0.id=?
2025-12-14 23:53:35.550 [http-nio-8040-exec-7] TRACE org.hibernate.orm.jdbc.bind - binding parameter (1:BIGINT) <- [37]
2025-12-14 23:53:35.551 [http-nio-8040-exec-7] DEBUG org.hibernate.SQL - 
    select
        u1_0.id,
        u1_0.created_at,
        u1_0.email,
        u1_0.full_name,
        u1_0.is_active,
        u1_0.organization_id,
        u1_0.password,
        u1_0.requires_password_change,
        u1_0.role,
        u1_0.updated_at,
        u1_0.username 
    from
        users u1_0 
    where
        u1_0.id=?
2025-12-14 23:53:35.551 [http-nio-8040-exec-7] TRACE org.hibernate.orm.jdbc.bind - binding parameter (1:BIGINT) <- [32]
2025-12-14 23:53:35.553 [http-nio-8040-exec-7] DEBUG org.hibernate.SQL - 
    select
        u1_0.id,
        u1_0.created_at,
        u1_0.email,
        u1_0.full_name,
        u1_0.is_active,
        u1_0.organization_id,
        u1_0.password,
        u1_0.requires_password_change,
        u1_0.role,
        u1_0.updated_at,
        u1_0.username 
    from
        users u1_0 
    where
        u1_0.id=?
2025-12-14 23:53:35.553 [http-nio-8040-exec-7] TRACE org.hibernate.orm.jdbc.bind - binding parameter (1:BIGINT) <- [36]
2025-12-14 23:53:35.554 [http-nio-8040-exec-7] DEBUG org.hibernate.SQL - 
    select
        u1_0.id,
        u1_0.created_at,
        u1_0.email,
        u1_0.full_name,
        u1_0.is_active,
        u1_0.organization_id,
        u1_0.password,
        u1_0.requires_password_change,
        u1_0.role,
        u1_0.updated_at,
        u1_0.username 
    from
        users u1_0 
    where
        u1_0.id=?
2025-12-14 23:53:35.554 [http-nio-8040-exec-7] TRACE org.hibernate.orm.jdbc.bind - binding parameter (1:BIGINT) <- [40]
2025-12-14 23:53:35.555 [http-nio-8040-exec-7] DEBUG org.hibernate.SQL - 
    select
        u1_0.id,
        u1_0.created_at,
        u1_0.email,
        u1_0.full_name,
        u1_0.is_active,
        u1_0.organization_id,
        u1_0.password,
        u1_0.requires_password_change,
        u1_0.role,
        u1_0.updated_at,
        u1_0.username 
    from
        users u1_0 
    where
        u1_0.id=?
2025-12-14 23:53:35.555 [http-nio-8040-exec-7] TRACE org.hibernate.orm.jdbc.bind - binding parameter (1:BIGINT) <- [44]
2025-12-14 23:53:35.555 [http-nio-8040-exec-7] DEBUG org.hibernate.SQL - 
    select
        u1_0.id,
        u1_0.created_at,
        u1_0.email,
        u1_0.full_name,
        u1_0.is_active,
        u1_0.organization_id,
        u1_0.password,
        u1_0.requires_password_change,
        u1_0.role,
        u1_0.updated_at,
        u1_0.username 
    from
        users u1_0 
    where
        u1_0.id=?
2025-12-14 23:53:35.556 [http-nio-8040-exec-7] TRACE org.hibernate.orm.jdbc.bind - binding parameter (1:BIGINT) <- [45]
2025-12-14 23:53:35.556 [http-nio-8040-exec-7] DEBUG org.hibernate.SQL - 
    select
        u1_0.id,
        u1_0.created_at,
        u1_0.email,
        u1_0.full_name,
        u1_0.is_active,
        u1_0.organization_id,
        u1_0.password,
        u1_0.requires_password_change,
        u1_0.role,
        u1_0.updated_at,
        u1_0.username 
    from
        users u1_0 
    where
        u1_0.id=?
2025-12-14 23:53:35.556 [http-nio-8040-exec-7] TRACE org.hibernate.orm.jdbc.bind - binding parameter (1:BIGINT) <- [46]
2025-12-14 23:53:35.557 [http-nio-8040-exec-7] DEBUG org.hibernate.SQL - 
    select
        u1_0.id,
        u1_0.created_at,
        u1_0.email,
        u1_0.full_name,
        u1_0.is_active,
        u1_0.organization_id,
        u1_0.password,
        u1_0.requires_password_change,
        u1_0.role,
        u1_0.updated_at,
        u1_0.username 
    from
        users u1_0 
    where
        u1_0.id=?
2025-12-14 23:53:35.557 [http-nio-8040-exec-7] TRACE org.hibernate.orm.jdbc.bind - binding parameter (1:BIGINT) <- [47]
2025-12-14 23:53:35.559 [http-nio-8040-exec-7] DEBUG org.hibernate.SQL - 
    select
        u1_0.id,
        u1_0.created_at,
        u1_0.email,
        u1_0.full_name,
        u1_0.is_active,
        u1_0.organization_id,
        u1_0.password,
        u1_0.requires_password_change,
        u1_0.role,
        u1_0.updated_at,
        u1_0.username 
    from
        users u1_0 
    where
        u1_0.id=?
2025-12-14 23:53:35.559 [http-nio-8040-exec-7] TRACE org.hibernate.orm.jdbc.bind - binding parameter (1:BIGINT) <- [48]
2025-12-14 23:53:35.559 [http-nio-8040-exec-7] DEBUG org.hibernate.SQL - 
    select
        u1_0.id,
        u1_0.created_at,
        u1_0.email,
        u1_0.full_name,
        u1_0.is_active,
        u1_0.organization_id,
        u1_0.password,
        u1_0.requires_password_change,
        u1_0.role,
        u1_0.updated_at,
        u1_0.username 
    from
        users u1_0 
    where
        u1_0.id=?
2025-12-14 23:53:35.559 [http-nio-8040-exec-7] TRACE org.hibernate.orm.jdbc.bind - binding parameter (1:BIGINT) <- [49]
2025-12-14 23:53:35.560 [http-nio-8040-exec-7] DEBUG org.hibernate.SQL - 
    select
        u1_0.id,
        u1_0.created_at,
        u1_0.email,
        u1_0.full_name,
        u1_0.is_active,
        u1_0.organization_id,
        u1_0.password,
        u1_0.requires_password_change,
        u1_0.role,
        u1_0.updated_at,
        u1_0.username 
    from
        users u1_0 
    where
        u1_0.id=?
2025-12-14 23:53:35.560 [http-nio-8040-exec-7] TRACE org.hibernate.orm.jdbc.bind - binding parameter (1:BIGINT) <- [50]
2025-12-14 23:53:35.561 [http-nio-8040-exec-7] DEBUG org.hibernate.SQL - 
    select
        u1_0.id,
        u1_0.created_at,
        u1_0.email,
        u1_0.full_name,
        u1_0.is_active,
        u1_0.organization_id,
        u1_0.password,
        u1_0.requires_password_change,
        u1_0.role,
        u1_0.updated_at,
        u1_0.username 
    from
        users u1_0 
    where
        u1_0.id=?
2025-12-14 23:53:35.561 [http-nio-8040-exec-7] TRACE org.hibernate.orm.jdbc.bind - binding parameter (1:BIGINT) <- [51]
2025-12-14 23:53:35.562 [http-nio-8040-exec-7] DEBUG org.hibernate.SQL - 
    select
        u1_0.id,
        u1_0.created_at,
        u1_0.email,
        u1_0.full_name,
        u1_0.is_active,
        u1_0.organization_id,
        u1_0.password,
        u1_0.requires_password_change,
        u1_0.role,
        u1_0.updated_at,
        u1_0.username 
    from
        users u1_0 
    where
        u1_0.id=?
2025-12-14 23:53:35.562 [http-nio-8040-exec-7] TRACE org.hibernate.orm.jdbc.bind - binding parameter (1:BIGINT) <- [52]
2025-12-14 23:53:35.562 [http-nio-8040-exec-7] DEBUG org.hibernate.SQL - 
    select
        u1_0.id,
        u1_0.created_at,
        u1_0.email,
        u1_0.full_name,
        u1_0.is_active,
        u1_0.organization_id,
        u1_0.password,
        u1_0.requires_password_change,
        u1_0.role,
        u1_0.updated_at,
        u1_0.username 
    from
        users u1_0 
    where
        u1_0.id=?
2025-12-14 23:53:35.564 [http-nio-8040-exec-7] TRACE org.hibernate.orm.jdbc.bind - binding parameter (1:BIGINT) <- [53]
2025-12-14 23:53:35.564 [http-nio-8040-exec-7] DEBUG org.hibernate.SQL - 
    select
        u1_0.id,
        u1_0.created_at,
        u1_0.email,
        u1_0.full_name,
        u1_0.is_active,
        u1_0.organization_id,
        u1_0.password,
        u1_0.requires_password_change,
        u1_0.role,
        u1_0.updated_at,
        u1_0.username 
    from
        users u1_0 
    where
        u1_0.id=?
2025-12-14 23:53:35.565 [http-nio-8040-exec-7] TRACE org.hibernate.orm.jdbc.bind - binding parameter (1:BIGINT) <- [54]
2025-12-14 23:53:35.565 [http-nio-8040-exec-7] DEBUG org.hibernate.SQL - 
    select
        u1_0.id,
        u1_0.created_at,
        u1_0.email,
        u1_0.full_name,
        u1_0.is_active,
        u1_0.organization_id,
        u1_0.password,
        u1_0.requires_password_change,
        u1_0.role,
        u1_0.updated_at,
        u1_0.username 
    from
        users u1_0 
    where
        u1_0.id=?
2025-12-14 23:53:35.566 [http-nio-8040-exec-7] TRACE org.hibernate.orm.jdbc.bind - binding parameter (1:BIGINT) <- [55]
2025-12-14 23:53:35.566 [http-nio-8040-exec-7] DEBUG org.hibernate.SQL - 
    select
        u1_0.id,
        u1_0.created_at,
        u1_0.email,
        u1_0.full_name,
        u1_0.is_active,
        u1_0.organization_id,
        u1_0.password,
        u1_0.requires_password_change,
        u1_0.role,
        u1_0.updated_at,
        u1_0.username 
    from
        users u1_0 
    where
        u1_0.id=?
2025-12-14 23:53:35.566 [http-nio-8040-exec-7] TRACE org.hibernate.orm.jdbc.bind - binding parameter (1:BIGINT) <- [56]
2025-12-14 23:53:35.566 [http-nio-8040-exec-7] DEBUG org.hibernate.SQL - 
    select
        u1_0.id,
        u1_0.created_at,
        u1_0.email,
        u1_0.full_name,
        u1_0.is_active,
        u1_0.organization_id,
        u1_0.password,
        u1_0.requires_password_change,
        u1_0.role,
        u1_0.updated_at,
        u1_0.username 
    from
        users u1_0 
    where
        u1_0.id=?
2025-12-14 23:53:35.568 [http-nio-8040-exec-7] TRACE org.hibernate.orm.jdbc.bind - binding parameter (1:BIGINT) <- [57]
2025-12-14 23:53:35.568 [http-nio-8040-exec-7] DEBUG org.hibernate.SQL - 
    select
        u1_0.id,
        u1_0.created_at,
        u1_0.email,
        u1_0.full_name,
        u1_0.is_active,
        u1_0.organization_id,
        u1_0.password,
        u1_0.requires_password_change,
        u1_0.role,
        u1_0.updated_at,
        u1_0.username 
    from
        users u1_0 
    where
        u1_0.id=?
2025-12-14 23:53:35.568 [http-nio-8040-exec-7] TRACE org.hibernate.orm.jdbc.bind - binding parameter (1:BIGINT) <- [58]
2025-12-14 23:53:35.569 [http-nio-8040-exec-7] DEBUG org.hibernate.SQL - 
    select
        u1_0.id,
        u1_0.created_at,
        u1_0.email,
        u1_0.full_name,
        u1_0.is_active,
        u1_0.organization_id,
        u1_0.password,
        u1_0.requires_password_change,
        u1_0.role,
        u1_0.updated_at,
        u1_0.username 
    from
        users u1_0 
    where
        u1_0.id=?
2025-12-14 23:53:35.569 [http-nio-8040-exec-7] TRACE org.hibernate.orm.jdbc.bind - binding parameter (1:BIGINT) <- [59]
2025-12-14 23:53:35.570 [http-nio-8040-exec-7] DEBUG org.hibernate.SQL - 
    select
        u1_0.id,
        u1_0.created_at,
        u1_0.email,
        u1_0.full_name,
        u1_0.is_active,
        u1_0.organization_id,
        u1_0.password,
        u1_0.requires_password_change,
        u1_0.role,
        u1_0.updated_at,
        u1_0.username 
    from
        users u1_0 
    where
        u1_0.id=?
2025-12-14 23:53:35.570 [http-nio-8040-exec-7] TRACE org.hibernate.orm.jdbc.bind - binding parameter (1:BIGINT) <- [60]
2025-12-14 23:53:35.571 [http-nio-8040-exec-7] DEBUG org.hibernate.SQL - 
    select
        u1_0.id,
        u1_0.created_at,
        u1_0.email,
        u1_0.full_name,
        u1_0.is_active,
        u1_0.organization_id,
        u1_0.password,
        u1_0.requires_password_change,
        u1_0.role,
        u1_0.updated_at,
        u1_0.username 
    from
        users u1_0 
    where
        u1_0.id=?
2025-12-14 23:53:35.572 [http-nio-8040-exec-7] TRACE org.hibernate.orm.jdbc.bind - binding parameter (1:BIGINT) <- [61]
2025-12-14 23:53:35.572 [http-nio-8040-exec-7] DEBUG org.hibernate.SQL - 
    select
        u1_0.id,
        u1_0.created_at,
        u1_0.email,
        u1_0.full_name,
        u1_0.is_active,
        u1_0.organization_id,
        u1_0.password,
        u1_0.requires_password_change,
        u1_0.role,
        u1_0.updated_at,
        u1_0.username 
    from
        users u1_0 
    where
        u1_0.id=?
2025-12-14 23:53:35.572 [http-nio-8040-exec-7] TRACE org.hibernate.orm.jdbc.bind - binding parameter (1:BIGINT) <- [62]
2025-12-14 23:53:35.573 [http-nio-8040-exec-7] DEBUG org.hibernate.SQL - 
    select
        u1_0.id,
        u1_0.created_at,
        u1_0.email,
        u1_0.full_name,
        u1_0.is_active,
        u1_0.organization_id,
        u1_0.password,
        u1_0.requires_password_change,
        u1_0.role,
        u1_0.updated_at,
        u1_0.username 
    from
        users u1_0 
    where
        u1_0.id=?
2025-12-14 23:53:35.573 [http-nio-8040-exec-7] TRACE org.hibernate.orm.jdbc.bind - binding parameter (1:BIGINT) <- [63]
2025-12-14 23:53:35.574 [http-nio-8040-exec-7] DEBUG org.hibernate.SQL - 
    select
        u1_0.id,
        u1_0.created_at,
        u1_0.email,
        u1_0.full_name,
        u1_0.is_active,
        u1_0.organization_id,
        u1_0.password,
        u1_0.requires_password_change,
        u1_0.role,
        u1_0.updated_at,
        u1_0.username 
    from
        users u1_0 
    where
        u1_0.id=?
2025-12-14 23:53:35.574 [http-nio-8040-exec-7] TRACE org.hibernate.orm.jdbc.bind - binding parameter (1:BIGINT) <- [64]
2025-12-14 23:53:35.575 [http-nio-8040-exec-7] DEBUG org.hibernate.SQL - 
    select
        u1_0.id,
        u1_0.created_at,
        u1_0.email,
        u1_0.full_name,
        u1_0.is_active,
        u1_0.organization_id,
        u1_0.password,
        u1_0.requires_password_change,
        u1_0.role,
        u1_0.updated_at,
        u1_0.username 
    from
        users u1_0 
    where
        u1_0.id=?
2025-12-14 23:53:35.575 [http-nio-8040-exec-7] TRACE org.hibernate.orm.jdbc.bind - binding parameter (1:BIGINT) <- [65]
2025-12-14 23:53:35.576 [http-nio-8040-exec-7] DEBUG org.hibernate.SQL - 
    select
        u1_0.id,
        u1_0.created_at,
        u1_0.email,
        u1_0.full_name,
        u1_0.is_active,
        u1_0.organization_id,
        u1_0.password,
        u1_0.requires_password_change,
        u1_0.role,
        u1_0.updated_at,
        u1_0.username 
    from
        users u1_0 
    where
        u1_0.id=?
2025-12-14 23:53:35.576 [http-nio-8040-exec-7] TRACE org.hibernate.orm.jdbc.bind - binding parameter (1:BIGINT) <- [66]
2025-12-14 23:53:35.577 [http-nio-8040-exec-7] DEBUG org.hibernate.SQL - 
    select
        u1_0.id,
        u1_0.created_at,
        u1_0.email,
        u1_0.full_name,
        u1_0.is_active,
        u1_0.organization_id,
        u1_0.password,
        u1_0.requires_password_change,
        u1_0.role,
        u1_0.updated_at,
        u1_0.username 
    from
        users u1_0 
    where
        u1_0.id=?
2025-12-14 23:53:35.577 [http-nio-8040-exec-7] TRACE org.hibernate.orm.jdbc.bind - binding parameter (1:BIGINT) <- [67]
2025-12-14 23:53:35.579 [http-nio-8040-exec-7] DEBUG org.hibernate.SQL - 
    select
        u1_0.id,
        u1_0.created_at,
        u1_0.email,
        u1_0.full_name,
        u1_0.is_active,
        u1_0.organization_id,
        u1_0.password,
        u1_0.requires_password_change,
        u1_0.role,
        u1_0.updated_at,
        u1_0.username 
    from
        users u1_0 
    where
        u1_0.id=?
2025-12-14 23:53:35.579 [http-nio-8040-exec-7] TRACE org.hibernate.orm.jdbc.bind - binding parameter (1:BIGINT) <- [68]
2025-12-14 23:53:35.579 [http-nio-8040-exec-7] DEBUG org.hibernate.SQL - 
    select
        u1_0.id,
        u1_0.created_at,
        u1_0.email,
        u1_0.full_name,
        u1_0.is_active,
        u1_0.organization_id,
        u1_0.password,
        u1_0.requires_password_change,
        u1_0.role,
        u1_0.updated_at,
        u1_0.username 
    from
        users u1_0 
    where
        u1_0.id=?
2025-12-14 23:53:35.581 [http-nio-8040-exec-7] TRACE org.hibernate.orm.jdbc.bind - binding parameter (1:BIGINT) <- [69]
2025-12-14 23:53:35.581 [http-nio-8040-exec-7] DEBUG org.hibernate.SQL - 
    select
        u1_0.id,
        u1_0.created_at,
        u1_0.email,
        u1_0.full_name,
        u1_0.is_active,
        u1_0.organization_id,
        u1_0.password,
        u1_0.requires_password_change,
        u1_0.role,
        u1_0.updated_at,
        u1_0.username 
    from
        users u1_0 
    where
        u1_0.id=?
2025-12-14 23:53:35.581 [http-nio-8040-exec-7] TRACE org.hibernate.orm.jdbc.bind - binding parameter (1:BIGINT) <- [70]
2025-12-14 23:53:35.582 [http-nio-8040-exec-7] DEBUG org.hibernate.SQL - 
    select
        u1_0.id,
        u1_0.created_at,
        u1_0.email,
        u1_0.full_name,
        u1_0.is_active,
        u1_0.organization_id,
        u1_0.password,
        u1_0.requires_password_change,
        u1_0.role,
        u1_0.updated_at,
        u1_0.username 
    from
        users u1_0 
    where
        u1_0.id=?
2025-12-14 23:53:35.582 [http-nio-8040-exec-7] TRACE org.hibernate.orm.jdbc.bind - binding parameter (1:BIGINT) <- [71]
2025-12-14 23:53:35.582 [http-nio-8040-exec-7] DEBUG org.hibernate.SQL - 
    select
        u1_0.id,
        u1_0.created_at,
        u1_0.email,
        u1_0.full_name,
        u1_0.is_active,
        u1_0.organization_id,
        u1_0.password,
        u1_0.requires_password_change,
        u1_0.role,
        u1_0.updated_at,
        u1_0.username 
    from
        users u1_0 
    where
        u1_0.id=?
2025-12-14 23:53:35.584 [http-nio-8040-exec-7] TRACE org.hibernate.orm.jdbc.bind - binding parameter (1:BIGINT) <- [72]
2025-12-14 23:53:35.584 [http-nio-8040-exec-7] DEBUG org.hibernate.SQL - 
    select
        u1_0.id,
        u1_0.created_at,
        u1_0.email,
        u1_0.full_name,
        u1_0.is_active,
        u1_0.organization_id,
        u1_0.password,
        u1_0.requires_password_change,
        u1_0.role,
        u1_0.updated_at,
        u1_0.username 
    from
        users u1_0 
    where
        u1_0.id=?
2025-12-14 23:53:35.585 [http-nio-8040-exec-7] TRACE org.hibernate.orm.jdbc.bind - binding parameter (1:BIGINT) <- [73]
2025-12-14 23:53:35.585 [http-nio-8040-exec-7] DEBUG org.hibernate.SQL - 
    select
        u1_0.id,
        u1_0.created_at,
        u1_0.email,
        u1_0.full_name,
        u1_0.is_active,
        u1_0.organization_id,
        u1_0.password,
        u1_0.requires_password_change,
        u1_0.role,
        u1_0.updated_at,
        u1_0.username 
    from
        users u1_0 
    where
        u1_0.id=?
2025-12-14 23:53:35.586 [http-nio-8040-exec-7] TRACE org.hibernate.orm.jdbc.bind - binding parameter (1:BIGINT) <- [74]
2025-12-14 23:53:35.586 [http-nio-8040-exec-7] DEBUG org.hibernate.SQL - 
    select
        u1_0.id,
        u1_0.created_at,
        u1_0.email,
        u1_0.full_name,
        u1_0.is_active,
        u1_0.organization_id,
        u1_0.password,
        u1_0.requires_password_change,
        u1_0.role,
        u1_0.updated_at,
        u1_0.username 
    from
        users u1_0 
    where
        u1_0.id=?
2025-12-14 23:53:35.586 [http-nio-8040-exec-7] TRACE org.hibernate.orm.jdbc.bind - binding parameter (1:BIGINT) <- [75]
2025-12-14 23:53:35.587 [http-nio-8040-exec-7] DEBUG org.hibernate.SQL - 
    select
        u1_0.id,
        u1_0.created_at,
        u1_0.email,
        u1_0.full_name,
        u1_0.is_active,
        u1_0.organization_id,
        u1_0.password,
        u1_0.requires_password_change,
        u1_0.role,
        u1_0.updated_at,
        u1_0.username 
    from
        users u1_0 
    where
        u1_0.id=?
2025-12-14 23:53:35.587 [http-nio-8040-exec-7] TRACE org.hibernate.orm.jdbc.bind - binding parameter (1:BIGINT) <- [76]
2025-12-14 23:53:35.589 [http-nio-8040-exec-7] DEBUG org.hibernate.SQL - 
    select
        u1_0.id,
        u1_0.created_at,
        u1_0.email,
        u1_0.full_name,
        u1_0.is_active,
        u1_0.organization_id,
        u1_0.password,
        u1_0.requires_password_change,
        u1_0.role,
        u1_0.updated_at,
        u1_0.username 
    from
        users u1_0 
    where
        u1_0.id=?
2025-12-14 23:53:35.589 [http-nio-8040-exec-7] TRACE org.hibernate.orm.jdbc.bind - binding parameter (1:BIGINT) <- [77]
2025-12-14 23:53:35.589 [http-nio-8040-exec-7] DEBUG org.hibernate.SQL - 
    select
        u1_0.id,
        u1_0.created_at,
        u1_0.email,
        u1_0.full_name,
        u1_0.is_active,
        u1_0.organization_id,
        u1_0.password,
        u1_0.requires_password_change,
        u1_0.role,
        u1_0.updated_at,
        u1_0.username 
    from
        users u1_0 
    where
        u1_0.id=?
2025-12-14 23:53:35.589 [http-nio-8040-exec-7] TRACE org.hibernate.orm.jdbc.bind - binding parameter (1:BIGINT) <- [78]
2025-12-14 23:53:35.590 [http-nio-8040-exec-7] DEBUG org.hibernate.SQL - 
    select
        u1_0.id,
        u1_0.created_at,
        u1_0.email,
        u1_0.full_name,
        u1_0.is_active,
        u1_0.organization_id,
        u1_0.password,
        u1_0.requires_password_change,
        u1_0.role,
        u1_0.updated_at,
        u1_0.username 
    from
        users u1_0 
    where
        u1_0.id=?
2025-12-14 23:53:35.590 [http-nio-8040-exec-7] TRACE org.hibernate.orm.jdbc.bind - binding parameter (1:BIGINT) <- [79]
2025-12-14 23:53:35.590 [http-nio-8040-exec-7] DEBUG org.hibernate.SQL - 
    select
        u1_0.id,
        u1_0.created_at,
        u1_0.email,
        u1_0.full_name,
        u1_0.is_active,
        u1_0.organization_id,
        u1_0.password,
        u1_0.requires_password_change,
        u1_0.role,
        u1_0.updated_at,
        u1_0.username 
    from
        users u1_0 
    where
        u1_0.id=?
2025-12-14 23:53:35.590 [http-nio-8040-exec-7] TRACE org.hibernate.orm.jdbc.bind - binding parameter (1:BIGINT) <- [80]
2025-12-14 23:53:35.592 [http-nio-8040-exec-7] DEBUG org.hibernate.SQL - 
    select
        u1_0.id,
        u1_0.created_at,
        u1_0.email,
        u1_0.full_name,
        u1_0.is_active,
        u1_0.organization_id,
        u1_0.password,
        u1_0.requires_password_change,
        u1_0.role,
        u1_0.updated_at,
        u1_0.username 
    from
        users u1_0 
    where
        u1_0.id=?
2025-12-14 23:53:35.592 [http-nio-8040-exec-7] TRACE org.hibernate.orm.jdbc.bind - binding parameter (1:BIGINT) <- [81]
2025-12-14 23:53:35.592 [http-nio-8040-exec-7] DEBUG org.hibernate.SQL - 
    select
        u1_0.id,
        u1_0.created_at,
        u1_0.email,
        u1_0.full_name,
        u1_0.is_active,
        u1_0.organization_id,
        u1_0.password,
        u1_0.requires_password_change,
        u1_0.role,
        u1_0.updated_at,
        u1_0.username 
    from
        users u1_0 
    where
        u1_0.id=?
2025-12-14 23:53:35.594 [http-nio-8040-exec-7] TRACE org.hibernate.orm.jdbc.bind - binding parameter (1:BIGINT) <- [82]
2025-12-14 23:53:35.594 [http-nio-8040-exec-7] DEBUG org.hibernate.SQL - 
    select
        u1_0.id,
        u1_0.created_at,
        u1_0.email,
        u1_0.full_name,
        u1_0.is_active,
        u1_0.organization_id,
        u1_0.password,
        u1_0.requires_password_change,
        u1_0.role,
        u1_0.updated_at,
        u1_0.username 
    from
        users u1_0 
    where
        u1_0.id=?
2025-12-14 23:53:35.594 [http-nio-8040-exec-7] TRACE org.hibernate.orm.jdbc.bind - binding parameter (1:BIGINT) <- [83]
2025-12-14 23:53:35.595 [http-nio-8040-exec-7] DEBUG org.hibernate.SQL - 
    select
        u1_0.id,
        u1_0.created_at,
        u1_0.email,
        u1_0.full_name,
        u1_0.is_active,
        u1_0.organization_id,
        u1_0.password,
        u1_0.requires_password_change,
        u1_0.role,
        u1_0.updated_at,
        u1_0.username 
    from
        users u1_0 
    where
        u1_0.id=?
2025-12-14 23:53:35.596 [http-nio-8040-exec-7] TRACE org.hibernate.orm.jdbc.bind - binding parameter (1:BIGINT) <- [84]
2025-12-14 23:53:35.596 [http-nio-8040-exec-7] DEBUG org.hibernate.SQL - 
    select
        u1_0.id,
        u1_0.created_at,
        u1_0.email,
        u1_0.full_name,
        u1_0.is_active,
        u1_0.organization_id,
        u1_0.password,
        u1_0.requires_password_change,
        u1_0.role,
        u1_0.updated_at,
        u1_0.username 
    from
        users u1_0 
    where
        u1_0.id=?
2025-12-14 23:53:35.596 [http-nio-8040-exec-7] TRACE org.hibernate.orm.jdbc.bind - binding parameter (1:BIGINT) <- [85]
2025-12-14 23:53:35.597 [http-nio-8040-exec-7] DEBUG org.hibernate.SQL - 
    select
        u1_0.id,
        u1_0.created_at,
        u1_0.email,
        u1_0.full_name,
        u1_0.is_active,
        u1_0.organization_id,
        u1_0.password,
        u1_0.requires_password_change,
        u1_0.role,
        u1_0.updated_at,
        u1_0.username 
    from
        users u1_0 
    where
        u1_0.id=?
2025-12-14 23:53:35.597 [http-nio-8040-exec-7] TRACE org.hibernate.orm.jdbc.bind - binding parameter (1:BIGINT) <- [86]
2025-12-14 23:53:35.597 [http-nio-8040-exec-7] DEBUG org.hibernate.SQL - 
    select
        u1_0.id,
        u1_0.created_at,
        u1_0.email,
        u1_0.full_name,
        u1_0.is_active,
        u1_0.organization_id,
        u1_0.password,
        u1_0.requires_password_change,
        u1_0.role,
        u1_0.updated_at,
        u1_0.username 
    from
        users u1_0 
    where
        u1_0.id=?
2025-12-14 23:53:35.598 [http-nio-8040-exec-7] TRACE org.hibernate.orm.jdbc.bind - binding parameter (1:BIGINT) <- [87]
2025-12-14 23:53:35.598 [http-nio-8040-exec-7] DEBUG org.hibernate.SQL - 
    select
        u1_0.id,
        u1_0.created_at,
        u1_0.email,
        u1_0.full_name,
        u1_0.is_active,
        u1_0.organization_id,
        u1_0.password,
        u1_0.requires_password_change,
        u1_0.role,
        u1_0.updated_at,
        u1_0.username 
    from
        users u1_0 
    where
        u1_0.id=?
2025-12-14 23:53:35.598 [http-nio-8040-exec-7] TRACE org.hibernate.orm.jdbc.bind - binding parameter (1:BIGINT) <- [88]
2025-12-14 23:53:35.600 [http-nio-8040-exec-7] DEBUG org.hibernate.SQL - 
    select
        u1_0.id,
        u1_0.created_at,
        u1_0.email,
        u1_0.full_name,
        u1_0.is_active,
        u1_0.organization_id,
        u1_0.password,
        u1_0.requires_password_change,
        u1_0.role,
        u1_0.updated_at,
        u1_0.username 
    from
        users u1_0 
    where
        u1_0.id=?
2025-12-14 23:53:35.600 [http-nio-8040-exec-7] TRACE org.hibernate.orm.jdbc.bind - binding parameter (1:BIGINT) <- [89]
2025-12-14 23:53:35.601 [http-nio-8040-exec-7] DEBUG org.hibernate.SQL - 
    select
        u1_0.id,
        u1_0.created_at,
        u1_0.email,
        u1_0.full_name,
        u1_0.is_active,
        u1_0.organization_id,
        u1_0.password,
        u1_0.requires_password_change,
        u1_0.role,
        u1_0.updated_at,
        u1_0.username 
    from
        users u1_0 
    where
        u1_0.id=?
2025-12-14 23:53:35.602 [http-nio-8040-exec-7] TRACE org.hibernate.orm.jdbc.bind - binding parameter (1:BIGINT) <- [90]
2025-12-14 23:53:35.602 [http-nio-8040-exec-7] DEBUG org.hibernate.SQL - 
    select
        u1_0.id,
        u1_0.created_at,
        u1_0.email,
        u1_0.full_name,
        u1_0.is_active,
        u1_0.organization_id,
        u1_0.password,
        u1_0.requires_password_change,
        u1_0.role,
        u1_0.updated_at,
        u1_0.username 
    from
        users u1_0 
    where
        u1_0.id=?
2025-12-14 23:53:35.602 [http-nio-8040-exec-7] TRACE org.hibernate.orm.jdbc.bind - binding parameter (1:BIGINT) <- [91]
2025-12-14 23:53:35.603 [http-nio-8040-exec-7] DEBUG org.hibernate.SQL - 
    select
        u1_0.id,
        u1_0.created_at,
        u1_0.email,
        u1_0.full_name,
        u1_0.is_active,
        u1_0.organization_id,
        u1_0.password,
        u1_0.requires_password_change,
        u1_0.role,
        u1_0.updated_at,
        u1_0.username 
    from
        users u1_0 
    where
        u1_0.id=?
2025-12-14 23:53:35.603 [http-nio-8040-exec-7] TRACE org.hibernate.orm.jdbc.bind - binding parameter (1:BIGINT) <- [92]
2025-12-14 23:53:35.603 [http-nio-8040-exec-7] DEBUG org.hibernate.SQL - 
    select
        u1_0.id,
        u1_0.created_at,
        u1_0.email,
        u1_0.full_name,
        u1_0.is_active,
        u1_0.organization_id,
        u1_0.password,
        u1_0.requires_password_change,
        u1_0.role,
        u1_0.updated_at,
        u1_0.username 
    from
        users u1_0 
    where
        u1_0.id=?
2025-12-14 23:53:35.605 [http-nio-8040-exec-7] TRACE org.hibernate.orm.jdbc.bind - binding parameter (1:BIGINT) <- [93]
2025-12-14 23:53:35.605 [http-nio-8040-exec-7] DEBUG org.hibernate.SQL - 
    select
        u1_0.id,
        u1_0.created_at,
        u1_0.email,
        u1_0.full_name,
        u1_0.is_active,
        u1_0.organization_id,
        u1_0.password,
        u1_0.requires_password_change,
        u1_0.role,
        u1_0.updated_at,
        u1_0.username 
    from
        users u1_0 
    where
        u1_0.id=?
2025-12-14 23:53:35.605 [http-nio-8040-exec-7] TRACE org.hibernate.orm.jdbc.bind - binding parameter (1:BIGINT) <- [94]
2025-12-14 23:53:35.606 [http-nio-8040-exec-7] DEBUG org.hibernate.SQL - 
    select
        u1_0.id,
        u1_0.created_at,
        u1_0.email,
        u1_0.full_name,
        u1_0.is_active,
        u1_0.organization_id,
        u1_0.password,
        u1_0.requires_password_change,
        u1_0.role,
        u1_0.updated_at,
        u1_0.username 
    from
        users u1_0 
    where
        u1_0.id=?
2025-12-14 23:53:35.606 [http-nio-8040-exec-7] TRACE org.hibernate.orm.jdbc.bind - binding parameter (1:BIGINT) <- [95]
2025-12-14 23:53:35.608 [http-nio-8040-exec-7] DEBUG org.hibernate.SQL - 
    select
        u1_0.id,
        u1_0.created_at,
        u1_0.email,
        u1_0.full_name,
        u1_0.is_active,
        u1_0.organization_id,
        u1_0.password,
        u1_0.requires_password_change,
        u1_0.role,
        u1_0.updated_at,
        u1_0.username 
    from
        users u1_0 
    where
        u1_0.id=?
2025-12-14 23:53:35.608 [http-nio-8040-exec-7] TRACE org.hibernate.orm.jdbc.bind - binding parameter (1:BIGINT) <- [96]
2025-12-14 23:53:35.608 [http-nio-8040-exec-7] DEBUG org.hibernate.SQL - 
    select
        u1_0.id,
        u1_0.created_at,
        u1_0.email,
        u1_0.full_name,
        u1_0.is_active,
        u1_0.organization_id,
        u1_0.password,
        u1_0.requires_password_change,
        u1_0.role,
        u1_0.updated_at,
        u1_0.username 
    from
        users u1_0 
    where
        u1_0.id=?
2025-12-14 23:53:35.609 [http-nio-8040-exec-7] TRACE org.hibernate.orm.jdbc.bind - binding parameter (1:BIGINT) <- [97]
2025-12-14 23:53:35.609 [http-nio-8040-exec-7] DEBUG org.hibernate.SQL - 
    select
        u1_0.id,
        u1_0.created_at,
        u1_0.email,
        u1_0.full_name,
        u1_0.is_active,
        u1_0.organization_id,
        u1_0.password,
        u1_0.requires_password_change,
        u1_0.role,
        u1_0.updated_at,
        u1_0.username 
    from
        users u1_0 
    where
        u1_0.id=?
2025-12-14 23:53:35.609 [http-nio-8040-exec-7] TRACE org.hibernate.orm.jdbc.bind - binding parameter (1:BIGINT) <- [98]
2025-12-14 23:53:35.611 [http-nio-8040-exec-7] DEBUG org.hibernate.SQL - 
    select
        u1_0.id,
        u1_0.created_at,
        u1_0.email,
        u1_0.full_name,
        u1_0.is_active,
        u1_0.organization_id,
        u1_0.password,
        u1_0.requires_password_change,
        u1_0.role,
        u1_0.updated_at,
        u1_0.username 
    from
        users u1_0 
    where
        u1_0.id=?
2025-12-14 23:53:35.611 [http-nio-8040-exec-7] TRACE org.hibernate.orm.jdbc.bind - binding parameter (1:BIGINT) <- [99]
2025-12-14 23:53:35.611 [http-nio-8040-exec-7] DEBUG org.hibernate.SQL - 
    select
        u1_0.id,
        u1_0.created_at,
        u1_0.email,
        u1_0.full_name,
        u1_0.is_active,
        u1_0.organization_id,
        u1_0.password,
        u1_0.requires_password_change,
        u1_0.role,
        u1_0.updated_at,
        u1_0.username 
    from
        users u1_0 
    where
        u1_0.id=?
2025-12-14 23:53:35.611 [http-nio-8040-exec-7] TRACE org.hibernate.orm.jdbc.bind - binding parameter (1:BIGINT) <- [100]
2025-12-14 23:53:35.613 [http-nio-8040-exec-7] DEBUG org.hibernate.SQL - 
    select
        u1_0.id,
        u1_0.created_at,
        u1_0.email,
        u1_0.full_name,
        u1_0.is_active,
        u1_0.organization_id,
        u1_0.password,
        u1_0.requires_password_change,
        u1_0.role,
        u1_0.updated_at,
        u1_0.username 
    from
        users u1_0 
    where
        u1_0.id=?
2025-12-14 23:53:35.613 [http-nio-8040-exec-7] TRACE org.hibernate.orm.jdbc.bind - binding parameter (1:BIGINT) <- [101]
2025-12-14 23:53:35.614 [http-nio-8040-exec-7] DEBUG org.hibernate.SQL - 
    select
        u1_0.id,
        u1_0.created_at,
        u1_0.email,
        u1_0.full_name,
        u1_0.is_active,
        u1_0.organization_id,
        u1_0.password,
        u1_0.requires_password_change,
        u1_0.role,
        u1_0.updated_at,
        u1_0.username 
    from
        users u1_0 
    where
        u1_0.id=?
2025-12-14 23:53:35.614 [http-nio-8040-exec-7] TRACE org.hibernate.orm.jdbc.bind - binding parameter (1:BIGINT) <- [102]
2025-12-14 23:53:35.614 [http-nio-8040-exec-7] DEBUG org.hibernate.SQL - 
    select
        u1_0.id,
        u1_0.created_at,
        u1_0.email,
        u1_0.full_name,
        u1_0.is_active,
        u1_0.organization_id,
        u1_0.password,
        u1_0.requires_password_change,
        u1_0.role,
        u1_0.updated_at,
        u1_0.username 
    from
        users u1_0 
    where
        u1_0.id=?
2025-12-14 23:53:35.614 [http-nio-8040-exec-7] TRACE org.hibernate.orm.jdbc.bind - binding parameter (1:BIGINT) <- [103]
2025-12-14 23:53:35.616 [http-nio-8040-exec-7] DEBUG org.hibernate.SQL - 
    select
        p1_0.payroll_batch_id,
        p1_0.id,
        p1_0.basic_salary,
        p1_0.created_at,
        p1_0.da,
        p1_0.employee_id,
        p1_0.hra,
        p1_0.net_salary_paid,
        p1_0.other_allowances,
        p1_0.pf_contribution,
        p1_0.processed_at,
        p1_0.status 
    from
        payroll_payments p1_0 
    where
        p1_0.payroll_batch_id=?
2025-12-14 23:53:35.616 [http-nio-8040-exec-7] TRACE org.hibernate.orm.jdbc.bind - binding parameter (1:BIGINT) <- [2]
2025-12-14 23:53:35.620 [http-nio-8040-exec-7] DEBUG org.hibernate.SQL - 
    select
        p1_0.payroll_batch_id,
        p1_0.id,
        p1_0.basic_salary,
        p1_0.created_at,
        p1_0.da,
        p1_0.employee_id,
        p1_0.hra,
        p1_0.net_salary_paid,
        p1_0.other_allowances,
        p1_0.pf_contribution,
        p1_0.processed_at,
        p1_0.status 
    from
        payroll_payments p1_0 
    where
        p1_0.payroll_batch_id=?
2025-12-14 23:53:35.620 [http-nio-8040-exec-7] TRACE org.hibernate.orm.jdbc.bind - binding parameter (1:BIGINT) <- [3]
2025-12-14 23:53:35.625 [http-nio-8040-exec-7] DEBUG org.hibernate.SQL - 
    select
        p1_0.payroll_batch_id,
        p1_0.id,
        p1_0.basic_salary,
        p1_0.created_at,
        p1_0.da,
        p1_0.employee_id,
        p1_0.hra,
        p1_0.net_salary_paid,
        p1_0.other_allowances,
        p1_0.pf_contribution,
        p1_0.processed_at,
        p1_0.status 
    from
        payroll_payments p1_0 
    where
        p1_0.payroll_batch_id=?
2025-12-14 23:53:35.625 [http-nio-8040-exec-7] TRACE org.hibernate.orm.jdbc.bind - binding parameter (1:BIGINT) <- [4]
2025-12-14 23:53:37.180 [http-nio-8040-exec-5] DEBUG org.hibernate.SQL - 
    select
        u1_0.id,
        u1_0.created_at,
        u1_0.email,
        u1_0.full_name,
        u1_0.is_active,
        u1_0.organization_id,
        u1_0.password,
        u1_0.requires_password_change,
        u1_0.role,
        u1_0.updated_at,
        u1_0.username 
    from
        users u1_0 
    where
        u1_0.username=?
2025-12-14 23:53:37.181 [http-nio-8040-exec-5] TRACE org.hibernate.orm.jdbc.bind - binding parameter (1:VARCHAR) <- [sony]
2025-12-14 23:53:37.187 [http-nio-8040-exec-5] INFO  c.a.p.controller.PayrollController - Request to get all payrolls for organization 1 and year 2025
2025-12-14 23:53:37.190 [http-nio-8040-exec-5] DEBUG org.hibernate.SQL - 
    select
        u1_0.id,
        u1_0.created_at,
        u1_0.email,
        u1_0.full_name,
        u1_0.is_active,
        u1_0.organization_id,
        u1_0.password,
        u1_0.requires_password_change,
        u1_0.role,
        u1_0.updated_at,
        u1_0.username 
    from
        users u1_0 
    where
        u1_0.username=?
2025-12-14 23:53:37.190 [http-nio-8040-exec-5] TRACE org.hibernate.orm.jdbc.bind - binding parameter (1:VARCHAR) <- [sony]
2025-12-14 23:53:37.193 [http-nio-8040-exec-5] DEBUG org.hibernate.SQL - 
    select
        pb1_0.id,
        pb1_0.approved_by_user_id,
        pb1_0.created_at,
        pb1_0.organization_id,
        pb1_0.payroll_month,
        pb1_0.payroll_year,
        pb1_0.rejection_reason,
        pb1_0.status,
        pb1_0.submitted_by_user_id,
        pb1_0.total_amount,
        pb1_0.total_employees,
        pb1_0.transaction_id,
        pb1_0.updated_at 
    from
        payroll_batches pb1_0 
    left join
        organizations o1_0 
            on o1_0.id=pb1_0.organization_id 
    where
        o1_0.id=? 
        and pb1_0.payroll_year=?
2025-12-14 23:53:37.194 [http-nio-8040-exec-5] TRACE org.hibernate.orm.jdbc.bind - binding parameter (1:INTEGER) <- [1]
2025-12-14 23:53:37.194 [http-nio-8040-exec-5] TRACE org.hibernate.orm.jdbc.bind - binding parameter (2:INTEGER) <- [2025]
2025-12-14 23:54:27.310 [http-nio-8040-exec-9] DEBUG org.hibernate.SQL - 
    select
        u1_0.id,
        u1_0.created_at,
        u1_0.email,
        u1_0.full_name,
        u1_0.is_active,
        u1_0.organization_id,
        u1_0.password,
        u1_0.requires_password_change,
        u1_0.role,
        u1_0.updated_at,
        u1_0.username 
    from
        users u1_0 
    where
        u1_0.username=?
2025-12-14 23:54:27.311 [http-nio-8040-exec-9] TRACE org.hibernate.orm.jdbc.bind - binding parameter (1:VARCHAR) <- [sony]
2025-12-14 23:54:27.318 [http-nio-8040-exec-9] INFO  c.a.p.controller.PayrollController - Request to get all payrolls for organization 1 and year 2025
2025-12-14 23:54:27.320 [http-nio-8040-exec-9] DEBUG org.hibernate.SQL - 
    select
        u1_0.id,
        u1_0.created_at,
        u1_0.email,
        u1_0.full_name,
        u1_0.is_active,
        u1_0.organization_id,
        u1_0.password,
        u1_0.requires_password_change,
        u1_0.role,
        u1_0.updated_at,
        u1_0.username 
    from
        users u1_0 
    where
        u1_0.username=?
2025-12-14 23:54:27.320 [http-nio-8040-exec-9] TRACE org.hibernate.orm.jdbc.bind - binding parameter (1:VARCHAR) <- [sony]
2025-12-14 23:54:27.324 [http-nio-8040-exec-9] DEBUG org.hibernate.SQL - 
    select
        pb1_0.id,
        pb1_0.approved_by_user_id,
        pb1_0.created_at,
        pb1_0.organization_id,
        pb1_0.payroll_month,
        pb1_0.payroll_year,
        pb1_0.rejection_reason,
        pb1_0.status,
        pb1_0.submitted_by_user_id,
        pb1_0.total_amount,
        pb1_0.total_employees,
        pb1_0.transaction_id,
        pb1_0.updated_at 
    from
        payroll_batches pb1_0 
    left join
        organizations o1_0 
            on o1_0.id=pb1_0.organization_id 
    where
        o1_0.id=? 
        and pb1_0.payroll_year=?
2025-12-14 23:54:27.325 [http-nio-8040-exec-9] TRACE org.hibernate.orm.jdbc.bind - binding parameter (1:INTEGER) <- [1]
2025-12-14 23:54:27.325 [http-nio-8040-exec-9] TRACE org.hibernate.orm.jdbc.bind - binding parameter (2:INTEGER) <- [2025]
2025-12-14 23:56:35.827 [http-nio-8040-exec-7] DEBUG org.hibernate.SQL - 
    select
        u1_0.id,
        u1_0.created_at,
        u1_0.email,
        u1_0.full_name,
        u1_0.is_active,
        u1_0.organization_id,
        u1_0.password,
        u1_0.requires_password_change,
        u1_0.role,
        u1_0.updated_at,
        u1_0.username 
    from
        users u1_0 
    where
        u1_0.username=?
2025-12-14 23:56:35.828 [http-nio-8040-exec-7] TRACE org.hibernate.orm.jdbc.bind - binding parameter (1:VARCHAR) <- [sony]
2025-12-14 23:56:35.836 [http-nio-8040-exec-7] INFO  c.a.p.controller.PayrollController - Request to get all payrolls for organization 1 and year 2025
2025-12-14 23:56:35.839 [http-nio-8040-exec-7] DEBUG org.hibernate.SQL - 
    select
        u1_0.id,
        u1_0.created_at,
        u1_0.email,
        u1_0.full_name,
        u1_0.is_active,
        u1_0.organization_id,
        u1_0.password,
        u1_0.requires_password_change,
        u1_0.role,
        u1_0.updated_at,
        u1_0.username 
    from
        users u1_0 
    where
        u1_0.username=?
2025-12-14 23:56:35.840 [http-nio-8040-exec-7] TRACE org.hibernate.orm.jdbc.bind - binding parameter (1:VARCHAR) <- [sony]
2025-12-14 23:56:35.844 [http-nio-8040-exec-7] DEBUG org.hibernate.SQL - 
    select
        pb1_0.id,
        pb1_0.approved_by_user_id,
        pb1_0.created_at,
        pb1_0.organization_id,
        pb1_0.payroll_month,
        pb1_0.payroll_year,
        pb1_0.rejection_reason,
        pb1_0.status,
        pb1_0.submitted_by_user_id,
        pb1_0.total_amount,
        pb1_0.total_employees,
        pb1_0.transaction_id,
        pb1_0.updated_at 
    from
        payroll_batches pb1_0 
    left join
        organizations o1_0 
            on o1_0.id=pb1_0.organization_id 
    where
        o1_0.id=? 
        and pb1_0.payroll_year=?
2025-12-14 23:56:35.846 [http-nio-8040-exec-7] TRACE org.hibernate.orm.jdbc.bind - binding parameter (1:INTEGER) <- [1]
2025-12-14 23:56:35.846 [http-nio-8040-exec-7] TRACE org.hibernate.orm.jdbc.bind - binding parameter (2:INTEGER) <- [2025]
2025-12-14 23:59:44.440 [http-nio-8040-exec-2] DEBUG org.hibernate.SQL - 
    select
        u1_0.id,
        u1_0.created_at,
        u1_0.email,
        u1_0.full_name,
        u1_0.is_active,
        u1_0.organization_id,
        u1_0.password,
        u1_0.requires_password_change,
        u1_0.role,
        u1_0.updated_at,
        u1_0.username 
    from
        users u1_0 
    where
        u1_0.username=?
2025-12-14 23:59:44.441 [http-nio-8040-exec-2] TRACE org.hibernate.orm.jdbc.bind - binding parameter (1:VARCHAR) <- [sony]
2025-12-14 23:59:44.445 [http-nio-8040-exec-2] INFO  c.a.p.controller.PayrollController - Request to get all payrolls for organization 1 and year 2026
2025-12-14 23:59:44.449 [http-nio-8040-exec-2] DEBUG org.hibernate.SQL - 
    select
        u1_0.id,
        u1_0.created_at,
        u1_0.email,
        u1_0.full_name,
        u1_0.is_active,
        u1_0.organization_id,
        u1_0.password,
        u1_0.requires_password_change,
        u1_0.role,
        u1_0.updated_at,
        u1_0.username 
    from
        users u1_0 
    where
        u1_0.username=?
2025-12-14 23:59:44.449 [http-nio-8040-exec-2] TRACE org.hibernate.orm.jdbc.bind - binding parameter (1:VARCHAR) <- [sony]
2025-12-14 23:59:44.451 [http-nio-8040-exec-2] DEBUG org.hibernate.SQL - 
    select
        pb1_0.id,
        pb1_0.approved_by_user_id,
        pb1_0.created_at,
        pb1_0.organization_id,
        pb1_0.payroll_month,
        pb1_0.payroll_year,
        pb1_0.rejection_reason,
        pb1_0.status,
        pb1_0.submitted_by_user_id,
        pb1_0.total_amount,
        pb1_0.total_employees,
        pb1_0.transaction_id,
        pb1_0.updated_at 
    from
        payroll_batches pb1_0 
    left join
        organizations o1_0 
            on o1_0.id=pb1_0.organization_id 
    where
        o1_0.id=? 
        and pb1_0.payroll_year=?
2025-12-14 23:59:44.453 [http-nio-8040-exec-2] TRACE org.hibernate.orm.jdbc.bind - binding parameter (1:INTEGER) <- [1]
2025-12-14 23:59:44.453 [http-nio-8040-exec-2] TRACE org.hibernate.orm.jdbc.bind - binding parameter (2:INTEGER) <- [2026]
2025-12-14 23:59:46.683 [http-nio-8040-exec-5] DEBUG org.hibernate.SQL - 
    select
        u1_0.id,
        u1_0.created_at,
        u1_0.email,
        u1_0.full_name,
        u1_0.is_active,
        u1_0.organization_id,
        u1_0.password,
        u1_0.requires_password_change,
        u1_0.role,
        u1_0.updated_at,
        u1_0.username 
    from
        users u1_0 
    where
        u1_0.username=?
2025-12-14 23:59:46.684 [http-nio-8040-exec-5] TRACE org.hibernate.orm.jdbc.bind - binding parameter (1:VARCHAR) <- [sony]
2025-12-14 23:59:46.688 [http-nio-8040-exec-5] INFO  c.a.p.controller.PayrollController - Request to get all payrolls for organization 1 and year 2024
2025-12-14 23:59:46.690 [http-nio-8040-exec-5] DEBUG org.hibernate.SQL - 
    select
        u1_0.id,
        u1_0.created_at,
        u1_0.email,
        u1_0.full_name,
        u1_0.is_active,
        u1_0.organization_id,
        u1_0.password,
        u1_0.requires_password_change,
        u1_0.role,
        u1_0.updated_at,
        u1_0.username 
    from
        users u1_0 
    where
        u1_0.username=?
2025-12-14 23:59:46.690 [http-nio-8040-exec-5] TRACE org.hibernate.orm.jdbc.bind - binding parameter (1:VARCHAR) <- [sony]
2025-12-14 23:59:46.693 [http-nio-8040-exec-5] DEBUG org.hibernate.SQL - 
    select
        pb1_0.id,
        pb1_0.approved_by_user_id,
        pb1_0.created_at,
        pb1_0.organization_id,
        pb1_0.payroll_month,
        pb1_0.payroll_year,
        pb1_0.rejection_reason,
        pb1_0.status,
        pb1_0.submitted_by_user_id,
        pb1_0.total_amount,
        pb1_0.total_employees,
        pb1_0.transaction_id,
        pb1_0.updated_at 
    from
        payroll_batches pb1_0 
    left join
        organizations o1_0 
            on o1_0.id=pb1_0.organization_id 
    where
        o1_0.id=? 
        and pb1_0.payroll_year=?
2025-12-14 23:59:46.693 [http-nio-8040-exec-5] TRACE org.hibernate.orm.jdbc.bind - binding parameter (1:INTEGER) <- [1]
2025-12-14 23:59:46.693 [http-nio-8040-exec-5] TRACE org.hibernate.orm.jdbc.bind - binding parameter (2:INTEGER) <- [2024]
2025-12-14 23:59:49.354 [http-nio-8040-exec-9] DEBUG org.hibernate.SQL - 
    select
        u1_0.id,
        u1_0.created_at,
        u1_0.email,
        u1_0.full_name,
        u1_0.is_active,
        u1_0.organization_id,
        u1_0.password,
        u1_0.requires_password_change,
        u1_0.role,
        u1_0.updated_at,
        u1_0.username 
    from
        users u1_0 
    where
        u1_0.username=?
2025-12-14 23:59:49.355 [http-nio-8040-exec-9] TRACE org.hibernate.orm.jdbc.bind - binding parameter (1:VARCHAR) <- [sony]
2025-12-14 23:59:49.359 [http-nio-8040-exec-9] INFO  c.a.p.controller.PayrollController - Request to get all payrolls for organization 1 and year 2025
2025-12-14 23:59:49.360 [http-nio-8040-exec-9] DEBUG org.hibernate.SQL - 
    select
        u1_0.id,
        u1_0.created_at,
        u1_0.email,
        u1_0.full_name,
        u1_0.is_active,
        u1_0.organization_id,
        u1_0.password,
        u1_0.requires_password_change,
        u1_0.role,
        u1_0.updated_at,
        u1_0.username 
    from
        users u1_0 
    where
        u1_0.username=?
2025-12-14 23:59:49.360 [http-nio-8040-exec-9] TRACE org.hibernate.orm.jdbc.bind - binding parameter (1:VARCHAR) <- [sony]
2025-12-14 23:59:49.363 [http-nio-8040-exec-9] DEBUG org.hibernate.SQL - 
    select
        pb1_0.id,
        pb1_0.approved_by_user_id,
        pb1_0.created_at,
        pb1_0.organization_id,
        pb1_0.payroll_month,
        pb1_0.payroll_year,
        pb1_0.rejection_reason,
        pb1_0.status,
        pb1_0.submitted_by_user_id,
        pb1_0.total_amount,
        pb1_0.total_employees,
        pb1_0.transaction_id,
        pb1_0.updated_at 
    from
        payroll_batches pb1_0 
    left join
        organizations o1_0 
            on o1_0.id=pb1_0.organization_id 
    where
        o1_0.id=? 
        and pb1_0.payroll_year=?
2025-12-14 23:59:49.363 [http-nio-8040-exec-9] TRACE org.hibernate.orm.jdbc.bind - binding parameter (1:INTEGER) <- [1]
2025-12-14 23:59:49.363 [http-nio-8040-exec-9] TRACE org.hibernate.orm.jdbc.bind - binding parameter (2:INTEGER) <- [2025]
2025-12-14 23:59:55.538 [http-nio-8040-exec-10] DEBUG org.hibernate.SQL - 
    select
        u1_0.id,
        u1_0.created_at,
        u1_0.email,
        u1_0.full_name,
        u1_0.is_active,
        u1_0.organization_id,
        u1_0.password,
        u1_0.requires_password_change,
        u1_0.role,
        u1_0.updated_at,
        u1_0.username 
    from
        users u1_0 
    where
        u1_0.username=?
2025-12-14 23:59:55.538 [http-nio-8040-exec-10] TRACE org.hibernate.orm.jdbc.bind - binding parameter (1:VARCHAR) <- [sony]
2025-12-14 23:59:55.996 [http-nio-8040-exec-10] INFO  c.a.p.controller.PayrollController - Request to create new payroll for org ID 1 for month/year: 3/2025
2025-12-14 23:59:55.999 [http-nio-8040-exec-10] DEBUG org.hibernate.SQL - 
    select
        u1_0.id,
        u1_0.created_at,
        u1_0.email,
        u1_0.full_name,
        u1_0.is_active,
        u1_0.organization_id,
        u1_0.password,
        u1_0.requires_password_change,
        u1_0.role,
        u1_0.updated_at,
        u1_0.username 
    from
        users u1_0 
    where
        u1_0.username=?
2025-12-14 23:59:56.000 [http-nio-8040-exec-10] TRACE org.hibernate.orm.jdbc.bind - binding parameter (1:VARCHAR) <- [sony]
2025-12-14 23:59:56.010 [http-nio-8040-exec-10] DEBUG org.hibernate.SQL - 
    select
        pb1_0.id 
    from
        payroll_batches pb1_0 
    left join
        organizations o1_0 
            on o1_0.id=pb1_0.organization_id 
    where
        o1_0.id=? 
        and pb1_0.payroll_month=? 
        and pb1_0.payroll_year=? 
    limit
        ?
2025-12-14 23:59:56.010 [http-nio-8040-exec-10] TRACE org.hibernate.orm.jdbc.bind - binding parameter (1:INTEGER) <- [1]
2025-12-14 23:59:56.010 [http-nio-8040-exec-10] TRACE org.hibernate.orm.jdbc.bind - binding parameter (2:INTEGER) <- [3]
2025-12-14 23:59:56.010 [http-nio-8040-exec-10] TRACE org.hibernate.orm.jdbc.bind - binding parameter (3:INTEGER) <- [2025]
2025-12-14 23:59:56.010 [http-nio-8040-exec-10] TRACE org.hibernate.orm.jdbc.bind - binding parameter (4:INTEGER) <- [1]
2025-12-14 23:59:56.015 [http-nio-8040-exec-10] DEBUG org.hibernate.SQL - 
    select
        e1_0.id,
        e1_0.created_at,
        e1_0.date_of_joining,
        e1_0.deletion_scheduled_at,
        e1_0.department,
        e1_0.employee_code,
        e1_0.is_active,
        e1_0.job_title,
        e1_0.organization_id,
        e1_0.profile_picture_url,
        e1_0.updated_at,
        e1_0.user_id 
    from
        employees e1_0 
    left join
        organizations o1_0 
            on o1_0.id=e1_0.organization_id 
    where
        o1_0.id=?
2025-12-14 23:59:56.016 [http-nio-8040-exec-10] TRACE org.hibernate.orm.jdbc.bind - binding parameter (1:INTEGER) <- [1]
2025-12-14 23:59:56.024 [http-nio-8040-exec-10] DEBUG org.hibernate.SQL - 
    select
        ba1_0.id,
        ba1_0.account_holder_name,
        ba1_0.account_number,
        ba1_0.bank_name,
        ba1_0.created_at,
        ba1_0.employee_id,
        ba1_0.ifsc_code,
        ba1_0.is_primary,
        ba1_0.owner_type,
        ba1_0.updated_at,
        ba1_0.vendor_id 
    from
        bank_accounts ba1_0 
    where
        ba1_0.employee_id=?
2025-12-14 23:59:56.024 [http-nio-8040-exec-10] TRACE org.hibernate.orm.jdbc.bind - binding parameter (1:BIGINT) <- [11]
2025-12-14 23:59:56.026 [http-nio-8040-exec-10] DEBUG org.hibernate.SQL - 
    select
        ba1_0.id,
        ba1_0.account_holder_name,
        ba1_0.account_number,
        ba1_0.bank_name,
        ba1_0.created_at,
        ba1_0.employee_id,
        ba1_0.ifsc_code,
        ba1_0.is_primary,
        ba1_0.owner_type,
        ba1_0.updated_at,
        ba1_0.vendor_id 
    from
        bank_accounts ba1_0 
    where
        ba1_0.employee_id=?
2025-12-14 23:59:56.027 [http-nio-8040-exec-10] TRACE org.hibernate.orm.jdbc.bind - binding parameter (1:BIGINT) <- [2]
2025-12-14 23:59:56.028 [http-nio-8040-exec-10] DEBUG org.hibernate.SQL - 
    select
        ba1_0.id,
        ba1_0.account_holder_name,
        ba1_0.account_number,
        ba1_0.bank_name,
        ba1_0.created_at,
        ba1_0.employee_id,
        ba1_0.ifsc_code,
        ba1_0.is_primary,
        ba1_0.owner_type,
        ba1_0.updated_at,
        ba1_0.vendor_id 
    from
        bank_accounts ba1_0 
    where
        ba1_0.employee_id=?
2025-12-14 23:59:56.028 [http-nio-8040-exec-10] TRACE org.hibernate.orm.jdbc.bind - binding parameter (1:BIGINT) <- [3]
2025-12-14 23:59:56.029 [http-nio-8040-exec-10] DEBUG org.hibernate.SQL - 
    select
        ba1_0.id,
        ba1_0.account_holder_name,
        ba1_0.account_number,
        ba1_0.bank_name,
        ba1_0.created_at,
        ba1_0.employee_id,
        ba1_0.ifsc_code,
        ba1_0.is_primary,
        ba1_0.owner_type,
        ba1_0.updated_at,
        ba1_0.vendor_id 
    from
        bank_accounts ba1_0 
    where
        ba1_0.employee_id=?
2025-12-14 23:59:56.029 [http-nio-8040-exec-10] TRACE org.hibernate.orm.jdbc.bind - binding parameter (1:BIGINT) <- [1]
2025-12-14 23:59:56.030 [http-nio-8040-exec-10] DEBUG org.hibernate.SQL - 
    select
        ba1_0.id,
        ba1_0.account_holder_name,
        ba1_0.account_number,
        ba1_0.bank_name,
        ba1_0.created_at,
        ba1_0.employee_id,
        ba1_0.ifsc_code,
        ba1_0.is_primary,
        ba1_0.owner_type,
        ba1_0.updated_at,
        ba1_0.vendor_id 
    from
        bank_accounts ba1_0 
    where
        ba1_0.employee_id=?
2025-12-14 23:59:56.030 [http-nio-8040-exec-10] TRACE org.hibernate.orm.jdbc.bind - binding parameter (1:BIGINT) <- [5]
2025-12-14 23:59:56.031 [http-nio-8040-exec-10] DEBUG org.hibernate.SQL - 
    select
        ba1_0.id,
        ba1_0.account_holder_name,
        ba1_0.account_number,
        ba1_0.bank_name,
        ba1_0.created_at,
        ba1_0.employee_id,
        ba1_0.ifsc_code,
        ba1_0.is_primary,
        ba1_0.owner_type,
        ba1_0.updated_at,
        ba1_0.vendor_id 
    from
        bank_accounts ba1_0 
    where
        ba1_0.employee_id=?
2025-12-14 23:59:56.031 [http-nio-8040-exec-10] TRACE org.hibernate.orm.jdbc.bind - binding parameter (1:BIGINT) <- [7]
2025-12-14 23:59:56.032 [http-nio-8040-exec-10] DEBUG org.hibernate.SQL - 
    select
        ba1_0.id,
        ba1_0.account_holder_name,
        ba1_0.account_number,
        ba1_0.bank_name,
        ba1_0.created_at,
        ba1_0.employee_id,
        ba1_0.ifsc_code,
        ba1_0.is_primary,
        ba1_0.owner_type,
        ba1_0.updated_at,
        ba1_0.vendor_id 
    from
        bank_accounts ba1_0 
    where
        ba1_0.employee_id=?
2025-12-14 23:59:56.033 [http-nio-8040-exec-10] TRACE org.hibernate.orm.jdbc.bind - binding parameter (1:BIGINT) <- [15]
2025-12-14 23:59:56.033 [http-nio-8040-exec-10] DEBUG org.hibernate.SQL - 
    select
        ba1_0.id,
        ba1_0.account_holder_name,
        ba1_0.account_number,
        ba1_0.bank_name,
        ba1_0.created_at,
        ba1_0.employee_id,
        ba1_0.ifsc_code,
        ba1_0.is_primary,
        ba1_0.owner_type,
        ba1_0.updated_at,
        ba1_0.vendor_id 
    from
        bank_accounts ba1_0 
    where
        ba1_0.employee_id=?
2025-12-14 23:59:56.034 [http-nio-8040-exec-10] TRACE org.hibernate.orm.jdbc.bind - binding parameter (1:BIGINT) <- [10]
2025-12-14 23:59:56.035 [http-nio-8040-exec-10] DEBUG org.hibernate.SQL - 
    select
        ba1_0.id,
        ba1_0.account_holder_name,
        ba1_0.account_number,
        ba1_0.bank_name,
        ba1_0.created_at,
        ba1_0.employee_id,
        ba1_0.ifsc_code,
        ba1_0.is_primary,
        ba1_0.owner_type,
        ba1_0.updated_at,
        ba1_0.vendor_id 
    from
        bank_accounts ba1_0 
    where
        ba1_0.employee_id=?
2025-12-14 23:59:56.035 [http-nio-8040-exec-10] TRACE org.hibernate.orm.jdbc.bind - binding parameter (1:BIGINT) <- [8]
2025-12-14 23:59:56.037 [http-nio-8040-exec-10] DEBUG org.hibernate.SQL - 
    select
        ba1_0.id,
        ba1_0.account_holder_name,
        ba1_0.account_number,
        ba1_0.bank_name,
        ba1_0.created_at,
        ba1_0.employee_id,
        ba1_0.ifsc_code,
        ba1_0.is_primary,
        ba1_0.owner_type,
        ba1_0.updated_at,
        ba1_0.vendor_id 
    from
        bank_accounts ba1_0 
    where
        ba1_0.employee_id=?
2025-12-14 23:59:56.037 [http-nio-8040-exec-10] TRACE org.hibernate.orm.jdbc.bind - binding parameter (1:BIGINT) <- [19]
2025-12-14 23:59:56.038 [http-nio-8040-exec-10] DEBUG org.hibernate.SQL - 
    select
        ba1_0.id,
        ba1_0.account_holder_name,
        ba1_0.account_number,
        ba1_0.bank_name,
        ba1_0.created_at,
        ba1_0.employee_id,
        ba1_0.ifsc_code,
        ba1_0.is_primary,
        ba1_0.owner_type,
        ba1_0.updated_at,
        ba1_0.vendor_id 
    from
        bank_accounts ba1_0 
    where
        ba1_0.employee_id=?
2025-12-14 23:59:56.038 [http-nio-8040-exec-10] TRACE org.hibernate.orm.jdbc.bind - binding parameter (1:BIGINT) <- [13]
2025-12-14 23:59:56.039 [http-nio-8040-exec-10] DEBUG org.hibernate.SQL - 
    select
        ba1_0.id,
        ba1_0.account_holder_name,
        ba1_0.account_number,
        ba1_0.bank_name,
        ba1_0.created_at,
        ba1_0.employee_id,
        ba1_0.ifsc_code,
        ba1_0.is_primary,
        ba1_0.owner_type,
        ba1_0.updated_at,
        ba1_0.vendor_id 
    from
        bank_accounts ba1_0 
    where
        ba1_0.employee_id=?
2025-12-14 23:59:56.039 [http-nio-8040-exec-10] TRACE org.hibernate.orm.jdbc.bind - binding parameter (1:BIGINT) <- [4]
2025-12-14 23:59:56.040 [http-nio-8040-exec-10] DEBUG org.hibernate.SQL - 
    select
        ba1_0.id,
        ba1_0.account_holder_name,
        ba1_0.account_number,
        ba1_0.bank_name,
        ba1_0.created_at,
        ba1_0.employee_id,
        ba1_0.ifsc_code,
        ba1_0.is_primary,
        ba1_0.owner_type,
        ba1_0.updated_at,
        ba1_0.vendor_id 
    from
        bank_accounts ba1_0 
    where
        ba1_0.employee_id=?
2025-12-14 23:59:56.040 [http-nio-8040-exec-10] TRACE org.hibernate.orm.jdbc.bind - binding parameter (1:BIGINT) <- [12]
2025-12-14 23:59:56.041 [http-nio-8040-exec-10] DEBUG org.hibernate.SQL - 
    select
        ba1_0.id,
        ba1_0.account_holder_name,
        ba1_0.account_number,
        ba1_0.bank_name,
        ba1_0.created_at,
        ba1_0.employee_id,
        ba1_0.ifsc_code,
        ba1_0.is_primary,
        ba1_0.owner_type,
        ba1_0.updated_at,
        ba1_0.vendor_id 
    from
        bank_accounts ba1_0 
    where
        ba1_0.employee_id=?
2025-12-14 23:59:56.041 [http-nio-8040-exec-10] TRACE org.hibernate.orm.jdbc.bind - binding parameter (1:BIGINT) <- [23]
2025-12-14 23:59:56.042 [http-nio-8040-exec-10] DEBUG org.hibernate.SQL - 
    select
        ba1_0.id,
        ba1_0.account_holder_name,
        ba1_0.account_number,
        ba1_0.bank_name,
        ba1_0.created_at,
        ba1_0.employee_id,
        ba1_0.ifsc_code,
        ba1_0.is_primary,
        ba1_0.owner_type,
        ba1_0.updated_at,
        ba1_0.vendor_id 
    from
        bank_accounts ba1_0 
    where
        ba1_0.employee_id=?
2025-12-14 23:59:56.043 [http-nio-8040-exec-10] TRACE org.hibernate.orm.jdbc.bind - binding parameter (1:BIGINT) <- [27]
2025-12-14 23:59:56.044 [http-nio-8040-exec-10] DEBUG org.hibernate.SQL - 
    select
        ba1_0.id,
        ba1_0.account_holder_name,
        ba1_0.account_number,
        ba1_0.bank_name,
        ba1_0.created_at,
        ba1_0.employee_id,
        ba1_0.ifsc_code,
        ba1_0.is_primary,
        ba1_0.owner_type,
        ba1_0.updated_at,
        ba1_0.vendor_id 
    from
        bank_accounts ba1_0 
    where
        ba1_0.employee_id=?
2025-12-14 23:59:56.044 [http-nio-8040-exec-10] TRACE org.hibernate.orm.jdbc.bind - binding parameter (1:BIGINT) <- [16]
2025-12-14 23:59:56.045 [http-nio-8040-exec-10] DEBUG org.hibernate.SQL - 
    select
        ba1_0.id,
        ba1_0.account_holder_name,
        ba1_0.account_number,
        ba1_0.bank_name,
        ba1_0.created_at,
        ba1_0.employee_id,
        ba1_0.ifsc_code,
        ba1_0.is_primary,
        ba1_0.owner_type,
        ba1_0.updated_at,
        ba1_0.vendor_id 
    from
        bank_accounts ba1_0 
    where
        ba1_0.employee_id=?
2025-12-14 23:59:56.046 [http-nio-8040-exec-10] TRACE org.hibernate.orm.jdbc.bind - binding parameter (1:BIGINT) <- [31]
2025-12-14 23:59:56.046 [http-nio-8040-exec-10] DEBUG org.hibernate.SQL - 
    select
        ba1_0.id,
        ba1_0.account_holder_name,
        ba1_0.account_number,
        ba1_0.bank_name,
        ba1_0.created_at,
        ba1_0.employee_id,
        ba1_0.ifsc_code,
        ba1_0.is_primary,
        ba1_0.owner_type,
        ba1_0.updated_at,
        ba1_0.vendor_id 
    from
        bank_accounts ba1_0 
    where
        ba1_0.employee_id=?
2025-12-14 23:59:56.048 [http-nio-8040-exec-10] TRACE org.hibernate.orm.jdbc.bind - binding parameter (1:BIGINT) <- [35]
2025-12-14 23:59:56.048 [http-nio-8040-exec-10] DEBUG org.hibernate.SQL - 
    select
        ba1_0.id,
        ba1_0.account_holder_name,
        ba1_0.account_number,
        ba1_0.bank_name,
        ba1_0.created_at,
        ba1_0.employee_id,
        ba1_0.ifsc_code,
        ba1_0.is_primary,
        ba1_0.owner_type,
        ba1_0.updated_at,
        ba1_0.vendor_id 
    from
        bank_accounts ba1_0 
    where
        ba1_0.employee_id=?
2025-12-14 23:59:56.049 [http-nio-8040-exec-10] TRACE org.hibernate.orm.jdbc.bind - binding parameter (1:BIGINT) <- [20]
2025-12-14 23:59:56.049 [http-nio-8040-exec-10] DEBUG org.hibernate.SQL - 
    select
        ba1_0.id,
        ba1_0.account_holder_name,
        ba1_0.account_number,
        ba1_0.bank_name,
        ba1_0.created_at,
        ba1_0.employee_id,
        ba1_0.ifsc_code,
        ba1_0.is_primary,
        ba1_0.owner_type,
        ba1_0.updated_at,
        ba1_0.vendor_id 
    from
        bank_accounts ba1_0 
    where
        ba1_0.employee_id=?
2025-12-14 23:59:56.049 [http-nio-8040-exec-10] TRACE org.hibernate.orm.jdbc.bind - binding parameter (1:BIGINT) <- [17]
2025-12-14 23:59:56.051 [http-nio-8040-exec-10] DEBUG org.hibernate.SQL - 
    select
        ba1_0.id,
        ba1_0.account_holder_name,
        ba1_0.account_number,
        ba1_0.bank_name,
        ba1_0.created_at,
        ba1_0.employee_id,
        ba1_0.ifsc_code,
        ba1_0.is_primary,
        ba1_0.owner_type,
        ba1_0.updated_at,
        ba1_0.vendor_id 
    from
        bank_accounts ba1_0 
    where
        ba1_0.employee_id=?
2025-12-14 23:59:56.051 [http-nio-8040-exec-10] TRACE org.hibernate.orm.jdbc.bind - binding parameter (1:BIGINT) <- [24]
2025-12-14 23:59:56.052 [http-nio-8040-exec-10] DEBUG org.hibernate.SQL - 
    select
        ba1_0.id,
        ba1_0.account_holder_name,
        ba1_0.account_number,
        ba1_0.bank_name,
        ba1_0.created_at,
        ba1_0.employee_id,
        ba1_0.ifsc_code,
        ba1_0.is_primary,
        ba1_0.owner_type,
        ba1_0.updated_at,
        ba1_0.vendor_id 
    from
        bank_accounts ba1_0 
    where
        ba1_0.employee_id=?
2025-12-14 23:59:56.053 [http-nio-8040-exec-10] TRACE org.hibernate.orm.jdbc.bind - binding parameter (1:BIGINT) <- [38]
2025-12-14 23:59:56.054 [http-nio-8040-exec-10] DEBUG org.hibernate.SQL - 
    select
        ba1_0.id,
        ba1_0.account_holder_name,
        ba1_0.account_number,
        ba1_0.bank_name,
        ba1_0.created_at,
        ba1_0.employee_id,
        ba1_0.ifsc_code,
        ba1_0.is_primary,
        ba1_0.owner_type,
        ba1_0.updated_at,
        ba1_0.vendor_id 
    from
        bank_accounts ba1_0 
    where
        ba1_0.employee_id=?
2025-12-14 23:59:56.054 [http-nio-8040-exec-10] TRACE org.hibernate.orm.jdbc.bind - binding parameter (1:BIGINT) <- [6]
2025-12-14 23:59:56.055 [http-nio-8040-exec-10] DEBUG org.hibernate.SQL - 
    select
        ba1_0.id,
        ba1_0.account_holder_name,
        ba1_0.account_number,
        ba1_0.bank_name,
        ba1_0.created_at,
        ba1_0.employee_id,
        ba1_0.ifsc_code,
        ba1_0.is_primary,
        ba1_0.owner_type,
        ba1_0.updated_at,
        ba1_0.vendor_id 
    from
        bank_accounts ba1_0 
    where
        ba1_0.employee_id=?
2025-12-14 23:59:56.055 [http-nio-8040-exec-10] TRACE org.hibernate.orm.jdbc.bind - binding parameter (1:BIGINT) <- [39]
2025-12-14 23:59:56.056 [http-nio-8040-exec-10] DEBUG org.hibernate.SQL - 
    select
        ba1_0.id,
        ba1_0.account_holder_name,
        ba1_0.account_number,
        ba1_0.bank_name,
        ba1_0.created_at,
        ba1_0.employee_id,
        ba1_0.ifsc_code,
        ba1_0.is_primary,
        ba1_0.owner_type,
        ba1_0.updated_at,
        ba1_0.vendor_id 
    from
        bank_accounts ba1_0 
    where
        ba1_0.employee_id=?
2025-12-14 23:59:56.057 [http-nio-8040-exec-10] TRACE org.hibernate.orm.jdbc.bind - binding parameter (1:BIGINT) <- [9]
2025-12-14 23:59:56.058 [http-nio-8040-exec-10] DEBUG org.hibernate.SQL - 
    select
        ba1_0.id,
        ba1_0.account_holder_name,
        ba1_0.account_number,
        ba1_0.bank_name,
        ba1_0.created_at,
        ba1_0.employee_id,
        ba1_0.ifsc_code,
        ba1_0.is_primary,
        ba1_0.owner_type,
        ba1_0.updated_at,
        ba1_0.vendor_id 
    from
        bank_accounts ba1_0 
    where
        ba1_0.employee_id=?
2025-12-14 23:59:56.058 [http-nio-8040-exec-10] TRACE org.hibernate.orm.jdbc.bind - binding parameter (1:BIGINT) <- [28]
2025-12-14 23:59:56.059 [http-nio-8040-exec-10] DEBUG org.hibernate.SQL - 
    select
        ba1_0.id,
        ba1_0.account_holder_name,
        ba1_0.account_number,
        ba1_0.bank_name,
        ba1_0.created_at,
        ba1_0.employee_id,
        ba1_0.ifsc_code,
        ba1_0.is_primary,
        ba1_0.owner_type,
        ba1_0.updated_at,
        ba1_0.vendor_id 
    from
        bank_accounts ba1_0 
    where
        ba1_0.employee_id=?
2025-12-14 23:59:56.059 [http-nio-8040-exec-10] TRACE org.hibernate.orm.jdbc.bind - binding parameter (1:BIGINT) <- [40]
2025-12-14 23:59:56.060 [http-nio-8040-exec-10] DEBUG org.hibernate.SQL - 
    select
        ba1_0.id,
        ba1_0.account_holder_name,
        ba1_0.account_number,
        ba1_0.bank_name,
        ba1_0.created_at,
        ba1_0.employee_id,
        ba1_0.ifsc_code,
        ba1_0.is_primary,
        ba1_0.owner_type,
        ba1_0.updated_at,
        ba1_0.vendor_id 
    from
        bank_accounts ba1_0 
    where
        ba1_0.employee_id=?
2025-12-14 23:59:56.061 [http-nio-8040-exec-10] TRACE org.hibernate.orm.jdbc.bind - binding parameter (1:BIGINT) <- [14]
2025-12-14 23:59:56.062 [http-nio-8040-exec-10] DEBUG org.hibernate.SQL - 
    select
        ba1_0.id,
        ba1_0.account_holder_name,
        ba1_0.account_number,
        ba1_0.bank_name,
        ba1_0.created_at,
        ba1_0.employee_id,
        ba1_0.ifsc_code,
        ba1_0.is_primary,
        ba1_0.owner_type,
        ba1_0.updated_at,
        ba1_0.vendor_id 
    from
        bank_accounts ba1_0 
    where
        ba1_0.employee_id=?
2025-12-14 23:59:56.063 [http-nio-8040-exec-10] TRACE org.hibernate.orm.jdbc.bind - binding parameter (1:BIGINT) <- [32]
2025-12-14 23:59:56.063 [http-nio-8040-exec-10] DEBUG org.hibernate.SQL - 
    select
        ba1_0.id,
        ba1_0.account_holder_name,
        ba1_0.account_number,
        ba1_0.bank_name,
        ba1_0.created_at,
        ba1_0.employee_id,
        ba1_0.ifsc_code,
        ba1_0.is_primary,
        ba1_0.owner_type,
        ba1_0.updated_at,
        ba1_0.vendor_id 
    from
        bank_accounts ba1_0 
    where
        ba1_0.employee_id=?
2025-12-14 23:59:56.063 [http-nio-8040-exec-10] TRACE org.hibernate.orm.jdbc.bind - binding parameter (1:BIGINT) <- [18]
2025-12-14 23:59:56.065 [http-nio-8040-exec-10] DEBUG org.hibernate.SQL - 
    select
        ba1_0.id,
        ba1_0.account_holder_name,
        ba1_0.account_number,
        ba1_0.bank_name,
        ba1_0.created_at,
        ba1_0.employee_id,
        ba1_0.ifsc_code,
        ba1_0.is_primary,
        ba1_0.owner_type,
        ba1_0.updated_at,
        ba1_0.vendor_id 
    from
        bank_accounts ba1_0 
    where
        ba1_0.employee_id=?
2025-12-14 23:59:56.065 [http-nio-8040-exec-10] TRACE org.hibernate.orm.jdbc.bind - binding parameter (1:BIGINT) <- [22]
2025-12-14 23:59:56.066 [http-nio-8040-exec-10] DEBUG org.hibernate.SQL - 
    select
        ba1_0.id,
        ba1_0.account_holder_name,
        ba1_0.account_number,
        ba1_0.bank_name,
        ba1_0.created_at,
        ba1_0.employee_id,
        ba1_0.ifsc_code,
        ba1_0.is_primary,
        ba1_0.owner_type,
        ba1_0.updated_at,
        ba1_0.vendor_id 
    from
        bank_accounts ba1_0 
    where
        ba1_0.employee_id=?
2025-12-14 23:59:56.067 [http-nio-8040-exec-10] TRACE org.hibernate.orm.jdbc.bind - binding parameter (1:BIGINT) <- [36]
2025-12-14 23:59:56.068 [http-nio-8040-exec-10] DEBUG org.hibernate.SQL - 
    select
        ba1_0.id,
        ba1_0.account_holder_name,
        ba1_0.account_number,
        ba1_0.bank_name,
        ba1_0.created_at,
        ba1_0.employee_id,
        ba1_0.ifsc_code,
        ba1_0.is_primary,
        ba1_0.owner_type,
        ba1_0.updated_at,
        ba1_0.vendor_id 
    from
        bank_accounts ba1_0 
    where
        ba1_0.employee_id=?
2025-12-14 23:59:56.069 [http-nio-8040-exec-10] TRACE org.hibernate.orm.jdbc.bind - binding parameter (1:BIGINT) <- [21]
2025-12-14 23:59:56.070 [http-nio-8040-exec-10] DEBUG org.hibernate.SQL - 
    select
        ba1_0.id,
        ba1_0.account_holder_name,
        ba1_0.account_number,
        ba1_0.bank_name,
        ba1_0.created_at,
        ba1_0.employee_id,
        ba1_0.ifsc_code,
        ba1_0.is_primary,
        ba1_0.owner_type,
        ba1_0.updated_at,
        ba1_0.vendor_id 
    from
        bank_accounts ba1_0 
    where
        ba1_0.employee_id=?
2025-12-14 23:59:56.070 [http-nio-8040-exec-10] TRACE org.hibernate.orm.jdbc.bind - binding parameter (1:BIGINT) <- [25]
2025-12-14 23:59:56.071 [http-nio-8040-exec-10] DEBUG org.hibernate.SQL - 
    select
        ba1_0.id,
        ba1_0.account_holder_name,
        ba1_0.account_number,
        ba1_0.bank_name,
        ba1_0.created_at,
        ba1_0.employee_id,
        ba1_0.ifsc_code,
        ba1_0.is_primary,
        ba1_0.owner_type,
        ba1_0.updated_at,
        ba1_0.vendor_id 
    from
        bank_accounts ba1_0 
    where
        ba1_0.employee_id=?
2025-12-14 23:59:56.071 [http-nio-8040-exec-10] TRACE org.hibernate.orm.jdbc.bind - binding parameter (1:BIGINT) <- [26]
2025-12-14 23:59:56.072 [http-nio-8040-exec-10] DEBUG org.hibernate.SQL - 
    select
        ba1_0.id,
        ba1_0.account_holder_name,
        ba1_0.account_number,
        ba1_0.bank_name,
        ba1_0.created_at,
        ba1_0.employee_id,
        ba1_0.ifsc_code,
        ba1_0.is_primary,
        ba1_0.owner_type,
        ba1_0.updated_at,
        ba1_0.vendor_id 
    from
        bank_accounts ba1_0 
    where
        ba1_0.employee_id=?
2025-12-14 23:59:56.072 [http-nio-8040-exec-10] TRACE org.hibernate.orm.jdbc.bind - binding parameter (1:BIGINT) <- [29]
2025-12-14 23:59:56.073 [http-nio-8040-exec-10] DEBUG org.hibernate.SQL - 
    select
        ba1_0.id,
        ba1_0.account_holder_name,
        ba1_0.account_number,
        ba1_0.bank_name,
        ba1_0.created_at,
        ba1_0.employee_id,
        ba1_0.ifsc_code,
        ba1_0.is_primary,
        ba1_0.owner_type,
        ba1_0.updated_at,
        ba1_0.vendor_id 
    from
        bank_accounts ba1_0 
    where
        ba1_0.employee_id=?
2025-12-14 23:59:56.074 [http-nio-8040-exec-10] TRACE org.hibernate.orm.jdbc.bind - binding parameter (1:BIGINT) <- [34]
2025-12-14 23:59:56.075 [http-nio-8040-exec-10] DEBUG org.hibernate.SQL - 
    select
        ba1_0.id,
        ba1_0.account_holder_name,
        ba1_0.account_number,
        ba1_0.bank_name,
        ba1_0.created_at,
        ba1_0.employee_id,
        ba1_0.ifsc_code,
        ba1_0.is_primary,
        ba1_0.owner_type,
        ba1_0.updated_at,
        ba1_0.vendor_id 
    from
        bank_accounts ba1_0 
    where
        ba1_0.employee_id=?
2025-12-14 23:59:56.075 [http-nio-8040-exec-10] TRACE org.hibernate.orm.jdbc.bind - binding parameter (1:BIGINT) <- [30]
2025-12-14 23:59:56.076 [http-nio-8040-exec-10] DEBUG org.hibernate.SQL - 
    select
        ba1_0.id,
        ba1_0.account_holder_name,
        ba1_0.account_number,
        ba1_0.bank_name,
        ba1_0.created_at,
        ba1_0.employee_id,
        ba1_0.ifsc_code,
        ba1_0.is_primary,
        ba1_0.owner_type,
        ba1_0.updated_at,
        ba1_0.vendor_id 
    from
        bank_accounts ba1_0 
    where
        ba1_0.employee_id=?
2025-12-14 23:59:56.076 [http-nio-8040-exec-10] TRACE org.hibernate.orm.jdbc.bind - binding parameter (1:BIGINT) <- [33]
2025-12-14 23:59:56.077 [http-nio-8040-exec-10] DEBUG org.hibernate.SQL - 
    select
        ba1_0.id,
        ba1_0.account_holder_name,
        ba1_0.account_number,
        ba1_0.bank_name,
        ba1_0.created_at,
        ba1_0.employee_id,
        ba1_0.ifsc_code,
        ba1_0.is_primary,
        ba1_0.owner_type,
        ba1_0.updated_at,
        ba1_0.vendor_id 
    from
        bank_accounts ba1_0 
    where
        ba1_0.employee_id=?
2025-12-14 23:59:56.077 [http-nio-8040-exec-10] TRACE org.hibernate.orm.jdbc.bind - binding parameter (1:BIGINT) <- [37]
2025-12-14 23:59:56.078 [http-nio-8040-exec-10] DEBUG org.hibernate.SQL - 
    select
        ba1_0.id,
        ba1_0.account_holder_name,
        ba1_0.account_number,
        ba1_0.bank_name,
        ba1_0.created_at,
        ba1_0.employee_id,
        ba1_0.ifsc_code,
        ba1_0.is_primary,
        ba1_0.owner_type,
        ba1_0.updated_at,
        ba1_0.vendor_id 
    from
        bank_accounts ba1_0 
    where
        ba1_0.employee_id=?
2025-12-14 23:59:56.078 [http-nio-8040-exec-10] TRACE org.hibernate.orm.jdbc.bind - binding parameter (1:BIGINT) <- [41]
2025-12-14 23:59:56.079 [http-nio-8040-exec-10] DEBUG org.hibernate.SQL - 
    select
        ba1_0.id,
        ba1_0.account_holder_name,
        ba1_0.account_number,
        ba1_0.bank_name,
        ba1_0.created_at,
        ba1_0.employee_id,
        ba1_0.ifsc_code,
        ba1_0.is_primary,
        ba1_0.owner_type,
        ba1_0.updated_at,
        ba1_0.vendor_id 
    from
        bank_accounts ba1_0 
    where
        ba1_0.employee_id=?
2025-12-14 23:59:56.079 [http-nio-8040-exec-10] TRACE org.hibernate.orm.jdbc.bind - binding parameter (1:BIGINT) <- [42]
2025-12-14 23:59:56.080 [http-nio-8040-exec-10] DEBUG org.hibernate.SQL - 
    select
        ba1_0.id,
        ba1_0.account_holder_name,
        ba1_0.account_number,
        ba1_0.bank_name,
        ba1_0.created_at,
        ba1_0.employee_id,
        ba1_0.ifsc_code,
        ba1_0.is_primary,
        ba1_0.owner_type,
        ba1_0.updated_at,
        ba1_0.vendor_id 
    from
        bank_accounts ba1_0 
    where
        ba1_0.employee_id=?
2025-12-14 23:59:56.081 [http-nio-8040-exec-10] TRACE org.hibernate.orm.jdbc.bind - binding parameter (1:BIGINT) <- [43]
2025-12-14 23:59:56.082 [http-nio-8040-exec-10] DEBUG org.hibernate.SQL - 
    select
        ba1_0.id,
        ba1_0.account_holder_name,
        ba1_0.account_number,
        ba1_0.bank_name,
        ba1_0.created_at,
        ba1_0.employee_id,
        ba1_0.ifsc_code,
        ba1_0.is_primary,
        ba1_0.owner_type,
        ba1_0.updated_at,
        ba1_0.vendor_id 
    from
        bank_accounts ba1_0 
    where
        ba1_0.employee_id=?
2025-12-14 23:59:56.083 [http-nio-8040-exec-10] TRACE org.hibernate.orm.jdbc.bind - binding parameter (1:BIGINT) <- [44]
2025-12-14 23:59:56.084 [http-nio-8040-exec-10] DEBUG org.hibernate.SQL - 
    select
        ba1_0.id,
        ba1_0.account_holder_name,
        ba1_0.account_number,
        ba1_0.bank_name,
        ba1_0.created_at,
        ba1_0.employee_id,
        ba1_0.ifsc_code,
        ba1_0.is_primary,
        ba1_0.owner_type,
        ba1_0.updated_at,
        ba1_0.vendor_id 
    from
        bank_accounts ba1_0 
    where
        ba1_0.employee_id=?
2025-12-14 23:59:56.084 [http-nio-8040-exec-10] TRACE org.hibernate.orm.jdbc.bind - binding parameter (1:BIGINT) <- [45]
2025-12-14 23:59:56.084 [http-nio-8040-exec-10] DEBUG org.hibernate.SQL - 
    select
        ba1_0.id,
        ba1_0.account_holder_name,
        ba1_0.account_number,
        ba1_0.bank_name,
        ba1_0.created_at,
        ba1_0.employee_id,
        ba1_0.ifsc_code,
        ba1_0.is_primary,
        ba1_0.owner_type,
        ba1_0.updated_at,
        ba1_0.vendor_id 
    from
        bank_accounts ba1_0 
    where
        ba1_0.employee_id=?
2025-12-14 23:59:56.086 [http-nio-8040-exec-10] TRACE org.hibernate.orm.jdbc.bind - binding parameter (1:BIGINT) <- [46]
2025-12-14 23:59:56.087 [http-nio-8040-exec-10] DEBUG org.hibernate.SQL - 
    select
        ba1_0.id,
        ba1_0.account_holder_name,
        ba1_0.account_number,
        ba1_0.bank_name,
        ba1_0.created_at,
        ba1_0.employee_id,
        ba1_0.ifsc_code,
        ba1_0.is_primary,
        ba1_0.owner_type,
        ba1_0.updated_at,
        ba1_0.vendor_id 
    from
        bank_accounts ba1_0 
    where
        ba1_0.employee_id=?
2025-12-14 23:59:56.087 [http-nio-8040-exec-10] TRACE org.hibernate.orm.jdbc.bind - binding parameter (1:BIGINT) <- [47]
2025-12-14 23:59:56.088 [http-nio-8040-exec-10] DEBUG org.hibernate.SQL - 
    select
        ba1_0.id,
        ba1_0.account_holder_name,
        ba1_0.account_number,
        ba1_0.bank_name,
        ba1_0.created_at,
        ba1_0.employee_id,
        ba1_0.ifsc_code,
        ba1_0.is_primary,
        ba1_0.owner_type,
        ba1_0.updated_at,
        ba1_0.vendor_id 
    from
        bank_accounts ba1_0 
    where
        ba1_0.employee_id=?
2025-12-14 23:59:56.088 [http-nio-8040-exec-10] TRACE org.hibernate.orm.jdbc.bind - binding parameter (1:BIGINT) <- [48]
2025-12-14 23:59:56.088 [http-nio-8040-exec-10] DEBUG org.hibernate.SQL - 
    select
        ba1_0.id,
        ba1_0.account_holder_name,
        ba1_0.account_number,
        ba1_0.bank_name,
        ba1_0.created_at,
        ba1_0.employee_id,
        ba1_0.ifsc_code,
        ba1_0.is_primary,
        ba1_0.owner_type,
        ba1_0.updated_at,
        ba1_0.vendor_id 
    from
        bank_accounts ba1_0 
    where
        ba1_0.employee_id=?
2025-12-14 23:59:56.088 [http-nio-8040-exec-10] TRACE org.hibernate.orm.jdbc.bind - binding parameter (1:BIGINT) <- [49]
2025-12-14 23:59:56.090 [http-nio-8040-exec-10] DEBUG org.hibernate.SQL - 
    select
        ba1_0.id,
        ba1_0.account_holder_name,
        ba1_0.account_number,
        ba1_0.bank_name,
        ba1_0.created_at,
        ba1_0.employee_id,
        ba1_0.ifsc_code,
        ba1_0.is_primary,
        ba1_0.owner_type,
        ba1_0.updated_at,
        ba1_0.vendor_id 
    from
        bank_accounts ba1_0 
    where
        ba1_0.employee_id=?
2025-12-14 23:59:56.090 [http-nio-8040-exec-10] TRACE org.hibernate.orm.jdbc.bind - binding parameter (1:BIGINT) <- [50]
2025-12-14 23:59:56.090 [http-nio-8040-exec-10] DEBUG org.hibernate.SQL - 
    select
        ba1_0.id,
        ba1_0.account_holder_name,
        ba1_0.account_number,
        ba1_0.bank_name,
        ba1_0.created_at,
        ba1_0.employee_id,
        ba1_0.ifsc_code,
        ba1_0.is_primary,
        ba1_0.owner_type,
        ba1_0.updated_at,
        ba1_0.vendor_id 
    from
        bank_accounts ba1_0 
    where
        ba1_0.employee_id=?
2025-12-14 23:59:56.090 [http-nio-8040-exec-10] TRACE org.hibernate.orm.jdbc.bind - binding parameter (1:BIGINT) <- [51]
2025-12-14 23:59:56.091 [http-nio-8040-exec-10] DEBUG org.hibernate.SQL - 
    select
        ba1_0.id,
        ba1_0.account_holder_name,
        ba1_0.account_number,
        ba1_0.bank_name,
        ba1_0.created_at,
        ba1_0.employee_id,
        ba1_0.ifsc_code,
        ba1_0.is_primary,
        ba1_0.owner_type,
        ba1_0.updated_at,
        ba1_0.vendor_id 
    from
        bank_accounts ba1_0 
    where
        ba1_0.employee_id=?
2025-12-14 23:59:56.092 [http-nio-8040-exec-10] TRACE org.hibernate.orm.jdbc.bind - binding parameter (1:BIGINT) <- [52]
2025-12-14 23:59:56.093 [http-nio-8040-exec-10] DEBUG org.hibernate.SQL - 
    select
        ba1_0.id,
        ba1_0.account_holder_name,
        ba1_0.account_number,
        ba1_0.bank_name,
        ba1_0.created_at,
        ba1_0.employee_id,
        ba1_0.ifsc_code,
        ba1_0.is_primary,
        ba1_0.owner_type,
        ba1_0.updated_at,
        ba1_0.vendor_id 
    from
        bank_accounts ba1_0 
    where
        ba1_0.employee_id=?
2025-12-14 23:59:56.093 [http-nio-8040-exec-10] TRACE org.hibernate.orm.jdbc.bind - binding parameter (1:BIGINT) <- [53]
2025-12-14 23:59:56.094 [http-nio-8040-exec-10] DEBUG org.hibernate.SQL - 
    select
        ba1_0.id,
        ba1_0.account_holder_name,
        ba1_0.account_number,
        ba1_0.bank_name,
        ba1_0.created_at,
        ba1_0.employee_id,
        ba1_0.ifsc_code,
        ba1_0.is_primary,
        ba1_0.owner_type,
        ba1_0.updated_at,
        ba1_0.vendor_id 
    from
        bank_accounts ba1_0 
    where
        ba1_0.employee_id=?
2025-12-14 23:59:56.094 [http-nio-8040-exec-10] TRACE org.hibernate.orm.jdbc.bind - binding parameter (1:BIGINT) <- [54]
2025-12-14 23:59:56.095 [http-nio-8040-exec-10] DEBUG org.hibernate.SQL - 
    select
        ba1_0.id,
        ba1_0.account_holder_name,
        ba1_0.account_number,
        ba1_0.bank_name,
        ba1_0.created_at,
        ba1_0.employee_id,
        ba1_0.ifsc_code,
        ba1_0.is_primary,
        ba1_0.owner_type,
        ba1_0.updated_at,
        ba1_0.vendor_id 
    from
        bank_accounts ba1_0 
    where
        ba1_0.employee_id=?
2025-12-14 23:59:56.095 [http-nio-8040-exec-10] TRACE org.hibernate.orm.jdbc.bind - binding parameter (1:BIGINT) <- [55]
2025-12-14 23:59:56.096 [http-nio-8040-exec-10] DEBUG org.hibernate.SQL - 
    select
        ba1_0.id,
        ba1_0.account_holder_name,
        ba1_0.account_number,
        ba1_0.bank_name,
        ba1_0.created_at,
        ba1_0.employee_id,
        ba1_0.ifsc_code,
        ba1_0.is_primary,
        ba1_0.owner_type,
        ba1_0.updated_at,
        ba1_0.vendor_id 
    from
        bank_accounts ba1_0 
    where
        ba1_0.employee_id=?
2025-12-14 23:59:56.096 [http-nio-8040-exec-10] TRACE org.hibernate.orm.jdbc.bind - binding parameter (1:BIGINT) <- [56]
2025-12-14 23:59:56.098 [http-nio-8040-exec-10] DEBUG org.hibernate.SQL - 
    select
        ba1_0.id,
        ba1_0.account_holder_name,
        ba1_0.account_number,
        ba1_0.bank_name,
        ba1_0.created_at,
        ba1_0.employee_id,
        ba1_0.ifsc_code,
        ba1_0.is_primary,
        ba1_0.owner_type,
        ba1_0.updated_at,
        ba1_0.vendor_id 
    from
        bank_accounts ba1_0 
    where
        ba1_0.employee_id=?
2025-12-14 23:59:56.099 [http-nio-8040-exec-10] TRACE org.hibernate.orm.jdbc.bind - binding parameter (1:BIGINT) <- [57]
2025-12-14 23:59:56.100 [http-nio-8040-exec-10] DEBUG org.hibernate.SQL - 
    select
        ba1_0.id,
        ba1_0.account_holder_name,
        ba1_0.account_number,
        ba1_0.bank_name,
        ba1_0.created_at,
        ba1_0.employee_id,
        ba1_0.ifsc_code,
        ba1_0.is_primary,
        ba1_0.owner_type,
        ba1_0.updated_at,
        ba1_0.vendor_id 
    from
        bank_accounts ba1_0 
    where
        ba1_0.employee_id=?
2025-12-14 23:59:56.100 [http-nio-8040-exec-10] TRACE org.hibernate.orm.jdbc.bind - binding parameter (1:BIGINT) <- [58]
2025-12-14 23:59:56.101 [http-nio-8040-exec-10] DEBUG org.hibernate.SQL - 
    select
        ba1_0.id,
        ba1_0.account_holder_name,
        ba1_0.account_number,
        ba1_0.bank_name,
        ba1_0.created_at,
        ba1_0.employee_id,
        ba1_0.ifsc_code,
        ba1_0.is_primary,
        ba1_0.owner_type,
        ba1_0.updated_at,
        ba1_0.vendor_id 
    from
        bank_accounts ba1_0 
    where
        ba1_0.employee_id=?
2025-12-14 23:59:56.101 [http-nio-8040-exec-10] TRACE org.hibernate.orm.jdbc.bind - binding parameter (1:BIGINT) <- [59]
2025-12-14 23:59:56.102 [http-nio-8040-exec-10] DEBUG org.hibernate.SQL - 
    select
        ba1_0.id,
        ba1_0.account_holder_name,
        ba1_0.account_number,
        ba1_0.bank_name,
        ba1_0.created_at,
        ba1_0.employee_id,
        ba1_0.ifsc_code,
        ba1_0.is_primary,
        ba1_0.owner_type,
        ba1_0.updated_at,
        ba1_0.vendor_id 
    from
        bank_accounts ba1_0 
    where
        ba1_0.employee_id=?
2025-12-14 23:59:56.102 [http-nio-8040-exec-10] TRACE org.hibernate.orm.jdbc.bind - binding parameter (1:BIGINT) <- [60]
2025-12-14 23:59:56.103 [http-nio-8040-exec-10] DEBUG org.hibernate.SQL - 
    select
        ba1_0.id,
        ba1_0.account_holder_name,
        ba1_0.account_number,
        ba1_0.bank_name,
        ba1_0.created_at,
        ba1_0.employee_id,
        ba1_0.ifsc_code,
        ba1_0.is_primary,
        ba1_0.owner_type,
        ba1_0.updated_at,
        ba1_0.vendor_id 
    from
        bank_accounts ba1_0 
    where
        ba1_0.employee_id=?
2025-12-14 23:59:56.103 [http-nio-8040-exec-10] TRACE org.hibernate.orm.jdbc.bind - binding parameter (1:BIGINT) <- [61]
2025-12-14 23:59:56.104 [http-nio-8040-exec-10] DEBUG org.hibernate.SQL - 
    select
        ba1_0.id,
        ba1_0.account_holder_name,
        ba1_0.account_number,
        ba1_0.bank_name,
        ba1_0.created_at,
        ba1_0.employee_id,
        ba1_0.ifsc_code,
        ba1_0.is_primary,
        ba1_0.owner_type,
        ba1_0.updated_at,
        ba1_0.vendor_id 
    from
        bank_accounts ba1_0 
    where
        ba1_0.employee_id=?
2025-12-14 23:59:56.104 [http-nio-8040-exec-10] TRACE org.hibernate.orm.jdbc.bind - binding parameter (1:BIGINT) <- [62]
2025-12-14 23:59:56.105 [http-nio-8040-exec-10] DEBUG org.hibernate.SQL - 
    select
        ba1_0.id,
        ba1_0.account_holder_name,
        ba1_0.account_number,
        ba1_0.bank_name,
        ba1_0.created_at,
        ba1_0.employee_id,
        ba1_0.ifsc_code,
        ba1_0.is_primary,
        ba1_0.owner_type,
        ba1_0.updated_at,
        ba1_0.vendor_id 
    from
        bank_accounts ba1_0 
    where
        ba1_0.employee_id=?
2025-12-14 23:59:56.106 [http-nio-8040-exec-10] TRACE org.hibernate.orm.jdbc.bind - binding parameter (1:BIGINT) <- [63]
2025-12-14 23:59:56.106 [http-nio-8040-exec-10] DEBUG org.hibernate.SQL - 
    select
        ba1_0.id,
        ba1_0.account_holder_name,
        ba1_0.account_number,
        ba1_0.bank_name,
        ba1_0.created_at,
        ba1_0.employee_id,
        ba1_0.ifsc_code,
        ba1_0.is_primary,
        ba1_0.owner_type,
        ba1_0.updated_at,
        ba1_0.vendor_id 
    from
        bank_accounts ba1_0 
    where
        ba1_0.employee_id=?
2025-12-14 23:59:56.106 [http-nio-8040-exec-10] TRACE org.hibernate.orm.jdbc.bind - binding parameter (1:BIGINT) <- [64]
2025-12-14 23:59:56.108 [http-nio-8040-exec-10] DEBUG org.hibernate.SQL - 
    select
        ba1_0.id,
        ba1_0.account_holder_name,
        ba1_0.account_number,
        ba1_0.bank_name,
        ba1_0.created_at,
        ba1_0.employee_id,
        ba1_0.ifsc_code,
        ba1_0.is_primary,
        ba1_0.owner_type,
        ba1_0.updated_at,
        ba1_0.vendor_id 
    from
        bank_accounts ba1_0 
    where
        ba1_0.employee_id=?
2025-12-14 23:59:56.108 [http-nio-8040-exec-10] TRACE org.hibernate.orm.jdbc.bind - binding parameter (1:BIGINT) <- [65]
2025-12-14 23:59:56.109 [http-nio-8040-exec-10] DEBUG org.hibernate.SQL - 
    select
        ba1_0.id,
        ba1_0.account_holder_name,
        ba1_0.account_number,
        ba1_0.bank_name,
        ba1_0.created_at,
        ba1_0.employee_id,
        ba1_0.ifsc_code,
        ba1_0.is_primary,
        ba1_0.owner_type,
        ba1_0.updated_at,
        ba1_0.vendor_id 
    from
        bank_accounts ba1_0 
    where
        ba1_0.employee_id=?
2025-12-14 23:59:56.109 [http-nio-8040-exec-10] TRACE org.hibernate.orm.jdbc.bind - binding parameter (1:BIGINT) <- [66]
2025-12-14 23:59:56.110 [http-nio-8040-exec-10] DEBUG org.hibernate.SQL - 
    select
        ba1_0.id,
        ba1_0.account_holder_name,
        ba1_0.account_number,
        ba1_0.bank_name,
        ba1_0.created_at,
        ba1_0.employee_id,
        ba1_0.ifsc_code,
        ba1_0.is_primary,
        ba1_0.owner_type,
        ba1_0.updated_at,
        ba1_0.vendor_id 
    from
        bank_accounts ba1_0 
    where
        ba1_0.employee_id=?
2025-12-14 23:59:56.111 [http-nio-8040-exec-10] TRACE org.hibernate.orm.jdbc.bind - binding parameter (1:BIGINT) <- [67]
2025-12-14 23:59:56.112 [http-nio-8040-exec-10] DEBUG org.hibernate.SQL - 
    select
        ba1_0.id,
        ba1_0.account_holder_name,
        ba1_0.account_number,
        ba1_0.bank_name,
        ba1_0.created_at,
        ba1_0.employee_id,
        ba1_0.ifsc_code,
        ba1_0.is_primary,
        ba1_0.owner_type,
        ba1_0.updated_at,
        ba1_0.vendor_id 
    from
        bank_accounts ba1_0 
    where
        ba1_0.employee_id=?
2025-12-14 23:59:56.112 [http-nio-8040-exec-10] TRACE org.hibernate.orm.jdbc.bind - binding parameter (1:BIGINT) <- [68]
2025-12-14 23:59:56.114 [http-nio-8040-exec-10] DEBUG org.hibernate.SQL - 
    select
        ba1_0.id,
        ba1_0.account_holder_name,
        ba1_0.account_number,
        ba1_0.bank_name,
        ba1_0.created_at,
        ba1_0.employee_id,
        ba1_0.ifsc_code,
        ba1_0.is_primary,
        ba1_0.owner_type,
        ba1_0.updated_at,
        ba1_0.vendor_id 
    from
        bank_accounts ba1_0 
    where
        ba1_0.employee_id=?
2025-12-14 23:59:56.114 [http-nio-8040-exec-10] TRACE org.hibernate.orm.jdbc.bind - binding parameter (1:BIGINT) <- [69]
2025-12-14 23:59:56.115 [http-nio-8040-exec-10] DEBUG org.hibernate.SQL - 
    select
        ba1_0.id,
        ba1_0.account_holder_name,
        ba1_0.account_number,
        ba1_0.bank_name,
        ba1_0.created_at,
        ba1_0.employee_id,
        ba1_0.ifsc_code,
        ba1_0.is_primary,
        ba1_0.owner_type,
        ba1_0.updated_at,
        ba1_0.vendor_id 
    from
        bank_accounts ba1_0 
    where
        ba1_0.employee_id=?
2025-12-14 23:59:56.115 [http-nio-8040-exec-10] TRACE org.hibernate.orm.jdbc.bind - binding parameter (1:BIGINT) <- [70]
2025-12-14 23:59:56.115 [http-nio-8040-exec-10] DEBUG org.hibernate.SQL - 
    select
        ba1_0.id,
        ba1_0.account_holder_name,
        ba1_0.account_number,
        ba1_0.bank_name,
        ba1_0.created_at,
        ba1_0.employee_id,
        ba1_0.ifsc_code,
        ba1_0.is_primary,
        ba1_0.owner_type,
        ba1_0.updated_at,
        ba1_0.vendor_id 
    from
        bank_accounts ba1_0 
    where
        ba1_0.employee_id=?
2025-12-14 23:59:56.117 [http-nio-8040-exec-10] TRACE org.hibernate.orm.jdbc.bind - binding parameter (1:BIGINT) <- [71]
2025-12-14 23:59:56.118 [http-nio-8040-exec-10] DEBUG org.hibernate.SQL - 
    select
        ba1_0.id,
        ba1_0.account_holder_name,
        ba1_0.account_number,
        ba1_0.bank_name,
        ba1_0.created_at,
        ba1_0.employee_id,
        ba1_0.ifsc_code,
        ba1_0.is_primary,
        ba1_0.owner_type,
        ba1_0.updated_at,
        ba1_0.vendor_id 
    from
        bank_accounts ba1_0 
    where
        ba1_0.employee_id=?
2025-12-14 23:59:56.118 [http-nio-8040-exec-10] TRACE org.hibernate.orm.jdbc.bind - binding parameter (1:BIGINT) <- [72]
2025-12-14 23:59:56.119 [http-nio-8040-exec-10] DEBUG org.hibernate.SQL - 
    select
        ba1_0.id,
        ba1_0.account_holder_name,
        ba1_0.account_number,
        ba1_0.bank_name,
        ba1_0.created_at,
        ba1_0.employee_id,
        ba1_0.ifsc_code,
        ba1_0.is_primary,
        ba1_0.owner_type,
        ba1_0.updated_at,
        ba1_0.vendor_id 
    from
        bank_accounts ba1_0 
    where
        ba1_0.employee_id=?
2025-12-14 23:59:56.119 [http-nio-8040-exec-10] TRACE org.hibernate.orm.jdbc.bind - binding parameter (1:BIGINT) <- [73]
2025-12-14 23:59:56.120 [http-nio-8040-exec-10] DEBUG org.hibernate.SQL - 
    select
        ba1_0.id,
        ba1_0.account_holder_name,
        ba1_0.account_number,
        ba1_0.bank_name,
        ba1_0.created_at,
        ba1_0.employee_id,
        ba1_0.ifsc_code,
        ba1_0.is_primary,
        ba1_0.owner_type,
        ba1_0.updated_at,
        ba1_0.vendor_id 
    from
        bank_accounts ba1_0 
    where
        ba1_0.employee_id=?
2025-12-14 23:59:56.121 [http-nio-8040-exec-10] TRACE org.hibernate.orm.jdbc.bind - binding parameter (1:BIGINT) <- [74]
2025-12-14 23:59:56.122 [http-nio-8040-exec-10] DEBUG org.hibernate.SQL - 
    select
        ba1_0.id,
        ba1_0.account_holder_name,
        ba1_0.account_number,
        ba1_0.bank_name,
        ba1_0.created_at,
        ba1_0.employee_id,
        ba1_0.ifsc_code,
        ba1_0.is_primary,
        ba1_0.owner_type,
        ba1_0.updated_at,
        ba1_0.vendor_id 
    from
        bank_accounts ba1_0 
    where
        ba1_0.employee_id=?
2025-12-14 23:59:56.122 [http-nio-8040-exec-10] TRACE org.hibernate.orm.jdbc.bind - binding parameter (1:BIGINT) <- [75]
2025-12-14 23:59:56.123 [http-nio-8040-exec-10] DEBUG org.hibernate.SQL - 
    select
        ba1_0.id,
        ba1_0.account_holder_name,
        ba1_0.account_number,
        ba1_0.bank_name,
        ba1_0.created_at,
        ba1_0.employee_id,
        ba1_0.ifsc_code,
        ba1_0.is_primary,
        ba1_0.owner_type,
        ba1_0.updated_at,
        ba1_0.vendor_id 
    from
        bank_accounts ba1_0 
    where
        ba1_0.employee_id=?
2025-12-14 23:59:56.123 [http-nio-8040-exec-10] TRACE org.hibernate.orm.jdbc.bind - binding parameter (1:BIGINT) <- [76]
2025-12-14 23:59:56.125 [http-nio-8040-exec-10] DEBUG org.hibernate.SQL - 
    select
        ba1_0.id,
        ba1_0.account_holder_name,
        ba1_0.account_number,
        ba1_0.bank_name,
        ba1_0.created_at,
        ba1_0.employee_id,
        ba1_0.ifsc_code,
        ba1_0.is_primary,
        ba1_0.owner_type,
        ba1_0.updated_at,
        ba1_0.vendor_id 
    from
        bank_accounts ba1_0 
    where
        ba1_0.employee_id=?
2025-12-14 23:59:56.125 [http-nio-8040-exec-10] TRACE org.hibernate.orm.jdbc.bind - binding parameter (1:BIGINT) <- [77]
2025-12-14 23:59:56.126 [http-nio-8040-exec-10] DEBUG org.hibernate.SQL - 
    select
        ba1_0.id,
        ba1_0.account_holder_name,
        ba1_0.account_number,
        ba1_0.bank_name,
        ba1_0.created_at,
        ba1_0.employee_id,
        ba1_0.ifsc_code,
        ba1_0.is_primary,
        ba1_0.owner_type,
        ba1_0.updated_at,
        ba1_0.vendor_id 
    from
        bank_accounts ba1_0 
    where
        ba1_0.employee_id=?
2025-12-14 23:59:56.126 [http-nio-8040-exec-10] TRACE org.hibernate.orm.jdbc.bind - binding parameter (1:BIGINT) <- [78]
2025-12-14 23:59:56.127 [http-nio-8040-exec-10] DEBUG org.hibernate.SQL - 
    select
        ba1_0.id,
        ba1_0.account_holder_name,
        ba1_0.account_number,
        ba1_0.bank_name,
        ba1_0.created_at,
        ba1_0.employee_id,
        ba1_0.ifsc_code,
        ba1_0.is_primary,
        ba1_0.owner_type,
        ba1_0.updated_at,
        ba1_0.vendor_id 
    from
        bank_accounts ba1_0 
    where
        ba1_0.employee_id=?
2025-12-14 23:59:56.127 [http-nio-8040-exec-10] TRACE org.hibernate.orm.jdbc.bind - binding parameter (1:BIGINT) <- [79]
2025-12-14 23:59:56.129 [http-nio-8040-exec-10] DEBUG org.hibernate.SQL - 
    select
        ba1_0.id,
        ba1_0.account_holder_name,
        ba1_0.account_number,
        ba1_0.bank_name,
        ba1_0.created_at,
        ba1_0.employee_id,
        ba1_0.ifsc_code,
        ba1_0.is_primary,
        ba1_0.owner_type,
        ba1_0.updated_at,
        ba1_0.vendor_id 
    from
        bank_accounts ba1_0 
    where
        ba1_0.employee_id=?
2025-12-14 23:59:56.130 [http-nio-8040-exec-10] TRACE org.hibernate.orm.jdbc.bind - binding parameter (1:BIGINT) <- [80]
2025-12-14 23:59:56.132 [http-nio-8040-exec-10] DEBUG org.hibernate.SQL - 
    select
        ba1_0.id,
        ba1_0.account_holder_name,
        ba1_0.account_number,
        ba1_0.bank_name,
        ba1_0.created_at,
        ba1_0.employee_id,
        ba1_0.ifsc_code,
        ba1_0.is_primary,
        ba1_0.owner_type,
        ba1_0.updated_at,
        ba1_0.vendor_id 
    from
        bank_accounts ba1_0 
    where
        ba1_0.employee_id=?
2025-12-14 23:59:56.132 [http-nio-8040-exec-10] TRACE org.hibernate.orm.jdbc.bind - binding parameter (1:BIGINT) <- [81]
2025-12-14 23:59:56.133 [http-nio-8040-exec-10] DEBUG org.hibernate.SQL - 
    select
        ba1_0.id,
        ba1_0.account_holder_name,
        ba1_0.account_number,
        ba1_0.bank_name,
        ba1_0.created_at,
        ba1_0.employee_id,
        ba1_0.ifsc_code,
        ba1_0.is_primary,
        ba1_0.owner_type,
        ba1_0.updated_at,
        ba1_0.vendor_id 
    from
        bank_accounts ba1_0 
    where
        ba1_0.employee_id=?
2025-12-14 23:59:56.134 [http-nio-8040-exec-10] TRACE org.hibernate.orm.jdbc.bind - binding parameter (1:BIGINT) <- [82]
2025-12-14 23:59:56.136 [http-nio-8040-exec-10] DEBUG org.hibernate.SQL - 
    select
        ba1_0.id,
        ba1_0.account_holder_name,
        ba1_0.account_number,
        ba1_0.bank_name,
        ba1_0.created_at,
        ba1_0.employee_id,
        ba1_0.ifsc_code,
        ba1_0.is_primary,
        ba1_0.owner_type,
        ba1_0.updated_at,
        ba1_0.vendor_id 
    from
        bank_accounts ba1_0 
    where
        ba1_0.employee_id=?
2025-12-14 23:59:56.136 [http-nio-8040-exec-10] TRACE org.hibernate.orm.jdbc.bind - binding parameter (1:BIGINT) <- [83]
2025-12-14 23:59:56.138 [http-nio-8040-exec-10] DEBUG org.hibernate.SQL - 
    select
        ba1_0.id,
        ba1_0.account_holder_name,
        ba1_0.account_number,
        ba1_0.bank_name,
        ba1_0.created_at,
        ba1_0.employee_id,
        ba1_0.ifsc_code,
        ba1_0.is_primary,
        ba1_0.owner_type,
        ba1_0.updated_at,
        ba1_0.vendor_id 
    from
        bank_accounts ba1_0 
    where
        ba1_0.employee_id=?
2025-12-14 23:59:56.138 [http-nio-8040-exec-10] TRACE org.hibernate.orm.jdbc.bind - binding parameter (1:BIGINT) <- [84]
2025-12-14 23:59:56.140 [http-nio-8040-exec-10] DEBUG org.hibernate.SQL - 
    select
        ba1_0.id,
        ba1_0.account_holder_name,
        ba1_0.account_number,
        ba1_0.bank_name,
        ba1_0.created_at,
        ba1_0.employee_id,
        ba1_0.ifsc_code,
        ba1_0.is_primary,
        ba1_0.owner_type,
        ba1_0.updated_at,
        ba1_0.vendor_id 
    from
        bank_accounts ba1_0 
    where
        ba1_0.employee_id=?
2025-12-14 23:59:56.140 [http-nio-8040-exec-10] TRACE org.hibernate.orm.jdbc.bind - binding parameter (1:BIGINT) <- [85]
2025-12-14 23:59:56.141 [http-nio-8040-exec-10] DEBUG org.hibernate.SQL - 
    select
        ba1_0.id,
        ba1_0.account_holder_name,
        ba1_0.account_number,
        ba1_0.bank_name,
        ba1_0.created_at,
        ba1_0.employee_id,
        ba1_0.ifsc_code,
        ba1_0.is_primary,
        ba1_0.owner_type,
        ba1_0.updated_at,
        ba1_0.vendor_id 
    from
        bank_accounts ba1_0 
    where
        ba1_0.employee_id=?
2025-12-14 23:59:56.141 [http-nio-8040-exec-10] TRACE org.hibernate.orm.jdbc.bind - binding parameter (1:BIGINT) <- [86]
2025-12-14 23:59:56.144 [http-nio-8040-exec-10] DEBUG org.hibernate.SQL - 
    select
        ba1_0.id,
        ba1_0.account_holder_name,
        ba1_0.account_number,
        ba1_0.bank_name,
        ba1_0.created_at,
        ba1_0.employee_id,
        ba1_0.ifsc_code,
        ba1_0.is_primary,
        ba1_0.owner_type,
        ba1_0.updated_at,
        ba1_0.vendor_id 
    from
        bank_accounts ba1_0 
    where
        ba1_0.employee_id=?
2025-12-14 23:59:56.144 [http-nio-8040-exec-10] TRACE org.hibernate.orm.jdbc.bind - binding parameter (1:BIGINT) <- [87]
2025-12-14 23:59:56.147 [http-nio-8040-exec-10] DEBUG org.hibernate.SQL - 
    select
        ba1_0.id,
        ba1_0.account_holder_name,
        ba1_0.account_number,
        ba1_0.bank_name,
        ba1_0.created_at,
        ba1_0.employee_id,
        ba1_0.ifsc_code,
        ba1_0.is_primary,
        ba1_0.owner_type,
        ba1_0.updated_at,
        ba1_0.vendor_id 
    from
        bank_accounts ba1_0 
    where
        ba1_0.employee_id=?
2025-12-14 23:59:56.147 [http-nio-8040-exec-10] TRACE org.hibernate.orm.jdbc.bind - binding parameter (1:BIGINT) <- [88]
2025-12-14 23:59:56.148 [http-nio-8040-exec-10] DEBUG org.hibernate.SQL - 
    select
        ba1_0.id,
        ba1_0.account_holder_name,
        ba1_0.account_number,
        ba1_0.bank_name,
        ba1_0.created_at,
        ba1_0.employee_id,
        ba1_0.ifsc_code,
        ba1_0.is_primary,
        ba1_0.owner_type,
        ba1_0.updated_at,
        ba1_0.vendor_id 
    from
        bank_accounts ba1_0 
    where
        ba1_0.employee_id=?
2025-12-14 23:59:56.148 [http-nio-8040-exec-10] TRACE org.hibernate.orm.jdbc.bind - binding parameter (1:BIGINT) <- [89]
2025-12-14 23:59:56.149 [http-nio-8040-exec-10] DEBUG org.hibernate.SQL - 
    select
        ba1_0.id,
        ba1_0.account_holder_name,
        ba1_0.account_number,
        ba1_0.bank_name,
        ba1_0.created_at,
        ba1_0.employee_id,
        ba1_0.ifsc_code,
        ba1_0.is_primary,
        ba1_0.owner_type,
        ba1_0.updated_at,
        ba1_0.vendor_id 
    from
        bank_accounts ba1_0 
    where
        ba1_0.employee_id=?
2025-12-14 23:59:56.149 [http-nio-8040-exec-10] TRACE org.hibernate.orm.jdbc.bind - binding parameter (1:BIGINT) <- [90]
2025-12-14 23:59:56.150 [http-nio-8040-exec-10] DEBUG org.hibernate.SQL - 
    select
        ba1_0.id,
        ba1_0.account_holder_name,
        ba1_0.account_number,
        ba1_0.bank_name,
        ba1_0.created_at,
        ba1_0.employee_id,
        ba1_0.ifsc_code,
        ba1_0.is_primary,
        ba1_0.owner_type,
        ba1_0.updated_at,
        ba1_0.vendor_id 
    from
        bank_accounts ba1_0 
    where
        ba1_0.employee_id=?
2025-12-14 23:59:56.150 [http-nio-8040-exec-10] TRACE org.hibernate.orm.jdbc.bind - binding parameter (1:BIGINT) <- [91]
2025-12-14 23:59:56.152 [http-nio-8040-exec-10] DEBUG org.hibernate.SQL - 
    select
        ba1_0.id,
        ba1_0.account_holder_name,
        ba1_0.account_number,
        ba1_0.bank_name,
        ba1_0.created_at,
        ba1_0.employee_id,
        ba1_0.ifsc_code,
        ba1_0.is_primary,
        ba1_0.owner_type,
        ba1_0.updated_at,
        ba1_0.vendor_id 
    from
        bank_accounts ba1_0 
    where
        ba1_0.employee_id=?
2025-12-14 23:59:56.153 [http-nio-8040-exec-10] TRACE org.hibernate.orm.jdbc.bind - binding parameter (1:BIGINT) <- [92]
2025-12-14 23:59:56.154 [http-nio-8040-exec-10] DEBUG org.hibernate.SQL - 
    select
        ba1_0.id,
        ba1_0.account_holder_name,
        ba1_0.account_number,
        ba1_0.bank_name,
        ba1_0.created_at,
        ba1_0.employee_id,
        ba1_0.ifsc_code,
        ba1_0.is_primary,
        ba1_0.owner_type,
        ba1_0.updated_at,
        ba1_0.vendor_id 
    from
        bank_accounts ba1_0 
    where
        ba1_0.employee_id=?
2025-12-14 23:59:56.154 [http-nio-8040-exec-10] TRACE org.hibernate.orm.jdbc.bind - binding parameter (1:BIGINT) <- [93]
2025-12-14 23:59:56.155 [http-nio-8040-exec-10] DEBUG org.hibernate.SQL - 
    select
        ba1_0.id,
        ba1_0.account_holder_name,
        ba1_0.account_number,
        ba1_0.bank_name,
        ba1_0.created_at,
        ba1_0.employee_id,
        ba1_0.ifsc_code,
        ba1_0.is_primary,
        ba1_0.owner_type,
        ba1_0.updated_at,
        ba1_0.vendor_id 
    from
        bank_accounts ba1_0 
    where
        ba1_0.employee_id=?
2025-12-14 23:59:56.155 [http-nio-8040-exec-10] TRACE org.hibernate.orm.jdbc.bind - binding parameter (1:BIGINT) <- [94]
2025-12-14 23:59:56.157 [http-nio-8040-exec-10] DEBUG org.hibernate.SQL - 
    select
        ba1_0.id,
        ba1_0.account_holder_name,
        ba1_0.account_number,
        ba1_0.bank_name,
        ba1_0.created_at,
        ba1_0.employee_id,
        ba1_0.ifsc_code,
        ba1_0.is_primary,
        ba1_0.owner_type,
        ba1_0.updated_at,
        ba1_0.vendor_id 
    from
        bank_accounts ba1_0 
    where
        ba1_0.employee_id=?
2025-12-14 23:59:56.157 [http-nio-8040-exec-10] TRACE org.hibernate.orm.jdbc.bind - binding parameter (1:BIGINT) <- [95]
2025-12-14 23:59:56.159 [http-nio-8040-exec-10] DEBUG org.hibernate.SQL - 
    select
        ba1_0.id,
        ba1_0.account_holder_name,
        ba1_0.account_number,
        ba1_0.bank_name,
        ba1_0.created_at,
        ba1_0.employee_id,
        ba1_0.ifsc_code,
        ba1_0.is_primary,
        ba1_0.owner_type,
        ba1_0.updated_at,
        ba1_0.vendor_id 
    from
        bank_accounts ba1_0 
    where
        ba1_0.employee_id=?
2025-12-14 23:59:56.160 [http-nio-8040-exec-10] TRACE org.hibernate.orm.jdbc.bind - binding parameter (1:BIGINT) <- [96]
2025-12-14 23:59:56.161 [http-nio-8040-exec-10] DEBUG org.hibernate.SQL - 
    select
        ba1_0.id,
        ba1_0.account_holder_name,
        ba1_0.account_number,
        ba1_0.bank_name,
        ba1_0.created_at,
        ba1_0.employee_id,
        ba1_0.ifsc_code,
        ba1_0.is_primary,
        ba1_0.owner_type,
        ba1_0.updated_at,
        ba1_0.vendor_id 
    from
        bank_accounts ba1_0 
    where
        ba1_0.employee_id=?
2025-12-14 23:59:56.163 [http-nio-8040-exec-10] TRACE org.hibernate.orm.jdbc.bind - binding parameter (1:BIGINT) <- [97]
2025-12-14 23:59:56.164 [http-nio-8040-exec-10] DEBUG org.hibernate.SQL - 
    select
        ba1_0.id,
        ba1_0.account_holder_name,
        ba1_0.account_number,
        ba1_0.bank_name,
        ba1_0.created_at,
        ba1_0.employee_id,
        ba1_0.ifsc_code,
        ba1_0.is_primary,
        ba1_0.owner_type,
        ba1_0.updated_at,
        ba1_0.vendor_id 
    from
        bank_accounts ba1_0 
    where
        ba1_0.employee_id=?
2025-12-14 23:59:56.165 [http-nio-8040-exec-10] TRACE org.hibernate.orm.jdbc.bind - binding parameter (1:BIGINT) <- [98]
2025-12-14 23:59:56.166 [http-nio-8040-exec-10] DEBUG org.hibernate.SQL - 
    select
        ba1_0.id,
        ba1_0.account_holder_name,
        ba1_0.account_number,
        ba1_0.bank_name,
        ba1_0.created_at,
        ba1_0.employee_id,
        ba1_0.ifsc_code,
        ba1_0.is_primary,
        ba1_0.owner_type,
        ba1_0.updated_at,
        ba1_0.vendor_id 
    from
        bank_accounts ba1_0 
    where
        ba1_0.employee_id=?
2025-12-14 23:59:56.167 [http-nio-8040-exec-10] TRACE org.hibernate.orm.jdbc.bind - binding parameter (1:BIGINT) <- [99]
2025-12-14 23:59:56.168 [http-nio-8040-exec-10] DEBUG org.hibernate.SQL - 
    select
        ba1_0.id,
        ba1_0.account_holder_name,
        ba1_0.account_number,
        ba1_0.bank_name,
        ba1_0.created_at,
        ba1_0.employee_id,
        ba1_0.ifsc_code,
        ba1_0.is_primary,
        ba1_0.owner_type,
        ba1_0.updated_at,
        ba1_0.vendor_id 
    from
        bank_accounts ba1_0 
    where
        ba1_0.employee_id=?
2025-12-14 23:59:56.168 [http-nio-8040-exec-10] TRACE org.hibernate.orm.jdbc.bind - binding parameter (1:BIGINT) <- [100]
2025-12-14 23:59:56.175 [http-nio-8040-exec-10] DEBUG org.hibernate.SQL - 
    select
        ss1_0.employee_id,
        ss1_0.id,
        ss1_0.basic_salary,
        ss1_0.created_at,
        ss1_0.da,
        ss1_0.effective_from_date,
        ss1_0.hra,
        ss1_0.is_active,
        ss1_0.other_allowances,
        ss1_0.pf_contribution 
    from
        salary_structures ss1_0 
    where
        ss1_0.employee_id=?
2025-12-14 23:59:56.175 [http-nio-8040-exec-10] TRACE org.hibernate.orm.jdbc.bind - binding parameter (1:BIGINT) <- [11]
2025-12-14 23:59:56.184 [http-nio-8040-exec-10] DEBUG org.hibernate.SQL - 
    select
        ss1_0.employee_id,
        ss1_0.id,
        ss1_0.basic_salary,
        ss1_0.created_at,
        ss1_0.da,
        ss1_0.effective_from_date,
        ss1_0.hra,
        ss1_0.is_active,
        ss1_0.other_allowances,
        ss1_0.pf_contribution 
    from
        salary_structures ss1_0 
    where
        ss1_0.employee_id=?
2025-12-14 23:59:56.184 [http-nio-8040-exec-10] TRACE org.hibernate.orm.jdbc.bind - binding parameter (1:BIGINT) <- [2]
2025-12-14 23:59:56.188 [http-nio-8040-exec-10] DEBUG org.hibernate.SQL - 
    select
        ss1_0.employee_id,
        ss1_0.id,
        ss1_0.basic_salary,
        ss1_0.created_at,
        ss1_0.da,
        ss1_0.effective_from_date,
        ss1_0.hra,
        ss1_0.is_active,
        ss1_0.other_allowances,
        ss1_0.pf_contribution 
    from
        salary_structures ss1_0 
    where
        ss1_0.employee_id=?
2025-12-14 23:59:56.188 [http-nio-8040-exec-10] TRACE org.hibernate.orm.jdbc.bind - binding parameter (1:BIGINT) <- [3]
2025-12-14 23:59:56.190 [http-nio-8040-exec-10] DEBUG org.hibernate.SQL - 
    select
        ss1_0.employee_id,
        ss1_0.id,
        ss1_0.basic_salary,
        ss1_0.created_at,
        ss1_0.da,
        ss1_0.effective_from_date,
        ss1_0.hra,
        ss1_0.is_active,
        ss1_0.other_allowances,
        ss1_0.pf_contribution 
    from
        salary_structures ss1_0 
    where
        ss1_0.employee_id=?
2025-12-14 23:59:56.190 [http-nio-8040-exec-10] TRACE org.hibernate.orm.jdbc.bind - binding parameter (1:BIGINT) <- [1]
2025-12-14 23:59:56.192 [http-nio-8040-exec-10] DEBUG org.hibernate.SQL - 
    select
        ss1_0.employee_id,
        ss1_0.id,
        ss1_0.basic_salary,
        ss1_0.created_at,
        ss1_0.da,
        ss1_0.effective_from_date,
        ss1_0.hra,
        ss1_0.is_active,
        ss1_0.other_allowances,
        ss1_0.pf_contribution 
    from
        salary_structures ss1_0 
    where
        ss1_0.employee_id=?
2025-12-14 23:59:56.192 [http-nio-8040-exec-10] TRACE org.hibernate.orm.jdbc.bind - binding parameter (1:BIGINT) <- [5]
2025-12-14 23:59:56.194 [http-nio-8040-exec-10] DEBUG org.hibernate.SQL - 
    select
        ss1_0.employee_id,
        ss1_0.id,
        ss1_0.basic_salary,
        ss1_0.created_at,
        ss1_0.da,
        ss1_0.effective_from_date,
        ss1_0.hra,
        ss1_0.is_active,
        ss1_0.other_allowances,
        ss1_0.pf_contribution 
    from
        salary_structures ss1_0 
    where
        ss1_0.employee_id=?
2025-12-14 23:59:56.194 [http-nio-8040-exec-10] TRACE org.hibernate.orm.jdbc.bind - binding parameter (1:BIGINT) <- [7]
2025-12-14 23:59:56.195 [http-nio-8040-exec-10] DEBUG org.hibernate.SQL - 
    select
        ss1_0.employee_id,
        ss1_0.id,
        ss1_0.basic_salary,
        ss1_0.created_at,
        ss1_0.da,
        ss1_0.effective_from_date,
        ss1_0.hra,
        ss1_0.is_active,
        ss1_0.other_allowances,
        ss1_0.pf_contribution 
    from
        salary_structures ss1_0 
    where
        ss1_0.employee_id=?
2025-12-14 23:59:56.196 [http-nio-8040-exec-10] TRACE org.hibernate.orm.jdbc.bind - binding parameter (1:BIGINT) <- [15]
2025-12-14 23:59:56.197 [http-nio-8040-exec-10] DEBUG org.hibernate.SQL - 
    select
        ss1_0.employee_id,
        ss1_0.id,
        ss1_0.basic_salary,
        ss1_0.created_at,
        ss1_0.da,
        ss1_0.effective_from_date,
        ss1_0.hra,
        ss1_0.is_active,
        ss1_0.other_allowances,
        ss1_0.pf_contribution 
    from
        salary_structures ss1_0 
    where
        ss1_0.employee_id=?
2025-12-14 23:59:56.197 [http-nio-8040-exec-10] TRACE org.hibernate.orm.jdbc.bind - binding parameter (1:BIGINT) <- [10]
2025-12-14 23:59:56.199 [http-nio-8040-exec-10] DEBUG org.hibernate.SQL - 
    select
        ss1_0.employee_id,
        ss1_0.id,
        ss1_0.basic_salary,
        ss1_0.created_at,
        ss1_0.da,
        ss1_0.effective_from_date,
        ss1_0.hra,
        ss1_0.is_active,
        ss1_0.other_allowances,
        ss1_0.pf_contribution 
    from
        salary_structures ss1_0 
    where
        ss1_0.employee_id=?
2025-12-14 23:59:56.199 [http-nio-8040-exec-10] TRACE org.hibernate.orm.jdbc.bind - binding parameter (1:BIGINT) <- [8]
2025-12-14 23:59:56.201 [http-nio-8040-exec-10] DEBUG org.hibernate.SQL - 
    select
        ss1_0.employee_id,
        ss1_0.id,
        ss1_0.basic_salary,
        ss1_0.created_at,
        ss1_0.da,
        ss1_0.effective_from_date,
        ss1_0.hra,
        ss1_0.is_active,
        ss1_0.other_allowances,
        ss1_0.pf_contribution 
    from
        salary_structures ss1_0 
    where
        ss1_0.employee_id=?
2025-12-14 23:59:56.201 [http-nio-8040-exec-10] TRACE org.hibernate.orm.jdbc.bind - binding parameter (1:BIGINT) <- [19]
2025-12-14 23:59:56.202 [http-nio-8040-exec-10] DEBUG org.hibernate.SQL - 
    select
        ss1_0.employee_id,
        ss1_0.id,
        ss1_0.basic_salary,
        ss1_0.created_at,
        ss1_0.da,
        ss1_0.effective_from_date,
        ss1_0.hra,
        ss1_0.is_active,
        ss1_0.other_allowances,
        ss1_0.pf_contribution 
    from
        salary_structures ss1_0 
    where
        ss1_0.employee_id=?
2025-12-14 23:59:56.202 [http-nio-8040-exec-10] TRACE org.hibernate.orm.jdbc.bind - binding parameter (1:BIGINT) <- [13]
2025-12-14 23:59:56.202 [http-nio-8040-exec-10] DEBUG org.hibernate.SQL - 
    select
        ss1_0.employee_id,
        ss1_0.id,
        ss1_0.basic_salary,
        ss1_0.created_at,
        ss1_0.da,
        ss1_0.effective_from_date,
        ss1_0.hra,
        ss1_0.is_active,
        ss1_0.other_allowances,
        ss1_0.pf_contribution 
    from
        salary_structures ss1_0 
    where
        ss1_0.employee_id=?
2025-12-14 23:59:56.203 [http-nio-8040-exec-10] TRACE org.hibernate.orm.jdbc.bind - binding parameter (1:BIGINT) <- [4]
2025-12-14 23:59:56.205 [http-nio-8040-exec-10] DEBUG org.hibernate.SQL - 
    select
        ss1_0.employee_id,
        ss1_0.id,
        ss1_0.basic_salary,
        ss1_0.created_at,
        ss1_0.da,
        ss1_0.effective_from_date,
        ss1_0.hra,
        ss1_0.is_active,
        ss1_0.other_allowances,
        ss1_0.pf_contribution 
    from
        salary_structures ss1_0 
    where
        ss1_0.employee_id=?
2025-12-14 23:59:56.205 [http-nio-8040-exec-10] TRACE org.hibernate.orm.jdbc.bind - binding parameter (1:BIGINT) <- [12]
2025-12-14 23:59:56.206 [http-nio-8040-exec-10] DEBUG org.hibernate.SQL - 
    select
        ss1_0.employee_id,
        ss1_0.id,
        ss1_0.basic_salary,
        ss1_0.created_at,
        ss1_0.da,
        ss1_0.effective_from_date,
        ss1_0.hra,
        ss1_0.is_active,
        ss1_0.other_allowances,
        ss1_0.pf_contribution 
    from
        salary_structures ss1_0 
    where
        ss1_0.employee_id=?
2025-12-14 23:59:56.206 [http-nio-8040-exec-10] TRACE org.hibernate.orm.jdbc.bind - binding parameter (1:BIGINT) <- [23]
2025-12-14 23:59:56.208 [http-nio-8040-exec-10] DEBUG org.hibernate.SQL - 
    select
        ss1_0.employee_id,
        ss1_0.id,
        ss1_0.basic_salary,
        ss1_0.created_at,
        ss1_0.da,
        ss1_0.effective_from_date,
        ss1_0.hra,
        ss1_0.is_active,
        ss1_0.other_allowances,
        ss1_0.pf_contribution 
    from
        salary_structures ss1_0 
    where
        ss1_0.employee_id=?
2025-12-14 23:59:56.208 [http-nio-8040-exec-10] TRACE org.hibernate.orm.jdbc.bind - binding parameter (1:BIGINT) <- [27]
2025-12-14 23:59:56.210 [http-nio-8040-exec-10] DEBUG org.hibernate.SQL - 
    select
        ss1_0.employee_id,
        ss1_0.id,
        ss1_0.basic_salary,
        ss1_0.created_at,
        ss1_0.da,
        ss1_0.effective_from_date,
        ss1_0.hra,
        ss1_0.is_active,
        ss1_0.other_allowances,
        ss1_0.pf_contribution 
    from
        salary_structures ss1_0 
    where
        ss1_0.employee_id=?
2025-12-14 23:59:56.210 [http-nio-8040-exec-10] TRACE org.hibernate.orm.jdbc.bind - binding parameter (1:BIGINT) <- [16]
2025-12-14 23:59:56.213 [http-nio-8040-exec-10] DEBUG org.hibernate.SQL - 
    select
        ss1_0.employee_id,
        ss1_0.id,
        ss1_0.basic_salary,
        ss1_0.created_at,
        ss1_0.da,
        ss1_0.effective_from_date,
        ss1_0.hra,
        ss1_0.is_active,
        ss1_0.other_allowances,
        ss1_0.pf_contribution 
    from
        salary_structures ss1_0 
    where
        ss1_0.employee_id=?
2025-12-14 23:59:56.213 [http-nio-8040-exec-10] TRACE org.hibernate.orm.jdbc.bind - binding parameter (1:BIGINT) <- [31]
2025-12-14 23:59:56.215 [http-nio-8040-exec-10] DEBUG org.hibernate.SQL - 
    select
        ss1_0.employee_id,
        ss1_0.id,
        ss1_0.basic_salary,
        ss1_0.created_at,
        ss1_0.da,
        ss1_0.effective_from_date,
        ss1_0.hra,
        ss1_0.is_active,
        ss1_0.other_allowances,
        ss1_0.pf_contribution 
    from
        salary_structures ss1_0 
    where
        ss1_0.employee_id=?
2025-12-14 23:59:56.215 [http-nio-8040-exec-10] TRACE org.hibernate.orm.jdbc.bind - binding parameter (1:BIGINT) <- [35]
2025-12-14 23:59:56.216 [http-nio-8040-exec-10] DEBUG org.hibernate.SQL - 
    select
        ss1_0.employee_id,
        ss1_0.id,
        ss1_0.basic_salary,
        ss1_0.created_at,
        ss1_0.da,
        ss1_0.effective_from_date,
        ss1_0.hra,
        ss1_0.is_active,
        ss1_0.other_allowances,
        ss1_0.pf_contribution 
    from
        salary_structures ss1_0 
    where
        ss1_0.employee_id=?
2025-12-14 23:59:56.216 [http-nio-8040-exec-10] TRACE org.hibernate.orm.jdbc.bind - binding parameter (1:BIGINT) <- [20]
2025-12-14 23:59:56.218 [http-nio-8040-exec-10] DEBUG org.hibernate.SQL - 
    select
        ss1_0.employee_id,
        ss1_0.id,
        ss1_0.basic_salary,
        ss1_0.created_at,
        ss1_0.da,
        ss1_0.effective_from_date,
        ss1_0.hra,
        ss1_0.is_active,
        ss1_0.other_allowances,
        ss1_0.pf_contribution 
    from
        salary_structures ss1_0 
    where
        ss1_0.employee_id=?
2025-12-14 23:59:56.218 [http-nio-8040-exec-10] TRACE org.hibernate.orm.jdbc.bind - binding parameter (1:BIGINT) <- [17]
2025-12-14 23:59:56.219 [http-nio-8040-exec-10] DEBUG org.hibernate.SQL - 
    select
        ss1_0.employee_id,
        ss1_0.id,
        ss1_0.basic_salary,
        ss1_0.created_at,
        ss1_0.da,
        ss1_0.effective_from_date,
        ss1_0.hra,
        ss1_0.is_active,
        ss1_0.other_allowances,
        ss1_0.pf_contribution 
    from
        salary_structures ss1_0 
    where
        ss1_0.employee_id=?
2025-12-14 23:59:56.219 [http-nio-8040-exec-10] TRACE org.hibernate.orm.jdbc.bind - binding parameter (1:BIGINT) <- [24]
2025-12-14 23:59:56.221 [http-nio-8040-exec-10] DEBUG org.hibernate.SQL - 
    select
        ss1_0.employee_id,
        ss1_0.id,
        ss1_0.basic_salary,
        ss1_0.created_at,
        ss1_0.da,
        ss1_0.effective_from_date,
        ss1_0.hra,
        ss1_0.is_active,
        ss1_0.other_allowances,
        ss1_0.pf_contribution 
    from
        salary_structures ss1_0 
    where
        ss1_0.employee_id=?
2025-12-14 23:59:56.221 [http-nio-8040-exec-10] TRACE org.hibernate.orm.jdbc.bind - binding parameter (1:BIGINT) <- [38]
2025-12-14 23:59:56.222 [http-nio-8040-exec-10] DEBUG org.hibernate.SQL - 
    select
        ss1_0.employee_id,
        ss1_0.id,
        ss1_0.basic_salary,
        ss1_0.created_at,
        ss1_0.da,
        ss1_0.effective_from_date,
        ss1_0.hra,
        ss1_0.is_active,
        ss1_0.other_allowances,
        ss1_0.pf_contribution 
    from
        salary_structures ss1_0 
    where
        ss1_0.employee_id=?
2025-12-14 23:59:56.222 [http-nio-8040-exec-10] TRACE org.hibernate.orm.jdbc.bind - binding parameter (1:BIGINT) <- [6]
2025-12-14 23:59:56.223 [http-nio-8040-exec-10] DEBUG org.hibernate.SQL - 
    select
        ss1_0.employee_id,
        ss1_0.id,
        ss1_0.basic_salary,
        ss1_0.created_at,
        ss1_0.da,
        ss1_0.effective_from_date,
        ss1_0.hra,
        ss1_0.is_active,
        ss1_0.other_allowances,
        ss1_0.pf_contribution 
    from
        salary_structures ss1_0 
    where
        ss1_0.employee_id=?
2025-12-14 23:59:56.223 [http-nio-8040-exec-10] TRACE org.hibernate.orm.jdbc.bind - binding parameter (1:BIGINT) <- [39]
2025-12-14 23:59:56.225 [http-nio-8040-exec-10] DEBUG org.hibernate.SQL - 
    select
        ss1_0.employee_id,
        ss1_0.id,
        ss1_0.basic_salary,
        ss1_0.created_at,
        ss1_0.da,
        ss1_0.effective_from_date,
        ss1_0.hra,
        ss1_0.is_active,
        ss1_0.other_allowances,
        ss1_0.pf_contribution 
    from
        salary_structures ss1_0 
    where
        ss1_0.employee_id=?
2025-12-14 23:59:56.225 [http-nio-8040-exec-10] TRACE org.hibernate.orm.jdbc.bind - binding parameter (1:BIGINT) <- [9]
2025-12-14 23:59:56.226 [http-nio-8040-exec-10] DEBUG org.hibernate.SQL - 
    select
        ss1_0.employee_id,
        ss1_0.id,
        ss1_0.basic_salary,
        ss1_0.created_at,
        ss1_0.da,
        ss1_0.effective_from_date,
        ss1_0.hra,
        ss1_0.is_active,
        ss1_0.other_allowances,
        ss1_0.pf_contribution 
    from
        salary_structures ss1_0 
    where
        ss1_0.employee_id=?
2025-12-14 23:59:56.226 [http-nio-8040-exec-10] TRACE org.hibernate.orm.jdbc.bind - binding parameter (1:BIGINT) <- [28]
2025-12-14 23:59:56.227 [http-nio-8040-exec-10] DEBUG org.hibernate.SQL - 
    select
        ss1_0.employee_id,
        ss1_0.id,
        ss1_0.basic_salary,
        ss1_0.created_at,
        ss1_0.da,
        ss1_0.effective_from_date,
        ss1_0.hra,
        ss1_0.is_active,
        ss1_0.other_allowances,
        ss1_0.pf_contribution 
    from
        salary_structures ss1_0 
    where
        ss1_0.employee_id=?
2025-12-14 23:59:56.227 [http-nio-8040-exec-10] TRACE org.hibernate.orm.jdbc.bind - binding parameter (1:BIGINT) <- [40]
2025-12-14 23:59:56.228 [http-nio-8040-exec-10] DEBUG org.hibernate.SQL - 
    select
        ss1_0.employee_id,
        ss1_0.id,
        ss1_0.basic_salary,
        ss1_0.created_at,
        ss1_0.da,
        ss1_0.effective_from_date,
        ss1_0.hra,
        ss1_0.is_active,
        ss1_0.other_allowances,
        ss1_0.pf_contribution 
    from
        salary_structures ss1_0 
    where
        ss1_0.employee_id=?
2025-12-14 23:59:56.228 [http-nio-8040-exec-10] TRACE org.hibernate.orm.jdbc.bind - binding parameter (1:BIGINT) <- [14]
2025-12-14 23:59:56.230 [http-nio-8040-exec-10] DEBUG org.hibernate.SQL - 
    select
        ss1_0.employee_id,
        ss1_0.id,
        ss1_0.basic_salary,
        ss1_0.created_at,
        ss1_0.da,
        ss1_0.effective_from_date,
        ss1_0.hra,
        ss1_0.is_active,
        ss1_0.other_allowances,
        ss1_0.pf_contribution 
    from
        salary_structures ss1_0 
    where
        ss1_0.employee_id=?
2025-12-14 23:59:56.230 [http-nio-8040-exec-10] TRACE org.hibernate.orm.jdbc.bind - binding parameter (1:BIGINT) <- [32]
2025-12-14 23:59:56.231 [http-nio-8040-exec-10] DEBUG org.hibernate.SQL - 
    select
        ss1_0.employee_id,
        ss1_0.id,
        ss1_0.basic_salary,
        ss1_0.created_at,
        ss1_0.da,
        ss1_0.effective_from_date,
        ss1_0.hra,
        ss1_0.is_active,
        ss1_0.other_allowances,
        ss1_0.pf_contribution 
    from
        salary_structures ss1_0 
    where
        ss1_0.employee_id=?
2025-12-14 23:59:56.231 [http-nio-8040-exec-10] TRACE org.hibernate.orm.jdbc.bind - binding parameter (1:BIGINT) <- [18]
2025-12-14 23:59:56.232 [http-nio-8040-exec-10] DEBUG org.hibernate.SQL - 
    select
        ss1_0.employee_id,
        ss1_0.id,
        ss1_0.basic_salary,
        ss1_0.created_at,
        ss1_0.da,
        ss1_0.effective_from_date,
        ss1_0.hra,
        ss1_0.is_active,
        ss1_0.other_allowances,
        ss1_0.pf_contribution 
    from
        salary_structures ss1_0 
    where
        ss1_0.employee_id=?
2025-12-14 23:59:56.232 [http-nio-8040-exec-10] TRACE org.hibernate.orm.jdbc.bind - binding parameter (1:BIGINT) <- [22]
2025-12-14 23:59:56.233 [http-nio-8040-exec-10] DEBUG org.hibernate.SQL - 
    select
        ss1_0.employee_id,
        ss1_0.id,
        ss1_0.basic_salary,
        ss1_0.created_at,
        ss1_0.da,
        ss1_0.effective_from_date,
        ss1_0.hra,
        ss1_0.is_active,
        ss1_0.other_allowances,
        ss1_0.pf_contribution 
    from
        salary_structures ss1_0 
    where
        ss1_0.employee_id=?
2025-12-14 23:59:56.233 [http-nio-8040-exec-10] TRACE org.hibernate.orm.jdbc.bind - binding parameter (1:BIGINT) <- [36]
2025-12-14 23:59:56.234 [http-nio-8040-exec-10] DEBUG org.hibernate.SQL - 
    select
        ss1_0.employee_id,
        ss1_0.id,
        ss1_0.basic_salary,
        ss1_0.created_at,
        ss1_0.da,
        ss1_0.effective_from_date,
        ss1_0.hra,
        ss1_0.is_active,
        ss1_0.other_allowances,
        ss1_0.pf_contribution 
    from
        salary_structures ss1_0 
    where
        ss1_0.employee_id=?
2025-12-14 23:59:56.235 [http-nio-8040-exec-10] TRACE org.hibernate.orm.jdbc.bind - binding parameter (1:BIGINT) <- [21]
2025-12-14 23:59:56.236 [http-nio-8040-exec-10] DEBUG org.hibernate.SQL - 
    select
        ss1_0.employee_id,
        ss1_0.id,
        ss1_0.basic_salary,
        ss1_0.created_at,
        ss1_0.da,
        ss1_0.effective_from_date,
        ss1_0.hra,
        ss1_0.is_active,
        ss1_0.other_allowances,
        ss1_0.pf_contribution 
    from
        salary_structures ss1_0 
    where
        ss1_0.employee_id=?
2025-12-14 23:59:56.236 [http-nio-8040-exec-10] TRACE org.hibernate.orm.jdbc.bind - binding parameter (1:BIGINT) <- [25]
2025-12-14 23:59:56.237 [http-nio-8040-exec-10] DEBUG org.hibernate.SQL - 
    select
        ss1_0.employee_id,
        ss1_0.id,
        ss1_0.basic_salary,
        ss1_0.created_at,
        ss1_0.da,
        ss1_0.effective_from_date,
        ss1_0.hra,
        ss1_0.is_active,
        ss1_0.other_allowances,
        ss1_0.pf_contribution 
    from
        salary_structures ss1_0 
    where
        ss1_0.employee_id=?
2025-12-14 23:59:56.237 [http-nio-8040-exec-10] TRACE org.hibernate.orm.jdbc.bind - binding parameter (1:BIGINT) <- [26]
2025-12-14 23:59:56.239 [http-nio-8040-exec-10] DEBUG org.hibernate.SQL - 
    select
        ss1_0.employee_id,
        ss1_0.id,
        ss1_0.basic_salary,
        ss1_0.created_at,
        ss1_0.da,
        ss1_0.effective_from_date,
        ss1_0.hra,
        ss1_0.is_active,
        ss1_0.other_allowances,
        ss1_0.pf_contribution 
    from
        salary_structures ss1_0 
    where
        ss1_0.employee_id=?
2025-12-14 23:59:56.239 [http-nio-8040-exec-10] TRACE org.hibernate.orm.jdbc.bind - binding parameter (1:BIGINT) <- [29]
2025-12-14 23:59:56.240 [http-nio-8040-exec-10] DEBUG org.hibernate.SQL - 
    select
        ss1_0.employee_id,
        ss1_0.id,
        ss1_0.basic_salary,
        ss1_0.created_at,
        ss1_0.da,
        ss1_0.effective_from_date,
        ss1_0.hra,
        ss1_0.is_active,
        ss1_0.other_allowances,
        ss1_0.pf_contribution 
    from
        salary_structures ss1_0 
    where
        ss1_0.employee_id=?
2025-12-14 23:59:56.240 [http-nio-8040-exec-10] TRACE org.hibernate.orm.jdbc.bind - binding parameter (1:BIGINT) <- [34]
2025-12-14 23:59:56.241 [http-nio-8040-exec-10] DEBUG org.hibernate.SQL - 
    select
        ss1_0.employee_id,
        ss1_0.id,
        ss1_0.basic_salary,
        ss1_0.created_at,
        ss1_0.da,
        ss1_0.effective_from_date,
        ss1_0.hra,
        ss1_0.is_active,
        ss1_0.other_allowances,
        ss1_0.pf_contribution 
    from
        salary_structures ss1_0 
    where
        ss1_0.employee_id=?
2025-12-14 23:59:56.242 [http-nio-8040-exec-10] TRACE org.hibernate.orm.jdbc.bind - binding parameter (1:BIGINT) <- [30]
2025-12-14 23:59:56.243 [http-nio-8040-exec-10] DEBUG org.hibernate.SQL - 
    select
        ss1_0.employee_id,
        ss1_0.id,
        ss1_0.basic_salary,
        ss1_0.created_at,
        ss1_0.da,
        ss1_0.effective_from_date,
        ss1_0.hra,
        ss1_0.is_active,
        ss1_0.other_allowances,
        ss1_0.pf_contribution 
    from
        salary_structures ss1_0 
    where
        ss1_0.employee_id=?
2025-12-14 23:59:56.243 [http-nio-8040-exec-10] TRACE org.hibernate.orm.jdbc.bind - binding parameter (1:BIGINT) <- [33]
2025-12-14 23:59:56.244 [http-nio-8040-exec-10] DEBUG org.hibernate.SQL - 
    select
        ss1_0.employee_id,
        ss1_0.id,
        ss1_0.basic_salary,
        ss1_0.created_at,
        ss1_0.da,
        ss1_0.effective_from_date,
        ss1_0.hra,
        ss1_0.is_active,
        ss1_0.other_allowances,
        ss1_0.pf_contribution 
    from
        salary_structures ss1_0 
    where
        ss1_0.employee_id=?
2025-12-14 23:59:56.244 [http-nio-8040-exec-10] TRACE org.hibernate.orm.jdbc.bind - binding parameter (1:BIGINT) <- [37]
2025-12-14 23:59:56.246 [http-nio-8040-exec-10] DEBUG org.hibernate.SQL - 
    select
        ss1_0.employee_id,
        ss1_0.id,
        ss1_0.basic_salary,
        ss1_0.created_at,
        ss1_0.da,
        ss1_0.effective_from_date,
        ss1_0.hra,
        ss1_0.is_active,
        ss1_0.other_allowances,
        ss1_0.pf_contribution 
    from
        salary_structures ss1_0 
    where
        ss1_0.employee_id=?
2025-12-14 23:59:56.246 [http-nio-8040-exec-10] TRACE org.hibernate.orm.jdbc.bind - binding parameter (1:BIGINT) <- [41]
2025-12-14 23:59:56.248 [http-nio-8040-exec-10] DEBUG org.hibernate.SQL - 
    select
        ss1_0.employee_id,
        ss1_0.id,
        ss1_0.basic_salary,
        ss1_0.created_at,
        ss1_0.da,
        ss1_0.effective_from_date,
        ss1_0.hra,
        ss1_0.is_active,
        ss1_0.other_allowances,
        ss1_0.pf_contribution 
    from
        salary_structures ss1_0 
    where
        ss1_0.employee_id=?
2025-12-14 23:59:56.248 [http-nio-8040-exec-10] TRACE org.hibernate.orm.jdbc.bind - binding parameter (1:BIGINT) <- [42]
2025-12-14 23:59:56.249 [http-nio-8040-exec-10] DEBUG org.hibernate.SQL - 
    select
        ss1_0.employee_id,
        ss1_0.id,
        ss1_0.basic_salary,
        ss1_0.created_at,
        ss1_0.da,
        ss1_0.effective_from_date,
        ss1_0.hra,
        ss1_0.is_active,
        ss1_0.other_allowances,
        ss1_0.pf_contribution 
    from
        salary_structures ss1_0 
    where
        ss1_0.employee_id=?
2025-12-14 23:59:56.249 [http-nio-8040-exec-10] TRACE org.hibernate.orm.jdbc.bind - binding parameter (1:BIGINT) <- [43]
2025-12-14 23:59:56.251 [http-nio-8040-exec-10] DEBUG org.hibernate.SQL - 
    select
        ss1_0.employee_id,
        ss1_0.id,
        ss1_0.basic_salary,
        ss1_0.created_at,
        ss1_0.da,
        ss1_0.effective_from_date,
        ss1_0.hra,
        ss1_0.is_active,
        ss1_0.other_allowances,
        ss1_0.pf_contribution 
    from
        salary_structures ss1_0 
    where
        ss1_0.employee_id=?
2025-12-14 23:59:56.251 [http-nio-8040-exec-10] TRACE org.hibernate.orm.jdbc.bind - binding parameter (1:BIGINT) <- [44]
2025-12-14 23:59:56.252 [http-nio-8040-exec-10] DEBUG org.hibernate.SQL - 
    select
        ss1_0.employee_id,
        ss1_0.id,
        ss1_0.basic_salary,
        ss1_0.created_at,
        ss1_0.da,
        ss1_0.effective_from_date,
        ss1_0.hra,
        ss1_0.is_active,
        ss1_0.other_allowances,
        ss1_0.pf_contribution 
    from
        salary_structures ss1_0 
    where
        ss1_0.employee_id=?
2025-12-14 23:59:56.253 [http-nio-8040-exec-10] TRACE org.hibernate.orm.jdbc.bind - binding parameter (1:BIGINT) <- [45]
2025-12-14 23:59:56.254 [http-nio-8040-exec-10] DEBUG org.hibernate.SQL - 
    select
        ss1_0.employee_id,
        ss1_0.id,
        ss1_0.basic_salary,
        ss1_0.created_at,
        ss1_0.da,
        ss1_0.effective_from_date,
        ss1_0.hra,
        ss1_0.is_active,
        ss1_0.other_allowances,
        ss1_0.pf_contribution 
    from
        salary_structures ss1_0 
    where
        ss1_0.employee_id=?
2025-12-14 23:59:56.255 [http-nio-8040-exec-10] TRACE org.hibernate.orm.jdbc.bind - binding parameter (1:BIGINT) <- [46]
2025-12-14 23:59:56.256 [http-nio-8040-exec-10] DEBUG org.hibernate.SQL - 
    select
        ss1_0.employee_id,
        ss1_0.id,
        ss1_0.basic_salary,
        ss1_0.created_at,
        ss1_0.da,
        ss1_0.effective_from_date,
        ss1_0.hra,
        ss1_0.is_active,
        ss1_0.other_allowances,
        ss1_0.pf_contribution 
    from
        salary_structures ss1_0 
    where
        ss1_0.employee_id=?
2025-12-14 23:59:56.256 [http-nio-8040-exec-10] TRACE org.hibernate.orm.jdbc.bind - binding parameter (1:BIGINT) <- [47]
2025-12-14 23:59:56.258 [http-nio-8040-exec-10] DEBUG org.hibernate.SQL - 
    select
        ss1_0.employee_id,
        ss1_0.id,
        ss1_0.basic_salary,
        ss1_0.created_at,
        ss1_0.da,
        ss1_0.effective_from_date,
        ss1_0.hra,
        ss1_0.is_active,
        ss1_0.other_allowances,
        ss1_0.pf_contribution 
    from
        salary_structures ss1_0 
    where
        ss1_0.employee_id=?
2025-12-14 23:59:56.258 [http-nio-8040-exec-10] TRACE org.hibernate.orm.jdbc.bind - binding parameter (1:BIGINT) <- [48]
2025-12-14 23:59:56.259 [http-nio-8040-exec-10] DEBUG org.hibernate.SQL - 
    select
        ss1_0.employee_id,
        ss1_0.id,
        ss1_0.basic_salary,
        ss1_0.created_at,
        ss1_0.da,
        ss1_0.effective_from_date,
        ss1_0.hra,
        ss1_0.is_active,
        ss1_0.other_allowances,
        ss1_0.pf_contribution 
    from
        salary_structures ss1_0 
    where
        ss1_0.employee_id=?
2025-12-14 23:59:56.259 [http-nio-8040-exec-10] TRACE org.hibernate.orm.jdbc.bind - binding parameter (1:BIGINT) <- [49]
2025-12-14 23:59:56.261 [http-nio-8040-exec-10] DEBUG org.hibernate.SQL - 
    select
        ss1_0.employee_id,
        ss1_0.id,
        ss1_0.basic_salary,
        ss1_0.created_at,
        ss1_0.da,
        ss1_0.effective_from_date,
        ss1_0.hra,
        ss1_0.is_active,
        ss1_0.other_allowances,
        ss1_0.pf_contribution 
    from
        salary_structures ss1_0 
    where
        ss1_0.employee_id=?
2025-12-14 23:59:56.261 [http-nio-8040-exec-10] TRACE org.hibernate.orm.jdbc.bind - binding parameter (1:BIGINT) <- [50]
2025-12-14 23:59:56.263 [http-nio-8040-exec-10] DEBUG org.hibernate.SQL - 
    select
        ss1_0.employee_id,
        ss1_0.id,
        ss1_0.basic_salary,
        ss1_0.created_at,
        ss1_0.da,
        ss1_0.effective_from_date,
        ss1_0.hra,
        ss1_0.is_active,
        ss1_0.other_allowances,
        ss1_0.pf_contribution 
    from
        salary_structures ss1_0 
    where
        ss1_0.employee_id=?
2025-12-14 23:59:56.264 [http-nio-8040-exec-10] TRACE org.hibernate.orm.jdbc.bind - binding parameter (1:BIGINT) <- [51]
2025-12-14 23:59:56.266 [http-nio-8040-exec-10] DEBUG org.hibernate.SQL - 
    select
        ss1_0.employee_id,
        ss1_0.id,
        ss1_0.basic_salary,
        ss1_0.created_at,
        ss1_0.da,
        ss1_0.effective_from_date,
        ss1_0.hra,
        ss1_0.is_active,
        ss1_0.other_allowances,
        ss1_0.pf_contribution 
    from
        salary_structures ss1_0 
    where
        ss1_0.employee_id=?
2025-12-14 23:59:56.266 [http-nio-8040-exec-10] TRACE org.hibernate.orm.jdbc.bind - binding parameter (1:BIGINT) <- [52]
2025-12-14 23:59:56.267 [http-nio-8040-exec-10] DEBUG org.hibernate.SQL - 
    select
        ss1_0.employee_id,
        ss1_0.id,
        ss1_0.basic_salary,
        ss1_0.created_at,
        ss1_0.da,
        ss1_0.effective_from_date,
        ss1_0.hra,
        ss1_0.is_active,
        ss1_0.other_allowances,
        ss1_0.pf_contribution 
    from
        salary_structures ss1_0 
    where
        ss1_0.employee_id=?
2025-12-14 23:59:56.267 [http-nio-8040-exec-10] TRACE org.hibernate.orm.jdbc.bind - binding parameter (1:BIGINT) <- [53]
2025-12-14 23:59:56.270 [http-nio-8040-exec-10] DEBUG org.hibernate.SQL - 
    select
        ss1_0.employee_id,
        ss1_0.id,
        ss1_0.basic_salary,
        ss1_0.created_at,
        ss1_0.da,
        ss1_0.effective_from_date,
        ss1_0.hra,
        ss1_0.is_active,
        ss1_0.other_allowances,
        ss1_0.pf_contribution 
    from
        salary_structures ss1_0 
    where
        ss1_0.employee_id=?
2025-12-14 23:59:56.270 [http-nio-8040-exec-10] TRACE org.hibernate.orm.jdbc.bind - binding parameter (1:BIGINT) <- [54]
2025-12-14 23:59:56.271 [http-nio-8040-exec-10] DEBUG org.hibernate.SQL - 
    select
        ss1_0.employee_id,
        ss1_0.id,
        ss1_0.basic_salary,
        ss1_0.created_at,
        ss1_0.da,
        ss1_0.effective_from_date,
        ss1_0.hra,
        ss1_0.is_active,
        ss1_0.other_allowances,
        ss1_0.pf_contribution 
    from
        salary_structures ss1_0 
    where
        ss1_0.employee_id=?
2025-12-14 23:59:56.271 [http-nio-8040-exec-10] TRACE org.hibernate.orm.jdbc.bind - binding parameter (1:BIGINT) <- [55]
2025-12-14 23:59:56.274 [http-nio-8040-exec-10] DEBUG org.hibernate.SQL - 
    select
        ss1_0.employee_id,
        ss1_0.id,
        ss1_0.basic_salary,
        ss1_0.created_at,
        ss1_0.da,
        ss1_0.effective_from_date,
        ss1_0.hra,
        ss1_0.is_active,
        ss1_0.other_allowances,
        ss1_0.pf_contribution 
    from
        salary_structures ss1_0 
    where
        ss1_0.employee_id=?
2025-12-14 23:59:56.274 [http-nio-8040-exec-10] TRACE org.hibernate.orm.jdbc.bind - binding parameter (1:BIGINT) <- [56]
2025-12-14 23:59:56.275 [http-nio-8040-exec-10] DEBUG org.hibernate.SQL - 
    select
        ss1_0.employee_id,
        ss1_0.id,
        ss1_0.basic_salary,
        ss1_0.created_at,
        ss1_0.da,
        ss1_0.effective_from_date,
        ss1_0.hra,
        ss1_0.is_active,
        ss1_0.other_allowances,
        ss1_0.pf_contribution 
    from
        salary_structures ss1_0 
    where
        ss1_0.employee_id=?
2025-12-14 23:59:56.275 [http-nio-8040-exec-10] TRACE org.hibernate.orm.jdbc.bind - binding parameter (1:BIGINT) <- [57]
2025-12-14 23:59:56.277 [http-nio-8040-exec-10] DEBUG org.hibernate.SQL - 
    select
        ss1_0.employee_id,
        ss1_0.id,
        ss1_0.basic_salary,
        ss1_0.created_at,
        ss1_0.da,
        ss1_0.effective_from_date,
        ss1_0.hra,
        ss1_0.is_active,
        ss1_0.other_allowances,
        ss1_0.pf_contribution 
    from
        salary_structures ss1_0 
    where
        ss1_0.employee_id=?
2025-12-14 23:59:56.277 [http-nio-8040-exec-10] TRACE org.hibernate.orm.jdbc.bind - binding parameter (1:BIGINT) <- [58]
2025-12-14 23:59:56.278 [http-nio-8040-exec-10] DEBUG org.hibernate.SQL - 
    select
        ss1_0.employee_id,
        ss1_0.id,
        ss1_0.basic_salary,
        ss1_0.created_at,
        ss1_0.da,
        ss1_0.effective_from_date,
        ss1_0.hra,
        ss1_0.is_active,
        ss1_0.other_allowances,
        ss1_0.pf_contribution 
    from
        salary_structures ss1_0 
    where
        ss1_0.employee_id=?
2025-12-14 23:59:56.279 [http-nio-8040-exec-10] TRACE org.hibernate.orm.jdbc.bind - binding parameter (1:BIGINT) <- [59]
2025-12-14 23:59:56.281 [http-nio-8040-exec-10] DEBUG org.hibernate.SQL - 
    select
        ss1_0.employee_id,
        ss1_0.id,
        ss1_0.basic_salary,
        ss1_0.created_at,
        ss1_0.da,
        ss1_0.effective_from_date,
        ss1_0.hra,
        ss1_0.is_active,
        ss1_0.other_allowances,
        ss1_0.pf_contribution 
    from
        salary_structures ss1_0 
    where
        ss1_0.employee_id=?
2025-12-14 23:59:56.281 [http-nio-8040-exec-10] TRACE org.hibernate.orm.jdbc.bind - binding parameter (1:BIGINT) <- [60]
2025-12-14 23:59:56.282 [http-nio-8040-exec-10] DEBUG org.hibernate.SQL - 
    select
        ss1_0.employee_id,
        ss1_0.id,
        ss1_0.basic_salary,
        ss1_0.created_at,
        ss1_0.da,
        ss1_0.effective_from_date,
        ss1_0.hra,
        ss1_0.is_active,
        ss1_0.other_allowances,
        ss1_0.pf_contribution 
    from
        salary_structures ss1_0 
    where
        ss1_0.employee_id=?
2025-12-14 23:59:56.282 [http-nio-8040-exec-10] TRACE org.hibernate.orm.jdbc.bind - binding parameter (1:BIGINT) <- [61]
2025-12-14 23:59:56.283 [http-nio-8040-exec-10] DEBUG org.hibernate.SQL - 
    select
        ss1_0.employee_id,
        ss1_0.id,
        ss1_0.basic_salary,
        ss1_0.created_at,
        ss1_0.da,
        ss1_0.effective_from_date,
        ss1_0.hra,
        ss1_0.is_active,
        ss1_0.other_allowances,
        ss1_0.pf_contribution 
    from
        salary_structures ss1_0 
    where
        ss1_0.employee_id=?
2025-12-14 23:59:56.283 [http-nio-8040-exec-10] TRACE org.hibernate.orm.jdbc.bind - binding parameter (1:BIGINT) <- [62]
2025-12-14 23:59:56.284 [http-nio-8040-exec-10] DEBUG org.hibernate.SQL - 
    select
        ss1_0.employee_id,
        ss1_0.id,
        ss1_0.basic_salary,
        ss1_0.created_at,
        ss1_0.da,
        ss1_0.effective_from_date,
        ss1_0.hra,
        ss1_0.is_active,
        ss1_0.other_allowances,
        ss1_0.pf_contribution 
    from
        salary_structures ss1_0 
    where
        ss1_0.employee_id=?
2025-12-14 23:59:56.284 [http-nio-8040-exec-10] TRACE org.hibernate.orm.jdbc.bind - binding parameter (1:BIGINT) <- [63]
2025-12-14 23:59:56.287 [http-nio-8040-exec-10] DEBUG org.hibernate.SQL - 
    select
        ss1_0.employee_id,
        ss1_0.id,
        ss1_0.basic_salary,
        ss1_0.created_at,
        ss1_0.da,
        ss1_0.effective_from_date,
        ss1_0.hra,
        ss1_0.is_active,
        ss1_0.other_allowances,
        ss1_0.pf_contribution 
    from
        salary_structures ss1_0 
    where
        ss1_0.employee_id=?
2025-12-14 23:59:56.287 [http-nio-8040-exec-10] TRACE org.hibernate.orm.jdbc.bind - binding parameter (1:BIGINT) <- [64]
2025-12-14 23:59:56.288 [http-nio-8040-exec-10] DEBUG org.hibernate.SQL - 
    select
        ss1_0.employee_id,
        ss1_0.id,
        ss1_0.basic_salary,
        ss1_0.created_at,
        ss1_0.da,
        ss1_0.effective_from_date,
        ss1_0.hra,
        ss1_0.is_active,
        ss1_0.other_allowances,
        ss1_0.pf_contribution 
    from
        salary_structures ss1_0 
    where
        ss1_0.employee_id=?
2025-12-14 23:59:56.288 [http-nio-8040-exec-10] TRACE org.hibernate.orm.jdbc.bind - binding parameter (1:BIGINT) <- [65]
2025-12-14 23:59:56.290 [http-nio-8040-exec-10] DEBUG org.hibernate.SQL - 
    select
        ss1_0.employee_id,
        ss1_0.id,
        ss1_0.basic_salary,
        ss1_0.created_at,
        ss1_0.da,
        ss1_0.effective_from_date,
        ss1_0.hra,
        ss1_0.is_active,
        ss1_0.other_allowances,
        ss1_0.pf_contribution 
    from
        salary_structures ss1_0 
    where
        ss1_0.employee_id=?
2025-12-14 23:59:56.290 [http-nio-8040-exec-10] TRACE org.hibernate.orm.jdbc.bind - binding parameter (1:BIGINT) <- [66]
2025-12-14 23:59:56.291 [http-nio-8040-exec-10] DEBUG org.hibernate.SQL - 
    select
        ss1_0.employee_id,
        ss1_0.id,
        ss1_0.basic_salary,
        ss1_0.created_at,
        ss1_0.da,
        ss1_0.effective_from_date,
        ss1_0.hra,
        ss1_0.is_active,
        ss1_0.other_allowances,
        ss1_0.pf_contribution 
    from
        salary_structures ss1_0 
    where
        ss1_0.employee_id=?
2025-12-14 23:59:56.291 [http-nio-8040-exec-10] TRACE org.hibernate.orm.jdbc.bind - binding parameter (1:BIGINT) <- [67]
2025-12-14 23:59:56.293 [http-nio-8040-exec-10] DEBUG org.hibernate.SQL - 
    select
        ss1_0.employee_id,
        ss1_0.id,
        ss1_0.basic_salary,
        ss1_0.created_at,
        ss1_0.da,
        ss1_0.effective_from_date,
        ss1_0.hra,
        ss1_0.is_active,
        ss1_0.other_allowances,
        ss1_0.pf_contribution 
    from
        salary_structures ss1_0 
    where
        ss1_0.employee_id=?
2025-12-14 23:59:56.293 [http-nio-8040-exec-10] TRACE org.hibernate.orm.jdbc.bind - binding parameter (1:BIGINT) <- [68]
2025-12-14 23:59:56.294 [http-nio-8040-exec-10] DEBUG org.hibernate.SQL - 
    select
        ss1_0.employee_id,
        ss1_0.id,
        ss1_0.basic_salary,
        ss1_0.created_at,
        ss1_0.da,
        ss1_0.effective_from_date,
        ss1_0.hra,
        ss1_0.is_active,
        ss1_0.other_allowances,
        ss1_0.pf_contribution 
    from
        salary_structures ss1_0 
    where
        ss1_0.employee_id=?
2025-12-14 23:59:56.295 [http-nio-8040-exec-10] TRACE org.hibernate.orm.jdbc.bind - binding parameter (1:BIGINT) <- [69]
2025-12-14 23:59:56.296 [http-nio-8040-exec-10] DEBUG org.hibernate.SQL - 
    select
        ss1_0.employee_id,
        ss1_0.id,
        ss1_0.basic_salary,
        ss1_0.created_at,
        ss1_0.da,
        ss1_0.effective_from_date,
        ss1_0.hra,
        ss1_0.is_active,
        ss1_0.other_allowances,
        ss1_0.pf_contribution 
    from
        salary_structures ss1_0 
    where
        ss1_0.employee_id=?
2025-12-14 23:59:56.296 [http-nio-8040-exec-10] TRACE org.hibernate.orm.jdbc.bind - binding parameter (1:BIGINT) <- [70]
2025-12-14 23:59:56.297 [http-nio-8040-exec-10] DEBUG org.hibernate.SQL - 
    select
        ss1_0.employee_id,
        ss1_0.id,
        ss1_0.basic_salary,
        ss1_0.created_at,
        ss1_0.da,
        ss1_0.effective_from_date,
        ss1_0.hra,
        ss1_0.is_active,
        ss1_0.other_allowances,
        ss1_0.pf_contribution 
    from
        salary_structures ss1_0 
    where
        ss1_0.employee_id=?
2025-12-14 23:59:56.297 [http-nio-8040-exec-10] TRACE org.hibernate.orm.jdbc.bind - binding parameter (1:BIGINT) <- [71]
2025-12-14 23:59:56.299 [http-nio-8040-exec-10] DEBUG org.hibernate.SQL - 
    select
        ss1_0.employee_id,
        ss1_0.id,
        ss1_0.basic_salary,
        ss1_0.created_at,
        ss1_0.da,
        ss1_0.effective_from_date,
        ss1_0.hra,
        ss1_0.is_active,
        ss1_0.other_allowances,
        ss1_0.pf_contribution 
    from
        salary_structures ss1_0 
    where
        ss1_0.employee_id=?
2025-12-14 23:59:56.299 [http-nio-8040-exec-10] TRACE org.hibernate.orm.jdbc.bind - binding parameter (1:BIGINT) <- [72]
2025-12-14 23:59:56.300 [http-nio-8040-exec-10] DEBUG org.hibernate.SQL - 
    select
        ss1_0.employee_id,
        ss1_0.id,
        ss1_0.basic_salary,
        ss1_0.created_at,
        ss1_0.da,
        ss1_0.effective_from_date,
        ss1_0.hra,
        ss1_0.is_active,
        ss1_0.other_allowances,
        ss1_0.pf_contribution 
    from
        salary_structures ss1_0 
    where
        ss1_0.employee_id=?
2025-12-14 23:59:56.301 [http-nio-8040-exec-10] TRACE org.hibernate.orm.jdbc.bind - binding parameter (1:BIGINT) <- [73]
2025-12-14 23:59:56.302 [http-nio-8040-exec-10] DEBUG org.hibernate.SQL - 
    select
        ss1_0.employee_id,
        ss1_0.id,
        ss1_0.basic_salary,
        ss1_0.created_at,
        ss1_0.da,
        ss1_0.effective_from_date,
        ss1_0.hra,
        ss1_0.is_active,
        ss1_0.other_allowances,
        ss1_0.pf_contribution 
    from
        salary_structures ss1_0 
    where
        ss1_0.employee_id=?
2025-12-14 23:59:56.302 [http-nio-8040-exec-10] TRACE org.hibernate.orm.jdbc.bind - binding parameter (1:BIGINT) <- [74]
2025-12-14 23:59:56.304 [http-nio-8040-exec-10] DEBUG org.hibernate.SQL - 
    select
        ss1_0.employee_id,
        ss1_0.id,
        ss1_0.basic_salary,
        ss1_0.created_at,
        ss1_0.da,
        ss1_0.effective_from_date,
        ss1_0.hra,
        ss1_0.is_active,
        ss1_0.other_allowances,
        ss1_0.pf_contribution 
    from
        salary_structures ss1_0 
    where
        ss1_0.employee_id=?
2025-12-14 23:59:56.304 [http-nio-8040-exec-10] TRACE org.hibernate.orm.jdbc.bind - binding parameter (1:BIGINT) <- [75]
2025-12-14 23:59:56.305 [http-nio-8040-exec-10] DEBUG org.hibernate.SQL - 
    select
        ss1_0.employee_id,
        ss1_0.id,
        ss1_0.basic_salary,
        ss1_0.created_at,
        ss1_0.da,
        ss1_0.effective_from_date,
        ss1_0.hra,
        ss1_0.is_active,
        ss1_0.other_allowances,
        ss1_0.pf_contribution 
    from
        salary_structures ss1_0 
    where
        ss1_0.employee_id=?
2025-12-14 23:59:56.306 [http-nio-8040-exec-10] TRACE org.hibernate.orm.jdbc.bind - binding parameter (1:BIGINT) <- [76]
2025-12-14 23:59:56.307 [http-nio-8040-exec-10] DEBUG org.hibernate.SQL - 
    select
        ss1_0.employee_id,
        ss1_0.id,
        ss1_0.basic_salary,
        ss1_0.created_at,
        ss1_0.da,
        ss1_0.effective_from_date,
        ss1_0.hra,
        ss1_0.is_active,
        ss1_0.other_allowances,
        ss1_0.pf_contribution 
    from
        salary_structures ss1_0 
    where
        ss1_0.employee_id=?
2025-12-14 23:59:56.307 [http-nio-8040-exec-10] TRACE org.hibernate.orm.jdbc.bind - binding parameter (1:BIGINT) <- [77]
2025-12-14 23:59:56.308 [http-nio-8040-exec-10] DEBUG org.hibernate.SQL - 
    select
        ss1_0.employee_id,
        ss1_0.id,
        ss1_0.basic_salary,
        ss1_0.created_at,
        ss1_0.da,
        ss1_0.effective_from_date,
        ss1_0.hra,
        ss1_0.is_active,
        ss1_0.other_allowances,
        ss1_0.pf_contribution 
    from
        salary_structures ss1_0 
    where
        ss1_0.employee_id=?
2025-12-14 23:59:56.308 [http-nio-8040-exec-10] TRACE org.hibernate.orm.jdbc.bind - binding parameter (1:BIGINT) <- [78]
2025-12-14 23:59:56.309 [http-nio-8040-exec-10] DEBUG org.hibernate.SQL - 
    select
        ss1_0.employee_id,
        ss1_0.id,
        ss1_0.basic_salary,
        ss1_0.created_at,
        ss1_0.da,
        ss1_0.effective_from_date,
        ss1_0.hra,
        ss1_0.is_active,
        ss1_0.other_allowances,
        ss1_0.pf_contribution 
    from
        salary_structures ss1_0 
    where
        ss1_0.employee_id=?
2025-12-14 23:59:56.310 [http-nio-8040-exec-10] TRACE org.hibernate.orm.jdbc.bind - binding parameter (1:BIGINT) <- [79]
2025-12-14 23:59:56.311 [http-nio-8040-exec-10] DEBUG org.hibernate.SQL - 
    select
        ss1_0.employee_id,
        ss1_0.id,
        ss1_0.basic_salary,
        ss1_0.created_at,
        ss1_0.da,
        ss1_0.effective_from_date,
        ss1_0.hra,
        ss1_0.is_active,
        ss1_0.other_allowances,
        ss1_0.pf_contribution 
    from
        salary_structures ss1_0 
    where
        ss1_0.employee_id=?
2025-12-14 23:59:56.311 [http-nio-8040-exec-10] TRACE org.hibernate.orm.jdbc.bind - binding parameter (1:BIGINT) <- [80]
2025-12-14 23:59:56.312 [http-nio-8040-exec-10] DEBUG org.hibernate.SQL - 
    select
        ss1_0.employee_id,
        ss1_0.id,
        ss1_0.basic_salary,
        ss1_0.created_at,
        ss1_0.da,
        ss1_0.effective_from_date,
        ss1_0.hra,
        ss1_0.is_active,
        ss1_0.other_allowances,
        ss1_0.pf_contribution 
    from
        salary_structures ss1_0 
    where
        ss1_0.employee_id=?
2025-12-14 23:59:56.312 [http-nio-8040-exec-10] TRACE org.hibernate.orm.jdbc.bind - binding parameter (1:BIGINT) <- [81]
2025-12-14 23:59:56.313 [http-nio-8040-exec-10] DEBUG org.hibernate.SQL - 
    select
        ss1_0.employee_id,
        ss1_0.id,
        ss1_0.basic_salary,
        ss1_0.created_at,
        ss1_0.da,
        ss1_0.effective_from_date,
        ss1_0.hra,
        ss1_0.is_active,
        ss1_0.other_allowances,
        ss1_0.pf_contribution 
    from
        salary_structures ss1_0 
    where
        ss1_0.employee_id=?
2025-12-14 23:59:56.314 [http-nio-8040-exec-10] TRACE org.hibernate.orm.jdbc.bind - binding parameter (1:BIGINT) <- [82]
2025-12-14 23:59:56.315 [http-nio-8040-exec-10] DEBUG org.hibernate.SQL - 
    select
        ss1_0.employee_id,
        ss1_0.id,
        ss1_0.basic_salary,
        ss1_0.created_at,
        ss1_0.da,
        ss1_0.effective_from_date,
        ss1_0.hra,
        ss1_0.is_active,
        ss1_0.other_allowances,
        ss1_0.pf_contribution 
    from
        salary_structures ss1_0 
    where
        ss1_0.employee_id=?
2025-12-14 23:59:56.316 [http-nio-8040-exec-10] TRACE org.hibernate.orm.jdbc.bind - binding parameter (1:BIGINT) <- [83]
2025-12-14 23:59:56.317 [http-nio-8040-exec-10] DEBUG org.hibernate.SQL - 
    select
        ss1_0.employee_id,
        ss1_0.id,
        ss1_0.basic_salary,
        ss1_0.created_at,
        ss1_0.da,
        ss1_0.effective_from_date,
        ss1_0.hra,
        ss1_0.is_active,
        ss1_0.other_allowances,
        ss1_0.pf_contribution 
    from
        salary_structures ss1_0 
    where
        ss1_0.employee_id=?
2025-12-14 23:59:56.317 [http-nio-8040-exec-10] TRACE org.hibernate.orm.jdbc.bind - binding parameter (1:BIGINT) <- [84]
2025-12-14 23:59:56.318 [http-nio-8040-exec-10] DEBUG org.hibernate.SQL - 
    select
        ss1_0.employee_id,
        ss1_0.id,
        ss1_0.basic_salary,
        ss1_0.created_at,
        ss1_0.da,
        ss1_0.effective_from_date,
        ss1_0.hra,
        ss1_0.is_active,
        ss1_0.other_allowances,
        ss1_0.pf_contribution 
    from
        salary_structures ss1_0 
    where
        ss1_0.employee_id=?
2025-12-14 23:59:56.318 [http-nio-8040-exec-10] TRACE org.hibernate.orm.jdbc.bind - binding parameter (1:BIGINT) <- [85]
2025-12-14 23:59:56.319 [http-nio-8040-exec-10] DEBUG org.hibernate.SQL - 
    select
        ss1_0.employee_id,
        ss1_0.id,
        ss1_0.basic_salary,
        ss1_0.created_at,
        ss1_0.da,
        ss1_0.effective_from_date,
        ss1_0.hra,
        ss1_0.is_active,
        ss1_0.other_allowances,
        ss1_0.pf_contribution 
    from
        salary_structures ss1_0 
    where
        ss1_0.employee_id=?
2025-12-14 23:59:56.320 [http-nio-8040-exec-10] TRACE org.hibernate.orm.jdbc.bind - binding parameter (1:BIGINT) <- [86]
2025-12-14 23:59:56.321 [http-nio-8040-exec-10] DEBUG org.hibernate.SQL - 
    select
        ss1_0.employee_id,
        ss1_0.id,
        ss1_0.basic_salary,
        ss1_0.created_at,
        ss1_0.da,
        ss1_0.effective_from_date,
        ss1_0.hra,
        ss1_0.is_active,
        ss1_0.other_allowances,
        ss1_0.pf_contribution 
    from
        salary_structures ss1_0 
    where
        ss1_0.employee_id=?
2025-12-14 23:59:56.321 [http-nio-8040-exec-10] TRACE org.hibernate.orm.jdbc.bind - binding parameter (1:BIGINT) <- [87]
2025-12-14 23:59:56.322 [http-nio-8040-exec-10] DEBUG org.hibernate.SQL - 
    select
        ss1_0.employee_id,
        ss1_0.id,
        ss1_0.basic_salary,
        ss1_0.created_at,
        ss1_0.da,
        ss1_0.effective_from_date,
        ss1_0.hra,
        ss1_0.is_active,
        ss1_0.other_allowances,
        ss1_0.pf_contribution 
    from
        salary_structures ss1_0 
    where
        ss1_0.employee_id=?
2025-12-14 23:59:56.322 [http-nio-8040-exec-10] TRACE org.hibernate.orm.jdbc.bind - binding parameter (1:BIGINT) <- [88]
2025-12-14 23:59:56.323 [http-nio-8040-exec-10] DEBUG org.hibernate.SQL - 
    select
        ss1_0.employee_id,
        ss1_0.id,
        ss1_0.basic_salary,
        ss1_0.created_at,
        ss1_0.da,
        ss1_0.effective_from_date,
        ss1_0.hra,
        ss1_0.is_active,
        ss1_0.other_allowances,
        ss1_0.pf_contribution 
    from
        salary_structures ss1_0 
    where
        ss1_0.employee_id=?
2025-12-14 23:59:56.323 [http-nio-8040-exec-10] TRACE org.hibernate.orm.jdbc.bind - binding parameter (1:BIGINT) <- [89]
2025-12-14 23:59:56.324 [http-nio-8040-exec-10] DEBUG org.hibernate.SQL - 
    select
        ss1_0.employee_id,
        ss1_0.id,
        ss1_0.basic_salary,
        ss1_0.created_at,
        ss1_0.da,
        ss1_0.effective_from_date,
        ss1_0.hra,
        ss1_0.is_active,
        ss1_0.other_allowances,
        ss1_0.pf_contribution 
    from
        salary_structures ss1_0 
    where
        ss1_0.employee_id=?
2025-12-14 23:59:56.324 [http-nio-8040-exec-10] TRACE org.hibernate.orm.jdbc.bind - binding parameter (1:BIGINT) <- [90]
2025-12-14 23:59:56.325 [http-nio-8040-exec-10] DEBUG org.hibernate.SQL - 
    select
        ss1_0.employee_id,
        ss1_0.id,
        ss1_0.basic_salary,
        ss1_0.created_at,
        ss1_0.da,
        ss1_0.effective_from_date,
        ss1_0.hra,
        ss1_0.is_active,
        ss1_0.other_allowances,
        ss1_0.pf_contribution 
    from
        salary_structures ss1_0 
    where
        ss1_0.employee_id=?
2025-12-14 23:59:56.325 [http-nio-8040-exec-10] TRACE org.hibernate.orm.jdbc.bind - binding parameter (1:BIGINT) <- [91]
2025-12-14 23:59:56.326 [http-nio-8040-exec-10] DEBUG org.hibernate.SQL - 
    select
        ss1_0.employee_id,
        ss1_0.id,
        ss1_0.basic_salary,
        ss1_0.created_at,
        ss1_0.da,
        ss1_0.effective_from_date,
        ss1_0.hra,
        ss1_0.is_active,
        ss1_0.other_allowances,
        ss1_0.pf_contribution 
    from
        salary_structures ss1_0 
    where
        ss1_0.employee_id=?
2025-12-14 23:59:56.326 [http-nio-8040-exec-10] TRACE org.hibernate.orm.jdbc.bind - binding parameter (1:BIGINT) <- [92]
2025-12-14 23:59:56.327 [http-nio-8040-exec-10] DEBUG org.hibernate.SQL - 
    select
        ss1_0.employee_id,
        ss1_0.id,
        ss1_0.basic_salary,
        ss1_0.created_at,
        ss1_0.da,
        ss1_0.effective_from_date,
        ss1_0.hra,
        ss1_0.is_active,
        ss1_0.other_allowances,
        ss1_0.pf_contribution 
    from
        salary_structures ss1_0 
    where
        ss1_0.employee_id=?
2025-12-14 23:59:56.328 [http-nio-8040-exec-10] TRACE org.hibernate.orm.jdbc.bind - binding parameter (1:BIGINT) <- [93]
2025-12-14 23:59:56.329 [http-nio-8040-exec-10] DEBUG org.hibernate.SQL - 
    select
        ss1_0.employee_id,
        ss1_0.id,
        ss1_0.basic_salary,
        ss1_0.created_at,
        ss1_0.da,
        ss1_0.effective_from_date,
        ss1_0.hra,
        ss1_0.is_active,
        ss1_0.other_allowances,
        ss1_0.pf_contribution 
    from
        salary_structures ss1_0 
    where
        ss1_0.employee_id=?
2025-12-14 23:59:56.329 [http-nio-8040-exec-10] TRACE org.hibernate.orm.jdbc.bind - binding parameter (1:BIGINT) <- [94]
2025-12-14 23:59:56.331 [http-nio-8040-exec-10] DEBUG org.hibernate.SQL - 
    select
        ss1_0.employee_id,
        ss1_0.id,
        ss1_0.basic_salary,
        ss1_0.created_at,
        ss1_0.da,
        ss1_0.effective_from_date,
        ss1_0.hra,
        ss1_0.is_active,
        ss1_0.other_allowances,
        ss1_0.pf_contribution 
    from
        salary_structures ss1_0 
    where
        ss1_0.employee_id=?
2025-12-14 23:59:56.331 [http-nio-8040-exec-10] TRACE org.hibernate.orm.jdbc.bind - binding parameter (1:BIGINT) <- [95]
2025-12-14 23:59:56.332 [http-nio-8040-exec-10] DEBUG org.hibernate.SQL - 
    select
        ss1_0.employee_id,
        ss1_0.id,
        ss1_0.basic_salary,
        ss1_0.created_at,
        ss1_0.da,
        ss1_0.effective_from_date,
        ss1_0.hra,
        ss1_0.is_active,
        ss1_0.other_allowances,
        ss1_0.pf_contribution 
    from
        salary_structures ss1_0 
    where
        ss1_0.employee_id=?
2025-12-14 23:59:56.332 [http-nio-8040-exec-10] TRACE org.hibernate.orm.jdbc.bind - binding parameter (1:BIGINT) <- [96]
2025-12-14 23:59:56.334 [http-nio-8040-exec-10] DEBUG org.hibernate.SQL - 
    select
        ss1_0.employee_id,
        ss1_0.id,
        ss1_0.basic_salary,
        ss1_0.created_at,
        ss1_0.da,
        ss1_0.effective_from_date,
        ss1_0.hra,
        ss1_0.is_active,
        ss1_0.other_allowances,
        ss1_0.pf_contribution 
    from
        salary_structures ss1_0 
    where
        ss1_0.employee_id=?
2025-12-14 23:59:56.334 [http-nio-8040-exec-10] TRACE org.hibernate.orm.jdbc.bind - binding parameter (1:BIGINT) <- [97]
2025-12-14 23:59:56.335 [http-nio-8040-exec-10] DEBUG org.hibernate.SQL - 
    select
        ss1_0.employee_id,
        ss1_0.id,
        ss1_0.basic_salary,
        ss1_0.created_at,
        ss1_0.da,
        ss1_0.effective_from_date,
        ss1_0.hra,
        ss1_0.is_active,
        ss1_0.other_allowances,
        ss1_0.pf_contribution 
    from
        salary_structures ss1_0 
    where
        ss1_0.employee_id=?
2025-12-14 23:59:56.335 [http-nio-8040-exec-10] TRACE org.hibernate.orm.jdbc.bind - binding parameter (1:BIGINT) <- [98]
2025-12-14 23:59:56.336 [http-nio-8040-exec-10] DEBUG org.hibernate.SQL - 
    select
        ss1_0.employee_id,
        ss1_0.id,
        ss1_0.basic_salary,
        ss1_0.created_at,
        ss1_0.da,
        ss1_0.effective_from_date,
        ss1_0.hra,
        ss1_0.is_active,
        ss1_0.other_allowances,
        ss1_0.pf_contribution 
    from
        salary_structures ss1_0 
    where
        ss1_0.employee_id=?
2025-12-14 23:59:56.336 [http-nio-8040-exec-10] TRACE org.hibernate.orm.jdbc.bind - binding parameter (1:BIGINT) <- [99]
2025-12-14 23:59:56.336 [http-nio-8040-exec-10] DEBUG org.hibernate.SQL - 
    select
        ss1_0.employee_id,
        ss1_0.id,
        ss1_0.basic_salary,
        ss1_0.created_at,
        ss1_0.da,
        ss1_0.effective_from_date,
        ss1_0.hra,
        ss1_0.is_active,
        ss1_0.other_allowances,
        ss1_0.pf_contribution 
    from
        salary_structures ss1_0 
    where
        ss1_0.employee_id=?
2025-12-14 23:59:56.338 [http-nio-8040-exec-10] TRACE org.hibernate.orm.jdbc.bind - binding parameter (1:BIGINT) <- [100]
2025-12-14 23:59:56.357 [http-nio-8040-exec-10] DEBUG org.hibernate.SQL - 
    insert 
    into
        payroll_batches
        (approved_by_user_id, created_at, organization_id, payroll_month, payroll_year, rejection_reason, status, submitted_by_user_id, total_amount, total_employees, transaction_id, updated_at) 
    values
        (?, ?, ?, ?, ?, ?, ?, ?, ?, ?, ?, ?)
2025-12-14 23:59:56.360 [http-nio-8040-exec-10] TRACE org.hibernate.orm.jdbc.bind - binding parameter (1:BIGINT) <- [null]
2025-12-14 23:59:56.361 [http-nio-8040-exec-10] TRACE org.hibernate.orm.jdbc.bind - binding parameter (2:TIMESTAMP) <- [2025-12-14T23:59:56.353632]
2025-12-14 23:59:56.361 [http-nio-8040-exec-10] TRACE org.hibernate.orm.jdbc.bind - binding parameter (3:INTEGER) <- [1]
2025-12-14 23:59:56.361 [http-nio-8040-exec-10] TRACE org.hibernate.orm.jdbc.bind - binding parameter (4:INTEGER) <- [3]
2025-12-14 23:59:56.361 [http-nio-8040-exec-10] TRACE org.hibernate.orm.jdbc.bind - binding parameter (5:INTEGER) <- [2025]
2025-12-14 23:59:56.362 [http-nio-8040-exec-10] TRACE org.hibernate.orm.jdbc.bind - binding parameter (6:VARCHAR) <- [null]
2025-12-14 23:59:56.362 [http-nio-8040-exec-10] TRACE org.hibernate.orm.jdbc.bind - binding parameter (7:ENUM) <- [PENDING_APPROVAL]
2025-12-14 23:59:56.362 [http-nio-8040-exec-10] TRACE org.hibernate.orm.jdbc.bind - binding parameter (8:BIGINT) <- [2]
2025-12-14 23:59:56.362 [http-nio-8040-exec-10] TRACE org.hibernate.orm.jdbc.bind - binding parameter (9:NUMERIC) <- [7812120.00]
2025-12-14 23:59:56.364 [http-nio-8040-exec-10] TRACE org.hibernate.orm.jdbc.bind - binding parameter (10:INTEGER) <- [100]
2025-12-14 23:59:56.364 [http-nio-8040-exec-10] TRACE org.hibernate.orm.jdbc.bind - binding parameter (11:BIGINT) <- [null]
2025-12-14 23:59:56.364 [http-nio-8040-exec-10] TRACE org.hibernate.orm.jdbc.bind - binding parameter (12:TIMESTAMP) <- [2025-12-14T23:59:56.353632]
2025-12-14 23:59:56.398 [http-nio-8040-exec-10] DEBUG org.hibernate.SQL - 
    insert 
    into
        payroll_payments
        (basic_salary, created_at, da, employee_id, hra, net_salary_paid, other_allowances, payroll_batch_id, pf_contribution, processed_at, status) 
    values
        (?, ?, ?, ?, ?, ?, ?, ?, ?, ?, ?)
2025-12-14 23:59:56.398 [http-nio-8040-exec-10] TRACE org.hibernate.orm.jdbc.bind - binding parameter (1:NUMERIC) <- [50000.00]
2025-12-14 23:59:56.398 [http-nio-8040-exec-10] TRACE org.hibernate.orm.jdbc.bind - binding parameter (2:TIMESTAMP) <- [2025-12-14T23:59:56.398125]
2025-12-14 23:59:56.399 [http-nio-8040-exec-10] TRACE org.hibernate.orm.jdbc.bind - binding parameter (3:NUMERIC) <- [5000.00]
2025-12-14 23:59:56.399 [http-nio-8040-exec-10] TRACE org.hibernate.orm.jdbc.bind - binding parameter (4:BIGINT) <- [11]
2025-12-14 23:59:56.399 [http-nio-8040-exec-10] TRACE org.hibernate.orm.jdbc.bind - binding parameter (5:NUMERIC) <- [10000.00]
2025-12-14 23:59:56.399 [http-nio-8040-exec-10] TRACE org.hibernate.orm.jdbc.bind - binding parameter (6:NUMERIC) <- [64000.00]
2025-12-14 23:59:56.399 [http-nio-8040-exec-10] TRACE org.hibernate.orm.jdbc.bind - binding parameter (7:NUMERIC) <- [2000.00]
2025-12-14 23:59:56.399 [http-nio-8040-exec-10] TRACE org.hibernate.orm.jdbc.bind - binding parameter (8:BIGINT) <- [5]
2025-12-14 23:59:56.399 [http-nio-8040-exec-10] TRACE org.hibernate.orm.jdbc.bind - binding parameter (9:NUMERIC) <- [3000.00]
2025-12-14 23:59:56.399 [http-nio-8040-exec-10] TRACE org.hibernate.orm.jdbc.bind - binding parameter (10:TIMESTAMP) <- [null]
2025-12-14 23:59:56.399 [http-nio-8040-exec-10] TRACE org.hibernate.orm.jdbc.bind - binding parameter (11:ENUM) <- [PENDING]
2025-12-14 23:59:56.407 [http-nio-8040-exec-10] DEBUG org.hibernate.SQL - 
    insert 
    into
        payroll_payments
        (basic_salary, created_at, da, employee_id, hra, net_salary_paid, other_allowances, payroll_batch_id, pf_contribution, processed_at, status) 
    values
        (?, ?, ?, ?, ?, ?, ?, ?, ?, ?, ?)
2025-12-14 23:59:56.407 [http-nio-8040-exec-10] TRACE org.hibernate.orm.jdbc.bind - binding parameter (1:NUMERIC) <- [60000.00]
2025-12-14 23:59:56.407 [http-nio-8040-exec-10] TRACE org.hibernate.orm.jdbc.bind - binding parameter (2:TIMESTAMP) <- [2025-12-14T23:59:56.407076]
2025-12-14 23:59:56.407 [http-nio-8040-exec-10] TRACE org.hibernate.orm.jdbc.bind - binding parameter (3:NUMERIC) <- [6000.00]
2025-12-14 23:59:56.408 [http-nio-8040-exec-10] TRACE org.hibernate.orm.jdbc.bind - binding parameter (4:BIGINT) <- [2]
2025-12-14 23:59:56.408 [http-nio-8040-exec-10] TRACE org.hibernate.orm.jdbc.bind - binding parameter (5:NUMERIC) <- [15000.00]
2025-12-14 23:59:56.408 [http-nio-8040-exec-10] TRACE org.hibernate.orm.jdbc.bind - binding parameter (6:NUMERIC) <- [80400.00]
2025-12-14 23:59:56.408 [http-nio-8040-exec-10] TRACE org.hibernate.orm.jdbc.bind - binding parameter (7:NUMERIC) <- [3000.00]
2025-12-14 23:59:56.408 [http-nio-8040-exec-10] TRACE org.hibernate.orm.jdbc.bind - binding parameter (8:BIGINT) <- [5]
2025-12-14 23:59:56.408 [http-nio-8040-exec-10] TRACE org.hibernate.orm.jdbc.bind - binding parameter (9:NUMERIC) <- [3600.00]
2025-12-14 23:59:56.408 [http-nio-8040-exec-10] TRACE org.hibernate.orm.jdbc.bind - binding parameter (10:TIMESTAMP) <- [null]
2025-12-14 23:59:56.408 [http-nio-8040-exec-10] TRACE org.hibernate.orm.jdbc.bind - binding parameter (11:ENUM) <- [PENDING]
2025-12-14 23:59:56.409 [http-nio-8040-exec-10] DEBUG org.hibernate.SQL - 
    insert 
    into
        payroll_payments
        (basic_salary, created_at, da, employee_id, hra, net_salary_paid, other_allowances, payroll_batch_id, pf_contribution, processed_at, status) 
    values
        (?, ?, ?, ?, ?, ?, ?, ?, ?, ?, ?)
2025-12-14 23:59:56.410 [http-nio-8040-exec-10] TRACE org.hibernate.orm.jdbc.bind - binding parameter (1:NUMERIC) <- [55000.00]
2025-12-14 23:59:56.410 [http-nio-8040-exec-10] TRACE org.hibernate.orm.jdbc.bind - binding parameter (2:TIMESTAMP) <- [2025-12-14T23:59:56.409586]
2025-12-14 23:59:56.410 [http-nio-8040-exec-10] TRACE org.hibernate.orm.jdbc.bind - binding parameter (3:NUMERIC) <- [5500.00]
2025-12-14 23:59:56.410 [http-nio-8040-exec-10] TRACE org.hibernate.orm.jdbc.bind - binding parameter (4:BIGINT) <- [3]
2025-12-14 23:59:56.410 [http-nio-8040-exec-10] TRACE org.hibernate.orm.jdbc.bind - binding parameter (5:NUMERIC) <- [11000.00]
2025-12-14 23:59:56.410 [http-nio-8040-exec-10] TRACE org.hibernate.orm.jdbc.bind - binding parameter (6:NUMERIC) <- [70700.00]
2025-12-14 23:59:56.410 [http-nio-8040-exec-10] TRACE org.hibernate.orm.jdbc.bind - binding parameter (7:NUMERIC) <- [2500.00]
2025-12-14 23:59:56.410 [http-nio-8040-exec-10] TRACE org.hibernate.orm.jdbc.bind - binding parameter (8:BIGINT) <- [5]
2025-12-14 23:59:56.410 [http-nio-8040-exec-10] TRACE org.hibernate.orm.jdbc.bind - binding parameter (9:NUMERIC) <- [3300.00]
2025-12-14 23:59:56.410 [http-nio-8040-exec-10] TRACE org.hibernate.orm.jdbc.bind - binding parameter (10:TIMESTAMP) <- [null]
2025-12-14 23:59:56.410 [http-nio-8040-exec-10] TRACE org.hibernate.orm.jdbc.bind - binding parameter (11:ENUM) <- [PENDING]
2025-12-14 23:59:56.412 [http-nio-8040-exec-10] DEBUG org.hibernate.SQL - 
    insert 
    into
        payroll_payments
        (basic_salary, created_at, da, employee_id, hra, net_salary_paid, other_allowances, payroll_batch_id, pf_contribution, processed_at, status) 
    values
        (?, ?, ?, ?, ?, ?, ?, ?, ?, ?, ?)
2025-12-14 23:59:56.412 [http-nio-8040-exec-10] TRACE org.hibernate.orm.jdbc.bind - binding parameter (1:NUMERIC) <- [52000.00]
2025-12-14 23:59:56.412 [http-nio-8040-exec-10] TRACE org.hibernate.orm.jdbc.bind - binding parameter (2:TIMESTAMP) <- [2025-12-14T23:59:56.412620]
2025-12-14 23:59:56.412 [http-nio-8040-exec-10] TRACE org.hibernate.orm.jdbc.bind - binding parameter (3:NUMERIC) <- [5200.00]
2025-12-14 23:59:56.412 [http-nio-8040-exec-10] TRACE org.hibernate.orm.jdbc.bind - binding parameter (4:BIGINT) <- [1]
2025-12-14 23:59:56.412 [http-nio-8040-exec-10] TRACE org.hibernate.orm.jdbc.bind - binding parameter (5:NUMERIC) <- [10400.00]
2025-12-14 23:59:56.412 [http-nio-8040-exec-10] TRACE org.hibernate.orm.jdbc.bind - binding parameter (6:NUMERIC) <- [66680.00]
2025-12-14 23:59:56.412 [http-nio-8040-exec-10] TRACE org.hibernate.orm.jdbc.bind - binding parameter (7:NUMERIC) <- [2200.00]
2025-12-14 23:59:56.412 [http-nio-8040-exec-10] TRACE org.hibernate.orm.jdbc.bind - binding parameter (8:BIGINT) <- [5]
2025-12-14 23:59:56.412 [http-nio-8040-exec-10] TRACE org.hibernate.orm.jdbc.bind - binding parameter (9:NUMERIC) <- [3120.00]
2025-12-14 23:59:56.412 [http-nio-8040-exec-10] TRACE org.hibernate.orm.jdbc.bind - binding parameter (10:TIMESTAMP) <- [null]
2025-12-14 23:59:56.414 [http-nio-8040-exec-10] TRACE org.hibernate.orm.jdbc.bind - binding parameter (11:ENUM) <- [PENDING]
2025-12-14 23:59:56.415 [http-nio-8040-exec-10] DEBUG org.hibernate.SQL - 
    insert 
    into
        payroll_payments
        (basic_salary, created_at, da, employee_id, hra, net_salary_paid, other_allowances, payroll_batch_id, pf_contribution, processed_at, status) 
    values
        (?, ?, ?, ?, ?, ?, ?, ?, ?, ?, ?)
2025-12-14 23:59:56.416 [http-nio-8040-exec-10] TRACE org.hibernate.orm.jdbc.bind - binding parameter (1:NUMERIC) <- [75000.00]
2025-12-14 23:59:56.416 [http-nio-8040-exec-10] TRACE org.hibernate.orm.jdbc.bind - binding parameter (2:TIMESTAMP) <- [2025-12-14T23:59:56.415646]
2025-12-14 23:59:56.416 [http-nio-8040-exec-10] TRACE org.hibernate.orm.jdbc.bind - binding parameter (3:NUMERIC) <- [7500.00]
2025-12-14 23:59:56.416 [http-nio-8040-exec-10] TRACE org.hibernate.orm.jdbc.bind - binding parameter (4:BIGINT) <- [5]
2025-12-14 23:59:56.416 [http-nio-8040-exec-10] TRACE org.hibernate.orm.jdbc.bind - binding parameter (5:NUMERIC) <- [15000.00]
2025-12-14 23:59:56.416 [http-nio-8040-exec-10] TRACE org.hibernate.orm.jdbc.bind - binding parameter (6:NUMERIC) <- [96500.00]
2025-12-14 23:59:56.416 [http-nio-8040-exec-10] TRACE org.hibernate.orm.jdbc.bind - binding parameter (7:NUMERIC) <- [3500.00]
2025-12-14 23:59:56.416 [http-nio-8040-exec-10] TRACE org.hibernate.orm.jdbc.bind - binding parameter (8:BIGINT) <- [5]
2025-12-14 23:59:56.416 [http-nio-8040-exec-10] TRACE org.hibernate.orm.jdbc.bind - binding parameter (9:NUMERIC) <- [4500.00]
2025-12-14 23:59:56.416 [http-nio-8040-exec-10] TRACE org.hibernate.orm.jdbc.bind - binding parameter (10:TIMESTAMP) <- [null]
2025-12-14 23:59:56.416 [http-nio-8040-exec-10] TRACE org.hibernate.orm.jdbc.bind - binding parameter (11:ENUM) <- [PENDING]
2025-12-14 23:59:56.417 [http-nio-8040-exec-10] DEBUG org.hibernate.SQL - 
    insert 
    into
        payroll_payments
        (basic_salary, created_at, da, employee_id, hra, net_salary_paid, other_allowances, payroll_batch_id, pf_contribution, processed_at, status) 
    values
        (?, ?, ?, ?, ?, ?, ?, ?, ?, ?, ?)
2025-12-14 23:59:56.418 [http-nio-8040-exec-10] TRACE org.hibernate.orm.jdbc.bind - binding parameter (1:NUMERIC) <- [58000.00]
2025-12-14 23:59:56.418 [http-nio-8040-exec-10] TRACE org.hibernate.orm.jdbc.bind - binding parameter (2:TIMESTAMP) <- [2025-12-14T23:59:56.417693]
2025-12-14 23:59:56.418 [http-nio-8040-exec-10] TRACE org.hibernate.orm.jdbc.bind - binding parameter (3:NUMERIC) <- [5800.00]
2025-12-14 23:59:56.418 [http-nio-8040-exec-10] TRACE org.hibernate.orm.jdbc.bind - binding parameter (4:BIGINT) <- [7]
2025-12-14 23:59:56.418 [http-nio-8040-exec-10] TRACE org.hibernate.orm.jdbc.bind - binding parameter (5:NUMERIC) <- [11600.00]
2025-12-14 23:59:56.418 [http-nio-8040-exec-10] TRACE org.hibernate.orm.jdbc.bind - binding parameter (6:NUMERIC) <- [74720.00]
2025-12-14 23:59:56.418 [http-nio-8040-exec-10] TRACE org.hibernate.orm.jdbc.bind - binding parameter (7:NUMERIC) <- [2800.00]
2025-12-14 23:59:56.419 [http-nio-8040-exec-10] TRACE org.hibernate.orm.jdbc.bind - binding parameter (8:BIGINT) <- [5]
2025-12-14 23:59:56.419 [http-nio-8040-exec-10] TRACE org.hibernate.orm.jdbc.bind - binding parameter (9:NUMERIC) <- [3480.00]
2025-12-14 23:59:56.419 [http-nio-8040-exec-10] TRACE org.hibernate.orm.jdbc.bind - binding parameter (10:TIMESTAMP) <- [null]
2025-12-14 23:59:56.419 [http-nio-8040-exec-10] TRACE org.hibernate.orm.jdbc.bind - binding parameter (11:ENUM) <- [PENDING]
2025-12-14 23:59:56.420 [http-nio-8040-exec-10] DEBUG org.hibernate.SQL - 
    insert 
    into
        payroll_payments
        (basic_salary, created_at, da, employee_id, hra, net_salary_paid, other_allowances, payroll_batch_id, pf_contribution, processed_at, status) 
    values
        (?, ?, ?, ?, ?, ?, ?, ?, ?, ?, ?)
2025-12-14 23:59:56.421 [http-nio-8040-exec-10] TRACE org.hibernate.orm.jdbc.bind - binding parameter (1:NUMERIC) <- [48000.00]
2025-12-14 23:59:56.421 [http-nio-8040-exec-10] TRACE org.hibernate.orm.jdbc.bind - binding parameter (2:TIMESTAMP) <- [2025-12-14T23:59:56.420438]
2025-12-14 23:59:56.421 [http-nio-8040-exec-10] TRACE org.hibernate.orm.jdbc.bind - binding parameter (3:NUMERIC) <- [4800.00]
2025-12-14 23:59:56.421 [http-nio-8040-exec-10] TRACE org.hibernate.orm.jdbc.bind - binding parameter (4:BIGINT) <- [15]
2025-12-14 23:59:56.421 [http-nio-8040-exec-10] TRACE org.hibernate.orm.jdbc.bind - binding parameter (5:NUMERIC) <- [9600.00]
2025-12-14 23:59:56.421 [http-nio-8040-exec-10] TRACE org.hibernate.orm.jdbc.bind - binding parameter (6:NUMERIC) <- [61320.00]
2025-12-14 23:59:56.421 [http-nio-8040-exec-10] TRACE org.hibernate.orm.jdbc.bind - binding parameter (7:NUMERIC) <- [1800.00]
2025-12-14 23:59:56.421 [http-nio-8040-exec-10] TRACE org.hibernate.orm.jdbc.bind - binding parameter (8:BIGINT) <- [5]
2025-12-14 23:59:56.421 [http-nio-8040-exec-10] TRACE org.hibernate.orm.jdbc.bind - binding parameter (9:NUMERIC) <- [2880.00]
2025-12-14 23:59:56.421 [http-nio-8040-exec-10] TRACE org.hibernate.orm.jdbc.bind - binding parameter (10:TIMESTAMP) <- [null]
2025-12-14 23:59:56.421 [http-nio-8040-exec-10] TRACE org.hibernate.orm.jdbc.bind - binding parameter (11:ENUM) <- [PENDING]
2025-12-14 23:59:56.423 [http-nio-8040-exec-10] DEBUG org.hibernate.SQL - 
    insert 
    into
        payroll_payments
        (basic_salary, created_at, da, employee_id, hra, net_salary_paid, other_allowances, payroll_batch_id, pf_contribution, processed_at, status) 
    values
        (?, ?, ?, ?, ?, ?, ?, ?, ?, ?, ?)
2025-12-14 23:59:56.423 [http-nio-8040-exec-10] TRACE org.hibernate.orm.jdbc.bind - binding parameter (1:NUMERIC) <- [53000.00]
2025-12-14 23:59:56.423 [http-nio-8040-exec-10] TRACE org.hibernate.orm.jdbc.bind - binding parameter (2:TIMESTAMP) <- [2025-12-14T23:59:56.423446]
2025-12-14 23:59:56.423 [http-nio-8040-exec-10] TRACE org.hibernate.orm.jdbc.bind - binding parameter (3:NUMERIC) <- [5300.00]
2025-12-14 23:59:56.423 [http-nio-8040-exec-10] TRACE org.hibernate.orm.jdbc.bind - binding parameter (4:BIGINT) <- [10]
2025-12-14 23:59:56.423 [http-nio-8040-exec-10] TRACE org.hibernate.orm.jdbc.bind - binding parameter (5:NUMERIC) <- [10600.00]
2025-12-14 23:59:56.423 [http-nio-8040-exec-10] TRACE org.hibernate.orm.jdbc.bind - binding parameter (6:NUMERIC) <- [68020.00]
2025-12-14 23:59:56.423 [http-nio-8040-exec-10] TRACE org.hibernate.orm.jdbc.bind - binding parameter (7:NUMERIC) <- [2300.00]
2025-12-14 23:59:56.423 [http-nio-8040-exec-10] TRACE org.hibernate.orm.jdbc.bind - binding parameter (8:BIGINT) <- [5]
2025-12-14 23:59:56.423 [http-nio-8040-exec-10] TRACE org.hibernate.orm.jdbc.bind - binding parameter (9:NUMERIC) <- [3180.00]
2025-12-14 23:59:56.423 [http-nio-8040-exec-10] TRACE org.hibernate.orm.jdbc.bind - binding parameter (10:TIMESTAMP) <- [null]
2025-12-14 23:59:56.423 [http-nio-8040-exec-10] TRACE org.hibernate.orm.jdbc.bind - binding parameter (11:ENUM) <- [PENDING]
2025-12-14 23:59:56.425 [http-nio-8040-exec-10] DEBUG org.hibernate.SQL - 
    insert 
    into
        payroll_payments
        (basic_salary, created_at, da, employee_id, hra, net_salary_paid, other_allowances, payroll_batch_id, pf_contribution, processed_at, status) 
    values
        (?, ?, ?, ?, ?, ?, ?, ?, ?, ?, ?)
2025-12-14 23:59:56.426 [http-nio-8040-exec-10] TRACE org.hibernate.orm.jdbc.bind - binding parameter (1:NUMERIC) <- [56000.00]
2025-12-14 23:59:56.426 [http-nio-8040-exec-10] TRACE org.hibernate.orm.jdbc.bind - binding parameter (2:TIMESTAMP) <- [2025-12-14T23:59:56.425975]
2025-12-14 23:59:56.426 [http-nio-8040-exec-10] TRACE org.hibernate.orm.jdbc.bind - binding parameter (3:NUMERIC) <- [5600.00]
2025-12-14 23:59:56.426 [http-nio-8040-exec-10] TRACE org.hibernate.orm.jdbc.bind - binding parameter (4:BIGINT) <- [8]
2025-12-14 23:59:56.426 [http-nio-8040-exec-10] TRACE org.hibernate.orm.jdbc.bind - binding parameter (5:NUMERIC) <- [11200.00]
2025-12-14 23:59:56.426 [http-nio-8040-exec-10] TRACE org.hibernate.orm.jdbc.bind - binding parameter (6:NUMERIC) <- [72040.00]
2025-12-14 23:59:56.426 [http-nio-8040-exec-10] TRACE org.hibernate.orm.jdbc.bind - binding parameter (7:NUMERIC) <- [2600.00]
2025-12-14 23:59:56.426 [http-nio-8040-exec-10] TRACE org.hibernate.orm.jdbc.bind - binding parameter (8:BIGINT) <- [5]
2025-12-14 23:59:56.426 [http-nio-8040-exec-10] TRACE org.hibernate.orm.jdbc.bind - binding parameter (9:NUMERIC) <- [3360.00]
2025-12-14 23:59:56.426 [http-nio-8040-exec-10] TRACE org.hibernate.orm.jdbc.bind - binding parameter (10:TIMESTAMP) <- [null]
2025-12-14 23:59:56.426 [http-nio-8040-exec-10] TRACE org.hibernate.orm.jdbc.bind - binding parameter (11:ENUM) <- [PENDING]
2025-12-14 23:59:56.428 [http-nio-8040-exec-10] DEBUG org.hibernate.SQL - 
    insert 
    into
        payroll_payments
        (basic_salary, created_at, da, employee_id, hra, net_salary_paid, other_allowances, payroll_batch_id, pf_contribution, processed_at, status) 
    values
        (?, ?, ?, ?, ?, ?, ?, ?, ?, ?, ?)
2025-12-14 23:59:56.429 [http-nio-8040-exec-10] TRACE org.hibernate.orm.jdbc.bind - binding parameter (1:NUMERIC) <- [51000.00]
2025-12-14 23:59:56.429 [http-nio-8040-exec-10] TRACE org.hibernate.orm.jdbc.bind - binding parameter (2:TIMESTAMP) <- [2025-12-14T23:59:56.428005]
2025-12-14 23:59:56.429 [http-nio-8040-exec-10] TRACE org.hibernate.orm.jdbc.bind - binding parameter (3:NUMERIC) <- [5100.00]
2025-12-14 23:59:56.429 [http-nio-8040-exec-10] TRACE org.hibernate.orm.jdbc.bind - binding parameter (4:BIGINT) <- [19]
2025-12-14 23:59:56.429 [http-nio-8040-exec-10] TRACE org.hibernate.orm.jdbc.bind - binding parameter (5:NUMERIC) <- [10200.00]
2025-12-14 23:59:56.429 [http-nio-8040-exec-10] TRACE org.hibernate.orm.jdbc.bind - binding parameter (6:NUMERIC) <- [65340.00]
2025-12-14 23:59:56.429 [http-nio-8040-exec-10] TRACE org.hibernate.orm.jdbc.bind - binding parameter (7:NUMERIC) <- [2100.00]
2025-12-14 23:59:56.429 [http-nio-8040-exec-10] TRACE org.hibernate.orm.jdbc.bind - binding parameter (8:BIGINT) <- [5]
2025-12-14 23:59:56.429 [http-nio-8040-exec-10] TRACE org.hibernate.orm.jdbc.bind - binding parameter (9:NUMERIC) <- [3060.00]
2025-12-14 23:59:56.429 [http-nio-8040-exec-10] TRACE org.hibernate.orm.jdbc.bind - binding parameter (10:TIMESTAMP) <- [null]
2025-12-14 23:59:56.429 [http-nio-8040-exec-10] TRACE org.hibernate.orm.jdbc.bind - binding parameter (11:ENUM) <- [PENDING]
2025-12-14 23:59:56.431 [http-nio-8040-exec-10] DEBUG org.hibernate.SQL - 
    insert 
    into
        payroll_payments
        (basic_salary, created_at, da, employee_id, hra, net_salary_paid, other_allowances, payroll_batch_id, pf_contribution, processed_at, status) 
    values
        (?, ?, ?, ?, ?, ?, ?, ?, ?, ?, ?)
2025-12-14 23:59:56.432 [http-nio-8040-exec-10] TRACE org.hibernate.orm.jdbc.bind - binding parameter (1:NUMERIC) <- [62000.00]
2025-12-14 23:59:56.432 [http-nio-8040-exec-10] TRACE org.hibernate.orm.jdbc.bind - binding parameter (2:TIMESTAMP) <- [2025-12-14T23:59:56.431181]
2025-12-14 23:59:56.432 [http-nio-8040-exec-10] TRACE org.hibernate.orm.jdbc.bind - binding parameter (3:NUMERIC) <- [6200.00]
2025-12-14 23:59:56.432 [http-nio-8040-exec-10] TRACE org.hibernate.orm.jdbc.bind - binding parameter (4:BIGINT) <- [13]
2025-12-14 23:59:56.432 [http-nio-8040-exec-10] TRACE org.hibernate.orm.jdbc.bind - binding parameter (5:NUMERIC) <- [12400.00]
2025-12-14 23:59:56.432 [http-nio-8040-exec-10] TRACE org.hibernate.orm.jdbc.bind - binding parameter (6:NUMERIC) <- [80080.00]
2025-12-14 23:59:56.432 [http-nio-8040-exec-10] TRACE org.hibernate.orm.jdbc.bind - binding parameter (7:NUMERIC) <- [3200.00]
2025-12-14 23:59:56.432 [http-nio-8040-exec-10] TRACE org.hibernate.orm.jdbc.bind - binding parameter (8:BIGINT) <- [5]
2025-12-14 23:59:56.432 [http-nio-8040-exec-10] TRACE org.hibernate.orm.jdbc.bind - binding parameter (9:NUMERIC) <- [3720.00]
2025-12-14 23:59:56.432 [http-nio-8040-exec-10] TRACE org.hibernate.orm.jdbc.bind - binding parameter (10:TIMESTAMP) <- [null]
2025-12-14 23:59:56.432 [http-nio-8040-exec-10] TRACE org.hibernate.orm.jdbc.bind - binding parameter (11:ENUM) <- [PENDING]
2025-12-14 23:59:56.434 [http-nio-8040-exec-10] DEBUG org.hibernate.SQL - 
    insert 
    into
        payroll_payments
        (basic_salary, created_at, da, employee_id, hra, net_salary_paid, other_allowances, payroll_batch_id, pf_contribution, processed_at, status) 
    values
        (?, ?, ?, ?, ?, ?, ?, ?, ?, ?, ?)
2025-12-14 23:59:56.434 [http-nio-8040-exec-10] TRACE org.hibernate.orm.jdbc.bind - binding parameter (1:NUMERIC) <- [54000.00]
2025-12-14 23:59:56.435 [http-nio-8040-exec-10] TRACE org.hibernate.orm.jdbc.bind - binding parameter (2:TIMESTAMP) <- [2025-12-14T23:59:56.434185]
2025-12-14 23:59:56.435 [http-nio-8040-exec-10] TRACE org.hibernate.orm.jdbc.bind - binding parameter (3:NUMERIC) <- [5400.00]
2025-12-14 23:59:56.435 [http-nio-8040-exec-10] TRACE org.hibernate.orm.jdbc.bind - binding parameter (4:BIGINT) <- [4]
2025-12-14 23:59:56.435 [http-nio-8040-exec-10] TRACE org.hibernate.orm.jdbc.bind - binding parameter (5:NUMERIC) <- [10800.00]
2025-12-14 23:59:56.435 [http-nio-8040-exec-10] TRACE org.hibernate.orm.jdbc.bind - binding parameter (6:NUMERIC) <- [69360.00]
2025-12-14 23:59:56.435 [http-nio-8040-exec-10] TRACE org.hibernate.orm.jdbc.bind - binding parameter (7:NUMERIC) <- [2400.00]
2025-12-14 23:59:56.435 [http-nio-8040-exec-10] TRACE org.hibernate.orm.jdbc.bind - binding parameter (8:BIGINT) <- [5]
2025-12-14 23:59:56.435 [http-nio-8040-exec-10] TRACE org.hibernate.orm.jdbc.bind - binding parameter (9:NUMERIC) <- [3240.00]
2025-12-14 23:59:56.435 [http-nio-8040-exec-10] TRACE org.hibernate.orm.jdbc.bind - binding parameter (10:TIMESTAMP) <- [null]
2025-12-14 23:59:56.435 [http-nio-8040-exec-10] TRACE org.hibernate.orm.jdbc.bind - binding parameter (11:ENUM) <- [PENDING]
2025-12-14 23:59:56.436 [http-nio-8040-exec-10] DEBUG org.hibernate.SQL - 
    insert 
    into
        payroll_payments
        (basic_salary, created_at, da, employee_id, hra, net_salary_paid, other_allowances, payroll_batch_id, pf_contribution, processed_at, status) 
    values
        (?, ?, ?, ?, ?, ?, ?, ?, ?, ?, ?)
2025-12-14 23:59:56.437 [http-nio-8040-exec-10] TRACE org.hibernate.orm.jdbc.bind - binding parameter (1:NUMERIC) <- [68000.00]
2025-12-14 23:59:56.437 [http-nio-8040-exec-10] TRACE org.hibernate.orm.jdbc.bind - binding parameter (2:TIMESTAMP) <- [2025-12-14T23:59:56.436223]
2025-12-14 23:59:56.437 [http-nio-8040-exec-10] TRACE org.hibernate.orm.jdbc.bind - binding parameter (3:NUMERIC) <- [6800.00]
2025-12-14 23:59:56.437 [http-nio-8040-exec-10] TRACE org.hibernate.orm.jdbc.bind - binding parameter (4:BIGINT) <- [12]
2025-12-14 23:59:56.437 [http-nio-8040-exec-10] TRACE org.hibernate.orm.jdbc.bind - binding parameter (5:NUMERIC) <- [13600.00]
2025-12-14 23:59:56.437 [http-nio-8040-exec-10] TRACE org.hibernate.orm.jdbc.bind - binding parameter (6:NUMERIC) <- [87120.00]
2025-12-14 23:59:56.437 [http-nio-8040-exec-10] TRACE org.hibernate.orm.jdbc.bind - binding parameter (7:NUMERIC) <- [2800.00]
2025-12-14 23:59:56.437 [http-nio-8040-exec-10] TRACE org.hibernate.orm.jdbc.bind - binding parameter (8:BIGINT) <- [5]
2025-12-14 23:59:56.437 [http-nio-8040-exec-10] TRACE org.hibernate.orm.jdbc.bind - binding parameter (9:NUMERIC) <- [4080.00]
2025-12-14 23:59:56.437 [http-nio-8040-exec-10] TRACE org.hibernate.orm.jdbc.bind - binding parameter (10:TIMESTAMP) <- [null]
2025-12-14 23:59:56.437 [http-nio-8040-exec-10] TRACE org.hibernate.orm.jdbc.bind - binding parameter (11:ENUM) <- [PENDING]
2025-12-14 23:59:56.438 [http-nio-8040-exec-10] DEBUG org.hibernate.SQL - 
    insert 
    into
        payroll_payments
        (basic_salary, created_at, da, employee_id, hra, net_salary_paid, other_allowances, payroll_batch_id, pf_contribution, processed_at, status) 
    values
        (?, ?, ?, ?, ?, ?, ?, ?, ?, ?, ?)
2025-12-14 23:59:56.439 [http-nio-8040-exec-10] TRACE org.hibernate.orm.jdbc.bind - binding parameter (1:NUMERIC) <- [50000.00]
2025-12-14 23:59:56.439 [http-nio-8040-exec-10] TRACE org.hibernate.orm.jdbc.bind - binding parameter (2:TIMESTAMP) <- [2025-12-14T23:59:56.438422]
2025-12-14 23:59:56.439 [http-nio-8040-exec-10] TRACE org.hibernate.orm.jdbc.bind - binding parameter (3:NUMERIC) <- [5000.00]
2025-12-14 23:59:56.439 [http-nio-8040-exec-10] TRACE org.hibernate.orm.jdbc.bind - binding parameter (4:BIGINT) <- [23]
2025-12-14 23:59:56.439 [http-nio-8040-exec-10] TRACE org.hibernate.orm.jdbc.bind - binding parameter (5:NUMERIC) <- [10000.00]
2025-12-14 23:59:56.439 [http-nio-8040-exec-10] TRACE org.hibernate.orm.jdbc.bind - binding parameter (6:NUMERIC) <- [64000.00]
2025-12-14 23:59:56.439 [http-nio-8040-exec-10] TRACE org.hibernate.orm.jdbc.bind - binding parameter (7:NUMERIC) <- [2000.00]
2025-12-14 23:59:56.439 [http-nio-8040-exec-10] TRACE org.hibernate.orm.jdbc.bind - binding parameter (8:BIGINT) <- [5]
2025-12-14 23:59:56.439 [http-nio-8040-exec-10] TRACE org.hibernate.orm.jdbc.bind - binding parameter (9:NUMERIC) <- [3000.00]
2025-12-14 23:59:56.439 [http-nio-8040-exec-10] TRACE org.hibernate.orm.jdbc.bind - binding parameter (10:TIMESTAMP) <- [null]
2025-12-14 23:59:56.439 [http-nio-8040-exec-10] TRACE org.hibernate.orm.jdbc.bind - binding parameter (11:ENUM) <- [PENDING]
2025-12-14 23:59:56.441 [http-nio-8040-exec-10] DEBUG org.hibernate.SQL - 
    insert 
    into
        payroll_payments
        (basic_salary, created_at, da, employee_id, hra, net_salary_paid, other_allowances, payroll_batch_id, pf_contribution, processed_at, status) 
    values
        (?, ?, ?, ?, ?, ?, ?, ?, ?, ?, ?)
2025-12-14 23:59:56.441 [http-nio-8040-exec-10] TRACE org.hibernate.orm.jdbc.bind - binding parameter (1:NUMERIC) <- [65000.00]
2025-12-14 23:59:56.442 [http-nio-8040-exec-10] TRACE org.hibernate.orm.jdbc.bind - binding parameter (2:TIMESTAMP) <- [2025-12-14T23:59:56.441454]
2025-12-14 23:59:56.442 [http-nio-8040-exec-10] TRACE org.hibernate.orm.jdbc.bind - binding parameter (3:NUMERIC) <- [6500.00]
2025-12-14 23:59:56.442 [http-nio-8040-exec-10] TRACE org.hibernate.orm.jdbc.bind - binding parameter (4:BIGINT) <- [27]
2025-12-14 23:59:56.442 [http-nio-8040-exec-10] TRACE org.hibernate.orm.jdbc.bind - binding parameter (5:NUMERIC) <- [13000.00]
2025-12-14 23:59:56.442 [http-nio-8040-exec-10] TRACE org.hibernate.orm.jdbc.bind - binding parameter (6:NUMERIC) <- [84100.00]
2025-12-14 23:59:56.442 [http-nio-8040-exec-10] TRACE org.hibernate.orm.jdbc.bind - binding parameter (7:NUMERIC) <- [3500.00]
2025-12-14 23:59:56.442 [http-nio-8040-exec-10] TRACE org.hibernate.orm.jdbc.bind - binding parameter (8:BIGINT) <- [5]
2025-12-14 23:59:56.442 [http-nio-8040-exec-10] TRACE org.hibernate.orm.jdbc.bind - binding parameter (9:NUMERIC) <- [3900.00]
2025-12-14 23:59:56.442 [http-nio-8040-exec-10] TRACE org.hibernate.orm.jdbc.bind - binding parameter (10:TIMESTAMP) <- [null]
2025-12-14 23:59:56.442 [http-nio-8040-exec-10] TRACE org.hibernate.orm.jdbc.bind - binding parameter (11:ENUM) <- [PENDING]
2025-12-14 23:59:56.444 [http-nio-8040-exec-10] DEBUG org.hibernate.SQL - 
    insert 
    into
        payroll_payments
        (basic_salary, created_at, da, employee_id, hra, net_salary_paid, other_allowances, payroll_batch_id, pf_contribution, processed_at, status) 
    values
        (?, ?, ?, ?, ?, ?, ?, ?, ?, ?, ?)
2025-12-14 23:59:56.445 [http-nio-8040-exec-10] TRACE org.hibernate.orm.jdbc.bind - binding parameter (1:NUMERIC) <- [59000.00]
2025-12-14 23:59:56.445 [http-nio-8040-exec-10] TRACE org.hibernate.orm.jdbc.bind - binding parameter (2:TIMESTAMP) <- [2025-12-14T23:59:56.444681]
2025-12-14 23:59:56.445 [http-nio-8040-exec-10] TRACE org.hibernate.orm.jdbc.bind - binding parameter (3:NUMERIC) <- [5900.00]
2025-12-14 23:59:56.445 [http-nio-8040-exec-10] TRACE org.hibernate.orm.jdbc.bind - binding parameter (4:BIGINT) <- [16]
2025-12-14 23:59:56.445 [http-nio-8040-exec-10] TRACE org.hibernate.orm.jdbc.bind - binding parameter (5:NUMERIC) <- [11800.00]
2025-12-14 23:59:56.445 [http-nio-8040-exec-10] TRACE org.hibernate.orm.jdbc.bind - binding parameter (6:NUMERIC) <- [76060.00]
2025-12-14 23:59:56.445 [http-nio-8040-exec-10] TRACE org.hibernate.orm.jdbc.bind - binding parameter (7:NUMERIC) <- [2900.00]
2025-12-14 23:59:56.445 [http-nio-8040-exec-10] TRACE org.hibernate.orm.jdbc.bind - binding parameter (8:BIGINT) <- [5]
2025-12-14 23:59:56.445 [http-nio-8040-exec-10] TRACE org.hibernate.orm.jdbc.bind - binding parameter (9:NUMERIC) <- [3540.00]
2025-12-14 23:59:56.445 [http-nio-8040-exec-10] TRACE org.hibernate.orm.jdbc.bind - binding parameter (10:TIMESTAMP) <- [null]
2025-12-14 23:59:56.445 [http-nio-8040-exec-10] TRACE org.hibernate.orm.jdbc.bind - binding parameter (11:ENUM) <- [PENDING]
2025-12-14 23:59:56.446 [http-nio-8040-exec-10] DEBUG org.hibernate.SQL - 
    insert 
    into
        payroll_payments
        (basic_salary, created_at, da, employee_id, hra, net_salary_paid, other_allowances, payroll_batch_id, pf_contribution, processed_at, status) 
    values
        (?, ?, ?, ?, ?, ?, ?, ?, ?, ?, ?)
2025-12-14 23:59:56.447 [http-nio-8040-exec-10] TRACE org.hibernate.orm.jdbc.bind - binding parameter (1:NUMERIC) <- [72000.00]
2025-12-14 23:59:56.447 [http-nio-8040-exec-10] TRACE org.hibernate.orm.jdbc.bind - binding parameter (2:TIMESTAMP) <- [2025-12-14T23:59:56.446708]
2025-12-14 23:59:56.447 [http-nio-8040-exec-10] TRACE org.hibernate.orm.jdbc.bind - binding parameter (3:NUMERIC) <- [7200.00]
2025-12-14 23:59:56.447 [http-nio-8040-exec-10] TRACE org.hibernate.orm.jdbc.bind - binding parameter (4:BIGINT) <- [31]
2025-12-14 23:59:56.447 [http-nio-8040-exec-10] TRACE org.hibernate.orm.jdbc.bind - binding parameter (5:NUMERIC) <- [14400.00]
2025-12-14 23:59:56.447 [http-nio-8040-exec-10] TRACE org.hibernate.orm.jdbc.bind - binding parameter (6:NUMERIC) <- [92480.00]
2025-12-14 23:59:56.447 [http-nio-8040-exec-10] TRACE org.hibernate.orm.jdbc.bind - binding parameter (7:NUMERIC) <- [3200.00]
2025-12-14 23:59:56.447 [http-nio-8040-exec-10] TRACE org.hibernate.orm.jdbc.bind - binding parameter (8:BIGINT) <- [5]
2025-12-14 23:59:56.447 [http-nio-8040-exec-10] TRACE org.hibernate.orm.jdbc.bind - binding parameter (9:NUMERIC) <- [4320.00]
2025-12-14 23:59:56.447 [http-nio-8040-exec-10] TRACE org.hibernate.orm.jdbc.bind - binding parameter (10:TIMESTAMP) <- [null]
2025-12-14 23:59:56.447 [http-nio-8040-exec-10] TRACE org.hibernate.orm.jdbc.bind - binding parameter (11:ENUM) <- [PENDING]
2025-12-14 23:59:56.450 [http-nio-8040-exec-10] DEBUG org.hibernate.SQL - 
    insert 
    into
        payroll_payments
        (basic_salary, created_at, da, employee_id, hra, net_salary_paid, other_allowances, payroll_batch_id, pf_contribution, processed_at, status) 
    values
        (?, ?, ?, ?, ?, ?, ?, ?, ?, ?, ?)
2025-12-14 23:59:56.450 [http-nio-8040-exec-10] TRACE org.hibernate.orm.jdbc.bind - binding parameter (1:NUMERIC) <- [57000.00]
2025-12-14 23:59:56.450 [http-nio-8040-exec-10] TRACE org.hibernate.orm.jdbc.bind - binding parameter (2:TIMESTAMP) <- [2025-12-14T23:59:56.450542]
2025-12-14 23:59:56.452 [http-nio-8040-exec-10] TRACE org.hibernate.orm.jdbc.bind - binding parameter (3:NUMERIC) <- [5700.00]
2025-12-14 23:59:56.452 [http-nio-8040-exec-10] TRACE org.hibernate.orm.jdbc.bind - binding parameter (4:BIGINT) <- [35]
2025-12-14 23:59:56.452 [http-nio-8040-exec-10] TRACE org.hibernate.orm.jdbc.bind - binding parameter (5:NUMERIC) <- [11400.00]
2025-12-14 23:59:56.452 [http-nio-8040-exec-10] TRACE org.hibernate.orm.jdbc.bind - binding parameter (6:NUMERIC) <- [73380.00]
2025-12-14 23:59:56.452 [http-nio-8040-exec-10] TRACE org.hibernate.orm.jdbc.bind - binding parameter (7:NUMERIC) <- [2700.00]
2025-12-14 23:59:56.452 [http-nio-8040-exec-10] TRACE org.hibernate.orm.jdbc.bind - binding parameter (8:BIGINT) <- [5]
2025-12-14 23:59:56.452 [http-nio-8040-exec-10] TRACE org.hibernate.orm.jdbc.bind - binding parameter (9:NUMERIC) <- [3420.00]
2025-12-14 23:59:56.452 [http-nio-8040-exec-10] TRACE org.hibernate.orm.jdbc.bind - binding parameter (10:TIMESTAMP) <- [null]
2025-12-14 23:59:56.452 [http-nio-8040-exec-10] TRACE org.hibernate.orm.jdbc.bind - binding parameter (11:ENUM) <- [PENDING]
2025-12-14 23:59:56.453 [http-nio-8040-exec-10] DEBUG org.hibernate.SQL - 
    insert 
    into
        payroll_payments
        (basic_salary, created_at, da, employee_id, hra, net_salary_paid, other_allowances, payroll_batch_id, pf_contribution, processed_at, status) 
    values
        (?, ?, ?, ?, ?, ?, ?, ?, ?, ?, ?)
2025-12-14 23:59:56.454 [http-nio-8040-exec-10] TRACE org.hibernate.orm.jdbc.bind - binding parameter (1:NUMERIC) <- [54000.00]
2025-12-14 23:59:56.454 [http-nio-8040-exec-10] TRACE org.hibernate.orm.jdbc.bind - binding parameter (2:TIMESTAMP) <- [2025-12-14T23:59:56.453838]
2025-12-14 23:59:56.454 [http-nio-8040-exec-10] TRACE org.hibernate.orm.jdbc.bind - binding parameter (3:NUMERIC) <- [5400.00]
2025-12-14 23:59:56.454 [http-nio-8040-exec-10] TRACE org.hibernate.orm.jdbc.bind - binding parameter (4:BIGINT) <- [20]
2025-12-14 23:59:56.454 [http-nio-8040-exec-10] TRACE org.hibernate.orm.jdbc.bind - binding parameter (5:NUMERIC) <- [10800.00]
2025-12-14 23:59:56.454 [http-nio-8040-exec-10] TRACE org.hibernate.orm.jdbc.bind - binding parameter (6:NUMERIC) <- [69360.00]
2025-12-14 23:59:56.454 [http-nio-8040-exec-10] TRACE org.hibernate.orm.jdbc.bind - binding parameter (7:NUMERIC) <- [2400.00]
2025-12-14 23:59:56.454 [http-nio-8040-exec-10] TRACE org.hibernate.orm.jdbc.bind - binding parameter (8:BIGINT) <- [5]
2025-12-14 23:59:56.454 [http-nio-8040-exec-10] TRACE org.hibernate.orm.jdbc.bind - binding parameter (9:NUMERIC) <- [3240.00]
2025-12-14 23:59:56.454 [http-nio-8040-exec-10] TRACE org.hibernate.orm.jdbc.bind - binding parameter (10:TIMESTAMP) <- [null]
2025-12-14 23:59:56.454 [http-nio-8040-exec-10] TRACE org.hibernate.orm.jdbc.bind - binding parameter (11:ENUM) <- [PENDING]
2025-12-14 23:59:56.456 [http-nio-8040-exec-10] DEBUG org.hibernate.SQL - 
    insert 
    into
        payroll_payments
        (basic_salary, created_at, da, employee_id, hra, net_salary_paid, other_allowances, payroll_batch_id, pf_contribution, processed_at, status) 
    values
        (?, ?, ?, ?, ?, ?, ?, ?, ?, ?, ?)
2025-12-14 23:59:56.456 [http-nio-8040-exec-10] TRACE org.hibernate.orm.jdbc.bind - binding parameter (1:NUMERIC) <- [56000.00]
2025-12-14 23:59:56.456 [http-nio-8040-exec-10] TRACE org.hibernate.orm.jdbc.bind - binding parameter (2:TIMESTAMP) <- [2025-12-14T23:59:56.456879]
2025-12-14 23:59:56.456 [http-nio-8040-exec-10] TRACE org.hibernate.orm.jdbc.bind - binding parameter (3:NUMERIC) <- [5600.00]
2025-12-14 23:59:56.456 [http-nio-8040-exec-10] TRACE org.hibernate.orm.jdbc.bind - binding parameter (4:BIGINT) <- [17]
2025-12-14 23:59:56.457 [http-nio-8040-exec-10] TRACE org.hibernate.orm.jdbc.bind - binding parameter (5:NUMERIC) <- [11200.00]
2025-12-14 23:59:56.457 [http-nio-8040-exec-10] TRACE org.hibernate.orm.jdbc.bind - binding parameter (6:NUMERIC) <- [72040.00]
2025-12-14 23:59:56.457 [http-nio-8040-exec-10] TRACE org.hibernate.orm.jdbc.bind - binding parameter (7:NUMERIC) <- [2600.00]
2025-12-14 23:59:56.457 [http-nio-8040-exec-10] TRACE org.hibernate.orm.jdbc.bind - binding parameter (8:BIGINT) <- [5]
2025-12-14 23:59:56.457 [http-nio-8040-exec-10] TRACE org.hibernate.orm.jdbc.bind - binding parameter (9:NUMERIC) <- [3360.00]
2025-12-14 23:59:56.457 [http-nio-8040-exec-10] TRACE org.hibernate.orm.jdbc.bind - binding parameter (10:TIMESTAMP) <- [null]
2025-12-14 23:59:56.457 [http-nio-8040-exec-10] TRACE org.hibernate.orm.jdbc.bind - binding parameter (11:ENUM) <- [PENDING]
2025-12-14 23:59:56.459 [http-nio-8040-exec-10] DEBUG org.hibernate.SQL - 
    insert 
    into
        payroll_payments
        (basic_salary, created_at, da, employee_id, hra, net_salary_paid, other_allowances, payroll_batch_id, pf_contribution, processed_at, status) 
    values
        (?, ?, ?, ?, ?, ?, ?, ?, ?, ?, ?)
2025-12-14 23:59:56.459 [http-nio-8040-exec-10] TRACE org.hibernate.orm.jdbc.bind - binding parameter (1:NUMERIC) <- [67000.00]
2025-12-14 23:59:56.459 [http-nio-8040-exec-10] TRACE org.hibernate.orm.jdbc.bind - binding parameter (2:TIMESTAMP) <- [2025-12-14T23:59:56.459394]
2025-12-14 23:59:56.459 [http-nio-8040-exec-10] TRACE org.hibernate.orm.jdbc.bind - binding parameter (3:NUMERIC) <- [6700.00]
2025-12-14 23:59:56.459 [http-nio-8040-exec-10] TRACE org.hibernate.orm.jdbc.bind - binding parameter (4:BIGINT) <- [24]
2025-12-14 23:59:56.459 [http-nio-8040-exec-10] TRACE org.hibernate.orm.jdbc.bind - binding parameter (5:NUMERIC) <- [13400.00]
2025-12-14 23:59:56.459 [http-nio-8040-exec-10] TRACE org.hibernate.orm.jdbc.bind - binding parameter (6:NUMERIC) <- [85780.00]
2025-12-14 23:59:56.460 [http-nio-8040-exec-10] TRACE org.hibernate.orm.jdbc.bind - binding parameter (7:NUMERIC) <- [2700.00]
2025-12-14 23:59:56.460 [http-nio-8040-exec-10] TRACE org.hibernate.orm.jdbc.bind - binding parameter (8:BIGINT) <- [5]
2025-12-14 23:59:56.460 [http-nio-8040-exec-10] TRACE org.hibernate.orm.jdbc.bind - binding parameter (9:NUMERIC) <- [4020.00]
2025-12-14 23:59:56.460 [http-nio-8040-exec-10] TRACE org.hibernate.orm.jdbc.bind - binding parameter (10:TIMESTAMP) <- [null]
2025-12-14 23:59:56.460 [http-nio-8040-exec-10] TRACE org.hibernate.orm.jdbc.bind - binding parameter (11:ENUM) <- [PENDING]
2025-12-14 23:59:56.462 [http-nio-8040-exec-10] DEBUG org.hibernate.SQL - 
    insert 
    into
        payroll_payments
        (basic_salary, created_at, da, employee_id, hra, net_salary_paid, other_allowances, payroll_batch_id, pf_contribution, processed_at, status) 
    values
        (?, ?, ?, ?, ?, ?, ?, ?, ?, ?, ?)
2025-12-14 23:59:56.463 [http-nio-8040-exec-10] TRACE org.hibernate.orm.jdbc.bind - binding parameter (1:NUMERIC) <- [64000.00]
2025-12-14 23:59:56.463 [http-nio-8040-exec-10] TRACE org.hibernate.orm.jdbc.bind - binding parameter (2:TIMESTAMP) <- [2025-12-14T23:59:56.462476]
2025-12-14 23:59:56.463 [http-nio-8040-exec-10] TRACE org.hibernate.orm.jdbc.bind - binding parameter (3:NUMERIC) <- [6400.00]
2025-12-14 23:59:56.463 [http-nio-8040-exec-10] TRACE org.hibernate.orm.jdbc.bind - binding parameter (4:BIGINT) <- [38]
2025-12-14 23:59:56.463 [http-nio-8040-exec-10] TRACE org.hibernate.orm.jdbc.bind - binding parameter (5:NUMERIC) <- [12800.00]
2025-12-14 23:59:56.463 [http-nio-8040-exec-10] TRACE org.hibernate.orm.jdbc.bind - binding parameter (6:NUMERIC) <- [82760.00]
2025-12-14 23:59:56.463 [http-nio-8040-exec-10] TRACE org.hibernate.orm.jdbc.bind - binding parameter (7:NUMERIC) <- [3400.00]
2025-12-14 23:59:56.463 [http-nio-8040-exec-10] TRACE org.hibernate.orm.jdbc.bind - binding parameter (8:BIGINT) <- [5]
2025-12-14 23:59:56.463 [http-nio-8040-exec-10] TRACE org.hibernate.orm.jdbc.bind - binding parameter (9:NUMERIC) <- [3840.00]
2025-12-14 23:59:56.463 [http-nio-8040-exec-10] TRACE org.hibernate.orm.jdbc.bind - binding parameter (10:TIMESTAMP) <- [null]
2025-12-14 23:59:56.463 [http-nio-8040-exec-10] TRACE org.hibernate.orm.jdbc.bind - binding parameter (11:ENUM) <- [PENDING]
2025-12-14 23:59:56.466 [http-nio-8040-exec-10] DEBUG org.hibernate.SQL - 
    insert 
    into
        payroll_payments
        (basic_salary, created_at, da, employee_id, hra, net_salary_paid, other_allowances, payroll_batch_id, pf_contribution, processed_at, status) 
    values
        (?, ?, ?, ?, ?, ?, ?, ?, ?, ?, ?)
2025-12-14 23:59:56.466 [http-nio-8040-exec-10] TRACE org.hibernate.orm.jdbc.bind - binding parameter (1:NUMERIC) <- [78000.00]
2025-12-14 23:59:56.467 [http-nio-8040-exec-10] TRACE org.hibernate.orm.jdbc.bind - binding parameter (2:TIMESTAMP) <- [2025-12-14T23:59:56.465614]
2025-12-14 23:59:56.467 [http-nio-8040-exec-10] TRACE org.hibernate.orm.jdbc.bind - binding parameter (3:NUMERIC) <- [7800.00]
2025-12-14 23:59:56.467 [http-nio-8040-exec-10] TRACE org.hibernate.orm.jdbc.bind - binding parameter (4:BIGINT) <- [6]
2025-12-14 23:59:56.467 [http-nio-8040-exec-10] TRACE org.hibernate.orm.jdbc.bind - binding parameter (5:NUMERIC) <- [15600.00]
2025-12-14 23:59:56.467 [http-nio-8040-exec-10] TRACE org.hibernate.orm.jdbc.bind - binding parameter (6:NUMERIC) <- [100520.00]
2025-12-14 23:59:56.467 [http-nio-8040-exec-10] TRACE org.hibernate.orm.jdbc.bind - binding parameter (7:NUMERIC) <- [3800.00]
2025-12-14 23:59:56.467 [http-nio-8040-exec-10] TRACE org.hibernate.orm.jdbc.bind - binding parameter (8:BIGINT) <- [5]
2025-12-14 23:59:56.467 [http-nio-8040-exec-10] TRACE org.hibernate.orm.jdbc.bind - binding parameter (9:NUMERIC) <- [4680.00]
2025-12-14 23:59:56.467 [http-nio-8040-exec-10] TRACE org.hibernate.orm.jdbc.bind - binding parameter (10:TIMESTAMP) <- [null]
2025-12-14 23:59:56.467 [http-nio-8040-exec-10] TRACE org.hibernate.orm.jdbc.bind - binding parameter (11:ENUM) <- [PENDING]
2025-12-14 23:59:56.469 [http-nio-8040-exec-10] DEBUG org.hibernate.SQL - 
    insert 
    into
        payroll_payments
        (basic_salary, created_at, da, employee_id, hra, net_salary_paid, other_allowances, payroll_batch_id, pf_contribution, processed_at, status) 
    values
        (?, ?, ?, ?, ?, ?, ?, ?, ?, ?, ?)
2025-12-14 23:59:56.470 [http-nio-8040-exec-10] TRACE org.hibernate.orm.jdbc.bind - binding parameter (1:NUMERIC) <- [82000.00]
2025-12-14 23:59:56.470 [http-nio-8040-exec-10] TRACE org.hibernate.orm.jdbc.bind - binding parameter (2:TIMESTAMP) <- [2025-12-14T23:59:56.469568]
2025-12-14 23:59:56.470 [http-nio-8040-exec-10] TRACE org.hibernate.orm.jdbc.bind - binding parameter (3:NUMERIC) <- [8200.00]
2025-12-14 23:59:56.470 [http-nio-8040-exec-10] TRACE org.hibernate.orm.jdbc.bind - binding parameter (4:BIGINT) <- [39]
2025-12-14 23:59:56.470 [http-nio-8040-exec-10] TRACE org.hibernate.orm.jdbc.bind - binding parameter (5:NUMERIC) <- [16400.00]
2025-12-14 23:59:56.470 [http-nio-8040-exec-10] TRACE org.hibernate.orm.jdbc.bind - binding parameter (6:NUMERIC) <- [105880.00]
2025-12-14 23:59:56.470 [http-nio-8040-exec-10] TRACE org.hibernate.orm.jdbc.bind - binding parameter (7:NUMERIC) <- [4200.00]
2025-12-14 23:59:56.470 [http-nio-8040-exec-10] TRACE org.hibernate.orm.jdbc.bind - binding parameter (8:BIGINT) <- [5]
2025-12-14 23:59:56.470 [http-nio-8040-exec-10] TRACE org.hibernate.orm.jdbc.bind - binding parameter (9:NUMERIC) <- [4920.00]
2025-12-14 23:59:56.470 [http-nio-8040-exec-10] TRACE org.hibernate.orm.jdbc.bind - binding parameter (10:TIMESTAMP) <- [null]
2025-12-14 23:59:56.470 [http-nio-8040-exec-10] TRACE org.hibernate.orm.jdbc.bind - binding parameter (11:ENUM) <- [PENDING]
2025-12-14 23:59:56.472 [http-nio-8040-exec-10] DEBUG org.hibernate.SQL - 
    insert 
    into
        payroll_payments
        (basic_salary, created_at, da, employee_id, hra, net_salary_paid, other_allowances, payroll_batch_id, pf_contribution, processed_at, status) 
    values
        (?, ?, ?, ?, ?, ?, ?, ?, ?, ?, ?)
2025-12-14 23:59:56.472 [http-nio-8040-exec-10] TRACE org.hibernate.orm.jdbc.bind - binding parameter (1:NUMERIC) <- [51000.00]
2025-12-14 23:59:56.472 [http-nio-8040-exec-10] TRACE org.hibernate.orm.jdbc.bind - binding parameter (2:TIMESTAMP) <- [2025-12-14T23:59:56.472328]
2025-12-14 23:59:56.472 [http-nio-8040-exec-10] TRACE org.hibernate.orm.jdbc.bind - binding parameter (3:NUMERIC) <- [5100.00]
2025-12-14 23:59:56.472 [http-nio-8040-exec-10] TRACE org.hibernate.orm.jdbc.bind - binding parameter (4:BIGINT) <- [9]
2025-12-14 23:59:56.472 [http-nio-8040-exec-10] TRACE org.hibernate.orm.jdbc.bind - binding parameter (5:NUMERIC) <- [10200.00]
2025-12-14 23:59:56.473 [http-nio-8040-exec-10] TRACE org.hibernate.orm.jdbc.bind - binding parameter (6:NUMERIC) <- [65340.00]
2025-12-14 23:59:56.473 [http-nio-8040-exec-10] TRACE org.hibernate.orm.jdbc.bind - binding parameter (7:NUMERIC) <- [2100.00]
2025-12-14 23:59:56.473 [http-nio-8040-exec-10] TRACE org.hibernate.orm.jdbc.bind - binding parameter (8:BIGINT) <- [5]
2025-12-14 23:59:56.473 [http-nio-8040-exec-10] TRACE org.hibernate.orm.jdbc.bind - binding parameter (9:NUMERIC) <- [3060.00]
2025-12-14 23:59:56.473 [http-nio-8040-exec-10] TRACE org.hibernate.orm.jdbc.bind - binding parameter (10:TIMESTAMP) <- [null]
2025-12-14 23:59:56.473 [http-nio-8040-exec-10] TRACE org.hibernate.orm.jdbc.bind - binding parameter (11:ENUM) <- [PENDING]
2025-12-14 23:59:56.475 [http-nio-8040-exec-10] DEBUG org.hibernate.SQL - 
    insert 
    into
        payroll_payments
        (basic_salary, created_at, da, employee_id, hra, net_salary_paid, other_allowances, payroll_batch_id, pf_contribution, processed_at, status) 
    values
        (?, ?, ?, ?, ?, ?, ?, ?, ?, ?, ?)
2025-12-14 23:59:56.475 [http-nio-8040-exec-10] TRACE org.hibernate.orm.jdbc.bind - binding parameter (1:NUMERIC) <- [76000.00]
2025-12-14 23:59:56.475 [http-nio-8040-exec-10] TRACE org.hibernate.orm.jdbc.bind - binding parameter (2:TIMESTAMP) <- [2025-12-14T23:59:56.474575]
2025-12-14 23:59:56.475 [http-nio-8040-exec-10] TRACE org.hibernate.orm.jdbc.bind - binding parameter (3:NUMERIC) <- [7600.00]
2025-12-14 23:59:56.475 [http-nio-8040-exec-10] TRACE org.hibernate.orm.jdbc.bind - binding parameter (4:BIGINT) <- [28]
2025-12-14 23:59:56.475 [http-nio-8040-exec-10] TRACE org.hibernate.orm.jdbc.bind - binding parameter (5:NUMERIC) <- [15200.00]
2025-12-14 23:59:56.475 [http-nio-8040-exec-10] TRACE org.hibernate.orm.jdbc.bind - binding parameter (6:NUMERIC) <- [97840.00]
2025-12-14 23:59:56.475 [http-nio-8040-exec-10] TRACE org.hibernate.orm.jdbc.bind - binding parameter (7:NUMERIC) <- [3600.00]
2025-12-14 23:59:56.475 [http-nio-8040-exec-10] TRACE org.hibernate.orm.jdbc.bind - binding parameter (8:BIGINT) <- [5]
2025-12-14 23:59:56.475 [http-nio-8040-exec-10] TRACE org.hibernate.orm.jdbc.bind - binding parameter (9:NUMERIC) <- [4560.00]
2025-12-14 23:59:56.475 [http-nio-8040-exec-10] TRACE org.hibernate.orm.jdbc.bind - binding parameter (10:TIMESTAMP) <- [null]
2025-12-14 23:59:56.475 [http-nio-8040-exec-10] TRACE org.hibernate.orm.jdbc.bind - binding parameter (11:ENUM) <- [PENDING]
2025-12-14 23:59:56.477 [http-nio-8040-exec-10] DEBUG org.hibernate.SQL - 
    insert 
    into
        payroll_payments
        (basic_salary, created_at, da, employee_id, hra, net_salary_paid, other_allowances, payroll_batch_id, pf_contribution, processed_at, status) 
    values
        (?, ?, ?, ?, ?, ?, ?, ?, ?, ?, ?)
2025-12-14 23:59:56.477 [http-nio-8040-exec-10] TRACE org.hibernate.orm.jdbc.bind - binding parameter (1:NUMERIC) <- [49000.00]
2025-12-14 23:59:56.477 [http-nio-8040-exec-10] TRACE org.hibernate.orm.jdbc.bind - binding parameter (2:TIMESTAMP) <- [2025-12-14T23:59:56.477252]
2025-12-14 23:59:56.477 [http-nio-8040-exec-10] TRACE org.hibernate.orm.jdbc.bind - binding parameter (3:NUMERIC) <- [4900.00]
2025-12-14 23:59:56.477 [http-nio-8040-exec-10] TRACE org.hibernate.orm.jdbc.bind - binding parameter (4:BIGINT) <- [40]
2025-12-14 23:59:56.477 [http-nio-8040-exec-10] TRACE org.hibernate.orm.jdbc.bind - binding parameter (5:NUMERIC) <- [9800.00]
2025-12-14 23:59:56.477 [http-nio-8040-exec-10] TRACE org.hibernate.orm.jdbc.bind - binding parameter (6:NUMERIC) <- [62660.00]
2025-12-14 23:59:56.478 [http-nio-8040-exec-10] TRACE org.hibernate.orm.jdbc.bind - binding parameter (7:NUMERIC) <- [1900.00]
2025-12-14 23:59:56.478 [http-nio-8040-exec-10] TRACE org.hibernate.orm.jdbc.bind - binding parameter (8:BIGINT) <- [5]
2025-12-14 23:59:56.478 [http-nio-8040-exec-10] TRACE org.hibernate.orm.jdbc.bind - binding parameter (9:NUMERIC) <- [2940.00]
2025-12-14 23:59:56.478 [http-nio-8040-exec-10] TRACE org.hibernate.orm.jdbc.bind - binding parameter (10:TIMESTAMP) <- [null]
2025-12-14 23:59:56.478 [http-nio-8040-exec-10] TRACE org.hibernate.orm.jdbc.bind - binding parameter (11:ENUM) <- [PENDING]
2025-12-14 23:59:56.480 [http-nio-8040-exec-10] DEBUG org.hibernate.SQL - 
    insert 
    into
        payroll_payments
        (basic_salary, created_at, da, employee_id, hra, net_salary_paid, other_allowances, payroll_batch_id, pf_contribution, processed_at, status) 
    values
        (?, ?, ?, ?, ?, ?, ?, ?, ?, ?, ?)
2025-12-14 23:59:56.480 [http-nio-8040-exec-10] TRACE org.hibernate.orm.jdbc.bind - binding parameter (1:NUMERIC) <- [54000.00]
2025-12-14 23:59:56.480 [http-nio-8040-exec-10] TRACE org.hibernate.orm.jdbc.bind - binding parameter (2:TIMESTAMP) <- [2025-12-14T23:59:56.479609]
2025-12-14 23:59:56.480 [http-nio-8040-exec-10] TRACE org.hibernate.orm.jdbc.bind - binding parameter (3:NUMERIC) <- [5400.00]
2025-12-14 23:59:56.480 [http-nio-8040-exec-10] TRACE org.hibernate.orm.jdbc.bind - binding parameter (4:BIGINT) <- [14]
2025-12-14 23:59:56.480 [http-nio-8040-exec-10] TRACE org.hibernate.orm.jdbc.bind - binding parameter (5:NUMERIC) <- [10800.00]
2025-12-14 23:59:56.480 [http-nio-8040-exec-10] TRACE org.hibernate.orm.jdbc.bind - binding parameter (6:NUMERIC) <- [69360.00]
2025-12-14 23:59:56.480 [http-nio-8040-exec-10] TRACE org.hibernate.orm.jdbc.bind - binding parameter (7:NUMERIC) <- [2400.00]
2025-12-14 23:59:56.481 [http-nio-8040-exec-10] TRACE org.hibernate.orm.jdbc.bind - binding parameter (8:BIGINT) <- [5]
2025-12-14 23:59:56.481 [http-nio-8040-exec-10] TRACE org.hibernate.orm.jdbc.bind - binding parameter (9:NUMERIC) <- [3240.00]
2025-12-14 23:59:56.481 [http-nio-8040-exec-10] TRACE org.hibernate.orm.jdbc.bind - binding parameter (10:TIMESTAMP) <- [null]
2025-12-14 23:59:56.481 [http-nio-8040-exec-10] TRACE org.hibernate.orm.jdbc.bind - binding parameter (11:ENUM) <- [PENDING]
2025-12-14 23:59:56.483 [http-nio-8040-exec-10] DEBUG org.hibernate.SQL - 
    insert 
    into
        payroll_payments
        (basic_salary, created_at, da, employee_id, hra, net_salary_paid, other_allowances, payroll_batch_id, pf_contribution, processed_at, status) 
    values
        (?, ?, ?, ?, ?, ?, ?, ?, ?, ?, ?)
2025-12-14 23:59:56.483 [http-nio-8040-exec-10] TRACE org.hibernate.orm.jdbc.bind - binding parameter (1:NUMERIC) <- [57000.00]
2025-12-14 23:59:56.483 [http-nio-8040-exec-10] TRACE org.hibernate.orm.jdbc.bind - binding parameter (2:TIMESTAMP) <- [2025-12-14T23:59:56.483278]
2025-12-14 23:59:56.484 [http-nio-8040-exec-10] TRACE org.hibernate.orm.jdbc.bind - binding parameter (3:NUMERIC) <- [5700.00]
2025-12-14 23:59:56.484 [http-nio-8040-exec-10] TRACE org.hibernate.orm.jdbc.bind - binding parameter (4:BIGINT) <- [32]
2025-12-14 23:59:56.484 [http-nio-8040-exec-10] TRACE org.hibernate.orm.jdbc.bind - binding parameter (5:NUMERIC) <- [11400.00]
2025-12-14 23:59:56.484 [http-nio-8040-exec-10] TRACE org.hibernate.orm.jdbc.bind - binding parameter (6:NUMERIC) <- [73380.00]
2025-12-14 23:59:56.484 [http-nio-8040-exec-10] TRACE org.hibernate.orm.jdbc.bind - binding parameter (7:NUMERIC) <- [2700.00]
2025-12-14 23:59:56.484 [http-nio-8040-exec-10] TRACE org.hibernate.orm.jdbc.bind - binding parameter (8:BIGINT) <- [5]
2025-12-14 23:59:56.484 [http-nio-8040-exec-10] TRACE org.hibernate.orm.jdbc.bind - binding parameter (9:NUMERIC) <- [3420.00]
2025-12-14 23:59:56.484 [http-nio-8040-exec-10] TRACE org.hibernate.orm.jdbc.bind - binding parameter (10:TIMESTAMP) <- [null]
2025-12-14 23:59:56.484 [http-nio-8040-exec-10] TRACE org.hibernate.orm.jdbc.bind - binding parameter (11:ENUM) <- [PENDING]
2025-12-14 23:59:56.487 [http-nio-8040-exec-10] DEBUG org.hibernate.SQL - 
    insert 
    into
        payroll_payments
        (basic_salary, created_at, da, employee_id, hra, net_salary_paid, other_allowances, payroll_batch_id, pf_contribution, processed_at, status) 
    values
        (?, ?, ?, ?, ?, ?, ?, ?, ?, ?, ?)
2025-12-14 23:59:56.487 [http-nio-8040-exec-10] TRACE org.hibernate.orm.jdbc.bind - binding parameter (1:NUMERIC) <- [56000.00]
2025-12-14 23:59:56.487 [http-nio-8040-exec-10] TRACE org.hibernate.orm.jdbc.bind - binding parameter (2:TIMESTAMP) <- [2025-12-14T23:59:56.486795]
2025-12-14 23:59:56.487 [http-nio-8040-exec-10] TRACE org.hibernate.orm.jdbc.bind - binding parameter (3:NUMERIC) <- [5600.00]
2025-12-14 23:59:56.488 [http-nio-8040-exec-10] TRACE org.hibernate.orm.jdbc.bind - binding parameter (4:BIGINT) <- [18]
2025-12-14 23:59:56.488 [http-nio-8040-exec-10] TRACE org.hibernate.orm.jdbc.bind - binding parameter (5:NUMERIC) <- [11200.00]
2025-12-14 23:59:56.488 [http-nio-8040-exec-10] TRACE org.hibernate.orm.jdbc.bind - binding parameter (6:NUMERIC) <- [72040.00]
2025-12-14 23:59:56.488 [http-nio-8040-exec-10] TRACE org.hibernate.orm.jdbc.bind - binding parameter (7:NUMERIC) <- [2600.00]
2025-12-14 23:59:56.488 [http-nio-8040-exec-10] TRACE org.hibernate.orm.jdbc.bind - binding parameter (8:BIGINT) <- [5]
2025-12-14 23:59:56.488 [http-nio-8040-exec-10] TRACE org.hibernate.orm.jdbc.bind - binding parameter (9:NUMERIC) <- [3360.00]
2025-12-14 23:59:56.488 [http-nio-8040-exec-10] TRACE org.hibernate.orm.jdbc.bind - binding parameter (10:TIMESTAMP) <- [null]
2025-12-14 23:59:56.488 [http-nio-8040-exec-10] TRACE org.hibernate.orm.jdbc.bind - binding parameter (11:ENUM) <- [PENDING]
2025-12-14 23:59:56.489 [http-nio-8040-exec-10] DEBUG org.hibernate.SQL - 
    insert 
    into
        payroll_payments
        (basic_salary, created_at, da, employee_id, hra, net_salary_paid, other_allowances, payroll_batch_id, pf_contribution, processed_at, status) 
    values
        (?, ?, ?, ?, ?, ?, ?, ?, ?, ?, ?)
2025-12-14 23:59:56.490 [http-nio-8040-exec-10] TRACE org.hibernate.orm.jdbc.bind - binding parameter (1:NUMERIC) <- [54500.00]
2025-12-14 23:59:56.490 [http-nio-8040-exec-10] TRACE org.hibernate.orm.jdbc.bind - binding parameter (2:TIMESTAMP) <- [2025-12-14T23:59:56.489881]
2025-12-14 23:59:56.490 [http-nio-8040-exec-10] TRACE org.hibernate.orm.jdbc.bind - binding parameter (3:NUMERIC) <- [5450.00]
2025-12-14 23:59:56.490 [http-nio-8040-exec-10] TRACE org.hibernate.orm.jdbc.bind - binding parameter (4:BIGINT) <- [22]
2025-12-14 23:59:56.490 [http-nio-8040-exec-10] TRACE org.hibernate.orm.jdbc.bind - binding parameter (5:NUMERIC) <- [10900.00]
2025-12-14 23:59:56.490 [http-nio-8040-exec-10] TRACE org.hibernate.orm.jdbc.bind - binding parameter (6:NUMERIC) <- [70030.00]
2025-12-14 23:59:56.490 [http-nio-8040-exec-10] TRACE org.hibernate.orm.jdbc.bind - binding parameter (7:NUMERIC) <- [2450.00]
2025-12-14 23:59:56.490 [http-nio-8040-exec-10] TRACE org.hibernate.orm.jdbc.bind - binding parameter (8:BIGINT) <- [5]
2025-12-14 23:59:56.490 [http-nio-8040-exec-10] TRACE org.hibernate.orm.jdbc.bind - binding parameter (9:NUMERIC) <- [3270.00]
2025-12-14 23:59:56.490 [http-nio-8040-exec-10] TRACE org.hibernate.orm.jdbc.bind - binding parameter (10:TIMESTAMP) <- [null]
2025-12-14 23:59:56.490 [http-nio-8040-exec-10] TRACE org.hibernate.orm.jdbc.bind - binding parameter (11:ENUM) <- [PENDING]
2025-12-14 23:59:56.494 [http-nio-8040-exec-10] DEBUG org.hibernate.SQL - 
    insert 
    into
        payroll_payments
        (basic_salary, created_at, da, employee_id, hra, net_salary_paid, other_allowances, payroll_batch_id, pf_contribution, processed_at, status) 
    values
        (?, ?, ?, ?, ?, ?, ?, ?, ?, ?, ?)
2025-12-14 23:59:56.494 [http-nio-8040-exec-10] TRACE org.hibernate.orm.jdbc.bind - binding parameter (1:NUMERIC) <- [61500.00]
2025-12-14 23:59:56.494 [http-nio-8040-exec-10] TRACE org.hibernate.orm.jdbc.bind - binding parameter (2:TIMESTAMP) <- [2025-12-14T23:59:56.493429]
2025-12-14 23:59:56.494 [http-nio-8040-exec-10] TRACE org.hibernate.orm.jdbc.bind - binding parameter (3:NUMERIC) <- [6150.00]
2025-12-14 23:59:56.494 [http-nio-8040-exec-10] TRACE org.hibernate.orm.jdbc.bind - binding parameter (4:BIGINT) <- [36]
2025-12-14 23:59:56.494 [http-nio-8040-exec-10] TRACE org.hibernate.orm.jdbc.bind - binding parameter (5:NUMERIC) <- [12300.00]
2025-12-14 23:59:56.495 [http-nio-8040-exec-10] TRACE org.hibernate.orm.jdbc.bind - binding parameter (6:NUMERIC) <- [79410.00]
2025-12-14 23:59:56.495 [http-nio-8040-exec-10] TRACE org.hibernate.orm.jdbc.bind - binding parameter (7:NUMERIC) <- [3150.00]
2025-12-14 23:59:56.495 [http-nio-8040-exec-10] TRACE org.hibernate.orm.jdbc.bind - binding parameter (8:BIGINT) <- [5]
2025-12-14 23:59:56.495 [http-nio-8040-exec-10] TRACE org.hibernate.orm.jdbc.bind - binding parameter (9:NUMERIC) <- [3690.00]
2025-12-14 23:59:56.495 [http-nio-8040-exec-10] TRACE org.hibernate.orm.jdbc.bind - binding parameter (10:TIMESTAMP) <- [null]
2025-12-14 23:59:56.500 [http-nio-8040-exec-10] TRACE org.hibernate.orm.jdbc.bind - binding parameter (11:ENUM) <- [PENDING]
2025-12-14 23:59:56.503 [http-nio-8040-exec-10] DEBUG org.hibernate.SQL - 
    insert 
    into
        payroll_payments
        (basic_salary, created_at, da, employee_id, hra, net_salary_paid, other_allowances, payroll_batch_id, pf_contribution, processed_at, status) 
    values
        (?, ?, ?, ?, ?, ?, ?, ?, ?, ?, ?)
2025-12-14 23:59:56.504 [http-nio-8040-exec-10] TRACE org.hibernate.orm.jdbc.bind - binding parameter (1:NUMERIC) <- [56500.00]
2025-12-14 23:59:56.504 [http-nio-8040-exec-10] TRACE org.hibernate.orm.jdbc.bind - binding parameter (2:TIMESTAMP) <- [2025-12-14T23:59:56.503261]
2025-12-14 23:59:56.504 [http-nio-8040-exec-10] TRACE org.hibernate.orm.jdbc.bind - binding parameter (3:NUMERIC) <- [5650.00]
2025-12-14 23:59:56.505 [http-nio-8040-exec-10] TRACE org.hibernate.orm.jdbc.bind - binding parameter (4:BIGINT) <- [21]
2025-12-14 23:59:56.505 [http-nio-8040-exec-10] TRACE org.hibernate.orm.jdbc.bind - binding parameter (5:NUMERIC) <- [11300.00]
2025-12-14 23:59:56.505 [http-nio-8040-exec-10] TRACE org.hibernate.orm.jdbc.bind - binding parameter (6:NUMERIC) <- [72710.00]
2025-12-14 23:59:56.505 [http-nio-8040-exec-10] TRACE org.hibernate.orm.jdbc.bind - binding parameter (7:NUMERIC) <- [2650.00]
2025-12-14 23:59:56.505 [http-nio-8040-exec-10] TRACE org.hibernate.orm.jdbc.bind - binding parameter (8:BIGINT) <- [5]
2025-12-14 23:59:56.505 [http-nio-8040-exec-10] TRACE org.hibernate.orm.jdbc.bind - binding parameter (9:NUMERIC) <- [3390.00]
2025-12-14 23:59:56.505 [http-nio-8040-exec-10] TRACE org.hibernate.orm.jdbc.bind - binding parameter (10:TIMESTAMP) <- [null]
2025-12-14 23:59:56.505 [http-nio-8040-exec-10] TRACE org.hibernate.orm.jdbc.bind - binding parameter (11:ENUM) <- [PENDING]
2025-12-14 23:59:56.508 [http-nio-8040-exec-10] DEBUG org.hibernate.SQL - 
    insert 
    into
        payroll_payments
        (basic_salary, created_at, da, employee_id, hra, net_salary_paid, other_allowances, payroll_batch_id, pf_contribution, processed_at, status) 
    values
        (?, ?, ?, ?, ?, ?, ?, ?, ?, ?, ?)
2025-12-14 23:59:56.508 [http-nio-8040-exec-10] TRACE org.hibernate.orm.jdbc.bind - binding parameter (1:NUMERIC) <- [53500.00]
2025-12-14 23:59:56.509 [http-nio-8040-exec-10] TRACE org.hibernate.orm.jdbc.bind - binding parameter (2:TIMESTAMP) <- [2025-12-14T23:59:56.508301]
2025-12-14 23:59:56.509 [http-nio-8040-exec-10] TRACE org.hibernate.orm.jdbc.bind - binding parameter (3:NUMERIC) <- [5350.00]
2025-12-14 23:59:56.509 [http-nio-8040-exec-10] TRACE org.hibernate.orm.jdbc.bind - binding parameter (4:BIGINT) <- [25]
2025-12-14 23:59:56.509 [http-nio-8040-exec-10] TRACE org.hibernate.orm.jdbc.bind - binding parameter (5:NUMERIC) <- [10700.00]
2025-12-14 23:59:56.509 [http-nio-8040-exec-10] TRACE org.hibernate.orm.jdbc.bind - binding parameter (6:NUMERIC) <- [68690.00]
2025-12-14 23:59:56.509 [http-nio-8040-exec-10] TRACE org.hibernate.orm.jdbc.bind - binding parameter (7:NUMERIC) <- [2350.00]
2025-12-14 23:59:56.510 [http-nio-8040-exec-10] TRACE org.hibernate.orm.jdbc.bind - binding parameter (8:BIGINT) <- [5]
2025-12-14 23:59:56.510 [http-nio-8040-exec-10] TRACE org.hibernate.orm.jdbc.bind - binding parameter (9:NUMERIC) <- [3210.00]
2025-12-14 23:59:56.510 [http-nio-8040-exec-10] TRACE org.hibernate.orm.jdbc.bind - binding parameter (10:TIMESTAMP) <- [null]
2025-12-14 23:59:56.510 [http-nio-8040-exec-10] TRACE org.hibernate.orm.jdbc.bind - binding parameter (11:ENUM) <- [PENDING]
2025-12-14 23:59:56.515 [http-nio-8040-exec-10] DEBUG org.hibernate.SQL - 
    insert 
    into
        payroll_payments
        (basic_salary, created_at, da, employee_id, hra, net_salary_paid, other_allowances, payroll_batch_id, pf_contribution, processed_at, status) 
    values
        (?, ?, ?, ?, ?, ?, ?, ?, ?, ?, ?)
2025-12-14 23:59:56.515 [http-nio-8040-exec-10] TRACE org.hibernate.orm.jdbc.bind - binding parameter (1:NUMERIC) <- [76500.00]
2025-12-14 23:59:56.515 [http-nio-8040-exec-10] TRACE org.hibernate.orm.jdbc.bind - binding parameter (2:TIMESTAMP) <- [2025-12-14T23:59:56.514116]
2025-12-14 23:59:56.515 [http-nio-8040-exec-10] TRACE org.hibernate.orm.jdbc.bind - binding parameter (3:NUMERIC) <- [7650.00]
2025-12-14 23:59:56.515 [http-nio-8040-exec-10] TRACE org.hibernate.orm.jdbc.bind - binding parameter (4:BIGINT) <- [26]
2025-12-14 23:59:56.515 [http-nio-8040-exec-10] TRACE org.hibernate.orm.jdbc.bind - binding parameter (5:NUMERIC) <- [15300.00]
2025-12-14 23:59:56.515 [http-nio-8040-exec-10] TRACE org.hibernate.orm.jdbc.bind - binding parameter (6:NUMERIC) <- [98510.00]
2025-12-14 23:59:56.515 [http-nio-8040-exec-10] TRACE org.hibernate.orm.jdbc.bind - binding parameter (7:NUMERIC) <- [3650.00]
2025-12-14 23:59:56.515 [http-nio-8040-exec-10] TRACE org.hibernate.orm.jdbc.bind - binding parameter (8:BIGINT) <- [5]
2025-12-14 23:59:56.515 [http-nio-8040-exec-10] TRACE org.hibernate.orm.jdbc.bind - binding parameter (9:NUMERIC) <- [4590.00]
2025-12-14 23:59:56.516 [http-nio-8040-exec-10] TRACE org.hibernate.orm.jdbc.bind - binding parameter (10:TIMESTAMP) <- [null]
2025-12-14 23:59:56.516 [http-nio-8040-exec-10] TRACE org.hibernate.orm.jdbc.bind - binding parameter (11:ENUM) <- [PENDING]
2025-12-14 23:59:56.518 [http-nio-8040-exec-10] DEBUG org.hibernate.SQL - 
    insert 
    into
        payroll_payments
        (basic_salary, created_at, da, employee_id, hra, net_salary_paid, other_allowances, payroll_batch_id, pf_contribution, processed_at, status) 
    values
        (?, ?, ?, ?, ?, ?, ?, ?, ?, ?, ?)
2025-12-14 23:59:56.518 [http-nio-8040-exec-10] TRACE org.hibernate.orm.jdbc.bind - binding parameter (1:NUMERIC) <- [59500.00]
2025-12-14 23:59:56.519 [http-nio-8040-exec-10] TRACE org.hibernate.orm.jdbc.bind - binding parameter (2:TIMESTAMP) <- [2025-12-14T23:59:56.518185]
2025-12-14 23:59:56.519 [http-nio-8040-exec-10] TRACE org.hibernate.orm.jdbc.bind - binding parameter (3:NUMERIC) <- [5950.00]
2025-12-14 23:59:56.519 [http-nio-8040-exec-10] TRACE org.hibernate.orm.jdbc.bind - binding parameter (4:BIGINT) <- [29]
2025-12-14 23:59:56.519 [http-nio-8040-exec-10] TRACE org.hibernate.orm.jdbc.bind - binding parameter (5:NUMERIC) <- [11900.00]
2025-12-14 23:59:56.519 [http-nio-8040-exec-10] TRACE org.hibernate.orm.jdbc.bind - binding parameter (6:NUMERIC) <- [76730.00]
2025-12-14 23:59:56.519 [http-nio-8040-exec-10] TRACE org.hibernate.orm.jdbc.bind - binding parameter (7:NUMERIC) <- [2950.00]
2025-12-14 23:59:56.519 [http-nio-8040-exec-10] TRACE org.hibernate.orm.jdbc.bind - binding parameter (8:BIGINT) <- [5]
2025-12-14 23:59:56.519 [http-nio-8040-exec-10] TRACE org.hibernate.orm.jdbc.bind - binding parameter (9:NUMERIC) <- [3570.00]
2025-12-14 23:59:56.519 [http-nio-8040-exec-10] TRACE org.hibernate.orm.jdbc.bind - binding parameter (10:TIMESTAMP) <- [null]
2025-12-14 23:59:56.519 [http-nio-8040-exec-10] TRACE org.hibernate.orm.jdbc.bind - binding parameter (11:ENUM) <- [PENDING]
2025-12-14 23:59:56.522 [http-nio-8040-exec-10] DEBUG org.hibernate.SQL - 
    insert 
    into
        payroll_payments
        (basic_salary, created_at, da, employee_id, hra, net_salary_paid, other_allowances, payroll_batch_id, pf_contribution, processed_at, status) 
    values
        (?, ?, ?, ?, ?, ?, ?, ?, ?, ?, ?)
2025-12-14 23:59:56.522 [http-nio-8040-exec-10] TRACE org.hibernate.orm.jdbc.bind - binding parameter (1:NUMERIC) <- [49500.00]
2025-12-14 23:59:56.522 [http-nio-8040-exec-10] TRACE org.hibernate.orm.jdbc.bind - binding parameter (2:TIMESTAMP) <- [2025-12-14T23:59:56.522063]
2025-12-14 23:59:56.522 [http-nio-8040-exec-10] TRACE org.hibernate.orm.jdbc.bind - binding parameter (3:NUMERIC) <- [4950.00]
2025-12-14 23:59:56.522 [http-nio-8040-exec-10] TRACE org.hibernate.orm.jdbc.bind - binding parameter (4:BIGINT) <- [34]
2025-12-14 23:59:56.522 [http-nio-8040-exec-10] TRACE org.hibernate.orm.jdbc.bind - binding parameter (5:NUMERIC) <- [9900.00]
2025-12-14 23:59:56.522 [http-nio-8040-exec-10] TRACE org.hibernate.orm.jdbc.bind - binding parameter (6:NUMERIC) <- [63330.00]
2025-12-14 23:59:56.522 [http-nio-8040-exec-10] TRACE org.hibernate.orm.jdbc.bind - binding parameter (7:NUMERIC) <- [1950.00]
2025-12-14 23:59:56.523 [http-nio-8040-exec-10] TRACE org.hibernate.orm.jdbc.bind - binding parameter (8:BIGINT) <- [5]
2025-12-14 23:59:56.523 [http-nio-8040-exec-10] TRACE org.hibernate.orm.jdbc.bind - binding parameter (9:NUMERIC) <- [2970.00]
2025-12-14 23:59:56.523 [http-nio-8040-exec-10] TRACE org.hibernate.orm.jdbc.bind - binding parameter (10:TIMESTAMP) <- [null]
2025-12-14 23:59:56.523 [http-nio-8040-exec-10] TRACE org.hibernate.orm.jdbc.bind - binding parameter (11:ENUM) <- [PENDING]
2025-12-14 23:59:56.525 [http-nio-8040-exec-10] DEBUG org.hibernate.SQL - 
    insert 
    into
        payroll_payments
        (basic_salary, created_at, da, employee_id, hra, net_salary_paid, other_allowances, payroll_batch_id, pf_contribution, processed_at, status) 
    values
        (?, ?, ?, ?, ?, ?, ?, ?, ?, ?, ?)
2025-12-14 23:59:56.525 [http-nio-8040-exec-10] TRACE org.hibernate.orm.jdbc.bind - binding parameter (1:NUMERIC) <- [54500.00]
2025-12-14 23:59:56.525 [http-nio-8040-exec-10] TRACE org.hibernate.orm.jdbc.bind - binding parameter (2:TIMESTAMP) <- [2025-12-14T23:59:56.525853]
2025-12-14 23:59:56.525 [http-nio-8040-exec-10] TRACE org.hibernate.orm.jdbc.bind - binding parameter (3:NUMERIC) <- [5450.00]
2025-12-14 23:59:56.525 [http-nio-8040-exec-10] TRACE org.hibernate.orm.jdbc.bind - binding parameter (4:BIGINT) <- [30]
2025-12-14 23:59:56.525 [http-nio-8040-exec-10] TRACE org.hibernate.orm.jdbc.bind - binding parameter (5:NUMERIC) <- [10900.00]
2025-12-14 23:59:56.525 [http-nio-8040-exec-10] TRACE org.hibernate.orm.jdbc.bind - binding parameter (6:NUMERIC) <- [70030.00]
2025-12-14 23:59:56.525 [http-nio-8040-exec-10] TRACE org.hibernate.orm.jdbc.bind - binding parameter (7:NUMERIC) <- [2450.00]
2025-12-14 23:59:56.525 [http-nio-8040-exec-10] TRACE org.hibernate.orm.jdbc.bind - binding parameter (8:BIGINT) <- [5]
2025-12-14 23:59:56.525 [http-nio-8040-exec-10] TRACE org.hibernate.orm.jdbc.bind - binding parameter (9:NUMERIC) <- [3270.00]
2025-12-14 23:59:56.527 [http-nio-8040-exec-10] TRACE org.hibernate.orm.jdbc.bind - binding parameter (10:TIMESTAMP) <- [null]
2025-12-14 23:59:56.527 [http-nio-8040-exec-10] TRACE org.hibernate.orm.jdbc.bind - binding parameter (11:ENUM) <- [PENDING]
2025-12-14 23:59:56.528 [http-nio-8040-exec-10] DEBUG org.hibernate.SQL - 
    insert 
    into
        payroll_payments
        (basic_salary, created_at, da, employee_id, hra, net_salary_paid, other_allowances, payroll_batch_id, pf_contribution, processed_at, status) 
    values
        (?, ?, ?, ?, ?, ?, ?, ?, ?, ?, ?)
2025-12-14 23:59:56.529 [http-nio-8040-exec-10] TRACE org.hibernate.orm.jdbc.bind - binding parameter (1:NUMERIC) <- [57500.00]
2025-12-14 23:59:56.530 [http-nio-8040-exec-10] TRACE org.hibernate.orm.jdbc.bind - binding parameter (2:TIMESTAMP) <- [2025-12-14T23:59:56.528256]
2025-12-14 23:59:56.530 [http-nio-8040-exec-10] TRACE org.hibernate.orm.jdbc.bind - binding parameter (3:NUMERIC) <- [5750.00]
2025-12-14 23:59:56.530 [http-nio-8040-exec-10] TRACE org.hibernate.orm.jdbc.bind - binding parameter (4:BIGINT) <- [33]
2025-12-14 23:59:56.530 [http-nio-8040-exec-10] TRACE org.hibernate.orm.jdbc.bind - binding parameter (5:NUMERIC) <- [11500.00]
2025-12-14 23:59:56.530 [http-nio-8040-exec-10] TRACE org.hibernate.orm.jdbc.bind - binding parameter (6:NUMERIC) <- [74050.00]
2025-12-14 23:59:56.530 [http-nio-8040-exec-10] TRACE org.hibernate.orm.jdbc.bind - binding parameter (7:NUMERIC) <- [2750.00]
2025-12-14 23:59:56.530 [http-nio-8040-exec-10] TRACE org.hibernate.orm.jdbc.bind - binding parameter (8:BIGINT) <- [5]
2025-12-14 23:59:56.530 [http-nio-8040-exec-10] TRACE org.hibernate.orm.jdbc.bind - binding parameter (9:NUMERIC) <- [3450.00]
2025-12-14 23:59:56.530 [http-nio-8040-exec-10] TRACE org.hibernate.orm.jdbc.bind - binding parameter (10:TIMESTAMP) <- [null]
2025-12-14 23:59:56.530 [http-nio-8040-exec-10] TRACE org.hibernate.orm.jdbc.bind - binding parameter (11:ENUM) <- [PENDING]
2025-12-14 23:59:56.534 [http-nio-8040-exec-10] DEBUG org.hibernate.SQL - 
    insert 
    into
        payroll_payments
        (basic_salary, created_at, da, employee_id, hra, net_salary_paid, other_allowances, payroll_batch_id, pf_contribution, processed_at, status) 
    values
        (?, ?, ?, ?, ?, ?, ?, ?, ?, ?, ?)
2025-12-14 23:59:56.534 [http-nio-8040-exec-10] TRACE org.hibernate.orm.jdbc.bind - binding parameter (1:NUMERIC) <- [52500.00]
2025-12-14 23:59:56.534 [http-nio-8040-exec-10] TRACE org.hibernate.orm.jdbc.bind - binding parameter (2:TIMESTAMP) <- [2025-12-14T23:59:56.533505]
2025-12-14 23:59:56.534 [http-nio-8040-exec-10] TRACE org.hibernate.orm.jdbc.bind - binding parameter (3:NUMERIC) <- [5250.00]
2025-12-14 23:59:56.535 [http-nio-8040-exec-10] TRACE org.hibernate.orm.jdbc.bind - binding parameter (4:BIGINT) <- [37]
2025-12-14 23:59:56.535 [http-nio-8040-exec-10] TRACE org.hibernate.orm.jdbc.bind - binding parameter (5:NUMERIC) <- [10500.00]
2025-12-14 23:59:56.535 [http-nio-8040-exec-10] TRACE org.hibernate.orm.jdbc.bind - binding parameter (6:NUMERIC) <- [67350.00]
2025-12-14 23:59:56.535 [http-nio-8040-exec-10] TRACE org.hibernate.orm.jdbc.bind - binding parameter (7:NUMERIC) <- [2250.00]
2025-12-14 23:59:56.535 [http-nio-8040-exec-10] TRACE org.hibernate.orm.jdbc.bind - binding parameter (8:BIGINT) <- [5]
2025-12-14 23:59:56.535 [http-nio-8040-exec-10] TRACE org.hibernate.orm.jdbc.bind - binding parameter (9:NUMERIC) <- [3150.00]
2025-12-14 23:59:56.535 [http-nio-8040-exec-10] TRACE org.hibernate.orm.jdbc.bind - binding parameter (10:TIMESTAMP) <- [null]
2025-12-14 23:59:56.535 [http-nio-8040-exec-10] TRACE org.hibernate.orm.jdbc.bind - binding parameter (11:ENUM) <- [PENDING]
2025-12-14 23:59:56.537 [http-nio-8040-exec-10] DEBUG org.hibernate.SQL - 
    insert 
    into
        payroll_payments
        (basic_salary, created_at, da, employee_id, hra, net_salary_paid, other_allowances, payroll_batch_id, pf_contribution, processed_at, status) 
    values
        (?, ?, ?, ?, ?, ?, ?, ?, ?, ?, ?)
2025-12-14 23:59:56.538 [http-nio-8040-exec-10] TRACE org.hibernate.orm.jdbc.bind - binding parameter (1:NUMERIC) <- [63500.00]
2025-12-14 23:59:56.538 [http-nio-8040-exec-10] TRACE org.hibernate.orm.jdbc.bind - binding parameter (2:TIMESTAMP) <- [2025-12-14T23:59:56.537529]
2025-12-14 23:59:56.538 [http-nio-8040-exec-10] TRACE org.hibernate.orm.jdbc.bind - binding parameter (3:NUMERIC) <- [6350.00]
2025-12-14 23:59:56.538 [http-nio-8040-exec-10] TRACE org.hibernate.orm.jdbc.bind - binding parameter (4:BIGINT) <- [41]
2025-12-14 23:59:56.538 [http-nio-8040-exec-10] TRACE org.hibernate.orm.jdbc.bind - binding parameter (5:NUMERIC) <- [12700.00]
2025-12-14 23:59:56.538 [http-nio-8040-exec-10] TRACE org.hibernate.orm.jdbc.bind - binding parameter (6:NUMERIC) <- [82090.00]
2025-12-14 23:59:56.538 [http-nio-8040-exec-10] TRACE org.hibernate.orm.jdbc.bind - binding parameter (7:NUMERIC) <- [3350.00]
2025-12-14 23:59:56.538 [http-nio-8040-exec-10] TRACE org.hibernate.orm.jdbc.bind - binding parameter (8:BIGINT) <- [5]
2025-12-14 23:59:56.538 [http-nio-8040-exec-10] TRACE org.hibernate.orm.jdbc.bind - binding parameter (9:NUMERIC) <- [3810.00]
2025-12-14 23:59:56.538 [http-nio-8040-exec-10] TRACE org.hibernate.orm.jdbc.bind - binding parameter (10:TIMESTAMP) <- [null]
2025-12-14 23:59:56.538 [http-nio-8040-exec-10] TRACE org.hibernate.orm.jdbc.bind - binding parameter (11:ENUM) <- [PENDING]
2025-12-14 23:59:56.541 [http-nio-8040-exec-10] DEBUG org.hibernate.SQL - 
    insert 
    into
        payroll_payments
        (basic_salary, created_at, da, employee_id, hra, net_salary_paid, other_allowances, payroll_batch_id, pf_contribution, processed_at, status) 
    values
        (?, ?, ?, ?, ?, ?, ?, ?, ?, ?, ?)
2025-12-14 23:59:56.541 [http-nio-8040-exec-10] TRACE org.hibernate.orm.jdbc.bind - binding parameter (1:NUMERIC) <- [55500.00]
2025-12-14 23:59:56.541 [http-nio-8040-exec-10] TRACE org.hibernate.orm.jdbc.bind - binding parameter (2:TIMESTAMP) <- [2025-12-14T23:59:56.540470]
2025-12-14 23:59:56.541 [http-nio-8040-exec-10] TRACE org.hibernate.orm.jdbc.bind - binding parameter (3:NUMERIC) <- [5550.00]
2025-12-14 23:59:56.541 [http-nio-8040-exec-10] TRACE org.hibernate.orm.jdbc.bind - binding parameter (4:BIGINT) <- [42]
2025-12-14 23:59:56.541 [http-nio-8040-exec-10] TRACE org.hibernate.orm.jdbc.bind - binding parameter (5:NUMERIC) <- [11100.00]
2025-12-14 23:59:56.541 [http-nio-8040-exec-10] TRACE org.hibernate.orm.jdbc.bind - binding parameter (6:NUMERIC) <- [71370.00]
2025-12-14 23:59:56.541 [http-nio-8040-exec-10] TRACE org.hibernate.orm.jdbc.bind - binding parameter (7:NUMERIC) <- [2550.00]
2025-12-14 23:59:56.541 [http-nio-8040-exec-10] TRACE org.hibernate.orm.jdbc.bind - binding parameter (8:BIGINT) <- [5]
2025-12-14 23:59:56.541 [http-nio-8040-exec-10] TRACE org.hibernate.orm.jdbc.bind - binding parameter (9:NUMERIC) <- [3330.00]
2025-12-14 23:59:56.541 [http-nio-8040-exec-10] TRACE org.hibernate.orm.jdbc.bind - binding parameter (10:TIMESTAMP) <- [null]
2025-12-14 23:59:56.541 [http-nio-8040-exec-10] TRACE org.hibernate.orm.jdbc.bind - binding parameter (11:ENUM) <- [PENDING]
2025-12-14 23:59:56.544 [http-nio-8040-exec-10] DEBUG org.hibernate.SQL - 
    insert 
    into
        payroll_payments
        (basic_salary, created_at, da, employee_id, hra, net_salary_paid, other_allowances, payroll_batch_id, pf_contribution, processed_at, status) 
    values
        (?, ?, ?, ?, ?, ?, ?, ?, ?, ?, ?)
2025-12-14 23:59:56.545 [http-nio-8040-exec-10] TRACE org.hibernate.orm.jdbc.bind - binding parameter (1:NUMERIC) <- [69500.00]
2025-12-14 23:59:56.545 [http-nio-8040-exec-10] TRACE org.hibernate.orm.jdbc.bind - binding parameter (2:TIMESTAMP) <- [2025-12-14T23:59:56.544052]
2025-12-14 23:59:56.545 [http-nio-8040-exec-10] TRACE org.hibernate.orm.jdbc.bind - binding parameter (3:NUMERIC) <- [6950.00]
2025-12-14 23:59:56.545 [http-nio-8040-exec-10] TRACE org.hibernate.orm.jdbc.bind - binding parameter (4:BIGINT) <- [43]
2025-12-14 23:59:56.545 [http-nio-8040-exec-10] TRACE org.hibernate.orm.jdbc.bind - binding parameter (5:NUMERIC) <- [13900.00]
2025-12-14 23:59:56.545 [http-nio-8040-exec-10] TRACE org.hibernate.orm.jdbc.bind - binding parameter (6:NUMERIC) <- [89130.00]
2025-12-14 23:59:56.545 [http-nio-8040-exec-10] TRACE org.hibernate.orm.jdbc.bind - binding parameter (7:NUMERIC) <- [2950.00]
2025-12-14 23:59:56.545 [http-nio-8040-exec-10] TRACE org.hibernate.orm.jdbc.bind - binding parameter (8:BIGINT) <- [5]
2025-12-14 23:59:56.545 [http-nio-8040-exec-10] TRACE org.hibernate.orm.jdbc.bind - binding parameter (9:NUMERIC) <- [4170.00]
2025-12-14 23:59:56.545 [http-nio-8040-exec-10] TRACE org.hibernate.orm.jdbc.bind - binding parameter (10:TIMESTAMP) <- [null]
2025-12-14 23:59:56.545 [http-nio-8040-exec-10] TRACE org.hibernate.orm.jdbc.bind - binding parameter (11:ENUM) <- [PENDING]
2025-12-14 23:59:56.549 [http-nio-8040-exec-10] DEBUG org.hibernate.SQL - 
    insert 
    into
        payroll_payments
        (basic_salary, created_at, da, employee_id, hra, net_salary_paid, other_allowances, payroll_batch_id, pf_contribution, processed_at, status) 
    values
        (?, ?, ?, ?, ?, ?, ?, ?, ?, ?, ?)
2025-12-14 23:59:56.549 [http-nio-8040-exec-10] TRACE org.hibernate.orm.jdbc.bind - binding parameter (1:NUMERIC) <- [51500.00]
2025-12-14 23:59:56.550 [http-nio-8040-exec-10] TRACE org.hibernate.orm.jdbc.bind - binding parameter (2:TIMESTAMP) <- [2025-12-14T23:59:56.549900]
2025-12-14 23:59:56.550 [http-nio-8040-exec-10] TRACE org.hibernate.orm.jdbc.bind - binding parameter (3:NUMERIC) <- [5150.00]
2025-12-14 23:59:56.550 [http-nio-8040-exec-10] TRACE org.hibernate.orm.jdbc.bind - binding parameter (4:BIGINT) <- [44]
2025-12-14 23:59:56.550 [http-nio-8040-exec-10] TRACE org.hibernate.orm.jdbc.bind - binding parameter (5:NUMERIC) <- [10300.00]
2025-12-14 23:59:56.550 [http-nio-8040-exec-10] TRACE org.hibernate.orm.jdbc.bind - binding parameter (6:NUMERIC) <- [66010.00]
2025-12-14 23:59:56.550 [http-nio-8040-exec-10] TRACE org.hibernate.orm.jdbc.bind - binding parameter (7:NUMERIC) <- [2150.00]
2025-12-14 23:59:56.550 [http-nio-8040-exec-10] TRACE org.hibernate.orm.jdbc.bind - binding parameter (8:BIGINT) <- [5]
2025-12-14 23:59:56.550 [http-nio-8040-exec-10] TRACE org.hibernate.orm.jdbc.bind - binding parameter (9:NUMERIC) <- [3090.00]
2025-12-14 23:59:56.550 [http-nio-8040-exec-10] TRACE org.hibernate.orm.jdbc.bind - binding parameter (10:TIMESTAMP) <- [null]
2025-12-14 23:59:56.550 [http-nio-8040-exec-10] TRACE org.hibernate.orm.jdbc.bind - binding parameter (11:ENUM) <- [PENDING]
2025-12-14 23:59:56.553 [http-nio-8040-exec-10] DEBUG org.hibernate.SQL - 
    insert 
    into
        payroll_payments
        (basic_salary, created_at, da, employee_id, hra, net_salary_paid, other_allowances, payroll_batch_id, pf_contribution, processed_at, status) 
    values
        (?, ?, ?, ?, ?, ?, ?, ?, ?, ?, ?)
2025-12-14 23:59:56.553 [http-nio-8040-exec-10] TRACE org.hibernate.orm.jdbc.bind - binding parameter (1:NUMERIC) <- [66500.00]
2025-12-14 23:59:56.555 [http-nio-8040-exec-10] TRACE org.hibernate.orm.jdbc.bind - binding parameter (2:TIMESTAMP) <- [2025-12-14T23:59:56.553977]
2025-12-14 23:59:56.555 [http-nio-8040-exec-10] TRACE org.hibernate.orm.jdbc.bind - binding parameter (3:NUMERIC) <- [6650.00]
2025-12-14 23:59:56.555 [http-nio-8040-exec-10] TRACE org.hibernate.orm.jdbc.bind - binding parameter (4:BIGINT) <- [45]
2025-12-14 23:59:56.555 [http-nio-8040-exec-10] TRACE org.hibernate.orm.jdbc.bind - binding parameter (5:NUMERIC) <- [13300.00]
2025-12-14 23:59:56.555 [http-nio-8040-exec-10] TRACE org.hibernate.orm.jdbc.bind - binding parameter (6:NUMERIC) <- [86110.00]
2025-12-14 23:59:56.555 [http-nio-8040-exec-10] TRACE org.hibernate.orm.jdbc.bind - binding parameter (7:NUMERIC) <- [3650.00]
2025-12-14 23:59:56.555 [http-nio-8040-exec-10] TRACE org.hibernate.orm.jdbc.bind - binding parameter (8:BIGINT) <- [5]
2025-12-14 23:59:56.555 [http-nio-8040-exec-10] TRACE org.hibernate.orm.jdbc.bind - binding parameter (9:NUMERIC) <- [3990.00]
2025-12-14 23:59:56.555 [http-nio-8040-exec-10] TRACE org.hibernate.orm.jdbc.bind - binding parameter (10:TIMESTAMP) <- [null]
2025-12-14 23:59:56.555 [http-nio-8040-exec-10] TRACE org.hibernate.orm.jdbc.bind - binding parameter (11:ENUM) <- [PENDING]
2025-12-14 23:59:56.558 [http-nio-8040-exec-10] DEBUG org.hibernate.SQL - 
    insert 
    into
        payroll_payments
        (basic_salary, created_at, da, employee_id, hra, net_salary_paid, other_allowances, payroll_batch_id, pf_contribution, processed_at, status) 
    values
        (?, ?, ?, ?, ?, ?, ?, ?, ?, ?, ?)
2025-12-14 23:59:56.559 [http-nio-8040-exec-10] TRACE org.hibernate.orm.jdbc.bind - binding parameter (1:NUMERIC) <- [60500.00]
2025-12-14 23:59:56.559 [http-nio-8040-exec-10] TRACE org.hibernate.orm.jdbc.bind - binding parameter (2:TIMESTAMP) <- [2025-12-14T23:59:56.558806]
2025-12-14 23:59:56.559 [http-nio-8040-exec-10] TRACE org.hibernate.orm.jdbc.bind - binding parameter (3:NUMERIC) <- [6050.00]
2025-12-14 23:59:56.560 [http-nio-8040-exec-10] TRACE org.hibernate.orm.jdbc.bind - binding parameter (4:BIGINT) <- [46]
2025-12-14 23:59:56.560 [http-nio-8040-exec-10] TRACE org.hibernate.orm.jdbc.bind - binding parameter (5:NUMERIC) <- [12100.00]
2025-12-14 23:59:56.560 [http-nio-8040-exec-10] TRACE org.hibernate.orm.jdbc.bind - binding parameter (6:NUMERIC) <- [78070.00]
2025-12-14 23:59:56.560 [http-nio-8040-exec-10] TRACE org.hibernate.orm.jdbc.bind - binding parameter (7:NUMERIC) <- [3050.00]
2025-12-14 23:59:56.560 [http-nio-8040-exec-10] TRACE org.hibernate.orm.jdbc.bind - binding parameter (8:BIGINT) <- [5]
2025-12-14 23:59:56.560 [http-nio-8040-exec-10] TRACE org.hibernate.orm.jdbc.bind - binding parameter (9:NUMERIC) <- [3630.00]
2025-12-14 23:59:56.560 [http-nio-8040-exec-10] TRACE org.hibernate.orm.jdbc.bind - binding parameter (10:TIMESTAMP) <- [null]
2025-12-14 23:59:56.560 [http-nio-8040-exec-10] TRACE org.hibernate.orm.jdbc.bind - binding parameter (11:ENUM) <- [PENDING]
2025-12-14 23:59:56.564 [http-nio-8040-exec-10] DEBUG org.hibernate.SQL - 
    insert 
    into
        payroll_payments
        (basic_salary, created_at, da, employee_id, hra, net_salary_paid, other_allowances, payroll_batch_id, pf_contribution, processed_at, status) 
    values
        (?, ?, ?, ?, ?, ?, ?, ?, ?, ?, ?)
2025-12-14 23:59:56.564 [http-nio-8040-exec-10] TRACE org.hibernate.orm.jdbc.bind - binding parameter (1:NUMERIC) <- [73500.00]
2025-12-14 23:59:56.564 [http-nio-8040-exec-10] TRACE org.hibernate.orm.jdbc.bind - binding parameter (2:TIMESTAMP) <- [2025-12-14T23:59:56.562830]
2025-12-14 23:59:56.564 [http-nio-8040-exec-10] TRACE org.hibernate.orm.jdbc.bind - binding parameter (3:NUMERIC) <- [7350.00]
2025-12-14 23:59:56.564 [http-nio-8040-exec-10] TRACE org.hibernate.orm.jdbc.bind - binding parameter (4:BIGINT) <- [47]
2025-12-14 23:59:56.564 [http-nio-8040-exec-10] TRACE org.hibernate.orm.jdbc.bind - binding parameter (5:NUMERIC) <- [14700.00]
2025-12-14 23:59:56.564 [http-nio-8040-exec-10] TRACE org.hibernate.orm.jdbc.bind - binding parameter (6:NUMERIC) <- [94490.00]
2025-12-14 23:59:56.564 [http-nio-8040-exec-10] TRACE org.hibernate.orm.jdbc.bind - binding parameter (7:NUMERIC) <- [3350.00]
2025-12-14 23:59:56.564 [http-nio-8040-exec-10] TRACE org.hibernate.orm.jdbc.bind - binding parameter (8:BIGINT) <- [5]
2025-12-14 23:59:56.565 [http-nio-8040-exec-10] TRACE org.hibernate.orm.jdbc.bind - binding parameter (9:NUMERIC) <- [4410.00]
2025-12-14 23:59:56.565 [http-nio-8040-exec-10] TRACE org.hibernate.orm.jdbc.bind - binding parameter (10:TIMESTAMP) <- [null]
2025-12-14 23:59:56.565 [http-nio-8040-exec-10] TRACE org.hibernate.orm.jdbc.bind - binding parameter (11:ENUM) <- [PENDING]
2025-12-14 23:59:56.567 [http-nio-8040-exec-10] DEBUG org.hibernate.SQL - 
    insert 
    into
        payroll_payments
        (basic_salary, created_at, da, employee_id, hra, net_salary_paid, other_allowances, payroll_batch_id, pf_contribution, processed_at, status) 
    values
        (?, ?, ?, ?, ?, ?, ?, ?, ?, ?, ?)
2025-12-14 23:59:56.567 [http-nio-8040-exec-10] TRACE org.hibernate.orm.jdbc.bind - binding parameter (1:NUMERIC) <- [58500.00]
2025-12-14 23:59:56.568 [http-nio-8040-exec-10] TRACE org.hibernate.orm.jdbc.bind - binding parameter (2:TIMESTAMP) <- [2025-12-14T23:59:56.567035]
2025-12-14 23:59:56.568 [http-nio-8040-exec-10] TRACE org.hibernate.orm.jdbc.bind - binding parameter (3:NUMERIC) <- [5850.00]
2025-12-14 23:59:56.568 [http-nio-8040-exec-10] TRACE org.hibernate.orm.jdbc.bind - binding parameter (4:BIGINT) <- [48]
2025-12-14 23:59:56.568 [http-nio-8040-exec-10] TRACE org.hibernate.orm.jdbc.bind - binding parameter (5:NUMERIC) <- [11700.00]
2025-12-14 23:59:56.568 [http-nio-8040-exec-10] TRACE org.hibernate.orm.jdbc.bind - binding parameter (6:NUMERIC) <- [75390.00]
2025-12-14 23:59:56.568 [http-nio-8040-exec-10] TRACE org.hibernate.orm.jdbc.bind - binding parameter (7:NUMERIC) <- [2850.00]
2025-12-14 23:59:56.568 [http-nio-8040-exec-10] TRACE org.hibernate.orm.jdbc.bind - binding parameter (8:BIGINT) <- [5]
2025-12-14 23:59:56.568 [http-nio-8040-exec-10] TRACE org.hibernate.orm.jdbc.bind - binding parameter (9:NUMERIC) <- [3510.00]
2025-12-14 23:59:56.568 [http-nio-8040-exec-10] TRACE org.hibernate.orm.jdbc.bind - binding parameter (10:TIMESTAMP) <- [null]
2025-12-14 23:59:56.568 [http-nio-8040-exec-10] TRACE org.hibernate.orm.jdbc.bind - binding parameter (11:ENUM) <- [PENDING]
2025-12-14 23:59:56.569 [http-nio-8040-exec-10] DEBUG org.hibernate.SQL - 
    insert 
    into
        payroll_payments
        (basic_salary, created_at, da, employee_id, hra, net_salary_paid, other_allowances, payroll_batch_id, pf_contribution, processed_at, status) 
    values
        (?, ?, ?, ?, ?, ?, ?, ?, ?, ?, ?)
2025-12-14 23:59:56.570 [http-nio-8040-exec-10] TRACE org.hibernate.orm.jdbc.bind - binding parameter (1:NUMERIC) <- [55500.00]
2025-12-14 23:59:56.570 [http-nio-8040-exec-10] TRACE org.hibernate.orm.jdbc.bind - binding parameter (2:TIMESTAMP) <- [2025-12-14T23:59:56.569147]
2025-12-14 23:59:56.570 [http-nio-8040-exec-10] TRACE org.hibernate.orm.jdbc.bind - binding parameter (3:NUMERIC) <- [5550.00]
2025-12-14 23:59:56.570 [http-nio-8040-exec-10] TRACE org.hibernate.orm.jdbc.bind - binding parameter (4:BIGINT) <- [49]
2025-12-14 23:59:56.570 [http-nio-8040-exec-10] TRACE org.hibernate.orm.jdbc.bind - binding parameter (5:NUMERIC) <- [11100.00]
2025-12-14 23:59:56.571 [http-nio-8040-exec-10] TRACE org.hibernate.orm.jdbc.bind - binding parameter (6:NUMERIC) <- [71370.00]
2025-12-14 23:59:56.571 [http-nio-8040-exec-10] TRACE org.hibernate.orm.jdbc.bind - binding parameter (7:NUMERIC) <- [2550.00]
2025-12-14 23:59:56.571 [http-nio-8040-exec-10] TRACE org.hibernate.orm.jdbc.bind - binding parameter (8:BIGINT) <- [5]
2025-12-14 23:59:56.571 [http-nio-8040-exec-10] TRACE org.hibernate.orm.jdbc.bind - binding parameter (9:NUMERIC) <- [3330.00]
2025-12-14 23:59:56.571 [http-nio-8040-exec-10] TRACE org.hibernate.orm.jdbc.bind - binding parameter (10:TIMESTAMP) <- [null]
2025-12-14 23:59:56.571 [http-nio-8040-exec-10] TRACE org.hibernate.orm.jdbc.bind - binding parameter (11:ENUM) <- [PENDING]
2025-12-14 23:59:56.573 [http-nio-8040-exec-10] DEBUG org.hibernate.SQL - 
    insert 
    into
        payroll_payments
        (basic_salary, created_at, da, employee_id, hra, net_salary_paid, other_allowances, payroll_batch_id, pf_contribution, processed_at, status) 
    values
        (?, ?, ?, ?, ?, ?, ?, ?, ?, ?, ?)
2025-12-14 23:59:56.574 [http-nio-8040-exec-10] TRACE org.hibernate.orm.jdbc.bind - binding parameter (1:NUMERIC) <- [57500.00]
2025-12-14 23:59:56.574 [http-nio-8040-exec-10] TRACE org.hibernate.orm.jdbc.bind - binding parameter (2:TIMESTAMP) <- [2025-12-14T23:59:56.572767]
2025-12-14 23:59:56.574 [http-nio-8040-exec-10] TRACE org.hibernate.orm.jdbc.bind - binding parameter (3:NUMERIC) <- [5750.00]
2025-12-14 23:59:56.574 [http-nio-8040-exec-10] TRACE org.hibernate.orm.jdbc.bind - binding parameter (4:BIGINT) <- [50]
2025-12-14 23:59:56.574 [http-nio-8040-exec-10] TRACE org.hibernate.orm.jdbc.bind - binding parameter (5:NUMERIC) <- [11500.00]
2025-12-14 23:59:56.574 [http-nio-8040-exec-10] TRACE org.hibernate.orm.jdbc.bind - binding parameter (6:NUMERIC) <- [74050.00]
2025-12-14 23:59:56.574 [http-nio-8040-exec-10] TRACE org.hibernate.orm.jdbc.bind - binding parameter (7:NUMERIC) <- [2750.00]
2025-12-14 23:59:56.574 [http-nio-8040-exec-10] TRACE org.hibernate.orm.jdbc.bind - binding parameter (8:BIGINT) <- [5]
2025-12-14 23:59:56.574 [http-nio-8040-exec-10] TRACE org.hibernate.orm.jdbc.bind - binding parameter (9:NUMERIC) <- [3450.00]
2025-12-14 23:59:56.574 [http-nio-8040-exec-10] TRACE org.hibernate.orm.jdbc.bind - binding parameter (10:TIMESTAMP) <- [null]
2025-12-14 23:59:56.574 [http-nio-8040-exec-10] TRACE org.hibernate.orm.jdbc.bind - binding parameter (11:ENUM) <- [PENDING]
2025-12-14 23:59:56.577 [http-nio-8040-exec-10] DEBUG org.hibernate.SQL - 
    insert 
    into
        payroll_payments
        (basic_salary, created_at, da, employee_id, hra, net_salary_paid, other_allowances, payroll_batch_id, pf_contribution, processed_at, status) 
    values
        (?, ?, ?, ?, ?, ?, ?, ?, ?, ?, ?)
2025-12-14 23:59:56.577 [http-nio-8040-exec-10] TRACE org.hibernate.orm.jdbc.bind - binding parameter (1:NUMERIC) <- [68500.00]
2025-12-14 23:59:56.578 [http-nio-8040-exec-10] TRACE org.hibernate.orm.jdbc.bind - binding parameter (2:TIMESTAMP) <- [2025-12-14T23:59:56.576481]
2025-12-14 23:59:56.578 [http-nio-8040-exec-10] TRACE org.hibernate.orm.jdbc.bind - binding parameter (3:NUMERIC) <- [6850.00]
2025-12-14 23:59:56.578 [http-nio-8040-exec-10] TRACE org.hibernate.orm.jdbc.bind - binding parameter (4:BIGINT) <- [51]
2025-12-14 23:59:56.578 [http-nio-8040-exec-10] TRACE org.hibernate.orm.jdbc.bind - binding parameter (5:NUMERIC) <- [13700.00]
2025-12-14 23:59:56.578 [http-nio-8040-exec-10] TRACE org.hibernate.orm.jdbc.bind - binding parameter (6:NUMERIC) <- [87790.00]
2025-12-14 23:59:56.578 [http-nio-8040-exec-10] TRACE org.hibernate.orm.jdbc.bind - binding parameter (7:NUMERIC) <- [2850.00]
2025-12-14 23:59:56.578 [http-nio-8040-exec-10] TRACE org.hibernate.orm.jdbc.bind - binding parameter (8:BIGINT) <- [5]
2025-12-14 23:59:56.578 [http-nio-8040-exec-10] TRACE org.hibernate.orm.jdbc.bind - binding parameter (9:NUMERIC) <- [4110.00]
2025-12-14 23:59:56.578 [http-nio-8040-exec-10] TRACE org.hibernate.orm.jdbc.bind - binding parameter (10:TIMESTAMP) <- [null]
2025-12-14 23:59:56.578 [http-nio-8040-exec-10] TRACE org.hibernate.orm.jdbc.bind - binding parameter (11:ENUM) <- [PENDING]
2025-12-14 23:59:56.581 [http-nio-8040-exec-10] DEBUG org.hibernate.SQL - 
    insert 
    into
        payroll_payments
        (basic_salary, created_at, da, employee_id, hra, net_salary_paid, other_allowances, payroll_batch_id, pf_contribution, processed_at, status) 
    values
        (?, ?, ?, ?, ?, ?, ?, ?, ?, ?, ?)
2025-12-14 23:59:56.581 [http-nio-8040-exec-10] TRACE org.hibernate.orm.jdbc.bind - binding parameter (1:NUMERIC) <- [65500.00]
2025-12-14 23:59:56.581 [http-nio-8040-exec-10] TRACE org.hibernate.orm.jdbc.bind - binding parameter (2:TIMESTAMP) <- [2025-12-14T23:59:56.581364]
2025-12-14 23:59:56.581 [http-nio-8040-exec-10] TRACE org.hibernate.orm.jdbc.bind - binding parameter (3:NUMERIC) <- [6550.00]
2025-12-14 23:59:56.581 [http-nio-8040-exec-10] TRACE org.hibernate.orm.jdbc.bind - binding parameter (4:BIGINT) <- [52]
2025-12-14 23:59:56.581 [http-nio-8040-exec-10] TRACE org.hibernate.orm.jdbc.bind - binding parameter (5:NUMERIC) <- [13100.00]
2025-12-14 23:59:56.582 [http-nio-8040-exec-10] TRACE org.hibernate.orm.jdbc.bind - binding parameter (6:NUMERIC) <- [84770.00]
2025-12-14 23:59:56.582 [http-nio-8040-exec-10] TRACE org.hibernate.orm.jdbc.bind - binding parameter (7:NUMERIC) <- [3550.00]
2025-12-14 23:59:56.582 [http-nio-8040-exec-10] TRACE org.hibernate.orm.jdbc.bind - binding parameter (8:BIGINT) <- [5]
2025-12-14 23:59:56.582 [http-nio-8040-exec-10] TRACE org.hibernate.orm.jdbc.bind - binding parameter (9:NUMERIC) <- [3930.00]
2025-12-14 23:59:56.582 [http-nio-8040-exec-10] TRACE org.hibernate.orm.jdbc.bind - binding parameter (10:TIMESTAMP) <- [null]
2025-12-14 23:59:56.582 [http-nio-8040-exec-10] TRACE org.hibernate.orm.jdbc.bind - binding parameter (11:ENUM) <- [PENDING]
2025-12-14 23:59:56.584 [http-nio-8040-exec-10] DEBUG org.hibernate.SQL - 
    insert 
    into
        payroll_payments
        (basic_salary, created_at, da, employee_id, hra, net_salary_paid, other_allowances, payroll_batch_id, pf_contribution, processed_at, status) 
    values
        (?, ?, ?, ?, ?, ?, ?, ?, ?, ?, ?)
2025-12-14 23:59:56.585 [http-nio-8040-exec-10] TRACE org.hibernate.orm.jdbc.bind - binding parameter (1:NUMERIC) <- [79500.00]
2025-12-14 23:59:56.585 [http-nio-8040-exec-10] TRACE org.hibernate.orm.jdbc.bind - binding parameter (2:TIMESTAMP) <- [2025-12-14T23:59:56.584785]
2025-12-14 23:59:56.585 [http-nio-8040-exec-10] TRACE org.hibernate.orm.jdbc.bind - binding parameter (3:NUMERIC) <- [7950.00]
2025-12-14 23:59:56.585 [http-nio-8040-exec-10] TRACE org.hibernate.orm.jdbc.bind - binding parameter (4:BIGINT) <- [53]
2025-12-14 23:59:56.585 [http-nio-8040-exec-10] TRACE org.hibernate.orm.jdbc.bind - binding parameter (5:NUMERIC) <- [15900.00]
2025-12-14 23:59:56.585 [http-nio-8040-exec-10] TRACE org.hibernate.orm.jdbc.bind - binding parameter (6:NUMERIC) <- [102530.00]
2025-12-14 23:59:56.585 [http-nio-8040-exec-10] TRACE org.hibernate.orm.jdbc.bind - binding parameter (7:NUMERIC) <- [3950.00]
2025-12-14 23:59:56.585 [http-nio-8040-exec-10] TRACE org.hibernate.orm.jdbc.bind - binding parameter (8:BIGINT) <- [5]
2025-12-14 23:59:56.585 [http-nio-8040-exec-10] TRACE org.hibernate.orm.jdbc.bind - binding parameter (9:NUMERIC) <- [4770.00]
2025-12-14 23:59:56.585 [http-nio-8040-exec-10] TRACE org.hibernate.orm.jdbc.bind - binding parameter (10:TIMESTAMP) <- [null]
2025-12-14 23:59:56.585 [http-nio-8040-exec-10] TRACE org.hibernate.orm.jdbc.bind - binding parameter (11:ENUM) <- [PENDING]
2025-12-14 23:59:56.587 [http-nio-8040-exec-10] DEBUG org.hibernate.SQL - 
    insert 
    into
        payroll_payments
        (basic_salary, created_at, da, employee_id, hra, net_salary_paid, other_allowances, payroll_batch_id, pf_contribution, processed_at, status) 
    values
        (?, ?, ?, ?, ?, ?, ?, ?, ?, ?, ?)
2025-12-14 23:59:56.587 [http-nio-8040-exec-10] TRACE org.hibernate.orm.jdbc.bind - binding parameter (1:NUMERIC) <- [83500.00]
2025-12-14 23:59:56.588 [http-nio-8040-exec-10] TRACE org.hibernate.orm.jdbc.bind - binding parameter (2:TIMESTAMP) <- [2025-12-14T23:59:56.587111]
2025-12-14 23:59:56.588 [http-nio-8040-exec-10] TRACE org.hibernate.orm.jdbc.bind - binding parameter (3:NUMERIC) <- [8350.00]
2025-12-14 23:59:56.588 [http-nio-8040-exec-10] TRACE org.hibernate.orm.jdbc.bind - binding parameter (4:BIGINT) <- [54]
2025-12-14 23:59:56.588 [http-nio-8040-exec-10] TRACE org.hibernate.orm.jdbc.bind - binding parameter (5:NUMERIC) <- [16700.00]
2025-12-14 23:59:56.588 [http-nio-8040-exec-10] TRACE org.hibernate.orm.jdbc.bind - binding parameter (6:NUMERIC) <- [107890.00]
2025-12-14 23:59:56.588 [http-nio-8040-exec-10] TRACE org.hibernate.orm.jdbc.bind - binding parameter (7:NUMERIC) <- [4350.00]
2025-12-14 23:59:56.588 [http-nio-8040-exec-10] TRACE org.hibernate.orm.jdbc.bind - binding parameter (8:BIGINT) <- [5]
2025-12-14 23:59:56.588 [http-nio-8040-exec-10] TRACE org.hibernate.orm.jdbc.bind - binding parameter (9:NUMERIC) <- [5010.00]
2025-12-14 23:59:56.588 [http-nio-8040-exec-10] TRACE org.hibernate.orm.jdbc.bind - binding parameter (10:TIMESTAMP) <- [null]
2025-12-14 23:59:56.588 [http-nio-8040-exec-10] TRACE org.hibernate.orm.jdbc.bind - binding parameter (11:ENUM) <- [PENDING]
2025-12-14 23:59:56.590 [http-nio-8040-exec-10] DEBUG org.hibernate.SQL - 
    insert 
    into
        payroll_payments
        (basic_salary, created_at, da, employee_id, hra, net_salary_paid, other_allowances, payroll_batch_id, pf_contribution, processed_at, status) 
    values
        (?, ?, ?, ?, ?, ?, ?, ?, ?, ?, ?)
2025-12-14 23:59:56.591 [http-nio-8040-exec-10] TRACE org.hibernate.orm.jdbc.bind - binding parameter (1:NUMERIC) <- [52500.00]
2025-12-14 23:59:56.591 [http-nio-8040-exec-10] TRACE org.hibernate.orm.jdbc.bind - binding parameter (2:TIMESTAMP) <- [2025-12-14T23:59:56.589838]
2025-12-14 23:59:56.591 [http-nio-8040-exec-10] TRACE org.hibernate.orm.jdbc.bind - binding parameter (3:NUMERIC) <- [5250.00]
2025-12-14 23:59:56.591 [http-nio-8040-exec-10] TRACE org.hibernate.orm.jdbc.bind - binding parameter (4:BIGINT) <- [55]
2025-12-14 23:59:56.591 [http-nio-8040-exec-10] TRACE org.hibernate.orm.jdbc.bind - binding parameter (5:NUMERIC) <- [10500.00]
2025-12-14 23:59:56.591 [http-nio-8040-exec-10] TRACE org.hibernate.orm.jdbc.bind - binding parameter (6:NUMERIC) <- [67350.00]
2025-12-14 23:59:56.591 [http-nio-8040-exec-10] TRACE org.hibernate.orm.jdbc.bind - binding parameter (7:NUMERIC) <- [2250.00]
2025-12-14 23:59:56.591 [http-nio-8040-exec-10] TRACE org.hibernate.orm.jdbc.bind - binding parameter (8:BIGINT) <- [5]
2025-12-14 23:59:56.592 [http-nio-8040-exec-10] TRACE org.hibernate.orm.jdbc.bind - binding parameter (9:NUMERIC) <- [3150.00]
2025-12-14 23:59:56.592 [http-nio-8040-exec-10] TRACE org.hibernate.orm.jdbc.bind - binding parameter (10:TIMESTAMP) <- [null]
2025-12-14 23:59:56.592 [http-nio-8040-exec-10] TRACE org.hibernate.orm.jdbc.bind - binding parameter (11:ENUM) <- [PENDING]
2025-12-14 23:59:56.602 [http-nio-8040-exec-10] DEBUG org.hibernate.SQL - 
    insert 
    into
        payroll_payments
        (basic_salary, created_at, da, employee_id, hra, net_salary_paid, other_allowances, payroll_batch_id, pf_contribution, processed_at, status) 
    values
        (?, ?, ?, ?, ?, ?, ?, ?, ?, ?, ?)
2025-12-14 23:59:56.602 [http-nio-8040-exec-10] TRACE org.hibernate.orm.jdbc.bind - binding parameter (1:NUMERIC) <- [77500.00]
2025-12-14 23:59:56.602 [http-nio-8040-exec-10] TRACE org.hibernate.orm.jdbc.bind - binding parameter (2:TIMESTAMP) <- [2025-12-14T23:59:56.602217]
2025-12-14 23:59:56.602 [http-nio-8040-exec-10] TRACE org.hibernate.orm.jdbc.bind - binding parameter (3:NUMERIC) <- [7750.00]
2025-12-14 23:59:56.602 [http-nio-8040-exec-10] TRACE org.hibernate.orm.jdbc.bind - binding parameter (4:BIGINT) <- [56]
2025-12-14 23:59:56.602 [http-nio-8040-exec-10] TRACE org.hibernate.orm.jdbc.bind - binding parameter (5:NUMERIC) <- [15500.00]
2025-12-14 23:59:56.602 [http-nio-8040-exec-10] TRACE org.hibernate.orm.jdbc.bind - binding parameter (6:NUMERIC) <- [99850.00]
2025-12-14 23:59:56.602 [http-nio-8040-exec-10] TRACE org.hibernate.orm.jdbc.bind - binding parameter (7:NUMERIC) <- [3750.00]
2025-12-14 23:59:56.602 [http-nio-8040-exec-10] TRACE org.hibernate.orm.jdbc.bind - binding parameter (8:BIGINT) <- [5]
2025-12-14 23:59:56.602 [http-nio-8040-exec-10] TRACE org.hibernate.orm.jdbc.bind - binding parameter (9:NUMERIC) <- [4650.00]
2025-12-14 23:59:56.602 [http-nio-8040-exec-10] TRACE org.hibernate.orm.jdbc.bind - binding parameter (10:TIMESTAMP) <- [null]
2025-12-14 23:59:56.603 [http-nio-8040-exec-10] TRACE org.hibernate.orm.jdbc.bind - binding parameter (11:ENUM) <- [PENDING]
2025-12-14 23:59:56.605 [http-nio-8040-exec-10] DEBUG org.hibernate.SQL - 
    insert 
    into
        payroll_payments
        (basic_salary, created_at, da, employee_id, hra, net_salary_paid, other_allowances, payroll_batch_id, pf_contribution, processed_at, status) 
    values
        (?, ?, ?, ?, ?, ?, ?, ?, ?, ?, ?)
2025-12-14 23:59:56.605 [http-nio-8040-exec-10] TRACE org.hibernate.orm.jdbc.bind - binding parameter (1:NUMERIC) <- [50500.00]
2025-12-14 23:59:56.605 [http-nio-8040-exec-10] TRACE org.hibernate.orm.jdbc.bind - binding parameter (2:TIMESTAMP) <- [2025-12-14T23:59:56.605382]
2025-12-14 23:59:56.605 [http-nio-8040-exec-10] TRACE org.hibernate.orm.jdbc.bind - binding parameter (3:NUMERIC) <- [5050.00]
2025-12-14 23:59:56.605 [http-nio-8040-exec-10] TRACE org.hibernate.orm.jdbc.bind - binding parameter (4:BIGINT) <- [57]
2025-12-14 23:59:56.606 [http-nio-8040-exec-10] TRACE org.hibernate.orm.jdbc.bind - binding parameter (5:NUMERIC) <- [10100.00]
2025-12-14 23:59:56.606 [http-nio-8040-exec-10] TRACE org.hibernate.orm.jdbc.bind - binding parameter (6:NUMERIC) <- [64670.00]
2025-12-14 23:59:56.606 [http-nio-8040-exec-10] TRACE org.hibernate.orm.jdbc.bind - binding parameter (7:NUMERIC) <- [2050.00]
2025-12-14 23:59:56.606 [http-nio-8040-exec-10] TRACE org.hibernate.orm.jdbc.bind - binding parameter (8:BIGINT) <- [5]
2025-12-14 23:59:56.606 [http-nio-8040-exec-10] TRACE org.hibernate.orm.jdbc.bind - binding parameter (9:NUMERIC) <- [3030.00]
2025-12-14 23:59:56.606 [http-nio-8040-exec-10] TRACE org.hibernate.orm.jdbc.bind - binding parameter (10:TIMESTAMP) <- [null]
2025-12-14 23:59:56.606 [http-nio-8040-exec-10] TRACE org.hibernate.orm.jdbc.bind - binding parameter (11:ENUM) <- [PENDING]
2025-12-14 23:59:56.608 [http-nio-8040-exec-10] DEBUG org.hibernate.SQL - 
    insert 
    into
        payroll_payments
        (basic_salary, created_at, da, employee_id, hra, net_salary_paid, other_allowances, payroll_batch_id, pf_contribution, processed_at, status) 
    values
        (?, ?, ?, ?, ?, ?, ?, ?, ?, ?, ?)
2025-12-14 23:59:56.608 [http-nio-8040-exec-10] TRACE org.hibernate.orm.jdbc.bind - binding parameter (1:NUMERIC) <- [55500.00]
2025-12-14 23:59:56.608 [http-nio-8040-exec-10] TRACE org.hibernate.orm.jdbc.bind - binding parameter (2:TIMESTAMP) <- [2025-12-14T23:59:56.608884]
2025-12-14 23:59:56.608 [http-nio-8040-exec-10] TRACE org.hibernate.orm.jdbc.bind - binding parameter (3:NUMERIC) <- [5550.00]
2025-12-14 23:59:56.608 [http-nio-8040-exec-10] TRACE org.hibernate.orm.jdbc.bind - binding parameter (4:BIGINT) <- [58]
2025-12-14 23:59:56.608 [http-nio-8040-exec-10] TRACE org.hibernate.orm.jdbc.bind - binding parameter (5:NUMERIC) <- [11100.00]
2025-12-14 23:59:56.608 [http-nio-8040-exec-10] TRACE org.hibernate.orm.jdbc.bind - binding parameter (6:NUMERIC) <- [71370.00]
2025-12-14 23:59:56.608 [http-nio-8040-exec-10] TRACE org.hibernate.orm.jdbc.bind - binding parameter (7:NUMERIC) <- [2550.00]
2025-12-14 23:59:56.608 [http-nio-8040-exec-10] TRACE org.hibernate.orm.jdbc.bind - binding parameter (8:BIGINT) <- [5]
2025-12-14 23:59:56.609 [http-nio-8040-exec-10] TRACE org.hibernate.orm.jdbc.bind - binding parameter (9:NUMERIC) <- [3330.00]
2025-12-14 23:59:56.609 [http-nio-8040-exec-10] TRACE org.hibernate.orm.jdbc.bind - binding parameter (10:TIMESTAMP) <- [null]
2025-12-14 23:59:56.609 [http-nio-8040-exec-10] TRACE org.hibernate.orm.jdbc.bind - binding parameter (11:ENUM) <- [PENDING]
2025-12-14 23:59:56.612 [http-nio-8040-exec-10] DEBUG org.hibernate.SQL - 
    insert 
    into
        payroll_payments
        (basic_salary, created_at, da, employee_id, hra, net_salary_paid, other_allowances, payroll_batch_id, pf_contribution, processed_at, status) 
    values
        (?, ?, ?, ?, ?, ?, ?, ?, ?, ?, ?)
2025-12-14 23:59:56.613 [http-nio-8040-exec-10] TRACE org.hibernate.orm.jdbc.bind - binding parameter (1:NUMERIC) <- [58500.00]
2025-12-14 23:59:56.613 [http-nio-8040-exec-10] TRACE org.hibernate.orm.jdbc.bind - binding parameter (2:TIMESTAMP) <- [2025-12-14T23:59:56.612296]
2025-12-14 23:59:56.613 [http-nio-8040-exec-10] TRACE org.hibernate.orm.jdbc.bind - binding parameter (3:NUMERIC) <- [5850.00]
2025-12-14 23:59:56.613 [http-nio-8040-exec-10] TRACE org.hibernate.orm.jdbc.bind - binding parameter (4:BIGINT) <- [59]
2025-12-14 23:59:56.614 [http-nio-8040-exec-10] TRACE org.hibernate.orm.jdbc.bind - binding parameter (5:NUMERIC) <- [11700.00]
2025-12-14 23:59:56.614 [http-nio-8040-exec-10] TRACE org.hibernate.orm.jdbc.bind - binding parameter (6:NUMERIC) <- [75390.00]
2025-12-14 23:59:56.614 [http-nio-8040-exec-10] TRACE org.hibernate.orm.jdbc.bind - binding parameter (7:NUMERIC) <- [2850.00]
2025-12-14 23:59:56.614 [http-nio-8040-exec-10] TRACE org.hibernate.orm.jdbc.bind - binding parameter (8:BIGINT) <- [5]
2025-12-14 23:59:56.614 [http-nio-8040-exec-10] TRACE org.hibernate.orm.jdbc.bind - binding parameter (9:NUMERIC) <- [3510.00]
2025-12-14 23:59:56.614 [http-nio-8040-exec-10] TRACE org.hibernate.orm.jdbc.bind - binding parameter (10:TIMESTAMP) <- [null]
2025-12-14 23:59:56.614 [http-nio-8040-exec-10] TRACE org.hibernate.orm.jdbc.bind - binding parameter (11:ENUM) <- [PENDING]
2025-12-14 23:59:56.616 [http-nio-8040-exec-10] DEBUG org.hibernate.SQL - 
    insert 
    into
        payroll_payments
        (basic_salary, created_at, da, employee_id, hra, net_salary_paid, other_allowances, payroll_batch_id, pf_contribution, processed_at, status) 
    values
        (?, ?, ?, ?, ?, ?, ?, ?, ?, ?, ?)
2025-12-14 23:59:56.617 [http-nio-8040-exec-10] TRACE org.hibernate.orm.jdbc.bind - binding parameter (1:NUMERIC) <- [57500.00]
2025-12-14 23:59:56.617 [http-nio-8040-exec-10] TRACE org.hibernate.orm.jdbc.bind - binding parameter (2:TIMESTAMP) <- [2025-12-14T23:59:56.616075]
2025-12-14 23:59:56.617 [http-nio-8040-exec-10] TRACE org.hibernate.orm.jdbc.bind - binding parameter (3:NUMERIC) <- [5750.00]
2025-12-14 23:59:56.617 [http-nio-8040-exec-10] TRACE org.hibernate.orm.jdbc.bind - binding parameter (4:BIGINT) <- [60]
2025-12-14 23:59:56.617 [http-nio-8040-exec-10] TRACE org.hibernate.orm.jdbc.bind - binding parameter (5:NUMERIC) <- [11500.00]
2025-12-14 23:59:56.617 [http-nio-8040-exec-10] TRACE org.hibernate.orm.jdbc.bind - binding parameter (6:NUMERIC) <- [74050.00]
2025-12-14 23:59:56.617 [http-nio-8040-exec-10] TRACE org.hibernate.orm.jdbc.bind - binding parameter (7:NUMERIC) <- [2750.00]
2025-12-14 23:59:56.617 [http-nio-8040-exec-10] TRACE org.hibernate.orm.jdbc.bind - binding parameter (8:BIGINT) <- [5]
2025-12-14 23:59:56.617 [http-nio-8040-exec-10] TRACE org.hibernate.orm.jdbc.bind - binding parameter (9:NUMERIC) <- [3450.00]
2025-12-14 23:59:56.617 [http-nio-8040-exec-10] TRACE org.hibernate.orm.jdbc.bind - binding parameter (10:TIMESTAMP) <- [null]
2025-12-14 23:59:56.617 [http-nio-8040-exec-10] TRACE org.hibernate.orm.jdbc.bind - binding parameter (11:ENUM) <- [PENDING]
2025-12-14 23:59:56.619 [http-nio-8040-exec-10] DEBUG org.hibernate.SQL - 
    insert 
    into
        payroll_payments
        (basic_salary, created_at, da, employee_id, hra, net_salary_paid, other_allowances, payroll_batch_id, pf_contribution, processed_at, status) 
    values
        (?, ?, ?, ?, ?, ?, ?, ?, ?, ?, ?)
2025-12-14 23:59:56.620 [http-nio-8040-exec-10] TRACE org.hibernate.orm.jdbc.bind - binding parameter (1:NUMERIC) <- [53000.00]
2025-12-14 23:59:56.620 [http-nio-8040-exec-10] TRACE org.hibernate.orm.jdbc.bind - binding parameter (2:TIMESTAMP) <- [2025-12-14T23:59:56.619536]
2025-12-14 23:59:56.620 [http-nio-8040-exec-10] TRACE org.hibernate.orm.jdbc.bind - binding parameter (3:NUMERIC) <- [5300.00]
2025-12-14 23:59:56.620 [http-nio-8040-exec-10] TRACE org.hibernate.orm.jdbc.bind - binding parameter (4:BIGINT) <- [61]
2025-12-14 23:59:56.620 [http-nio-8040-exec-10] TRACE org.hibernate.orm.jdbc.bind - binding parameter (5:NUMERIC) <- [10600.00]
2025-12-14 23:59:56.620 [http-nio-8040-exec-10] TRACE org.hibernate.orm.jdbc.bind - binding parameter (6:NUMERIC) <- [68020.00]
2025-12-14 23:59:56.620 [http-nio-8040-exec-10] TRACE org.hibernate.orm.jdbc.bind - binding parameter (7:NUMERIC) <- [2300.00]
2025-12-14 23:59:56.620 [http-nio-8040-exec-10] TRACE org.hibernate.orm.jdbc.bind - binding parameter (8:BIGINT) <- [5]
2025-12-14 23:59:56.620 [http-nio-8040-exec-10] TRACE org.hibernate.orm.jdbc.bind - binding parameter (9:NUMERIC) <- [3180.00]
2025-12-14 23:59:56.620 [http-nio-8040-exec-10] TRACE org.hibernate.orm.jdbc.bind - binding parameter (10:TIMESTAMP) <- [null]
2025-12-14 23:59:56.620 [http-nio-8040-exec-10] TRACE org.hibernate.orm.jdbc.bind - binding parameter (11:ENUM) <- [PENDING]
2025-12-14 23:59:56.622 [http-nio-8040-exec-10] DEBUG org.hibernate.SQL - 
    insert 
    into
        payroll_payments
        (basic_salary, created_at, da, employee_id, hra, net_salary_paid, other_allowances, payroll_batch_id, pf_contribution, processed_at, status) 
    values
        (?, ?, ?, ?, ?, ?, ?, ?, ?, ?, ?)
2025-12-14 23:59:56.623 [http-nio-8040-exec-10] TRACE org.hibernate.orm.jdbc.bind - binding parameter (1:NUMERIC) <- [62000.00]
2025-12-14 23:59:56.623 [http-nio-8040-exec-10] TRACE org.hibernate.orm.jdbc.bind - binding parameter (2:TIMESTAMP) <- [2025-12-14T23:59:56.622700]
2025-12-14 23:59:56.623 [http-nio-8040-exec-10] TRACE org.hibernate.orm.jdbc.bind - binding parameter (3:NUMERIC) <- [6200.00]
2025-12-14 23:59:56.623 [http-nio-8040-exec-10] TRACE org.hibernate.orm.jdbc.bind - binding parameter (4:BIGINT) <- [62]
2025-12-14 23:59:56.623 [http-nio-8040-exec-10] TRACE org.hibernate.orm.jdbc.bind - binding parameter (5:NUMERIC) <- [12400.00]
2025-12-14 23:59:56.623 [http-nio-8040-exec-10] TRACE org.hibernate.orm.jdbc.bind - binding parameter (6:NUMERIC) <- [80080.00]
2025-12-14 23:59:56.623 [http-nio-8040-exec-10] TRACE org.hibernate.orm.jdbc.bind - binding parameter (7:NUMERIC) <- [3200.00]
2025-12-14 23:59:56.623 [http-nio-8040-exec-10] TRACE org.hibernate.orm.jdbc.bind - binding parameter (8:BIGINT) <- [5]
2025-12-14 23:59:56.624 [http-nio-8040-exec-10] TRACE org.hibernate.orm.jdbc.bind - binding parameter (9:NUMERIC) <- [3720.00]
2025-12-14 23:59:56.624 [http-nio-8040-exec-10] TRACE org.hibernate.orm.jdbc.bind - binding parameter (10:TIMESTAMP) <- [null]
2025-12-14 23:59:56.624 [http-nio-8040-exec-10] TRACE org.hibernate.orm.jdbc.bind - binding parameter (11:ENUM) <- [PENDING]
2025-12-14 23:59:56.626 [http-nio-8040-exec-10] DEBUG org.hibernate.SQL - 
    insert 
    into
        payroll_payments
        (basic_salary, created_at, da, employee_id, hra, net_salary_paid, other_allowances, payroll_batch_id, pf_contribution, processed_at, status) 
    values
        (?, ?, ?, ?, ?, ?, ?, ?, ?, ?, ?)
2025-12-14 23:59:56.626 [http-nio-8040-exec-10] TRACE org.hibernate.orm.jdbc.bind - binding parameter (1:NUMERIC) <- [57000.00]
2025-12-14 23:59:56.626 [http-nio-8040-exec-10] TRACE org.hibernate.orm.jdbc.bind - binding parameter (2:TIMESTAMP) <- [2025-12-14T23:59:56.625709]
2025-12-14 23:59:56.626 [http-nio-8040-exec-10] TRACE org.hibernate.orm.jdbc.bind - binding parameter (3:NUMERIC) <- [5700.00]
2025-12-14 23:59:56.626 [http-nio-8040-exec-10] TRACE org.hibernate.orm.jdbc.bind - binding parameter (4:BIGINT) <- [63]
2025-12-14 23:59:56.626 [http-nio-8040-exec-10] TRACE org.hibernate.orm.jdbc.bind - binding parameter (5:NUMERIC) <- [11400.00]
2025-12-14 23:59:56.626 [http-nio-8040-exec-10] TRACE org.hibernate.orm.jdbc.bind - binding parameter (6:NUMERIC) <- [73380.00]
2025-12-14 23:59:56.626 [http-nio-8040-exec-10] TRACE org.hibernate.orm.jdbc.bind - binding parameter (7:NUMERIC) <- [2700.00]
2025-12-14 23:59:56.626 [http-nio-8040-exec-10] TRACE org.hibernate.orm.jdbc.bind - binding parameter (8:BIGINT) <- [5]
2025-12-14 23:59:56.626 [http-nio-8040-exec-10] TRACE org.hibernate.orm.jdbc.bind - binding parameter (9:NUMERIC) <- [3420.00]
2025-12-14 23:59:56.627 [http-nio-8040-exec-10] TRACE org.hibernate.orm.jdbc.bind - binding parameter (10:TIMESTAMP) <- [null]
2025-12-14 23:59:56.627 [http-nio-8040-exec-10] TRACE org.hibernate.orm.jdbc.bind - binding parameter (11:ENUM) <- [PENDING]
2025-12-14 23:59:56.629 [http-nio-8040-exec-10] DEBUG org.hibernate.SQL - 
    insert 
    into
        payroll_payments
        (basic_salary, created_at, da, employee_id, hra, net_salary_paid, other_allowances, payroll_batch_id, pf_contribution, processed_at, status) 
    values
        (?, ?, ?, ?, ?, ?, ?, ?, ?, ?, ?)
2025-12-14 23:59:56.630 [http-nio-8040-exec-10] TRACE org.hibernate.orm.jdbc.bind - binding parameter (1:NUMERIC) <- [54000.00]
2025-12-14 23:59:56.630 [http-nio-8040-exec-10] TRACE org.hibernate.orm.jdbc.bind - binding parameter (2:TIMESTAMP) <- [2025-12-14T23:59:56.628834]
2025-12-14 23:59:56.630 [http-nio-8040-exec-10] TRACE org.hibernate.orm.jdbc.bind - binding parameter (3:NUMERIC) <- [5400.00]
2025-12-14 23:59:56.630 [http-nio-8040-exec-10] TRACE org.hibernate.orm.jdbc.bind - binding parameter (4:BIGINT) <- [64]
2025-12-14 23:59:56.630 [http-nio-8040-exec-10] TRACE org.hibernate.orm.jdbc.bind - binding parameter (5:NUMERIC) <- [10800.00]
2025-12-14 23:59:56.630 [http-nio-8040-exec-10] TRACE org.hibernate.orm.jdbc.bind - binding parameter (6:NUMERIC) <- [69360.00]
2025-12-14 23:59:56.630 [http-nio-8040-exec-10] TRACE org.hibernate.orm.jdbc.bind - binding parameter (7:NUMERIC) <- [2400.00]
2025-12-14 23:59:56.630 [http-nio-8040-exec-10] TRACE org.hibernate.orm.jdbc.bind - binding parameter (8:BIGINT) <- [5]
2025-12-14 23:59:56.630 [http-nio-8040-exec-10] TRACE org.hibernate.orm.jdbc.bind - binding parameter (9:NUMERIC) <- [3240.00]
2025-12-14 23:59:56.631 [http-nio-8040-exec-10] TRACE org.hibernate.orm.jdbc.bind - binding parameter (10:TIMESTAMP) <- [null]
2025-12-14 23:59:56.631 [http-nio-8040-exec-10] TRACE org.hibernate.orm.jdbc.bind - binding parameter (11:ENUM) <- [PENDING]
2025-12-14 23:59:56.632 [http-nio-8040-exec-10] DEBUG org.hibernate.SQL - 
    insert 
    into
        payroll_payments
        (basic_salary, created_at, da, employee_id, hra, net_salary_paid, other_allowances, payroll_batch_id, pf_contribution, processed_at, status) 
    values
        (?, ?, ?, ?, ?, ?, ?, ?, ?, ?, ?)
2025-12-14 23:59:56.634 [http-nio-8040-exec-10] TRACE org.hibernate.orm.jdbc.bind - binding parameter (1:NUMERIC) <- [77000.00]
2025-12-14 23:59:56.634 [http-nio-8040-exec-10] TRACE org.hibernate.orm.jdbc.bind - binding parameter (2:TIMESTAMP) <- [2025-12-14T23:59:56.632853]
2025-12-14 23:59:56.634 [http-nio-8040-exec-10] TRACE org.hibernate.orm.jdbc.bind - binding parameter (3:NUMERIC) <- [7700.00]
2025-12-14 23:59:56.634 [http-nio-8040-exec-10] TRACE org.hibernate.orm.jdbc.bind - binding parameter (4:BIGINT) <- [65]
2025-12-14 23:59:56.634 [http-nio-8040-exec-10] TRACE org.hibernate.orm.jdbc.bind - binding parameter (5:NUMERIC) <- [15400.00]
2025-12-14 23:59:56.634 [http-nio-8040-exec-10] TRACE org.hibernate.orm.jdbc.bind - binding parameter (6:NUMERIC) <- [99180.00]
2025-12-14 23:59:56.634 [http-nio-8040-exec-10] TRACE org.hibernate.orm.jdbc.bind - binding parameter (7:NUMERIC) <- [3700.00]
2025-12-14 23:59:56.634 [http-nio-8040-exec-10] TRACE org.hibernate.orm.jdbc.bind - binding parameter (8:BIGINT) <- [5]
2025-12-14 23:59:56.634 [http-nio-8040-exec-10] TRACE org.hibernate.orm.jdbc.bind - binding parameter (9:NUMERIC) <- [4620.00]
2025-12-14 23:59:56.634 [http-nio-8040-exec-10] TRACE org.hibernate.orm.jdbc.bind - binding parameter (10:TIMESTAMP) <- [null]
2025-12-14 23:59:56.634 [http-nio-8040-exec-10] TRACE org.hibernate.orm.jdbc.bind - binding parameter (11:ENUM) <- [PENDING]
2025-12-14 23:59:56.636 [http-nio-8040-exec-10] DEBUG org.hibernate.SQL - 
    insert 
    into
        payroll_payments
        (basic_salary, created_at, da, employee_id, hra, net_salary_paid, other_allowances, payroll_batch_id, pf_contribution, processed_at, status) 
    values
        (?, ?, ?, ?, ?, ?, ?, ?, ?, ?, ?)
2025-12-14 23:59:56.637 [http-nio-8040-exec-10] TRACE org.hibernate.orm.jdbc.bind - binding parameter (1:NUMERIC) <- [60000.00]
2025-12-14 23:59:56.637 [http-nio-8040-exec-10] TRACE org.hibernate.orm.jdbc.bind - binding parameter (2:TIMESTAMP) <- [2025-12-14T23:59:56.636446]
2025-12-14 23:59:56.637 [http-nio-8040-exec-10] TRACE org.hibernate.orm.jdbc.bind - binding parameter (3:NUMERIC) <- [6000.00]
2025-12-14 23:59:56.637 [http-nio-8040-exec-10] TRACE org.hibernate.orm.jdbc.bind - binding parameter (4:BIGINT) <- [66]
2025-12-14 23:59:56.637 [http-nio-8040-exec-10] TRACE org.hibernate.orm.jdbc.bind - binding parameter (5:NUMERIC) <- [12000.00]
2025-12-14 23:59:56.637 [http-nio-8040-exec-10] TRACE org.hibernate.orm.jdbc.bind - binding parameter (6:NUMERIC) <- [77400.00]
2025-12-14 23:59:56.637 [http-nio-8040-exec-10] TRACE org.hibernate.orm.jdbc.bind - binding parameter (7:NUMERIC) <- [3000.00]
2025-12-14 23:59:56.637 [http-nio-8040-exec-10] TRACE org.hibernate.orm.jdbc.bind - binding parameter (8:BIGINT) <- [5]
2025-12-14 23:59:56.637 [http-nio-8040-exec-10] TRACE org.hibernate.orm.jdbc.bind - binding parameter (9:NUMERIC) <- [3600.00]
2025-12-14 23:59:56.637 [http-nio-8040-exec-10] TRACE org.hibernate.orm.jdbc.bind - binding parameter (10:TIMESTAMP) <- [null]
2025-12-14 23:59:56.637 [http-nio-8040-exec-10] TRACE org.hibernate.orm.jdbc.bind - binding parameter (11:ENUM) <- [PENDING]
2025-12-14 23:59:56.640 [http-nio-8040-exec-10] DEBUG org.hibernate.SQL - 
    insert 
    into
        payroll_payments
        (basic_salary, created_at, da, employee_id, hra, net_salary_paid, other_allowances, payroll_batch_id, pf_contribution, processed_at, status) 
    values
        (?, ?, ?, ?, ?, ?, ?, ?, ?, ?, ?)
2025-12-14 23:59:56.641 [http-nio-8040-exec-10] TRACE org.hibernate.orm.jdbc.bind - binding parameter (1:NUMERIC) <- [50000.00]
2025-12-14 23:59:56.641 [http-nio-8040-exec-10] TRACE org.hibernate.orm.jdbc.bind - binding parameter (2:TIMESTAMP) <- [2025-12-14T23:59:56.640271]
2025-12-14 23:59:56.641 [http-nio-8040-exec-10] TRACE org.hibernate.orm.jdbc.bind - binding parameter (3:NUMERIC) <- [5000.00]
2025-12-14 23:59:56.641 [http-nio-8040-exec-10] TRACE org.hibernate.orm.jdbc.bind - binding parameter (4:BIGINT) <- [67]
2025-12-14 23:59:56.641 [http-nio-8040-exec-10] TRACE org.hibernate.orm.jdbc.bind - binding parameter (5:NUMERIC) <- [10000.00]
2025-12-14 23:59:56.641 [http-nio-8040-exec-10] TRACE org.hibernate.orm.jdbc.bind - binding parameter (6:NUMERIC) <- [64000.00]
2025-12-14 23:59:56.641 [http-nio-8040-exec-10] TRACE org.hibernate.orm.jdbc.bind - binding parameter (7:NUMERIC) <- [2000.00]
2025-12-14 23:59:56.641 [http-nio-8040-exec-10] TRACE org.hibernate.orm.jdbc.bind - binding parameter (8:BIGINT) <- [5]
2025-12-14 23:59:56.641 [http-nio-8040-exec-10] TRACE org.hibernate.orm.jdbc.bind - binding parameter (9:NUMERIC) <- [3000.00]
2025-12-14 23:59:56.641 [http-nio-8040-exec-10] TRACE org.hibernate.orm.jdbc.bind - binding parameter (10:TIMESTAMP) <- [null]
2025-12-14 23:59:56.641 [http-nio-8040-exec-10] TRACE org.hibernate.orm.jdbc.bind - binding parameter (11:ENUM) <- [PENDING]
2025-12-14 23:59:56.643 [http-nio-8040-exec-10] DEBUG org.hibernate.SQL - 
    insert 
    into
        payroll_payments
        (basic_salary, created_at, da, employee_id, hra, net_salary_paid, other_allowances, payroll_batch_id, pf_contribution, processed_at, status) 
    values
        (?, ?, ?, ?, ?, ?, ?, ?, ?, ?, ?)
2025-12-14 23:59:56.643 [http-nio-8040-exec-10] TRACE org.hibernate.orm.jdbc.bind - binding parameter (1:NUMERIC) <- [55000.00]
2025-12-14 23:59:56.644 [http-nio-8040-exec-10] TRACE org.hibernate.orm.jdbc.bind - binding parameter (2:TIMESTAMP) <- [2025-12-14T23:59:56.643392]
2025-12-14 23:59:56.644 [http-nio-8040-exec-10] TRACE org.hibernate.orm.jdbc.bind - binding parameter (3:NUMERIC) <- [5500.00]
2025-12-14 23:59:56.644 [http-nio-8040-exec-10] TRACE org.hibernate.orm.jdbc.bind - binding parameter (4:BIGINT) <- [68]
2025-12-14 23:59:56.645 [http-nio-8040-exec-10] TRACE org.hibernate.orm.jdbc.bind - binding parameter (5:NUMERIC) <- [11000.00]
2025-12-14 23:59:56.645 [http-nio-8040-exec-10] TRACE org.hibernate.orm.jdbc.bind - binding parameter (6:NUMERIC) <- [70700.00]
2025-12-14 23:59:56.645 [http-nio-8040-exec-10] TRACE org.hibernate.orm.jdbc.bind - binding parameter (7:NUMERIC) <- [2500.00]
2025-12-14 23:59:56.645 [http-nio-8040-exec-10] TRACE org.hibernate.orm.jdbc.bind - binding parameter (8:BIGINT) <- [5]
2025-12-14 23:59:56.645 [http-nio-8040-exec-10] TRACE org.hibernate.orm.jdbc.bind - binding parameter (9:NUMERIC) <- [3300.00]
2025-12-14 23:59:56.645 [http-nio-8040-exec-10] TRACE org.hibernate.orm.jdbc.bind - binding parameter (10:TIMESTAMP) <- [null]
2025-12-14 23:59:56.645 [http-nio-8040-exec-10] TRACE org.hibernate.orm.jdbc.bind - binding parameter (11:ENUM) <- [PENDING]
2025-12-14 23:59:56.647 [http-nio-8040-exec-10] DEBUG org.hibernate.SQL - 
    insert 
    into
        payroll_payments
        (basic_salary, created_at, da, employee_id, hra, net_salary_paid, other_allowances, payroll_batch_id, pf_contribution, processed_at, status) 
    values
        (?, ?, ?, ?, ?, ?, ?, ?, ?, ?, ?)
2025-12-14 23:59:56.648 [http-nio-8040-exec-10] TRACE org.hibernate.orm.jdbc.bind - binding parameter (1:NUMERIC) <- [58000.00]
2025-12-14 23:59:56.648 [http-nio-8040-exec-10] TRACE org.hibernate.orm.jdbc.bind - binding parameter (2:TIMESTAMP) <- [2025-12-14T23:59:56.647672]
2025-12-14 23:59:56.648 [http-nio-8040-exec-10] TRACE org.hibernate.orm.jdbc.bind - binding parameter (3:NUMERIC) <- [5800.00]
2025-12-14 23:59:56.648 [http-nio-8040-exec-10] TRACE org.hibernate.orm.jdbc.bind - binding parameter (4:BIGINT) <- [69]
2025-12-14 23:59:56.648 [http-nio-8040-exec-10] TRACE org.hibernate.orm.jdbc.bind - binding parameter (5:NUMERIC) <- [11600.00]
2025-12-14 23:59:56.648 [http-nio-8040-exec-10] TRACE org.hibernate.orm.jdbc.bind - binding parameter (6:NUMERIC) <- [74720.00]
2025-12-14 23:59:56.648 [http-nio-8040-exec-10] TRACE org.hibernate.orm.jdbc.bind - binding parameter (7:NUMERIC) <- [2800.00]
2025-12-14 23:59:56.648 [http-nio-8040-exec-10] TRACE org.hibernate.orm.jdbc.bind - binding parameter (8:BIGINT) <- [5]
2025-12-14 23:59:56.648 [http-nio-8040-exec-10] TRACE org.hibernate.orm.jdbc.bind - binding parameter (9:NUMERIC) <- [3480.00]
2025-12-14 23:59:56.648 [http-nio-8040-exec-10] TRACE org.hibernate.orm.jdbc.bind - binding parameter (10:TIMESTAMP) <- [null]
2025-12-14 23:59:56.648 [http-nio-8040-exec-10] TRACE org.hibernate.orm.jdbc.bind - binding parameter (11:ENUM) <- [PENDING]
2025-12-14 23:59:56.650 [http-nio-8040-exec-10] DEBUG org.hibernate.SQL - 
    insert 
    into
        payroll_payments
        (basic_salary, created_at, da, employee_id, hra, net_salary_paid, other_allowances, payroll_batch_id, pf_contribution, processed_at, status) 
    values
        (?, ?, ?, ?, ?, ?, ?, ?, ?, ?, ?)
2025-12-14 23:59:56.650 [http-nio-8040-exec-10] TRACE org.hibernate.orm.jdbc.bind - binding parameter (1:NUMERIC) <- [53000.00]
2025-12-14 23:59:56.650 [http-nio-8040-exec-10] TRACE org.hibernate.orm.jdbc.bind - binding parameter (2:TIMESTAMP) <- [2025-12-14T23:59:56.650399]
2025-12-14 23:59:56.651 [http-nio-8040-exec-10] TRACE org.hibernate.orm.jdbc.bind - binding parameter (3:NUMERIC) <- [5300.00]
2025-12-14 23:59:56.651 [http-nio-8040-exec-10] TRACE org.hibernate.orm.jdbc.bind - binding parameter (4:BIGINT) <- [70]
2025-12-14 23:59:56.651 [http-nio-8040-exec-10] TRACE org.hibernate.orm.jdbc.bind - binding parameter (5:NUMERIC) <- [10600.00]
2025-12-14 23:59:56.651 [http-nio-8040-exec-10] TRACE org.hibernate.orm.jdbc.bind - binding parameter (6:NUMERIC) <- [68020.00]
2025-12-14 23:59:56.651 [http-nio-8040-exec-10] TRACE org.hibernate.orm.jdbc.bind - binding parameter (7:NUMERIC) <- [2300.00]
2025-12-14 23:59:56.651 [http-nio-8040-exec-10] TRACE org.hibernate.orm.jdbc.bind - binding parameter (8:BIGINT) <- [5]
2025-12-14 23:59:56.651 [http-nio-8040-exec-10] TRACE org.hibernate.orm.jdbc.bind - binding parameter (9:NUMERIC) <- [3180.00]
2025-12-14 23:59:56.651 [http-nio-8040-exec-10] TRACE org.hibernate.orm.jdbc.bind - binding parameter (10:TIMESTAMP) <- [null]
2025-12-14 23:59:56.651 [http-nio-8040-exec-10] TRACE org.hibernate.orm.jdbc.bind - binding parameter (11:ENUM) <- [PENDING]
2025-12-14 23:59:56.653 [http-nio-8040-exec-10] DEBUG org.hibernate.SQL - 
    insert 
    into
        payroll_payments
        (basic_salary, created_at, da, employee_id, hra, net_salary_paid, other_allowances, payroll_batch_id, pf_contribution, processed_at, status) 
    values
        (?, ?, ?, ?, ?, ?, ?, ?, ?, ?, ?)
2025-12-14 23:59:56.653 [http-nio-8040-exec-10] TRACE org.hibernate.orm.jdbc.bind - binding parameter (1:NUMERIC) <- [64000.00]
2025-12-14 23:59:56.653 [http-nio-8040-exec-10] TRACE org.hibernate.orm.jdbc.bind - binding parameter (2:TIMESTAMP) <- [2025-12-14T23:59:56.653180]
2025-12-14 23:59:56.653 [http-nio-8040-exec-10] TRACE org.hibernate.orm.jdbc.bind - binding parameter (3:NUMERIC) <- [6400.00]
2025-12-14 23:59:56.653 [http-nio-8040-exec-10] TRACE org.hibernate.orm.jdbc.bind - binding parameter (4:BIGINT) <- [71]
2025-12-14 23:59:56.653 [http-nio-8040-exec-10] TRACE org.hibernate.orm.jdbc.bind - binding parameter (5:NUMERIC) <- [12800.00]
2025-12-14 23:59:56.653 [http-nio-8040-exec-10] TRACE org.hibernate.orm.jdbc.bind - binding parameter (6:NUMERIC) <- [82760.00]
2025-12-14 23:59:56.653 [http-nio-8040-exec-10] TRACE org.hibernate.orm.jdbc.bind - binding parameter (7:NUMERIC) <- [3400.00]
2025-12-14 23:59:56.654 [http-nio-8040-exec-10] TRACE org.hibernate.orm.jdbc.bind - binding parameter (8:BIGINT) <- [5]
2025-12-14 23:59:56.654 [http-nio-8040-exec-10] TRACE org.hibernate.orm.jdbc.bind - binding parameter (9:NUMERIC) <- [3840.00]
2025-12-14 23:59:56.654 [http-nio-8040-exec-10] TRACE org.hibernate.orm.jdbc.bind - binding parameter (10:TIMESTAMP) <- [null]
2025-12-14 23:59:56.654 [http-nio-8040-exec-10] TRACE org.hibernate.orm.jdbc.bind - binding parameter (11:ENUM) <- [PENDING]
2025-12-14 23:59:56.655 [http-nio-8040-exec-10] DEBUG org.hibernate.SQL - 
    insert 
    into
        payroll_payments
        (basic_salary, created_at, da, employee_id, hra, net_salary_paid, other_allowances, payroll_batch_id, pf_contribution, processed_at, status) 
    values
        (?, ?, ?, ?, ?, ?, ?, ?, ?, ?, ?)
2025-12-14 23:59:56.655 [http-nio-8040-exec-10] TRACE org.hibernate.orm.jdbc.bind - binding parameter (1:NUMERIC) <- [56000.00]
2025-12-14 23:59:56.655 [http-nio-8040-exec-10] TRACE org.hibernate.orm.jdbc.bind - binding parameter (2:TIMESTAMP) <- [2025-12-14T23:59:56.655347]
2025-12-14 23:59:56.655 [http-nio-8040-exec-10] TRACE org.hibernate.orm.jdbc.bind - binding parameter (3:NUMERIC) <- [5600.00]
2025-12-14 23:59:56.655 [http-nio-8040-exec-10] TRACE org.hibernate.orm.jdbc.bind - binding parameter (4:BIGINT) <- [72]
2025-12-14 23:59:56.656 [http-nio-8040-exec-10] TRACE org.hibernate.orm.jdbc.bind - binding parameter (5:NUMERIC) <- [11200.00]
2025-12-14 23:59:56.656 [http-nio-8040-exec-10] TRACE org.hibernate.orm.jdbc.bind - binding parameter (6:NUMERIC) <- [72040.00]
2025-12-14 23:59:56.656 [http-nio-8040-exec-10] TRACE org.hibernate.orm.jdbc.bind - binding parameter (7:NUMERIC) <- [2600.00]
2025-12-14 23:59:56.656 [http-nio-8040-exec-10] TRACE org.hibernate.orm.jdbc.bind - binding parameter (8:BIGINT) <- [5]
2025-12-14 23:59:56.656 [http-nio-8040-exec-10] TRACE org.hibernate.orm.jdbc.bind - binding parameter (9:NUMERIC) <- [3360.00]
2025-12-14 23:59:56.656 [http-nio-8040-exec-10] TRACE org.hibernate.orm.jdbc.bind - binding parameter (10:TIMESTAMP) <- [null]
2025-12-14 23:59:56.656 [http-nio-8040-exec-10] TRACE org.hibernate.orm.jdbc.bind - binding parameter (11:ENUM) <- [PENDING]
2025-12-14 23:59:56.657 [http-nio-8040-exec-10] DEBUG org.hibernate.SQL - 
    insert 
    into
        payroll_payments
        (basic_salary, created_at, da, employee_id, hra, net_salary_paid, other_allowances, payroll_batch_id, pf_contribution, processed_at, status) 
    values
        (?, ?, ?, ?, ?, ?, ?, ?, ?, ?, ?)
2025-12-14 23:59:56.657 [http-nio-8040-exec-10] TRACE org.hibernate.orm.jdbc.bind - binding parameter (1:NUMERIC) <- [70000.00]
2025-12-14 23:59:56.657 [http-nio-8040-exec-10] TRACE org.hibernate.orm.jdbc.bind - binding parameter (2:TIMESTAMP) <- [2025-12-14T23:59:56.657472]
2025-12-14 23:59:56.657 [http-nio-8040-exec-10] TRACE org.hibernate.orm.jdbc.bind - binding parameter (3:NUMERIC) <- [7000.00]
2025-12-14 23:59:56.657 [http-nio-8040-exec-10] TRACE org.hibernate.orm.jdbc.bind - binding parameter (4:BIGINT) <- [73]
2025-12-14 23:59:56.657 [http-nio-8040-exec-10] TRACE org.hibernate.orm.jdbc.bind - binding parameter (5:NUMERIC) <- [14000.00]
2025-12-14 23:59:56.657 [http-nio-8040-exec-10] TRACE org.hibernate.orm.jdbc.bind - binding parameter (6:NUMERIC) <- [89800.00]
2025-12-14 23:59:56.657 [http-nio-8040-exec-10] TRACE org.hibernate.orm.jdbc.bind - binding parameter (7:NUMERIC) <- [3000.00]
2025-12-14 23:59:56.657 [http-nio-8040-exec-10] TRACE org.hibernate.orm.jdbc.bind - binding parameter (8:BIGINT) <- [5]
2025-12-14 23:59:56.658 [http-nio-8040-exec-10] TRACE org.hibernate.orm.jdbc.bind - binding parameter (9:NUMERIC) <- [4200.00]
2025-12-14 23:59:56.658 [http-nio-8040-exec-10] TRACE org.hibernate.orm.jdbc.bind - binding parameter (10:TIMESTAMP) <- [null]
2025-12-14 23:59:56.658 [http-nio-8040-exec-10] TRACE org.hibernate.orm.jdbc.bind - binding parameter (11:ENUM) <- [PENDING]
2025-12-14 23:59:56.659 [http-nio-8040-exec-10] DEBUG org.hibernate.SQL - 
    insert 
    into
        payroll_payments
        (basic_salary, created_at, da, employee_id, hra, net_salary_paid, other_allowances, payroll_batch_id, pf_contribution, processed_at, status) 
    values
        (?, ?, ?, ?, ?, ?, ?, ?, ?, ?, ?)
2025-12-14 23:59:56.660 [http-nio-8040-exec-10] TRACE org.hibernate.orm.jdbc.bind - binding parameter (1:NUMERIC) <- [52000.00]
2025-12-14 23:59:56.660 [http-nio-8040-exec-10] TRACE org.hibernate.orm.jdbc.bind - binding parameter (2:TIMESTAMP) <- [2025-12-14T23:59:56.659739]
2025-12-14 23:59:56.660 [http-nio-8040-exec-10] TRACE org.hibernate.orm.jdbc.bind - binding parameter (3:NUMERIC) <- [5200.00]
2025-12-14 23:59:56.660 [http-nio-8040-exec-10] TRACE org.hibernate.orm.jdbc.bind - binding parameter (4:BIGINT) <- [74]
2025-12-14 23:59:56.660 [http-nio-8040-exec-10] TRACE org.hibernate.orm.jdbc.bind - binding parameter (5:NUMERIC) <- [10400.00]
2025-12-14 23:59:56.660 [http-nio-8040-exec-10] TRACE org.hibernate.orm.jdbc.bind - binding parameter (6:NUMERIC) <- [66680.00]
2025-12-14 23:59:56.660 [http-nio-8040-exec-10] TRACE org.hibernate.orm.jdbc.bind - binding parameter (7:NUMERIC) <- [2200.00]
2025-12-14 23:59:56.660 [http-nio-8040-exec-10] TRACE org.hibernate.orm.jdbc.bind - binding parameter (8:BIGINT) <- [5]
2025-12-14 23:59:56.660 [http-nio-8040-exec-10] TRACE org.hibernate.orm.jdbc.bind - binding parameter (9:NUMERIC) <- [3120.00]
2025-12-14 23:59:56.660 [http-nio-8040-exec-10] TRACE org.hibernate.orm.jdbc.bind - binding parameter (10:TIMESTAMP) <- [null]
2025-12-14 23:59:56.660 [http-nio-8040-exec-10] TRACE org.hibernate.orm.jdbc.bind - binding parameter (11:ENUM) <- [PENDING]
2025-12-14 23:59:56.661 [http-nio-8040-exec-10] DEBUG org.hibernate.SQL - 
    insert 
    into
        payroll_payments
        (basic_salary, created_at, da, employee_id, hra, net_salary_paid, other_allowances, payroll_batch_id, pf_contribution, processed_at, status) 
    values
        (?, ?, ?, ?, ?, ?, ?, ?, ?, ?, ?)
2025-12-14 23:59:56.662 [http-nio-8040-exec-10] TRACE org.hibernate.orm.jdbc.bind - binding parameter (1:NUMERIC) <- [67000.00]
2025-12-14 23:59:56.662 [http-nio-8040-exec-10] TRACE org.hibernate.orm.jdbc.bind - binding parameter (2:TIMESTAMP) <- [2025-12-14T23:59:56.661583]
2025-12-14 23:59:56.662 [http-nio-8040-exec-10] TRACE org.hibernate.orm.jdbc.bind - binding parameter (3:NUMERIC) <- [6700.00]
2025-12-14 23:59:56.662 [http-nio-8040-exec-10] TRACE org.hibernate.orm.jdbc.bind - binding parameter (4:BIGINT) <- [75]
2025-12-14 23:59:56.662 [http-nio-8040-exec-10] TRACE org.hibernate.orm.jdbc.bind - binding parameter (5:NUMERIC) <- [13400.00]
2025-12-14 23:59:56.662 [http-nio-8040-exec-10] TRACE org.hibernate.orm.jdbc.bind - binding parameter (6:NUMERIC) <- [86780.00]
2025-12-14 23:59:56.662 [http-nio-8040-exec-10] TRACE org.hibernate.orm.jdbc.bind - binding parameter (7:NUMERIC) <- [3700.00]
2025-12-14 23:59:56.663 [http-nio-8040-exec-10] TRACE org.hibernate.orm.jdbc.bind - binding parameter (8:BIGINT) <- [5]
2025-12-14 23:59:56.663 [http-nio-8040-exec-10] TRACE org.hibernate.orm.jdbc.bind - binding parameter (9:NUMERIC) <- [4020.00]
2025-12-14 23:59:56.663 [http-nio-8040-exec-10] TRACE org.hibernate.orm.jdbc.bind - binding parameter (10:TIMESTAMP) <- [null]
2025-12-14 23:59:56.663 [http-nio-8040-exec-10] TRACE org.hibernate.orm.jdbc.bind - binding parameter (11:ENUM) <- [PENDING]
2025-12-14 23:59:56.665 [http-nio-8040-exec-10] DEBUG org.hibernate.SQL - 
    insert 
    into
        payroll_payments
        (basic_salary, created_at, da, employee_id, hra, net_salary_paid, other_allowances, payroll_batch_id, pf_contribution, processed_at, status) 
    values
        (?, ?, ?, ?, ?, ?, ?, ?, ?, ?, ?)
2025-12-14 23:59:56.666 [http-nio-8040-exec-10] TRACE org.hibernate.orm.jdbc.bind - binding parameter (1:NUMERIC) <- [61000.00]
2025-12-14 23:59:56.666 [http-nio-8040-exec-10] TRACE org.hibernate.orm.jdbc.bind - binding parameter (2:TIMESTAMP) <- [2025-12-14T23:59:56.665157]
2025-12-14 23:59:56.666 [http-nio-8040-exec-10] TRACE org.hibernate.orm.jdbc.bind - binding parameter (3:NUMERIC) <- [6100.00]
2025-12-14 23:59:56.666 [http-nio-8040-exec-10] TRACE org.hibernate.orm.jdbc.bind - binding parameter (4:BIGINT) <- [76]
2025-12-14 23:59:56.666 [http-nio-8040-exec-10] TRACE org.hibernate.orm.jdbc.bind - binding parameter (5:NUMERIC) <- [12200.00]
2025-12-14 23:59:56.666 [http-nio-8040-exec-10] TRACE org.hibernate.orm.jdbc.bind - binding parameter (6:NUMERIC) <- [78740.00]
2025-12-14 23:59:56.666 [http-nio-8040-exec-10] TRACE org.hibernate.orm.jdbc.bind - binding parameter (7:NUMERIC) <- [3100.00]
2025-12-14 23:59:56.666 [http-nio-8040-exec-10] TRACE org.hibernate.orm.jdbc.bind - binding parameter (8:BIGINT) <- [5]
2025-12-14 23:59:56.666 [http-nio-8040-exec-10] TRACE org.hibernate.orm.jdbc.bind - binding parameter (9:NUMERIC) <- [3660.00]
2025-12-14 23:59:56.666 [http-nio-8040-exec-10] TRACE org.hibernate.orm.jdbc.bind - binding parameter (10:TIMESTAMP) <- [null]
2025-12-14 23:59:56.666 [http-nio-8040-exec-10] TRACE org.hibernate.orm.jdbc.bind - binding parameter (11:ENUM) <- [PENDING]
2025-12-14 23:59:56.668 [http-nio-8040-exec-10] DEBUG org.hibernate.SQL - 
    insert 
    into
        payroll_payments
        (basic_salary, created_at, da, employee_id, hra, net_salary_paid, other_allowances, payroll_batch_id, pf_contribution, processed_at, status) 
    values
        (?, ?, ?, ?, ?, ?, ?, ?, ?, ?, ?)
2025-12-14 23:59:56.669 [http-nio-8040-exec-10] TRACE org.hibernate.orm.jdbc.bind - binding parameter (1:NUMERIC) <- [74000.00]
2025-12-14 23:59:56.669 [http-nio-8040-exec-10] TRACE org.hibernate.orm.jdbc.bind - binding parameter (2:TIMESTAMP) <- [2025-12-14T23:59:56.668870]
2025-12-14 23:59:56.669 [http-nio-8040-exec-10] TRACE org.hibernate.orm.jdbc.bind - binding parameter (3:NUMERIC) <- [7400.00]
2025-12-14 23:59:56.669 [http-nio-8040-exec-10] TRACE org.hibernate.orm.jdbc.bind - binding parameter (4:BIGINT) <- [77]
2025-12-14 23:59:56.669 [http-nio-8040-exec-10] TRACE org.hibernate.orm.jdbc.bind - binding parameter (5:NUMERIC) <- [14800.00]
2025-12-14 23:59:56.669 [http-nio-8040-exec-10] TRACE org.hibernate.orm.jdbc.bind - binding parameter (6:NUMERIC) <- [95160.00]
2025-12-14 23:59:56.669 [http-nio-8040-exec-10] TRACE org.hibernate.orm.jdbc.bind - binding parameter (7:NUMERIC) <- [3400.00]
2025-12-14 23:59:56.669 [http-nio-8040-exec-10] TRACE org.hibernate.orm.jdbc.bind - binding parameter (8:BIGINT) <- [5]
2025-12-14 23:59:56.669 [http-nio-8040-exec-10] TRACE org.hibernate.orm.jdbc.bind - binding parameter (9:NUMERIC) <- [4440.00]
2025-12-14 23:59:56.669 [http-nio-8040-exec-10] TRACE org.hibernate.orm.jdbc.bind - binding parameter (10:TIMESTAMP) <- [null]
2025-12-14 23:59:56.669 [http-nio-8040-exec-10] TRACE org.hibernate.orm.jdbc.bind - binding parameter (11:ENUM) <- [PENDING]
2025-12-14 23:59:56.671 [http-nio-8040-exec-10] DEBUG org.hibernate.SQL - 
    insert 
    into
        payroll_payments
        (basic_salary, created_at, da, employee_id, hra, net_salary_paid, other_allowances, payroll_batch_id, pf_contribution, processed_at, status) 
    values
        (?, ?, ?, ?, ?, ?, ?, ?, ?, ?, ?)
2025-12-14 23:59:56.671 [http-nio-8040-exec-10] TRACE org.hibernate.orm.jdbc.bind - binding parameter (1:NUMERIC) <- [59000.00]
2025-12-14 23:59:56.671 [http-nio-8040-exec-10] TRACE org.hibernate.orm.jdbc.bind - binding parameter (2:TIMESTAMP) <- [2025-12-14T23:59:56.671618]
2025-12-14 23:59:56.671 [http-nio-8040-exec-10] TRACE org.hibernate.orm.jdbc.bind - binding parameter (3:NUMERIC) <- [5900.00]
2025-12-14 23:59:56.671 [http-nio-8040-exec-10] TRACE org.hibernate.orm.jdbc.bind - binding parameter (4:BIGINT) <- [78]
2025-12-14 23:59:56.671 [http-nio-8040-exec-10] TRACE org.hibernate.orm.jdbc.bind - binding parameter (5:NUMERIC) <- [11800.00]
2025-12-14 23:59:56.672 [http-nio-8040-exec-10] TRACE org.hibernate.orm.jdbc.bind - binding parameter (6:NUMERIC) <- [76060.00]
2025-12-14 23:59:56.672 [http-nio-8040-exec-10] TRACE org.hibernate.orm.jdbc.bind - binding parameter (7:NUMERIC) <- [2900.00]
2025-12-14 23:59:56.672 [http-nio-8040-exec-10] TRACE org.hibernate.orm.jdbc.bind - binding parameter (8:BIGINT) <- [5]
2025-12-14 23:59:56.672 [http-nio-8040-exec-10] TRACE org.hibernate.orm.jdbc.bind - binding parameter (9:NUMERIC) <- [3540.00]
2025-12-14 23:59:56.672 [http-nio-8040-exec-10] TRACE org.hibernate.orm.jdbc.bind - binding parameter (10:TIMESTAMP) <- [null]
2025-12-14 23:59:56.672 [http-nio-8040-exec-10] TRACE org.hibernate.orm.jdbc.bind - binding parameter (11:ENUM) <- [PENDING]
2025-12-14 23:59:56.674 [http-nio-8040-exec-10] DEBUG org.hibernate.SQL - 
    insert 
    into
        payroll_payments
        (basic_salary, created_at, da, employee_id, hra, net_salary_paid, other_allowances, payroll_batch_id, pf_contribution, processed_at, status) 
    values
        (?, ?, ?, ?, ?, ?, ?, ?, ?, ?, ?)
2025-12-14 23:59:56.674 [http-nio-8040-exec-10] TRACE org.hibernate.orm.jdbc.bind - binding parameter (1:NUMERIC) <- [56000.00]
2025-12-14 23:59:56.674 [http-nio-8040-exec-10] TRACE org.hibernate.orm.jdbc.bind - binding parameter (2:TIMESTAMP) <- [2025-12-14T23:59:56.673620]
2025-12-14 23:59:56.674 [http-nio-8040-exec-10] TRACE org.hibernate.orm.jdbc.bind - binding parameter (3:NUMERIC) <- [5600.00]
2025-12-14 23:59:56.674 [http-nio-8040-exec-10] TRACE org.hibernate.orm.jdbc.bind - binding parameter (4:BIGINT) <- [79]
2025-12-14 23:59:56.674 [http-nio-8040-exec-10] TRACE org.hibernate.orm.jdbc.bind - binding parameter (5:NUMERIC) <- [11200.00]
2025-12-14 23:59:56.674 [http-nio-8040-exec-10] TRACE org.hibernate.orm.jdbc.bind - binding parameter (6:NUMERIC) <- [72040.00]
2025-12-14 23:59:56.674 [http-nio-8040-exec-10] TRACE org.hibernate.orm.jdbc.bind - binding parameter (7:NUMERIC) <- [2600.00]
2025-12-14 23:59:56.674 [http-nio-8040-exec-10] TRACE org.hibernate.orm.jdbc.bind - binding parameter (8:BIGINT) <- [5]
2025-12-14 23:59:56.674 [http-nio-8040-exec-10] TRACE org.hibernate.orm.jdbc.bind - binding parameter (9:NUMERIC) <- [3360.00]
2025-12-14 23:59:56.674 [http-nio-8040-exec-10] TRACE org.hibernate.orm.jdbc.bind - binding parameter (10:TIMESTAMP) <- [null]
2025-12-14 23:59:56.674 [http-nio-8040-exec-10] TRACE org.hibernate.orm.jdbc.bind - binding parameter (11:ENUM) <- [PENDING]
2025-12-14 23:59:56.677 [http-nio-8040-exec-10] DEBUG org.hibernate.SQL - 
    insert 
    into
        payroll_payments
        (basic_salary, created_at, da, employee_id, hra, net_salary_paid, other_allowances, payroll_batch_id, pf_contribution, processed_at, status) 
    values
        (?, ?, ?, ?, ?, ?, ?, ?, ?, ?, ?)
2025-12-14 23:59:56.677 [http-nio-8040-exec-10] TRACE org.hibernate.orm.jdbc.bind - binding parameter (1:NUMERIC) <- [58000.00]
2025-12-14 23:59:56.677 [http-nio-8040-exec-10] TRACE org.hibernate.orm.jdbc.bind - binding parameter (2:TIMESTAMP) <- [2025-12-14T23:59:56.677146]
2025-12-14 23:59:56.677 [http-nio-8040-exec-10] TRACE org.hibernate.orm.jdbc.bind - binding parameter (3:NUMERIC) <- [5800.00]
2025-12-14 23:59:56.677 [http-nio-8040-exec-10] TRACE org.hibernate.orm.jdbc.bind - binding parameter (4:BIGINT) <- [80]
2025-12-14 23:59:56.677 [http-nio-8040-exec-10] TRACE org.hibernate.orm.jdbc.bind - binding parameter (5:NUMERIC) <- [11600.00]
2025-12-14 23:59:56.677 [http-nio-8040-exec-10] TRACE org.hibernate.orm.jdbc.bind - binding parameter (6:NUMERIC) <- [74720.00]
2025-12-14 23:59:56.677 [http-nio-8040-exec-10] TRACE org.hibernate.orm.jdbc.bind - binding parameter (7:NUMERIC) <- [2800.00]
2025-12-14 23:59:56.677 [http-nio-8040-exec-10] TRACE org.hibernate.orm.jdbc.bind - binding parameter (8:BIGINT) <- [5]
2025-12-14 23:59:56.677 [http-nio-8040-exec-10] TRACE org.hibernate.orm.jdbc.bind - binding parameter (9:NUMERIC) <- [3480.00]
2025-12-14 23:59:56.677 [http-nio-8040-exec-10] TRACE org.hibernate.orm.jdbc.bind - binding parameter (10:TIMESTAMP) <- [null]
2025-12-14 23:59:56.677 [http-nio-8040-exec-10] TRACE org.hibernate.orm.jdbc.bind - binding parameter (11:ENUM) <- [PENDING]
2025-12-14 23:59:56.679 [http-nio-8040-exec-10] DEBUG org.hibernate.SQL - 
    insert 
    into
        payroll_payments
        (basic_salary, created_at, da, employee_id, hra, net_salary_paid, other_allowances, payroll_batch_id, pf_contribution, processed_at, status) 
    values
        (?, ?, ?, ?, ?, ?, ?, ?, ?, ?, ?)
2025-12-14 23:59:56.679 [http-nio-8040-exec-10] TRACE org.hibernate.orm.jdbc.bind - binding parameter (1:NUMERIC) <- [69000.00]
2025-12-14 23:59:56.679 [http-nio-8040-exec-10] TRACE org.hibernate.orm.jdbc.bind - binding parameter (2:TIMESTAMP) <- [2025-12-14T23:59:56.679669]
2025-12-14 23:59:56.679 [http-nio-8040-exec-10] TRACE org.hibernate.orm.jdbc.bind - binding parameter (3:NUMERIC) <- [6900.00]
2025-12-14 23:59:56.679 [http-nio-8040-exec-10] TRACE org.hibernate.orm.jdbc.bind - binding parameter (4:BIGINT) <- [81]
2025-12-14 23:59:56.679 [http-nio-8040-exec-10] TRACE org.hibernate.orm.jdbc.bind - binding parameter (5:NUMERIC) <- [13800.00]
2025-12-14 23:59:56.679 [http-nio-8040-exec-10] TRACE org.hibernate.orm.jdbc.bind - binding parameter (6:NUMERIC) <- [88460.00]
2025-12-14 23:59:56.679 [http-nio-8040-exec-10] TRACE org.hibernate.orm.jdbc.bind - binding parameter (7:NUMERIC) <- [2900.00]
2025-12-14 23:59:56.680 [http-nio-8040-exec-10] TRACE org.hibernate.orm.jdbc.bind - binding parameter (8:BIGINT) <- [5]
2025-12-14 23:59:56.680 [http-nio-8040-exec-10] TRACE org.hibernate.orm.jdbc.bind - binding parameter (9:NUMERIC) <- [4140.00]
2025-12-14 23:59:56.680 [http-nio-8040-exec-10] TRACE org.hibernate.orm.jdbc.bind - binding parameter (10:TIMESTAMP) <- [null]
2025-12-14 23:59:56.680 [http-nio-8040-exec-10] TRACE org.hibernate.orm.jdbc.bind - binding parameter (11:ENUM) <- [PENDING]
2025-12-14 23:59:56.682 [http-nio-8040-exec-10] DEBUG org.hibernate.SQL - 
    insert 
    into
        payroll_payments
        (basic_salary, created_at, da, employee_id, hra, net_salary_paid, other_allowances, payroll_batch_id, pf_contribution, processed_at, status) 
    values
        (?, ?, ?, ?, ?, ?, ?, ?, ?, ?, ?)
2025-12-14 23:59:56.682 [http-nio-8040-exec-10] TRACE org.hibernate.orm.jdbc.bind - binding parameter (1:NUMERIC) <- [66000.00]
2025-12-14 23:59:56.682 [http-nio-8040-exec-10] TRACE org.hibernate.orm.jdbc.bind - binding parameter (2:TIMESTAMP) <- [2025-12-14T23:59:56.681646]
2025-12-14 23:59:56.682 [http-nio-8040-exec-10] TRACE org.hibernate.orm.jdbc.bind - binding parameter (3:NUMERIC) <- [6600.00]
2025-12-14 23:59:56.682 [http-nio-8040-exec-10] TRACE org.hibernate.orm.jdbc.bind - binding parameter (4:BIGINT) <- [82]
2025-12-14 23:59:56.682 [http-nio-8040-exec-10] TRACE org.hibernate.orm.jdbc.bind - binding parameter (5:NUMERIC) <- [13200.00]
2025-12-14 23:59:56.682 [http-nio-8040-exec-10] TRACE org.hibernate.orm.jdbc.bind - binding parameter (6:NUMERIC) <- [85440.00]
2025-12-14 23:59:56.682 [http-nio-8040-exec-10] TRACE org.hibernate.orm.jdbc.bind - binding parameter (7:NUMERIC) <- [3600.00]
2025-12-14 23:59:56.682 [http-nio-8040-exec-10] TRACE org.hibernate.orm.jdbc.bind - binding parameter (8:BIGINT) <- [5]
2025-12-14 23:59:56.682 [http-nio-8040-exec-10] TRACE org.hibernate.orm.jdbc.bind - binding parameter (9:NUMERIC) <- [3960.00]
2025-12-14 23:59:56.682 [http-nio-8040-exec-10] TRACE org.hibernate.orm.jdbc.bind - binding parameter (10:TIMESTAMP) <- [null]
2025-12-14 23:59:56.682 [http-nio-8040-exec-10] TRACE org.hibernate.orm.jdbc.bind - binding parameter (11:ENUM) <- [PENDING]
2025-12-14 23:59:56.684 [http-nio-8040-exec-10] DEBUG org.hibernate.SQL - 
    insert 
    into
        payroll_payments
        (basic_salary, created_at, da, employee_id, hra, net_salary_paid, other_allowances, payroll_batch_id, pf_contribution, processed_at, status) 
    values
        (?, ?, ?, ?, ?, ?, ?, ?, ?, ?, ?)
2025-12-14 23:59:56.684 [http-nio-8040-exec-10] TRACE org.hibernate.orm.jdbc.bind - binding parameter (1:NUMERIC) <- [80000.00]
2025-12-14 23:59:56.686 [http-nio-8040-exec-10] TRACE org.hibernate.orm.jdbc.bind - binding parameter (2:TIMESTAMP) <- [2025-12-14T23:59:56.684951]
2025-12-14 23:59:56.686 [http-nio-8040-exec-10] TRACE org.hibernate.orm.jdbc.bind - binding parameter (3:NUMERIC) <- [8000.00]
2025-12-14 23:59:56.686 [http-nio-8040-exec-10] TRACE org.hibernate.orm.jdbc.bind - binding parameter (4:BIGINT) <- [83]
2025-12-14 23:59:56.686 [http-nio-8040-exec-10] TRACE org.hibernate.orm.jdbc.bind - binding parameter (5:NUMERIC) <- [16000.00]
2025-12-14 23:59:56.686 [http-nio-8040-exec-10] TRACE org.hibernate.orm.jdbc.bind - binding parameter (6:NUMERIC) <- [103200.00]
2025-12-14 23:59:56.686 [http-nio-8040-exec-10] TRACE org.hibernate.orm.jdbc.bind - binding parameter (7:NUMERIC) <- [4000.00]
2025-12-14 23:59:56.686 [http-nio-8040-exec-10] TRACE org.hibernate.orm.jdbc.bind - binding parameter (8:BIGINT) <- [5]
2025-12-14 23:59:56.686 [http-nio-8040-exec-10] TRACE org.hibernate.orm.jdbc.bind - binding parameter (9:NUMERIC) <- [4800.00]
2025-12-14 23:59:56.686 [http-nio-8040-exec-10] TRACE org.hibernate.orm.jdbc.bind - binding parameter (10:TIMESTAMP) <- [null]
2025-12-14 23:59:56.686 [http-nio-8040-exec-10] TRACE org.hibernate.orm.jdbc.bind - binding parameter (11:ENUM) <- [PENDING]
2025-12-14 23:59:56.687 [http-nio-8040-exec-10] DEBUG org.hibernate.SQL - 
    insert 
    into
        payroll_payments
        (basic_salary, created_at, da, employee_id, hra, net_salary_paid, other_allowances, payroll_batch_id, pf_contribution, processed_at, status) 
    values
        (?, ?, ?, ?, ?, ?, ?, ?, ?, ?, ?)
2025-12-14 23:59:56.688 [http-nio-8040-exec-10] TRACE org.hibernate.orm.jdbc.bind - binding parameter (1:NUMERIC) <- [84000.00]
2025-12-14 23:59:56.688 [http-nio-8040-exec-10] TRACE org.hibernate.orm.jdbc.bind - binding parameter (2:TIMESTAMP) <- [2025-12-14T23:59:56.687473]
2025-12-14 23:59:56.688 [http-nio-8040-exec-10] TRACE org.hibernate.orm.jdbc.bind - binding parameter (3:NUMERIC) <- [8400.00]
2025-12-14 23:59:56.688 [http-nio-8040-exec-10] TRACE org.hibernate.orm.jdbc.bind - binding parameter (4:BIGINT) <- [84]
2025-12-14 23:59:56.688 [http-nio-8040-exec-10] TRACE org.hibernate.orm.jdbc.bind - binding parameter (5:NUMERIC) <- [16800.00]
2025-12-14 23:59:56.688 [http-nio-8040-exec-10] TRACE org.hibernate.orm.jdbc.bind - binding parameter (6:NUMERIC) <- [108560.00]
2025-12-14 23:59:56.688 [http-nio-8040-exec-10] TRACE org.hibernate.orm.jdbc.bind - binding parameter (7:NUMERIC) <- [4400.00]
2025-12-14 23:59:56.688 [http-nio-8040-exec-10] TRACE org.hibernate.orm.jdbc.bind - binding parameter (8:BIGINT) <- [5]
2025-12-14 23:59:56.688 [http-nio-8040-exec-10] TRACE org.hibernate.orm.jdbc.bind - binding parameter (9:NUMERIC) <- [5040.00]
2025-12-14 23:59:56.688 [http-nio-8040-exec-10] TRACE org.hibernate.orm.jdbc.bind - binding parameter (10:TIMESTAMP) <- [null]
2025-12-14 23:59:56.688 [http-nio-8040-exec-10] TRACE org.hibernate.orm.jdbc.bind - binding parameter (11:ENUM) <- [PENDING]
2025-12-14 23:59:56.690 [http-nio-8040-exec-10] DEBUG org.hibernate.SQL - 
    insert 
    into
        payroll_payments
        (basic_salary, created_at, da, employee_id, hra, net_salary_paid, other_allowances, payroll_batch_id, pf_contribution, processed_at, status) 
    values
        (?, ?, ?, ?, ?, ?, ?, ?, ?, ?, ?)
2025-12-14 23:59:56.690 [http-nio-8040-exec-10] TRACE org.hibernate.orm.jdbc.bind - binding parameter (1:NUMERIC) <- [53000.00]
2025-12-14 23:59:56.690 [http-nio-8040-exec-10] TRACE org.hibernate.orm.jdbc.bind - binding parameter (2:TIMESTAMP) <- [2025-12-14T23:59:56.690499]
2025-12-14 23:59:56.692 [http-nio-8040-exec-10] TRACE org.hibernate.orm.jdbc.bind - binding parameter (3:NUMERIC) <- [5300.00]
2025-12-14 23:59:56.692 [http-nio-8040-exec-10] TRACE org.hibernate.orm.jdbc.bind - binding parameter (4:BIGINT) <- [85]
2025-12-14 23:59:56.692 [http-nio-8040-exec-10] TRACE org.hibernate.orm.jdbc.bind - binding parameter (5:NUMERIC) <- [10600.00]
2025-12-14 23:59:56.692 [http-nio-8040-exec-10] TRACE org.hibernate.orm.jdbc.bind - binding parameter (6:NUMERIC) <- [68020.00]
2025-12-14 23:59:56.692 [http-nio-8040-exec-10] TRACE org.hibernate.orm.jdbc.bind - binding parameter (7:NUMERIC) <- [2300.00]
2025-12-14 23:59:56.692 [http-nio-8040-exec-10] TRACE org.hibernate.orm.jdbc.bind - binding parameter (8:BIGINT) <- [5]
2025-12-14 23:59:56.692 [http-nio-8040-exec-10] TRACE org.hibernate.orm.jdbc.bind - binding parameter (9:NUMERIC) <- [3180.00]
2025-12-14 23:59:56.692 [http-nio-8040-exec-10] TRACE org.hibernate.orm.jdbc.bind - binding parameter (10:TIMESTAMP) <- [null]
2025-12-14 23:59:56.692 [http-nio-8040-exec-10] TRACE org.hibernate.orm.jdbc.bind - binding parameter (11:ENUM) <- [PENDING]
2025-12-14 23:59:56.694 [http-nio-8040-exec-10] DEBUG org.hibernate.SQL - 
    insert 
    into
        payroll_payments
        (basic_salary, created_at, da, employee_id, hra, net_salary_paid, other_allowances, payroll_batch_id, pf_contribution, processed_at, status) 
    values
        (?, ?, ?, ?, ?, ?, ?, ?, ?, ?, ?)
2025-12-14 23:59:56.694 [http-nio-8040-exec-10] TRACE org.hibernate.orm.jdbc.bind - binding parameter (1:NUMERIC) <- [78000.00]
2025-12-14 23:59:56.694 [http-nio-8040-exec-10] TRACE org.hibernate.orm.jdbc.bind - binding parameter (2:TIMESTAMP) <- [2025-12-14T23:59:56.693045]
2025-12-14 23:59:56.694 [http-nio-8040-exec-10] TRACE org.hibernate.orm.jdbc.bind - binding parameter (3:NUMERIC) <- [7800.00]
2025-12-14 23:59:56.694 [http-nio-8040-exec-10] TRACE org.hibernate.orm.jdbc.bind - binding parameter (4:BIGINT) <- [86]
2025-12-14 23:59:56.694 [http-nio-8040-exec-10] TRACE org.hibernate.orm.jdbc.bind - binding parameter (5:NUMERIC) <- [15600.00]
2025-12-14 23:59:56.694 [http-nio-8040-exec-10] TRACE org.hibernate.orm.jdbc.bind - binding parameter (6:NUMERIC) <- [100520.00]
2025-12-14 23:59:56.694 [http-nio-8040-exec-10] TRACE org.hibernate.orm.jdbc.bind - binding parameter (7:NUMERIC) <- [3800.00]
2025-12-14 23:59:56.694 [http-nio-8040-exec-10] TRACE org.hibernate.orm.jdbc.bind - binding parameter (8:BIGINT) <- [5]
2025-12-14 23:59:56.694 [http-nio-8040-exec-10] TRACE org.hibernate.orm.jdbc.bind - binding parameter (9:NUMERIC) <- [4680.00]
2025-12-14 23:59:56.694 [http-nio-8040-exec-10] TRACE org.hibernate.orm.jdbc.bind - binding parameter (10:TIMESTAMP) <- [null]
2025-12-14 23:59:56.694 [http-nio-8040-exec-10] TRACE org.hibernate.orm.jdbc.bind - binding parameter (11:ENUM) <- [PENDING]
2025-12-14 23:59:56.696 [http-nio-8040-exec-10] DEBUG org.hibernate.SQL - 
    insert 
    into
        payroll_payments
        (basic_salary, created_at, da, employee_id, hra, net_salary_paid, other_allowances, payroll_batch_id, pf_contribution, processed_at, status) 
    values
        (?, ?, ?, ?, ?, ?, ?, ?, ?, ?, ?)
2025-12-14 23:59:56.696 [http-nio-8040-exec-10] TRACE org.hibernate.orm.jdbc.bind - binding parameter (1:NUMERIC) <- [51000.00]
2025-12-14 23:59:56.696 [http-nio-8040-exec-10] TRACE org.hibernate.orm.jdbc.bind - binding parameter (2:TIMESTAMP) <- [2025-12-14T23:59:56.696353]
2025-12-14 23:59:56.696 [http-nio-8040-exec-10] TRACE org.hibernate.orm.jdbc.bind - binding parameter (3:NUMERIC) <- [5100.00]
2025-12-14 23:59:56.696 [http-nio-8040-exec-10] TRACE org.hibernate.orm.jdbc.bind - binding parameter (4:BIGINT) <- [87]
2025-12-14 23:59:56.696 [http-nio-8040-exec-10] TRACE org.hibernate.orm.jdbc.bind - binding parameter (5:NUMERIC) <- [10200.00]
2025-12-14 23:59:56.696 [http-nio-8040-exec-10] TRACE org.hibernate.orm.jdbc.bind - binding parameter (6:NUMERIC) <- [65340.00]
2025-12-14 23:59:56.696 [http-nio-8040-exec-10] TRACE org.hibernate.orm.jdbc.bind - binding parameter (7:NUMERIC) <- [2100.00]
2025-12-14 23:59:56.696 [http-nio-8040-exec-10] TRACE org.hibernate.orm.jdbc.bind - binding parameter (8:BIGINT) <- [5]
2025-12-14 23:59:56.696 [http-nio-8040-exec-10] TRACE org.hibernate.orm.jdbc.bind - binding parameter (9:NUMERIC) <- [3060.00]
2025-12-14 23:59:56.696 [http-nio-8040-exec-10] TRACE org.hibernate.orm.jdbc.bind - binding parameter (10:TIMESTAMP) <- [null]
2025-12-14 23:59:56.696 [http-nio-8040-exec-10] TRACE org.hibernate.orm.jdbc.bind - binding parameter (11:ENUM) <- [PENDING]
2025-12-14 23:59:56.697 [http-nio-8040-exec-10] DEBUG org.hibernate.SQL - 
    insert 
    into
        payroll_payments
        (basic_salary, created_at, da, employee_id, hra, net_salary_paid, other_allowances, payroll_batch_id, pf_contribution, processed_at, status) 
    values
        (?, ?, ?, ?, ?, ?, ?, ?, ?, ?, ?)
2025-12-14 23:59:56.699 [http-nio-8040-exec-10] TRACE org.hibernate.orm.jdbc.bind - binding parameter (1:NUMERIC) <- [56000.00]
2025-12-14 23:59:56.699 [http-nio-8040-exec-10] TRACE org.hibernate.orm.jdbc.bind - binding parameter (2:TIMESTAMP) <- [2025-12-14T23:59:56.697894]
2025-12-14 23:59:56.699 [http-nio-8040-exec-10] TRACE org.hibernate.orm.jdbc.bind - binding parameter (3:NUMERIC) <- [5600.00]
2025-12-14 23:59:56.699 [http-nio-8040-exec-10] TRACE org.hibernate.orm.jdbc.bind - binding parameter (4:BIGINT) <- [88]
2025-12-14 23:59:56.699 [http-nio-8040-exec-10] TRACE org.hibernate.orm.jdbc.bind - binding parameter (5:NUMERIC) <- [11200.00]
2025-12-14 23:59:56.699 [http-nio-8040-exec-10] TRACE org.hibernate.orm.jdbc.bind - binding parameter (6:NUMERIC) <- [72040.00]
2025-12-14 23:59:56.699 [http-nio-8040-exec-10] TRACE org.hibernate.orm.jdbc.bind - binding parameter (7:NUMERIC) <- [2600.00]
2025-12-14 23:59:56.699 [http-nio-8040-exec-10] TRACE org.hibernate.orm.jdbc.bind - binding parameter (8:BIGINT) <- [5]
2025-12-14 23:59:56.699 [http-nio-8040-exec-10] TRACE org.hibernate.orm.jdbc.bind - binding parameter (9:NUMERIC) <- [3360.00]
2025-12-14 23:59:56.699 [http-nio-8040-exec-10] TRACE org.hibernate.orm.jdbc.bind - binding parameter (10:TIMESTAMP) <- [null]
2025-12-14 23:59:56.700 [http-nio-8040-exec-10] TRACE org.hibernate.orm.jdbc.bind - binding parameter (11:ENUM) <- [PENDING]
2025-12-14 23:59:56.701 [http-nio-8040-exec-10] DEBUG org.hibernate.SQL - 
    insert 
    into
        payroll_payments
        (basic_salary, created_at, da, employee_id, hra, net_salary_paid, other_allowances, payroll_batch_id, pf_contribution, processed_at, status) 
    values
        (?, ?, ?, ?, ?, ?, ?, ?, ?, ?, ?)
2025-12-14 23:59:56.702 [http-nio-8040-exec-10] TRACE org.hibernate.orm.jdbc.bind - binding parameter (1:NUMERIC) <- [59000.00]
2025-12-14 23:59:56.702 [http-nio-8040-exec-10] TRACE org.hibernate.orm.jdbc.bind - binding parameter (2:TIMESTAMP) <- [2025-12-14T23:59:56.701938]
2025-12-14 23:59:56.702 [http-nio-8040-exec-10] TRACE org.hibernate.orm.jdbc.bind - binding parameter (3:NUMERIC) <- [5900.00]
2025-12-14 23:59:56.702 [http-nio-8040-exec-10] TRACE org.hibernate.orm.jdbc.bind - binding parameter (4:BIGINT) <- [89]
2025-12-14 23:59:56.702 [http-nio-8040-exec-10] TRACE org.hibernate.orm.jdbc.bind - binding parameter (5:NUMERIC) <- [11800.00]
2025-12-14 23:59:56.702 [http-nio-8040-exec-10] TRACE org.hibernate.orm.jdbc.bind - binding parameter (6:NUMERIC) <- [76060.00]
2025-12-14 23:59:56.702 [http-nio-8040-exec-10] TRACE org.hibernate.orm.jdbc.bind - binding parameter (7:NUMERIC) <- [2900.00]
2025-12-14 23:59:56.702 [http-nio-8040-exec-10] TRACE org.hibernate.orm.jdbc.bind - binding parameter (8:BIGINT) <- [5]
2025-12-14 23:59:56.702 [http-nio-8040-exec-10] TRACE org.hibernate.orm.jdbc.bind - binding parameter (9:NUMERIC) <- [3540.00]
2025-12-14 23:59:56.702 [http-nio-8040-exec-10] TRACE org.hibernate.orm.jdbc.bind - binding parameter (10:TIMESTAMP) <- [null]
2025-12-14 23:59:56.702 [http-nio-8040-exec-10] TRACE org.hibernate.orm.jdbc.bind - binding parameter (11:ENUM) <- [PENDING]
2025-12-14 23:59:56.704 [http-nio-8040-exec-10] DEBUG org.hibernate.SQL - 
    insert 
    into
        payroll_payments
        (basic_salary, created_at, da, employee_id, hra, net_salary_paid, other_allowances, payroll_batch_id, pf_contribution, processed_at, status) 
    values
        (?, ?, ?, ?, ?, ?, ?, ?, ?, ?, ?)
2025-12-14 23:59:56.705 [http-nio-8040-exec-10] TRACE org.hibernate.orm.jdbc.bind - binding parameter (1:NUMERIC) <- [58000.00]
2025-12-14 23:59:56.705 [http-nio-8040-exec-10] TRACE org.hibernate.orm.jdbc.bind - binding parameter (2:TIMESTAMP) <- [2025-12-14T23:59:56.704458]
2025-12-14 23:59:56.705 [http-nio-8040-exec-10] TRACE org.hibernate.orm.jdbc.bind - binding parameter (3:NUMERIC) <- [5800.00]
2025-12-14 23:59:56.705 [http-nio-8040-exec-10] TRACE org.hibernate.orm.jdbc.bind - binding parameter (4:BIGINT) <- [90]
2025-12-14 23:59:56.705 [http-nio-8040-exec-10] TRACE org.hibernate.orm.jdbc.bind - binding parameter (5:NUMERIC) <- [11600.00]
2025-12-14 23:59:56.705 [http-nio-8040-exec-10] TRACE org.hibernate.orm.jdbc.bind - binding parameter (6:NUMERIC) <- [74720.00]
2025-12-14 23:59:56.705 [http-nio-8040-exec-10] TRACE org.hibernate.orm.jdbc.bind - binding parameter (7:NUMERIC) <- [2800.00]
2025-12-14 23:59:56.705 [http-nio-8040-exec-10] TRACE org.hibernate.orm.jdbc.bind - binding parameter (8:BIGINT) <- [5]
2025-12-14 23:59:56.705 [http-nio-8040-exec-10] TRACE org.hibernate.orm.jdbc.bind - binding parameter (9:NUMERIC) <- [3480.00]
2025-12-14 23:59:56.705 [http-nio-8040-exec-10] TRACE org.hibernate.orm.jdbc.bind - binding parameter (10:TIMESTAMP) <- [null]
2025-12-14 23:59:56.705 [http-nio-8040-exec-10] TRACE org.hibernate.orm.jdbc.bind - binding parameter (11:ENUM) <- [PENDING]
2025-12-14 23:59:56.707 [http-nio-8040-exec-10] DEBUG org.hibernate.SQL - 
    insert 
    into
        payroll_payments
        (basic_salary, created_at, da, employee_id, hra, net_salary_paid, other_allowances, payroll_batch_id, pf_contribution, processed_at, status) 
    values
        (?, ?, ?, ?, ?, ?, ?, ?, ?, ?, ?)
2025-12-14 23:59:56.707 [http-nio-8040-exec-10] TRACE org.hibernate.orm.jdbc.bind - binding parameter (1:NUMERIC) <- [54000.00]
2025-12-14 23:59:56.707 [http-nio-8040-exec-10] TRACE org.hibernate.orm.jdbc.bind - binding parameter (2:TIMESTAMP) <- [2025-12-14T23:59:56.706967]
2025-12-14 23:59:56.707 [http-nio-8040-exec-10] TRACE org.hibernate.orm.jdbc.bind - binding parameter (3:NUMERIC) <- [5400.00]
2025-12-14 23:59:56.707 [http-nio-8040-exec-10] TRACE org.hibernate.orm.jdbc.bind - binding parameter (4:BIGINT) <- [91]
2025-12-14 23:59:56.707 [http-nio-8040-exec-10] TRACE org.hibernate.orm.jdbc.bind - binding parameter (5:NUMERIC) <- [10800.00]
2025-12-14 23:59:56.707 [http-nio-8040-exec-10] TRACE org.hibernate.orm.jdbc.bind - binding parameter (6:NUMERIC) <- [69360.00]
2025-12-14 23:59:56.707 [http-nio-8040-exec-10] TRACE org.hibernate.orm.jdbc.bind - binding parameter (7:NUMERIC) <- [2400.00]
2025-12-14 23:59:56.707 [http-nio-8040-exec-10] TRACE org.hibernate.orm.jdbc.bind - binding parameter (8:BIGINT) <- [5]
2025-12-14 23:59:56.707 [http-nio-8040-exec-10] TRACE org.hibernate.orm.jdbc.bind - binding parameter (9:NUMERIC) <- [3240.00]
2025-12-14 23:59:56.707 [http-nio-8040-exec-10] TRACE org.hibernate.orm.jdbc.bind - binding parameter (10:TIMESTAMP) <- [null]
2025-12-14 23:59:56.707 [http-nio-8040-exec-10] TRACE org.hibernate.orm.jdbc.bind - binding parameter (11:ENUM) <- [PENDING]
2025-12-14 23:59:56.709 [http-nio-8040-exec-10] DEBUG org.hibernate.SQL - 
    insert 
    into
        payroll_payments
        (basic_salary, created_at, da, employee_id, hra, net_salary_paid, other_allowances, payroll_batch_id, pf_contribution, processed_at, status) 
    values
        (?, ?, ?, ?, ?, ?, ?, ?, ?, ?, ?)
2025-12-14 23:59:56.710 [http-nio-8040-exec-10] TRACE org.hibernate.orm.jdbc.bind - binding parameter (1:NUMERIC) <- [63000.00]
2025-12-14 23:59:56.710 [http-nio-8040-exec-10] TRACE org.hibernate.orm.jdbc.bind - binding parameter (2:TIMESTAMP) <- [2025-12-14T23:59:56.709489]
2025-12-14 23:59:56.710 [http-nio-8040-exec-10] TRACE org.hibernate.orm.jdbc.bind - binding parameter (3:NUMERIC) <- [6300.00]
2025-12-14 23:59:56.710 [http-nio-8040-exec-10] TRACE org.hibernate.orm.jdbc.bind - binding parameter (4:BIGINT) <- [92]
2025-12-14 23:59:56.710 [http-nio-8040-exec-10] TRACE org.hibernate.orm.jdbc.bind - binding parameter (5:NUMERIC) <- [12600.00]
2025-12-14 23:59:56.710 [http-nio-8040-exec-10] TRACE org.hibernate.orm.jdbc.bind - binding parameter (6:NUMERIC) <- [81420.00]
2025-12-14 23:59:56.710 [http-nio-8040-exec-10] TRACE org.hibernate.orm.jdbc.bind - binding parameter (7:NUMERIC) <- [3300.00]
2025-12-14 23:59:56.710 [http-nio-8040-exec-10] TRACE org.hibernate.orm.jdbc.bind - binding parameter (8:BIGINT) <- [5]
2025-12-14 23:59:56.710 [http-nio-8040-exec-10] TRACE org.hibernate.orm.jdbc.bind - binding parameter (9:NUMERIC) <- [3780.00]
2025-12-14 23:59:56.710 [http-nio-8040-exec-10] TRACE org.hibernate.orm.jdbc.bind - binding parameter (10:TIMESTAMP) <- [null]
2025-12-14 23:59:56.710 [http-nio-8040-exec-10] TRACE org.hibernate.orm.jdbc.bind - binding parameter (11:ENUM) <- [PENDING]
2025-12-14 23:59:56.712 [http-nio-8040-exec-10] DEBUG org.hibernate.SQL - 
    insert 
    into
        payroll_payments
        (basic_salary, created_at, da, employee_id, hra, net_salary_paid, other_allowances, payroll_batch_id, pf_contribution, processed_at, status) 
    values
        (?, ?, ?, ?, ?, ?, ?, ?, ?, ?, ?)
2025-12-14 23:59:56.713 [http-nio-8040-exec-10] TRACE org.hibernate.orm.jdbc.bind - binding parameter (1:NUMERIC) <- [58000.00]
2025-12-14 23:59:56.713 [http-nio-8040-exec-10] TRACE org.hibernate.orm.jdbc.bind - binding parameter (2:TIMESTAMP) <- [2025-12-14T23:59:56.712476]
2025-12-14 23:59:56.713 [http-nio-8040-exec-10] TRACE org.hibernate.orm.jdbc.bind - binding parameter (3:NUMERIC) <- [5800.00]
2025-12-14 23:59:56.713 [http-nio-8040-exec-10] TRACE org.hibernate.orm.jdbc.bind - binding parameter (4:BIGINT) <- [93]
2025-12-14 23:59:56.713 [http-nio-8040-exec-10] TRACE org.hibernate.orm.jdbc.bind - binding parameter (5:NUMERIC) <- [11600.00]
2025-12-14 23:59:56.713 [http-nio-8040-exec-10] TRACE org.hibernate.orm.jdbc.bind - binding parameter (6:NUMERIC) <- [74720.00]
2025-12-14 23:59:56.713 [http-nio-8040-exec-10] TRACE org.hibernate.orm.jdbc.bind - binding parameter (7:NUMERIC) <- [2800.00]
2025-12-14 23:59:56.713 [http-nio-8040-exec-10] TRACE org.hibernate.orm.jdbc.bind - binding parameter (8:BIGINT) <- [5]
2025-12-14 23:59:56.713 [http-nio-8040-exec-10] TRACE org.hibernate.orm.jdbc.bind - binding parameter (9:NUMERIC) <- [3480.00]
2025-12-14 23:59:56.713 [http-nio-8040-exec-10] TRACE org.hibernate.orm.jdbc.bind - binding parameter (10:TIMESTAMP) <- [null]
2025-12-14 23:59:56.713 [http-nio-8040-exec-10] TRACE org.hibernate.orm.jdbc.bind - binding parameter (11:ENUM) <- [PENDING]
2025-12-14 23:59:56.716 [http-nio-8040-exec-10] DEBUG org.hibernate.SQL - 
    insert 
    into
        payroll_payments
        (basic_salary, created_at, da, employee_id, hra, net_salary_paid, other_allowances, payroll_batch_id, pf_contribution, processed_at, status) 
    values
        (?, ?, ?, ?, ?, ?, ?, ?, ?, ?, ?)
2025-12-14 23:59:56.716 [http-nio-8040-exec-10] TRACE org.hibernate.orm.jdbc.bind - binding parameter (1:NUMERIC) <- [55000.00]
2025-12-14 23:59:56.716 [http-nio-8040-exec-10] TRACE org.hibernate.orm.jdbc.bind - binding parameter (2:TIMESTAMP) <- [2025-12-14T23:59:56.716177]
2025-12-14 23:59:56.716 [http-nio-8040-exec-10] TRACE org.hibernate.orm.jdbc.bind - binding parameter (3:NUMERIC) <- [5500.00]
2025-12-14 23:59:56.716 [http-nio-8040-exec-10] TRACE org.hibernate.orm.jdbc.bind - binding parameter (4:BIGINT) <- [94]
2025-12-14 23:59:56.716 [http-nio-8040-exec-10] TRACE org.hibernate.orm.jdbc.bind - binding parameter (5:NUMERIC) <- [11000.00]
2025-12-14 23:59:56.716 [http-nio-8040-exec-10] TRACE org.hibernate.orm.jdbc.bind - binding parameter (6:NUMERIC) <- [70700.00]
2025-12-14 23:59:56.717 [http-nio-8040-exec-10] TRACE org.hibernate.orm.jdbc.bind - binding parameter (7:NUMERIC) <- [2500.00]
2025-12-14 23:59:56.717 [http-nio-8040-exec-10] TRACE org.hibernate.orm.jdbc.bind - binding parameter (8:BIGINT) <- [5]
2025-12-14 23:59:56.717 [http-nio-8040-exec-10] TRACE org.hibernate.orm.jdbc.bind - binding parameter (9:NUMERIC) <- [3300.00]
2025-12-14 23:59:56.717 [http-nio-8040-exec-10] TRACE org.hibernate.orm.jdbc.bind - binding parameter (10:TIMESTAMP) <- [null]
2025-12-14 23:59:56.717 [http-nio-8040-exec-10] TRACE org.hibernate.orm.jdbc.bind - binding parameter (11:ENUM) <- [PENDING]
2025-12-14 23:59:56.719 [http-nio-8040-exec-10] DEBUG org.hibernate.SQL - 
    insert 
    into
        payroll_payments
        (basic_salary, created_at, da, employee_id, hra, net_salary_paid, other_allowances, payroll_batch_id, pf_contribution, processed_at, status) 
    values
        (?, ?, ?, ?, ?, ?, ?, ?, ?, ?, ?)
2025-12-14 23:59:56.719 [http-nio-8040-exec-10] TRACE org.hibernate.orm.jdbc.bind - binding parameter (1:NUMERIC) <- [78000.00]
2025-12-14 23:59:56.720 [http-nio-8040-exec-10] TRACE org.hibernate.orm.jdbc.bind - binding parameter (2:TIMESTAMP) <- [2025-12-14T23:59:56.719374]
2025-12-14 23:59:56.720 [http-nio-8040-exec-10] TRACE org.hibernate.orm.jdbc.bind - binding parameter (3:NUMERIC) <- [7800.00]
2025-12-14 23:59:56.720 [http-nio-8040-exec-10] TRACE org.hibernate.orm.jdbc.bind - binding parameter (4:BIGINT) <- [95]
2025-12-14 23:59:56.720 [http-nio-8040-exec-10] TRACE org.hibernate.orm.jdbc.bind - binding parameter (5:NUMERIC) <- [15600.00]
2025-12-14 23:59:56.720 [http-nio-8040-exec-10] TRACE org.hibernate.orm.jdbc.bind - binding parameter (6:NUMERIC) <- [100520.00]
2025-12-14 23:59:56.720 [http-nio-8040-exec-10] TRACE org.hibernate.orm.jdbc.bind - binding parameter (7:NUMERIC) <- [3800.00]
2025-12-14 23:59:56.720 [http-nio-8040-exec-10] TRACE org.hibernate.orm.jdbc.bind - binding parameter (8:BIGINT) <- [5]
2025-12-14 23:59:56.721 [http-nio-8040-exec-10] TRACE org.hibernate.orm.jdbc.bind - binding parameter (9:NUMERIC) <- [4680.00]
2025-12-14 23:59:56.721 [http-nio-8040-exec-10] TRACE org.hibernate.orm.jdbc.bind - binding parameter (10:TIMESTAMP) <- [null]
2025-12-14 23:59:56.721 [http-nio-8040-exec-10] TRACE org.hibernate.orm.jdbc.bind - binding parameter (11:ENUM) <- [PENDING]
2025-12-14 23:59:56.723 [http-nio-8040-exec-10] DEBUG org.hibernate.SQL - 
    insert 
    into
        payroll_payments
        (basic_salary, created_at, da, employee_id, hra, net_salary_paid, other_allowances, payroll_batch_id, pf_contribution, processed_at, status) 
    values
        (?, ?, ?, ?, ?, ?, ?, ?, ?, ?, ?)
2025-12-14 23:59:56.723 [http-nio-8040-exec-10] TRACE org.hibernate.orm.jdbc.bind - binding parameter (1:NUMERIC) <- [61000.00]
2025-12-14 23:59:56.723 [http-nio-8040-exec-10] TRACE org.hibernate.orm.jdbc.bind - binding parameter (2:TIMESTAMP) <- [2025-12-14T23:59:56.723267]
2025-12-14 23:59:56.723 [http-nio-8040-exec-10] TRACE org.hibernate.orm.jdbc.bind - binding parameter (3:NUMERIC) <- [6100.00]
2025-12-14 23:59:56.723 [http-nio-8040-exec-10] TRACE org.hibernate.orm.jdbc.bind - binding parameter (4:BIGINT) <- [96]
2025-12-14 23:59:56.723 [http-nio-8040-exec-10] TRACE org.hibernate.orm.jdbc.bind - binding parameter (5:NUMERIC) <- [12200.00]
2025-12-14 23:59:56.723 [http-nio-8040-exec-10] TRACE org.hibernate.orm.jdbc.bind - binding parameter (6:NUMERIC) <- [78740.00]
2025-12-14 23:59:56.724 [http-nio-8040-exec-10] TRACE org.hibernate.orm.jdbc.bind - binding parameter (7:NUMERIC) <- [3100.00]
2025-12-14 23:59:56.724 [http-nio-8040-exec-10] TRACE org.hibernate.orm.jdbc.bind - binding parameter (8:BIGINT) <- [5]
2025-12-14 23:59:56.724 [http-nio-8040-exec-10] TRACE org.hibernate.orm.jdbc.bind - binding parameter (9:NUMERIC) <- [3660.00]
2025-12-14 23:59:56.724 [http-nio-8040-exec-10] TRACE org.hibernate.orm.jdbc.bind - binding parameter (10:TIMESTAMP) <- [null]
2025-12-14 23:59:56.724 [http-nio-8040-exec-10] TRACE org.hibernate.orm.jdbc.bind - binding parameter (11:ENUM) <- [PENDING]
2025-12-14 23:59:56.725 [http-nio-8040-exec-10] DEBUG org.hibernate.SQL - 
    insert 
    into
        payroll_payments
        (basic_salary, created_at, da, employee_id, hra, net_salary_paid, other_allowances, payroll_batch_id, pf_contribution, processed_at, status) 
    values
        (?, ?, ?, ?, ?, ?, ?, ?, ?, ?, ?)
2025-12-14 23:59:56.726 [http-nio-8040-exec-10] TRACE org.hibernate.orm.jdbc.bind - binding parameter (1:NUMERIC) <- [52000.00]
2025-12-14 23:59:56.726 [http-nio-8040-exec-10] TRACE org.hibernate.orm.jdbc.bind - binding parameter (2:TIMESTAMP) <- [2025-12-14T23:59:56.725988]
2025-12-14 23:59:56.726 [http-nio-8040-exec-10] TRACE org.hibernate.orm.jdbc.bind - binding parameter (3:NUMERIC) <- [5200.00]
2025-12-14 23:59:56.726 [http-nio-8040-exec-10] TRACE org.hibernate.orm.jdbc.bind - binding parameter (4:BIGINT) <- [97]
2025-12-14 23:59:56.726 [http-nio-8040-exec-10] TRACE org.hibernate.orm.jdbc.bind - binding parameter (5:NUMERIC) <- [10400.00]
2025-12-14 23:59:56.726 [http-nio-8040-exec-10] TRACE org.hibernate.orm.jdbc.bind - binding parameter (6:NUMERIC) <- [66680.00]
2025-12-14 23:59:56.726 [http-nio-8040-exec-10] TRACE org.hibernate.orm.jdbc.bind - binding parameter (7:NUMERIC) <- [2200.00]
2025-12-14 23:59:56.726 [http-nio-8040-exec-10] TRACE org.hibernate.orm.jdbc.bind - binding parameter (8:BIGINT) <- [5]
2025-12-14 23:59:56.726 [http-nio-8040-exec-10] TRACE org.hibernate.orm.jdbc.bind - binding parameter (9:NUMERIC) <- [3120.00]
2025-12-14 23:59:56.727 [http-nio-8040-exec-10] TRACE org.hibernate.orm.jdbc.bind - binding parameter (10:TIMESTAMP) <- [null]
2025-12-14 23:59:56.727 [http-nio-8040-exec-10] TRACE org.hibernate.orm.jdbc.bind - binding parameter (11:ENUM) <- [PENDING]
2025-12-14 23:59:56.729 [http-nio-8040-exec-10] DEBUG org.hibernate.SQL - 
    insert 
    into
        payroll_payments
        (basic_salary, created_at, da, employee_id, hra, net_salary_paid, other_allowances, payroll_batch_id, pf_contribution, processed_at, status) 
    values
        (?, ?, ?, ?, ?, ?, ?, ?, ?, ?, ?)
2025-12-14 23:59:56.729 [http-nio-8040-exec-10] TRACE org.hibernate.orm.jdbc.bind - binding parameter (1:NUMERIC) <- [57000.00]
2025-12-14 23:59:56.729 [http-nio-8040-exec-10] TRACE org.hibernate.orm.jdbc.bind - binding parameter (2:TIMESTAMP) <- [2025-12-14T23:59:56.729410]
2025-12-14 23:59:56.729 [http-nio-8040-exec-10] TRACE org.hibernate.orm.jdbc.bind - binding parameter (3:NUMERIC) <- [5700.00]
2025-12-14 23:59:56.729 [http-nio-8040-exec-10] TRACE org.hibernate.orm.jdbc.bind - binding parameter (4:BIGINT) <- [98]
2025-12-14 23:59:56.729 [http-nio-8040-exec-10] TRACE org.hibernate.orm.jdbc.bind - binding parameter (5:NUMERIC) <- [11400.00]
2025-12-14 23:59:56.729 [http-nio-8040-exec-10] TRACE org.hibernate.orm.jdbc.bind - binding parameter (6:NUMERIC) <- [73380.00]
2025-12-14 23:59:56.729 [http-nio-8040-exec-10] TRACE org.hibernate.orm.jdbc.bind - binding parameter (7:NUMERIC) <- [2700.00]
2025-12-14 23:59:56.729 [http-nio-8040-exec-10] TRACE org.hibernate.orm.jdbc.bind - binding parameter (8:BIGINT) <- [5]
2025-12-14 23:59:56.729 [http-nio-8040-exec-10] TRACE org.hibernate.orm.jdbc.bind - binding parameter (9:NUMERIC) <- [3420.00]
2025-12-14 23:59:56.729 [http-nio-8040-exec-10] TRACE org.hibernate.orm.jdbc.bind - binding parameter (10:TIMESTAMP) <- [null]
2025-12-14 23:59:56.729 [http-nio-8040-exec-10] TRACE org.hibernate.orm.jdbc.bind - binding parameter (11:ENUM) <- [PENDING]
2025-12-14 23:59:56.733 [http-nio-8040-exec-10] DEBUG org.hibernate.SQL - 
    insert 
    into
        payroll_payments
        (basic_salary, created_at, da, employee_id, hra, net_salary_paid, other_allowances, payroll_batch_id, pf_contribution, processed_at, status) 
    values
        (?, ?, ?, ?, ?, ?, ?, ?, ?, ?, ?)
2025-12-14 23:59:56.733 [http-nio-8040-exec-10] TRACE org.hibernate.orm.jdbc.bind - binding parameter (1:NUMERIC) <- [60000.00]
2025-12-14 23:59:56.733 [http-nio-8040-exec-10] TRACE org.hibernate.orm.jdbc.bind - binding parameter (2:TIMESTAMP) <- [2025-12-14T23:59:56.732225]
2025-12-14 23:59:56.733 [http-nio-8040-exec-10] TRACE org.hibernate.orm.jdbc.bind - binding parameter (3:NUMERIC) <- [6000.00]
2025-12-14 23:59:56.733 [http-nio-8040-exec-10] TRACE org.hibernate.orm.jdbc.bind - binding parameter (4:BIGINT) <- [99]
2025-12-14 23:59:56.733 [http-nio-8040-exec-10] TRACE org.hibernate.orm.jdbc.bind - binding parameter (5:NUMERIC) <- [12000.00]
2025-12-14 23:59:56.733 [http-nio-8040-exec-10] TRACE org.hibernate.orm.jdbc.bind - binding parameter (6:NUMERIC) <- [77400.00]
2025-12-14 23:59:56.734 [http-nio-8040-exec-10] TRACE org.hibernate.orm.jdbc.bind - binding parameter (7:NUMERIC) <- [3000.00]
2025-12-14 23:59:56.734 [http-nio-8040-exec-10] TRACE org.hibernate.orm.jdbc.bind - binding parameter (8:BIGINT) <- [5]
2025-12-14 23:59:56.734 [http-nio-8040-exec-10] TRACE org.hibernate.orm.jdbc.bind - binding parameter (9:NUMERIC) <- [3600.00]
2025-12-14 23:59:56.734 [http-nio-8040-exec-10] TRACE org.hibernate.orm.jdbc.bind - binding parameter (10:TIMESTAMP) <- [null]
2025-12-14 23:59:56.734 [http-nio-8040-exec-10] TRACE org.hibernate.orm.jdbc.bind - binding parameter (11:ENUM) <- [PENDING]
2025-12-14 23:59:56.736 [http-nio-8040-exec-10] DEBUG org.hibernate.SQL - 
    insert 
    into
        payroll_payments
        (basic_salary, created_at, da, employee_id, hra, net_salary_paid, other_allowances, payroll_batch_id, pf_contribution, processed_at, status) 
    values
        (?, ?, ?, ?, ?, ?, ?, ?, ?, ?, ?)
2025-12-14 23:59:56.736 [http-nio-8040-exec-10] TRACE org.hibernate.orm.jdbc.bind - binding parameter (1:NUMERIC) <- [54000.00]
2025-12-14 23:59:56.736 [http-nio-8040-exec-10] TRACE org.hibernate.orm.jdbc.bind - binding parameter (2:TIMESTAMP) <- [2025-12-14T23:59:56.736352]
2025-12-14 23:59:56.736 [http-nio-8040-exec-10] TRACE org.hibernate.orm.jdbc.bind - binding parameter (3:NUMERIC) <- [5400.00]
2025-12-14 23:59:56.736 [http-nio-8040-exec-10] TRACE org.hibernate.orm.jdbc.bind - binding parameter (4:BIGINT) <- [100]
2025-12-14 23:59:56.736 [http-nio-8040-exec-10] TRACE org.hibernate.orm.jdbc.bind - binding parameter (5:NUMERIC) <- [10800.00]
2025-12-14 23:59:56.736 [http-nio-8040-exec-10] TRACE org.hibernate.orm.jdbc.bind - binding parameter (6:NUMERIC) <- [69360.00]
2025-12-14 23:59:56.736 [http-nio-8040-exec-10] TRACE org.hibernate.orm.jdbc.bind - binding parameter (7:NUMERIC) <- [2400.00]
2025-12-14 23:59:56.736 [http-nio-8040-exec-10] TRACE org.hibernate.orm.jdbc.bind - binding parameter (8:BIGINT) <- [5]
2025-12-14 23:59:56.736 [http-nio-8040-exec-10] TRACE org.hibernate.orm.jdbc.bind - binding parameter (9:NUMERIC) <- [3240.00]
2025-12-14 23:59:56.736 [http-nio-8040-exec-10] TRACE org.hibernate.orm.jdbc.bind - binding parameter (10:TIMESTAMP) <- [null]
2025-12-14 23:59:56.736 [http-nio-8040-exec-10] TRACE org.hibernate.orm.jdbc.bind - binding parameter (11:ENUM) <- [PENDING]
2025-12-14 23:59:56.738 [http-nio-8040-exec-10] INFO  c.a.papms.service.PayrollServiceImpl - Created payroll batch 5 for organization 1 with total amount 7812120.00
2025-12-14 23:59:56.738 [http-nio-8040-exec-10] DEBUG org.hibernate.SQL - 
    select
        o1_0.id,
        o1_0.address,
        o1_0.bank_assigned_account_number,
        o1_0.company_name,
        o1_0.contact_email,
        o1_0.contact_phone,
        o1_0.created_at,
        o1_0.internal_balance,
        o1_0.logo_url,
        o1_0.rejection_reason,
        o1_0.status,
        o1_0.updated_at,
        e1_0.organization_id,
        e1_0.id,
        e1_0.created_at,
        e1_0.date_of_joining,
        e1_0.deletion_scheduled_at,
        e1_0.department,
        e1_0.employee_code,
        e1_0.is_active,
        e1_0.job_title,
        e1_0.profile_picture_url,
        e1_0.updated_at,
        e1_0.user_id 
    from
        organizations o1_0 
    left join
        employees e1_0 
            on o1_0.id=e1_0.organization_id 
    where
        o1_0.id=?
2025-12-14 23:59:56.739 [http-nio-8040-exec-10] TRACE org.hibernate.orm.jdbc.bind - binding parameter (1:INTEGER) <- [1]
2025-12-14 23:59:56.745 [http-nio-8040-exec-10] DEBUG org.hibernate.SQL - 
    select
        u1_0.id,
        u1_0.created_at,
        u1_0.email,
        u1_0.full_name,
        u1_0.is_active,
        u1_0.organization_id,
        u1_0.password,
        u1_0.requires_password_change,
        u1_0.role,
        u1_0.updated_at,
        u1_0.username 
    from
        users u1_0 
    where
        u1_0.id=?
2025-12-14 23:59:56.746 [http-nio-8040-exec-10] TRACE org.hibernate.orm.jdbc.bind - binding parameter (1:BIGINT) <- [12]
2025-12-14 23:59:56.750 [http-nio-8040-exec-10] DEBUG org.hibernate.SQL - 
    select
        u1_0.id,
        u1_0.created_at,
        u1_0.email,
        u1_0.full_name,
        u1_0.is_active,
        u1_0.organization_id,
        u1_0.password,
        u1_0.requires_password_change,
        u1_0.role,
        u1_0.updated_at,
        u1_0.username 
    from
        users u1_0 
    where
        u1_0.id=?
2025-12-14 23:59:56.750 [http-nio-8040-exec-10] TRACE org.hibernate.orm.jdbc.bind - binding parameter (1:BIGINT) <- [5]
2025-12-14 23:59:56.752 [http-nio-8040-exec-10] DEBUG org.hibernate.SQL - 
    select
        u1_0.id,
        u1_0.created_at,
        u1_0.email,
        u1_0.full_name,
        u1_0.is_active,
        u1_0.organization_id,
        u1_0.password,
        u1_0.requires_password_change,
        u1_0.role,
        u1_0.updated_at,
        u1_0.username 
    from
        users u1_0 
    where
        u1_0.id=?
2025-12-14 23:59:56.752 [http-nio-8040-exec-10] TRACE org.hibernate.orm.jdbc.bind - binding parameter (1:BIGINT) <- [6]
2025-12-14 23:59:56.753 [http-nio-8040-exec-10] DEBUG org.hibernate.SQL - 
    select
        u1_0.id,
        u1_0.created_at,
        u1_0.email,
        u1_0.full_name,
        u1_0.is_active,
        u1_0.organization_id,
        u1_0.password,
        u1_0.requires_password_change,
        u1_0.role,
        u1_0.updated_at,
        u1_0.username 
    from
        users u1_0 
    where
        u1_0.id=?
2025-12-14 23:59:56.753 [http-nio-8040-exec-10] TRACE org.hibernate.orm.jdbc.bind - binding parameter (1:BIGINT) <- [4]
2025-12-14 23:59:56.755 [http-nio-8040-exec-10] DEBUG org.hibernate.SQL - 
    select
        u1_0.id,
        u1_0.created_at,
        u1_0.email,
        u1_0.full_name,
        u1_0.is_active,
        u1_0.organization_id,
        u1_0.password,
        u1_0.requires_password_change,
        u1_0.role,
        u1_0.updated_at,
        u1_0.username 
    from
        users u1_0 
    where
        u1_0.id=?
2025-12-14 23:59:56.755 [http-nio-8040-exec-10] TRACE org.hibernate.orm.jdbc.bind - binding parameter (1:BIGINT) <- [8]
2025-12-14 23:59:56.756 [http-nio-8040-exec-10] DEBUG org.hibernate.SQL - 
    select
        u1_0.id,
        u1_0.created_at,
        u1_0.email,
        u1_0.full_name,
        u1_0.is_active,
        u1_0.organization_id,
        u1_0.password,
        u1_0.requires_password_change,
        u1_0.role,
        u1_0.updated_at,
        u1_0.username 
    from
        users u1_0 
    where
        u1_0.id=?
2025-12-14 23:59:56.756 [http-nio-8040-exec-10] TRACE org.hibernate.orm.jdbc.bind - binding parameter (1:BIGINT) <- [10]
2025-12-14 23:59:56.757 [http-nio-8040-exec-10] DEBUG org.hibernate.SQL - 
    select
        u1_0.id,
        u1_0.created_at,
        u1_0.email,
        u1_0.full_name,
        u1_0.is_active,
        u1_0.organization_id,
        u1_0.password,
        u1_0.requires_password_change,
        u1_0.role,
        u1_0.updated_at,
        u1_0.username 
    from
        users u1_0 
    where
        u1_0.id=?
2025-12-14 23:59:56.757 [http-nio-8040-exec-10] TRACE org.hibernate.orm.jdbc.bind - binding parameter (1:BIGINT) <- [18]
2025-12-14 23:59:56.758 [http-nio-8040-exec-10] DEBUG org.hibernate.SQL - 
    select
        u1_0.id,
        u1_0.created_at,
        u1_0.email,
        u1_0.full_name,
        u1_0.is_active,
        u1_0.organization_id,
        u1_0.password,
        u1_0.requires_password_change,
        u1_0.role,
        u1_0.updated_at,
        u1_0.username 
    from
        users u1_0 
    where
        u1_0.id=?
2025-12-14 23:59:56.758 [http-nio-8040-exec-10] TRACE org.hibernate.orm.jdbc.bind - binding parameter (1:BIGINT) <- [13]
2025-12-14 23:59:56.760 [http-nio-8040-exec-10] DEBUG org.hibernate.SQL - 
    select
        u1_0.id,
        u1_0.created_at,
        u1_0.email,
        u1_0.full_name,
        u1_0.is_active,
        u1_0.organization_id,
        u1_0.password,
        u1_0.requires_password_change,
        u1_0.role,
        u1_0.updated_at,
        u1_0.username 
    from
        users u1_0 
    where
        u1_0.id=?
2025-12-14 23:59:56.760 [http-nio-8040-exec-10] TRACE org.hibernate.orm.jdbc.bind - binding parameter (1:BIGINT) <- [11]
2025-12-14 23:59:56.761 [http-nio-8040-exec-10] DEBUG org.hibernate.SQL - 
    select
        u1_0.id,
        u1_0.created_at,
        u1_0.email,
        u1_0.full_name,
        u1_0.is_active,
        u1_0.organization_id,
        u1_0.password,
        u1_0.requires_password_change,
        u1_0.role,
        u1_0.updated_at,
        u1_0.username 
    from
        users u1_0 
    where
        u1_0.id=?
2025-12-14 23:59:56.761 [http-nio-8040-exec-10] TRACE org.hibernate.orm.jdbc.bind - binding parameter (1:BIGINT) <- [22]
2025-12-14 23:59:56.762 [http-nio-8040-exec-10] DEBUG org.hibernate.SQL - 
    select
        u1_0.id,
        u1_0.created_at,
        u1_0.email,
        u1_0.full_name,
        u1_0.is_active,
        u1_0.organization_id,
        u1_0.password,
        u1_0.requires_password_change,
        u1_0.role,
        u1_0.updated_at,
        u1_0.username 
    from
        users u1_0 
    where
        u1_0.id=?
2025-12-14 23:59:56.762 [http-nio-8040-exec-10] TRACE org.hibernate.orm.jdbc.bind - binding parameter (1:BIGINT) <- [16]
2025-12-14 23:59:56.765 [http-nio-8040-exec-10] DEBUG org.hibernate.SQL - 
    select
        u1_0.id,
        u1_0.created_at,
        u1_0.email,
        u1_0.full_name,
        u1_0.is_active,
        u1_0.organization_id,
        u1_0.password,
        u1_0.requires_password_change,
        u1_0.role,
        u1_0.updated_at,
        u1_0.username 
    from
        users u1_0 
    where
        u1_0.id=?
2025-12-14 23:59:56.765 [http-nio-8040-exec-10] TRACE org.hibernate.orm.jdbc.bind - binding parameter (1:BIGINT) <- [7]
2025-12-14 23:59:56.767 [http-nio-8040-exec-10] DEBUG org.hibernate.SQL - 
    select
        u1_0.id,
        u1_0.created_at,
        u1_0.email,
        u1_0.full_name,
        u1_0.is_active,
        u1_0.organization_id,
        u1_0.password,
        u1_0.requires_password_change,
        u1_0.role,
        u1_0.updated_at,
        u1_0.username 
    from
        users u1_0 
    where
        u1_0.id=?
2025-12-14 23:59:56.767 [http-nio-8040-exec-10] TRACE org.hibernate.orm.jdbc.bind - binding parameter (1:BIGINT) <- [15]
2025-12-14 23:59:56.770 [http-nio-8040-exec-10] DEBUG org.hibernate.SQL - 
    select
        u1_0.id,
        u1_0.created_at,
        u1_0.email,
        u1_0.full_name,
        u1_0.is_active,
        u1_0.organization_id,
        u1_0.password,
        u1_0.requires_password_change,
        u1_0.role,
        u1_0.updated_at,
        u1_0.username 
    from
        users u1_0 
    where
        u1_0.id=?
2025-12-14 23:59:56.770 [http-nio-8040-exec-10] TRACE org.hibernate.orm.jdbc.bind - binding parameter (1:BIGINT) <- [26]
2025-12-14 23:59:56.771 [http-nio-8040-exec-10] DEBUG org.hibernate.SQL - 
    select
        u1_0.id,
        u1_0.created_at,
        u1_0.email,
        u1_0.full_name,
        u1_0.is_active,
        u1_0.organization_id,
        u1_0.password,
        u1_0.requires_password_change,
        u1_0.role,
        u1_0.updated_at,
        u1_0.username 
    from
        users u1_0 
    where
        u1_0.id=?
2025-12-14 23:59:56.771 [http-nio-8040-exec-10] TRACE org.hibernate.orm.jdbc.bind - binding parameter (1:BIGINT) <- [30]
2025-12-14 23:59:56.772 [http-nio-8040-exec-10] DEBUG org.hibernate.SQL - 
    select
        u1_0.id,
        u1_0.created_at,
        u1_0.email,
        u1_0.full_name,
        u1_0.is_active,
        u1_0.organization_id,
        u1_0.password,
        u1_0.requires_password_change,
        u1_0.role,
        u1_0.updated_at,
        u1_0.username 
    from
        users u1_0 
    where
        u1_0.id=?
2025-12-14 23:59:56.772 [http-nio-8040-exec-10] TRACE org.hibernate.orm.jdbc.bind - binding parameter (1:BIGINT) <- [19]
2025-12-14 23:59:56.774 [http-nio-8040-exec-10] DEBUG org.hibernate.SQL - 
    select
        u1_0.id,
        u1_0.created_at,
        u1_0.email,
        u1_0.full_name,
        u1_0.is_active,
        u1_0.organization_id,
        u1_0.password,
        u1_0.requires_password_change,
        u1_0.role,
        u1_0.updated_at,
        u1_0.username 
    from
        users u1_0 
    where
        u1_0.id=?
2025-12-14 23:59:56.775 [http-nio-8040-exec-10] TRACE org.hibernate.orm.jdbc.bind - binding parameter (1:BIGINT) <- [34]
2025-12-14 23:59:56.777 [http-nio-8040-exec-10] DEBUG org.hibernate.SQL - 
    select
        u1_0.id,
        u1_0.created_at,
        u1_0.email,
        u1_0.full_name,
        u1_0.is_active,
        u1_0.organization_id,
        u1_0.password,
        u1_0.requires_password_change,
        u1_0.role,
        u1_0.updated_at,
        u1_0.username 
    from
        users u1_0 
    where
        u1_0.id=?
2025-12-14 23:59:56.777 [http-nio-8040-exec-10] TRACE org.hibernate.orm.jdbc.bind - binding parameter (1:BIGINT) <- [38]
2025-12-14 23:59:56.778 [http-nio-8040-exec-10] DEBUG org.hibernate.SQL - 
    select
        u1_0.id,
        u1_0.created_at,
        u1_0.email,
        u1_0.full_name,
        u1_0.is_active,
        u1_0.organization_id,
        u1_0.password,
        u1_0.requires_password_change,
        u1_0.role,
        u1_0.updated_at,
        u1_0.username 
    from
        users u1_0 
    where
        u1_0.id=?
2025-12-14 23:59:56.778 [http-nio-8040-exec-10] TRACE org.hibernate.orm.jdbc.bind - binding parameter (1:BIGINT) <- [23]
2025-12-14 23:59:56.779 [http-nio-8040-exec-10] DEBUG org.hibernate.SQL - 
    select
        u1_0.id,
        u1_0.created_at,
        u1_0.email,
        u1_0.full_name,
        u1_0.is_active,
        u1_0.organization_id,
        u1_0.password,
        u1_0.requires_password_change,
        u1_0.role,
        u1_0.updated_at,
        u1_0.username 
    from
        users u1_0 
    where
        u1_0.id=?
2025-12-14 23:59:56.780 [http-nio-8040-exec-10] TRACE org.hibernate.orm.jdbc.bind - binding parameter (1:BIGINT) <- [20]
2025-12-14 23:59:56.781 [http-nio-8040-exec-10] DEBUG org.hibernate.SQL - 
    select
        u1_0.id,
        u1_0.created_at,
        u1_0.email,
        u1_0.full_name,
        u1_0.is_active,
        u1_0.organization_id,
        u1_0.password,
        u1_0.requires_password_change,
        u1_0.role,
        u1_0.updated_at,
        u1_0.username 
    from
        users u1_0 
    where
        u1_0.id=?
2025-12-14 23:59:56.783 [http-nio-8040-exec-10] TRACE org.hibernate.orm.jdbc.bind - binding parameter (1:BIGINT) <- [27]
2025-12-14 23:59:56.784 [http-nio-8040-exec-10] DEBUG org.hibernate.SQL - 
    select
        u1_0.id,
        u1_0.created_at,
        u1_0.email,
        u1_0.full_name,
        u1_0.is_active,
        u1_0.organization_id,
        u1_0.password,
        u1_0.requires_password_change,
        u1_0.role,
        u1_0.updated_at,
        u1_0.username 
    from
        users u1_0 
    where
        u1_0.id=?
2025-12-14 23:59:56.784 [http-nio-8040-exec-10] TRACE org.hibernate.orm.jdbc.bind - binding parameter (1:BIGINT) <- [41]
2025-12-14 23:59:56.786 [http-nio-8040-exec-10] DEBUG org.hibernate.SQL - 
    select
        u1_0.id,
        u1_0.created_at,
        u1_0.email,
        u1_0.full_name,
        u1_0.is_active,
        u1_0.organization_id,
        u1_0.password,
        u1_0.requires_password_change,
        u1_0.role,
        u1_0.updated_at,
        u1_0.username 
    from
        users u1_0 
    where
        u1_0.id=?
2025-12-14 23:59:56.786 [http-nio-8040-exec-10] TRACE org.hibernate.orm.jdbc.bind - binding parameter (1:BIGINT) <- [9]
2025-12-14 23:59:56.787 [http-nio-8040-exec-10] DEBUG org.hibernate.SQL - 
    select
        u1_0.id,
        u1_0.created_at,
        u1_0.email,
        u1_0.full_name,
        u1_0.is_active,
        u1_0.organization_id,
        u1_0.password,
        u1_0.requires_password_change,
        u1_0.role,
        u1_0.updated_at,
        u1_0.username 
    from
        users u1_0 
    where
        u1_0.id=?
2025-12-14 23:59:56.787 [http-nio-8040-exec-10] TRACE org.hibernate.orm.jdbc.bind - binding parameter (1:BIGINT) <- [42]
2025-12-14 23:59:56.788 [http-nio-8040-exec-10] DEBUG org.hibernate.SQL - 
    select
        u1_0.id,
        u1_0.created_at,
        u1_0.email,
        u1_0.full_name,
        u1_0.is_active,
        u1_0.organization_id,
        u1_0.password,
        u1_0.requires_password_change,
        u1_0.role,
        u1_0.updated_at,
        u1_0.username 
    from
        users u1_0 
    where
        u1_0.id=?
2025-12-14 23:59:56.788 [http-nio-8040-exec-10] TRACE org.hibernate.orm.jdbc.bind - binding parameter (1:BIGINT) <- [14]
2025-12-14 23:59:56.789 [http-nio-8040-exec-10] DEBUG org.hibernate.SQL - 
    select
        u1_0.id,
        u1_0.created_at,
        u1_0.email,
        u1_0.full_name,
        u1_0.is_active,
        u1_0.organization_id,
        u1_0.password,
        u1_0.requires_password_change,
        u1_0.role,
        u1_0.updated_at,
        u1_0.username 
    from
        users u1_0 
    where
        u1_0.id=?
2025-12-14 23:59:56.789 [http-nio-8040-exec-10] TRACE org.hibernate.orm.jdbc.bind - binding parameter (1:BIGINT) <- [31]
2025-12-14 23:59:56.790 [http-nio-8040-exec-10] DEBUG org.hibernate.SQL - 
    select
        u1_0.id,
        u1_0.created_at,
        u1_0.email,
        u1_0.full_name,
        u1_0.is_active,
        u1_0.organization_id,
        u1_0.password,
        u1_0.requires_password_change,
        u1_0.role,
        u1_0.updated_at,
        u1_0.username 
    from
        users u1_0 
    where
        u1_0.id=?
2025-12-14 23:59:56.790 [http-nio-8040-exec-10] TRACE org.hibernate.orm.jdbc.bind - binding parameter (1:BIGINT) <- [43]
2025-12-14 23:59:56.791 [http-nio-8040-exec-10] DEBUG org.hibernate.SQL - 
    select
        u1_0.id,
        u1_0.created_at,
        u1_0.email,
        u1_0.full_name,
        u1_0.is_active,
        u1_0.organization_id,
        u1_0.password,
        u1_0.requires_password_change,
        u1_0.role,
        u1_0.updated_at,
        u1_0.username 
    from
        users u1_0 
    where
        u1_0.id=?
2025-12-14 23:59:56.791 [http-nio-8040-exec-10] TRACE org.hibernate.orm.jdbc.bind - binding parameter (1:BIGINT) <- [17]
2025-12-14 23:59:56.792 [http-nio-8040-exec-10] DEBUG org.hibernate.SQL - 
    select
        u1_0.id,
        u1_0.created_at,
        u1_0.email,
        u1_0.full_name,
        u1_0.is_active,
        u1_0.organization_id,
        u1_0.password,
        u1_0.requires_password_change,
        u1_0.role,
        u1_0.updated_at,
        u1_0.username 
    from
        users u1_0 
    where
        u1_0.id=?
2025-12-14 23:59:56.793 [http-nio-8040-exec-10] TRACE org.hibernate.orm.jdbc.bind - binding parameter (1:BIGINT) <- [35]
2025-12-14 23:59:56.793 [http-nio-8040-exec-10] DEBUG org.hibernate.SQL - 
    select
        u1_0.id,
        u1_0.created_at,
        u1_0.email,
        u1_0.full_name,
        u1_0.is_active,
        u1_0.organization_id,
        u1_0.password,
        u1_0.requires_password_change,
        u1_0.role,
        u1_0.updated_at,
        u1_0.username 
    from
        users u1_0 
    where
        u1_0.id=?
2025-12-14 23:59:56.793 [http-nio-8040-exec-10] TRACE org.hibernate.orm.jdbc.bind - binding parameter (1:BIGINT) <- [21]
2025-12-14 23:59:56.794 [http-nio-8040-exec-10] DEBUG org.hibernate.SQL - 
    select
        u1_0.id,
        u1_0.created_at,
        u1_0.email,
        u1_0.full_name,
        u1_0.is_active,
        u1_0.organization_id,
        u1_0.password,
        u1_0.requires_password_change,
        u1_0.role,
        u1_0.updated_at,
        u1_0.username 
    from
        users u1_0 
    where
        u1_0.id=?
2025-12-14 23:59:56.794 [http-nio-8040-exec-10] TRACE org.hibernate.orm.jdbc.bind - binding parameter (1:BIGINT) <- [24]
2025-12-14 23:59:56.795 [http-nio-8040-exec-10] DEBUG org.hibernate.SQL - 
    select
        u1_0.id,
        u1_0.created_at,
        u1_0.email,
        u1_0.full_name,
        u1_0.is_active,
        u1_0.organization_id,
        u1_0.password,
        u1_0.requires_password_change,
        u1_0.role,
        u1_0.updated_at,
        u1_0.username 
    from
        users u1_0 
    where
        u1_0.id=?
2025-12-14 23:59:56.795 [http-nio-8040-exec-10] TRACE org.hibernate.orm.jdbc.bind - binding parameter (1:BIGINT) <- [39]
2025-12-14 23:59:56.796 [http-nio-8040-exec-10] DEBUG org.hibernate.SQL - 
    select
        u1_0.id,
        u1_0.created_at,
        u1_0.email,
        u1_0.full_name,
        u1_0.is_active,
        u1_0.organization_id,
        u1_0.password,
        u1_0.requires_password_change,
        u1_0.role,
        u1_0.updated_at,
        u1_0.username 
    from
        users u1_0 
    where
        u1_0.id=?
2025-12-14 23:59:56.796 [http-nio-8040-exec-10] TRACE org.hibernate.orm.jdbc.bind - binding parameter (1:BIGINT) <- [25]
2025-12-14 23:59:56.797 [http-nio-8040-exec-10] DEBUG org.hibernate.SQL - 
    select
        u1_0.id,
        u1_0.created_at,
        u1_0.email,
        u1_0.full_name,
        u1_0.is_active,
        u1_0.organization_id,
        u1_0.password,
        u1_0.requires_password_change,
        u1_0.role,
        u1_0.updated_at,
        u1_0.username 
    from
        users u1_0 
    where
        u1_0.id=?
2025-12-14 23:59:56.798 [http-nio-8040-exec-10] TRACE org.hibernate.orm.jdbc.bind - binding parameter (1:BIGINT) <- [28]
2025-12-14 23:59:56.798 [http-nio-8040-exec-10] DEBUG org.hibernate.SQL - 
    select
        u1_0.id,
        u1_0.created_at,
        u1_0.email,
        u1_0.full_name,
        u1_0.is_active,
        u1_0.organization_id,
        u1_0.password,
        u1_0.requires_password_change,
        u1_0.role,
        u1_0.updated_at,
        u1_0.username 
    from
        users u1_0 
    where
        u1_0.id=?
2025-12-14 23:59:56.798 [http-nio-8040-exec-10] TRACE org.hibernate.orm.jdbc.bind - binding parameter (1:BIGINT) <- [29]
2025-12-14 23:59:56.799 [http-nio-8040-exec-10] DEBUG org.hibernate.SQL - 
    select
        u1_0.id,
        u1_0.created_at,
        u1_0.email,
        u1_0.full_name,
        u1_0.is_active,
        u1_0.organization_id,
        u1_0.password,
        u1_0.requires_password_change,
        u1_0.role,
        u1_0.updated_at,
        u1_0.username 
    from
        users u1_0 
    where
        u1_0.id=?
2025-12-14 23:59:56.799 [http-nio-8040-exec-10] TRACE org.hibernate.orm.jdbc.bind - binding parameter (1:BIGINT) <- [33]
2025-12-14 23:59:56.800 [http-nio-8040-exec-10] DEBUG org.hibernate.SQL - 
    select
        u1_0.id,
        u1_0.created_at,
        u1_0.email,
        u1_0.full_name,
        u1_0.is_active,
        u1_0.organization_id,
        u1_0.password,
        u1_0.requires_password_change,
        u1_0.role,
        u1_0.updated_at,
        u1_0.username 
    from
        users u1_0 
    where
        u1_0.id=?
2025-12-14 23:59:56.800 [http-nio-8040-exec-10] TRACE org.hibernate.orm.jdbc.bind - binding parameter (1:BIGINT) <- [37]
2025-12-14 23:59:56.801 [http-nio-8040-exec-10] DEBUG org.hibernate.SQL - 
    select
        u1_0.id,
        u1_0.created_at,
        u1_0.email,
        u1_0.full_name,
        u1_0.is_active,
        u1_0.organization_id,
        u1_0.password,
        u1_0.requires_password_change,
        u1_0.role,
        u1_0.updated_at,
        u1_0.username 
    from
        users u1_0 
    where
        u1_0.id=?
2025-12-14 23:59:56.802 [http-nio-8040-exec-10] TRACE org.hibernate.orm.jdbc.bind - binding parameter (1:BIGINT) <- [32]
2025-12-14 23:59:56.802 [http-nio-8040-exec-10] DEBUG org.hibernate.SQL - 
    select
        u1_0.id,
        u1_0.created_at,
        u1_0.email,
        u1_0.full_name,
        u1_0.is_active,
        u1_0.organization_id,
        u1_0.password,
        u1_0.requires_password_change,
        u1_0.role,
        u1_0.updated_at,
        u1_0.username 
    from
        users u1_0 
    where
        u1_0.id=?
2025-12-14 23:59:56.802 [http-nio-8040-exec-10] TRACE org.hibernate.orm.jdbc.bind - binding parameter (1:BIGINT) <- [36]
2025-12-14 23:59:56.803 [http-nio-8040-exec-10] DEBUG org.hibernate.SQL - 
    select
        u1_0.id,
        u1_0.created_at,
        u1_0.email,
        u1_0.full_name,
        u1_0.is_active,
        u1_0.organization_id,
        u1_0.password,
        u1_0.requires_password_change,
        u1_0.role,
        u1_0.updated_at,
        u1_0.username 
    from
        users u1_0 
    where
        u1_0.id=?
2025-12-14 23:59:56.803 [http-nio-8040-exec-10] TRACE org.hibernate.orm.jdbc.bind - binding parameter (1:BIGINT) <- [40]
2025-12-14 23:59:56.804 [http-nio-8040-exec-10] DEBUG org.hibernate.SQL - 
    select
        u1_0.id,
        u1_0.created_at,
        u1_0.email,
        u1_0.full_name,
        u1_0.is_active,
        u1_0.organization_id,
        u1_0.password,
        u1_0.requires_password_change,
        u1_0.role,
        u1_0.updated_at,
        u1_0.username 
    from
        users u1_0 
    where
        u1_0.id=?
2025-12-14 23:59:56.804 [http-nio-8040-exec-10] TRACE org.hibernate.orm.jdbc.bind - binding parameter (1:BIGINT) <- [44]
2025-12-14 23:59:56.805 [http-nio-8040-exec-10] DEBUG org.hibernate.SQL - 
    select
        u1_0.id,
        u1_0.created_at,
        u1_0.email,
        u1_0.full_name,
        u1_0.is_active,
        u1_0.organization_id,
        u1_0.password,
        u1_0.requires_password_change,
        u1_0.role,
        u1_0.updated_at,
        u1_0.username 
    from
        users u1_0 
    where
        u1_0.id=?
2025-12-14 23:59:56.805 [http-nio-8040-exec-10] TRACE org.hibernate.orm.jdbc.bind - binding parameter (1:BIGINT) <- [45]
2025-12-14 23:59:56.805 [http-nio-8040-exec-10] DEBUG org.hibernate.SQL - 
    select
        u1_0.id,
        u1_0.created_at,
        u1_0.email,
        u1_0.full_name,
        u1_0.is_active,
        u1_0.organization_id,
        u1_0.password,
        u1_0.requires_password_change,
        u1_0.role,
        u1_0.updated_at,
        u1_0.username 
    from
        users u1_0 
    where
        u1_0.id=?
2025-12-14 23:59:56.805 [http-nio-8040-exec-10] TRACE org.hibernate.orm.jdbc.bind - binding parameter (1:BIGINT) <- [46]
2025-12-14 23:59:56.805 [http-nio-8040-exec-10] DEBUG org.hibernate.SQL - 
    select
        u1_0.id,
        u1_0.created_at,
        u1_0.email,
        u1_0.full_name,
        u1_0.is_active,
        u1_0.organization_id,
        u1_0.password,
        u1_0.requires_password_change,
        u1_0.role,
        u1_0.updated_at,
        u1_0.username 
    from
        users u1_0 
    where
        u1_0.id=?
2025-12-14 23:59:56.805 [http-nio-8040-exec-10] TRACE org.hibernate.orm.jdbc.bind - binding parameter (1:BIGINT) <- [47]
2025-12-14 23:59:56.807 [http-nio-8040-exec-10] DEBUG org.hibernate.SQL - 
    select
        u1_0.id,
        u1_0.created_at,
        u1_0.email,
        u1_0.full_name,
        u1_0.is_active,
        u1_0.organization_id,
        u1_0.password,
        u1_0.requires_password_change,
        u1_0.role,
        u1_0.updated_at,
        u1_0.username 
    from
        users u1_0 
    where
        u1_0.id=?
2025-12-14 23:59:56.807 [http-nio-8040-exec-10] TRACE org.hibernate.orm.jdbc.bind - binding parameter (1:BIGINT) <- [48]
2025-12-14 23:59:56.808 [http-nio-8040-exec-10] DEBUG org.hibernate.SQL - 
    select
        u1_0.id,
        u1_0.created_at,
        u1_0.email,
        u1_0.full_name,
        u1_0.is_active,
        u1_0.organization_id,
        u1_0.password,
        u1_0.requires_password_change,
        u1_0.role,
        u1_0.updated_at,
        u1_0.username 
    from
        users u1_0 
    where
        u1_0.id=?
2025-12-14 23:59:56.808 [http-nio-8040-exec-10] TRACE org.hibernate.orm.jdbc.bind - binding parameter (1:BIGINT) <- [49]
2025-12-14 23:59:56.809 [http-nio-8040-exec-10] DEBUG org.hibernate.SQL - 
    select
        u1_0.id,
        u1_0.created_at,
        u1_0.email,
        u1_0.full_name,
        u1_0.is_active,
        u1_0.organization_id,
        u1_0.password,
        u1_0.requires_password_change,
        u1_0.role,
        u1_0.updated_at,
        u1_0.username 
    from
        users u1_0 
    where
        u1_0.id=?
2025-12-14 23:59:56.809 [http-nio-8040-exec-10] TRACE org.hibernate.orm.jdbc.bind - binding parameter (1:BIGINT) <- [50]
2025-12-14 23:59:56.809 [http-nio-8040-exec-10] DEBUG org.hibernate.SQL - 
    select
        u1_0.id,
        u1_0.created_at,
        u1_0.email,
        u1_0.full_name,
        u1_0.is_active,
        u1_0.organization_id,
        u1_0.password,
        u1_0.requires_password_change,
        u1_0.role,
        u1_0.updated_at,
        u1_0.username 
    from
        users u1_0 
    where
        u1_0.id=?
2025-12-14 23:59:56.810 [http-nio-8040-exec-10] TRACE org.hibernate.orm.jdbc.bind - binding parameter (1:BIGINT) <- [51]
2025-12-14 23:59:56.811 [http-nio-8040-exec-10] DEBUG org.hibernate.SQL - 
    select
        u1_0.id,
        u1_0.created_at,
        u1_0.email,
        u1_0.full_name,
        u1_0.is_active,
        u1_0.organization_id,
        u1_0.password,
        u1_0.requires_password_change,
        u1_0.role,
        u1_0.updated_at,
        u1_0.username 
    from
        users u1_0 
    where
        u1_0.id=?
2025-12-14 23:59:56.811 [http-nio-8040-exec-10] TRACE org.hibernate.orm.jdbc.bind - binding parameter (1:BIGINT) <- [52]
2025-12-14 23:59:56.811 [http-nio-8040-exec-10] DEBUG org.hibernate.SQL - 
    select
        u1_0.id,
        u1_0.created_at,
        u1_0.email,
        u1_0.full_name,
        u1_0.is_active,
        u1_0.organization_id,
        u1_0.password,
        u1_0.requires_password_change,
        u1_0.role,
        u1_0.updated_at,
        u1_0.username 
    from
        users u1_0 
    where
        u1_0.id=?
2025-12-14 23:59:56.812 [http-nio-8040-exec-10] TRACE org.hibernate.orm.jdbc.bind - binding parameter (1:BIGINT) <- [53]
2025-12-14 23:59:56.812 [http-nio-8040-exec-10] DEBUG org.hibernate.SQL - 
    select
        u1_0.id,
        u1_0.created_at,
        u1_0.email,
        u1_0.full_name,
        u1_0.is_active,
        u1_0.organization_id,
        u1_0.password,
        u1_0.requires_password_change,
        u1_0.role,
        u1_0.updated_at,
        u1_0.username 
    from
        users u1_0 
    where
        u1_0.id=?
2025-12-14 23:59:56.813 [http-nio-8040-exec-10] TRACE org.hibernate.orm.jdbc.bind - binding parameter (1:BIGINT) <- [54]
2025-12-14 23:59:56.813 [http-nio-8040-exec-10] DEBUG org.hibernate.SQL - 
    select
        u1_0.id,
        u1_0.created_at,
        u1_0.email,
        u1_0.full_name,
        u1_0.is_active,
        u1_0.organization_id,
        u1_0.password,
        u1_0.requires_password_change,
        u1_0.role,
        u1_0.updated_at,
        u1_0.username 
    from
        users u1_0 
    where
        u1_0.id=?
2025-12-14 23:59:56.813 [http-nio-8040-exec-10] TRACE org.hibernate.orm.jdbc.bind - binding parameter (1:BIGINT) <- [55]
2025-12-14 23:59:56.815 [http-nio-8040-exec-10] DEBUG org.hibernate.SQL - 
    select
        u1_0.id,
        u1_0.created_at,
        u1_0.email,
        u1_0.full_name,
        u1_0.is_active,
        u1_0.organization_id,
        u1_0.password,
        u1_0.requires_password_change,
        u1_0.role,
        u1_0.updated_at,
        u1_0.username 
    from
        users u1_0 
    where
        u1_0.id=?
2025-12-14 23:59:56.815 [http-nio-8040-exec-10] TRACE org.hibernate.orm.jdbc.bind - binding parameter (1:BIGINT) <- [56]
2025-12-14 23:59:56.815 [http-nio-8040-exec-10] DEBUG org.hibernate.SQL - 
    select
        u1_0.id,
        u1_0.created_at,
        u1_0.email,
        u1_0.full_name,
        u1_0.is_active,
        u1_0.organization_id,
        u1_0.password,
        u1_0.requires_password_change,
        u1_0.role,
        u1_0.updated_at,
        u1_0.username 
    from
        users u1_0 
    where
        u1_0.id=?
2025-12-14 23:59:56.815 [http-nio-8040-exec-10] TRACE org.hibernate.orm.jdbc.bind - binding parameter (1:BIGINT) <- [57]
2025-12-14 23:59:56.815 [http-nio-8040-exec-10] DEBUG org.hibernate.SQL - 
    select
        u1_0.id,
        u1_0.created_at,
        u1_0.email,
        u1_0.full_name,
        u1_0.is_active,
        u1_0.organization_id,
        u1_0.password,
        u1_0.requires_password_change,
        u1_0.role,
        u1_0.updated_at,
        u1_0.username 
    from
        users u1_0 
    where
        u1_0.id=?
2025-12-14 23:59:56.817 [http-nio-8040-exec-10] TRACE org.hibernate.orm.jdbc.bind - binding parameter (1:BIGINT) <- [58]
2025-12-14 23:59:56.817 [http-nio-8040-exec-10] DEBUG org.hibernate.SQL - 
    select
        u1_0.id,
        u1_0.created_at,
        u1_0.email,
        u1_0.full_name,
        u1_0.is_active,
        u1_0.organization_id,
        u1_0.password,
        u1_0.requires_password_change,
        u1_0.role,
        u1_0.updated_at,
        u1_0.username 
    from
        users u1_0 
    where
        u1_0.id=?
2025-12-14 23:59:56.818 [http-nio-8040-exec-10] TRACE org.hibernate.orm.jdbc.bind - binding parameter (1:BIGINT) <- [59]
2025-12-14 23:59:56.818 [http-nio-8040-exec-10] DEBUG org.hibernate.SQL - 
    select
        u1_0.id,
        u1_0.created_at,
        u1_0.email,
        u1_0.full_name,
        u1_0.is_active,
        u1_0.organization_id,
        u1_0.password,
        u1_0.requires_password_change,
        u1_0.role,
        u1_0.updated_at,
        u1_0.username 
    from
        users u1_0 
    where
        u1_0.id=?
2025-12-14 23:59:56.818 [http-nio-8040-exec-10] TRACE org.hibernate.orm.jdbc.bind - binding parameter (1:BIGINT) <- [60]
2025-12-14 23:59:56.819 [http-nio-8040-exec-10] DEBUG org.hibernate.SQL - 
    select
        u1_0.id,
        u1_0.created_at,
        u1_0.email,
        u1_0.full_name,
        u1_0.is_active,
        u1_0.organization_id,
        u1_0.password,
        u1_0.requires_password_change,
        u1_0.role,
        u1_0.updated_at,
        u1_0.username 
    from
        users u1_0 
    where
        u1_0.id=?
2025-12-14 23:59:56.819 [http-nio-8040-exec-10] TRACE org.hibernate.orm.jdbc.bind - binding parameter (1:BIGINT) <- [61]
2025-12-14 23:59:56.820 [http-nio-8040-exec-10] DEBUG org.hibernate.SQL - 
    select
        u1_0.id,
        u1_0.created_at,
        u1_0.email,
        u1_0.full_name,
        u1_0.is_active,
        u1_0.organization_id,
        u1_0.password,
        u1_0.requires_password_change,
        u1_0.role,
        u1_0.updated_at,
        u1_0.username 
    from
        users u1_0 
    where
        u1_0.id=?
2025-12-14 23:59:56.820 [http-nio-8040-exec-10] TRACE org.hibernate.orm.jdbc.bind - binding parameter (1:BIGINT) <- [62]
2025-12-14 23:59:56.821 [http-nio-8040-exec-10] DEBUG org.hibernate.SQL - 
    select
        u1_0.id,
        u1_0.created_at,
        u1_0.email,
        u1_0.full_name,
        u1_0.is_active,
        u1_0.organization_id,
        u1_0.password,
        u1_0.requires_password_change,
        u1_0.role,
        u1_0.updated_at,
        u1_0.username 
    from
        users u1_0 
    where
        u1_0.id=?
2025-12-14 23:59:56.821 [http-nio-8040-exec-10] TRACE org.hibernate.orm.jdbc.bind - binding parameter (1:BIGINT) <- [63]
2025-12-14 23:59:56.821 [http-nio-8040-exec-10] DEBUG org.hibernate.SQL - 
    select
        u1_0.id,
        u1_0.created_at,
        u1_0.email,
        u1_0.full_name,
        u1_0.is_active,
        u1_0.organization_id,
        u1_0.password,
        u1_0.requires_password_change,
        u1_0.role,
        u1_0.updated_at,
        u1_0.username 
    from
        users u1_0 
    where
        u1_0.id=?
2025-12-14 23:59:56.821 [http-nio-8040-exec-10] TRACE org.hibernate.orm.jdbc.bind - binding parameter (1:BIGINT) <- [64]
2025-12-14 23:59:56.822 [http-nio-8040-exec-10] DEBUG org.hibernate.SQL - 
    select
        u1_0.id,
        u1_0.created_at,
        u1_0.email,
        u1_0.full_name,
        u1_0.is_active,
        u1_0.organization_id,
        u1_0.password,
        u1_0.requires_password_change,
        u1_0.role,
        u1_0.updated_at,
        u1_0.username 
    from
        users u1_0 
    where
        u1_0.id=?
2025-12-14 23:59:56.822 [http-nio-8040-exec-10] TRACE org.hibernate.orm.jdbc.bind - binding parameter (1:BIGINT) <- [65]
2025-12-14 23:59:56.823 [http-nio-8040-exec-10] DEBUG org.hibernate.SQL - 
    select
        u1_0.id,
        u1_0.created_at,
        u1_0.email,
        u1_0.full_name,
        u1_0.is_active,
        u1_0.organization_id,
        u1_0.password,
        u1_0.requires_password_change,
        u1_0.role,
        u1_0.updated_at,
        u1_0.username 
    from
        users u1_0 
    where
        u1_0.id=?
2025-12-14 23:59:56.823 [http-nio-8040-exec-10] TRACE org.hibernate.orm.jdbc.bind - binding parameter (1:BIGINT) <- [66]
2025-12-14 23:59:56.823 [http-nio-8040-exec-10] DEBUG org.hibernate.SQL - 
    select
        u1_0.id,
        u1_0.created_at,
        u1_0.email,
        u1_0.full_name,
        u1_0.is_active,
        u1_0.organization_id,
        u1_0.password,
        u1_0.requires_password_change,
        u1_0.role,
        u1_0.updated_at,
        u1_0.username 
    from
        users u1_0 
    where
        u1_0.id=?
2025-12-14 23:59:56.825 [http-nio-8040-exec-10] TRACE org.hibernate.orm.jdbc.bind - binding parameter (1:BIGINT) <- [67]
2025-12-14 23:59:56.825 [http-nio-8040-exec-10] DEBUG org.hibernate.SQL - 
    select
        u1_0.id,
        u1_0.created_at,
        u1_0.email,
        u1_0.full_name,
        u1_0.is_active,
        u1_0.organization_id,
        u1_0.password,
        u1_0.requires_password_change,
        u1_0.role,
        u1_0.updated_at,
        u1_0.username 
    from
        users u1_0 
    where
        u1_0.id=?
2025-12-14 23:59:56.825 [http-nio-8040-exec-10] TRACE org.hibernate.orm.jdbc.bind - binding parameter (1:BIGINT) <- [68]
2025-12-14 23:59:56.826 [http-nio-8040-exec-10] DEBUG org.hibernate.SQL - 
    select
        u1_0.id,
        u1_0.created_at,
        u1_0.email,
        u1_0.full_name,
        u1_0.is_active,
        u1_0.organization_id,
        u1_0.password,
        u1_0.requires_password_change,
        u1_0.role,
        u1_0.updated_at,
        u1_0.username 
    from
        users u1_0 
    where
        u1_0.id=?
2025-12-14 23:59:56.826 [http-nio-8040-exec-10] TRACE org.hibernate.orm.jdbc.bind - binding parameter (1:BIGINT) <- [69]
2025-12-14 23:59:56.826 [http-nio-8040-exec-10] DEBUG org.hibernate.SQL - 
    select
        u1_0.id,
        u1_0.created_at,
        u1_0.email,
        u1_0.full_name,
        u1_0.is_active,
        u1_0.organization_id,
        u1_0.password,
        u1_0.requires_password_change,
        u1_0.role,
        u1_0.updated_at,
        u1_0.username 
    from
        users u1_0 
    where
        u1_0.id=?
2025-12-14 23:59:56.826 [http-nio-8040-exec-10] TRACE org.hibernate.orm.jdbc.bind - binding parameter (1:BIGINT) <- [70]
2025-12-14 23:59:56.827 [http-nio-8040-exec-10] DEBUG org.hibernate.SQL - 
    select
        u1_0.id,
        u1_0.created_at,
        u1_0.email,
        u1_0.full_name,
        u1_0.is_active,
        u1_0.organization_id,
        u1_0.password,
        u1_0.requires_password_change,
        u1_0.role,
        u1_0.updated_at,
        u1_0.username 
    from
        users u1_0 
    where
        u1_0.id=?
2025-12-14 23:59:56.827 [http-nio-8040-exec-10] TRACE org.hibernate.orm.jdbc.bind - binding parameter (1:BIGINT) <- [71]
2025-12-14 23:59:56.828 [http-nio-8040-exec-10] DEBUG org.hibernate.SQL - 
    select
        u1_0.id,
        u1_0.created_at,
        u1_0.email,
        u1_0.full_name,
        u1_0.is_active,
        u1_0.organization_id,
        u1_0.password,
        u1_0.requires_password_change,
        u1_0.role,
        u1_0.updated_at,
        u1_0.username 
    from
        users u1_0 
    where
        u1_0.id=?
2025-12-14 23:59:56.828 [http-nio-8040-exec-10] TRACE org.hibernate.orm.jdbc.bind - binding parameter (1:BIGINT) <- [72]
2025-12-14 23:59:56.829 [http-nio-8040-exec-10] DEBUG org.hibernate.SQL - 
    select
        u1_0.id,
        u1_0.created_at,
        u1_0.email,
        u1_0.full_name,
        u1_0.is_active,
        u1_0.organization_id,
        u1_0.password,
        u1_0.requires_password_change,
        u1_0.role,
        u1_0.updated_at,
        u1_0.username 
    from
        users u1_0 
    where
        u1_0.id=?
2025-12-14 23:59:56.829 [http-nio-8040-exec-10] TRACE org.hibernate.orm.jdbc.bind - binding parameter (1:BIGINT) <- [73]
2025-12-14 23:59:56.830 [http-nio-8040-exec-10] DEBUG org.hibernate.SQL - 
    select
        u1_0.id,
        u1_0.created_at,
        u1_0.email,
        u1_0.full_name,
        u1_0.is_active,
        u1_0.organization_id,
        u1_0.password,
        u1_0.requires_password_change,
        u1_0.role,
        u1_0.updated_at,
        u1_0.username 
    from
        users u1_0 
    where
        u1_0.id=?
2025-12-14 23:59:56.830 [http-nio-8040-exec-10] TRACE org.hibernate.orm.jdbc.bind - binding parameter (1:BIGINT) <- [74]
2025-12-14 23:59:56.831 [http-nio-8040-exec-10] DEBUG org.hibernate.SQL - 
    select
        u1_0.id,
        u1_0.created_at,
        u1_0.email,
        u1_0.full_name,
        u1_0.is_active,
        u1_0.organization_id,
        u1_0.password,
        u1_0.requires_password_change,
        u1_0.role,
        u1_0.updated_at,
        u1_0.username 
    from
        users u1_0 
    where
        u1_0.id=?
2025-12-14 23:59:56.831 [http-nio-8040-exec-10] TRACE org.hibernate.orm.jdbc.bind - binding parameter (1:BIGINT) <- [75]
2025-12-14 23:59:56.832 [http-nio-8040-exec-10] DEBUG org.hibernate.SQL - 
    select
        u1_0.id,
        u1_0.created_at,
        u1_0.email,
        u1_0.full_name,
        u1_0.is_active,
        u1_0.organization_id,
        u1_0.password,
        u1_0.requires_password_change,
        u1_0.role,
        u1_0.updated_at,
        u1_0.username 
    from
        users u1_0 
    where
        u1_0.id=?
2025-12-14 23:59:56.832 [http-nio-8040-exec-10] TRACE org.hibernate.orm.jdbc.bind - binding parameter (1:BIGINT) <- [76]
2025-12-14 23:59:56.833 [http-nio-8040-exec-10] DEBUG org.hibernate.SQL - 
    select
        u1_0.id,
        u1_0.created_at,
        u1_0.email,
        u1_0.full_name,
        u1_0.is_active,
        u1_0.organization_id,
        u1_0.password,
        u1_0.requires_password_change,
        u1_0.role,
        u1_0.updated_at,
        u1_0.username 
    from
        users u1_0 
    where
        u1_0.id=?
2025-12-14 23:59:56.833 [http-nio-8040-exec-10] TRACE org.hibernate.orm.jdbc.bind - binding parameter (1:BIGINT) <- [77]
2025-12-14 23:59:56.834 [http-nio-8040-exec-10] DEBUG org.hibernate.SQL - 
    select
        u1_0.id,
        u1_0.created_at,
        u1_0.email,
        u1_0.full_name,
        u1_0.is_active,
        u1_0.organization_id,
        u1_0.password,
        u1_0.requires_password_change,
        u1_0.role,
        u1_0.updated_at,
        u1_0.username 
    from
        users u1_0 
    where
        u1_0.id=?
2025-12-14 23:59:56.834 [http-nio-8040-exec-10] TRACE org.hibernate.orm.jdbc.bind - binding parameter (1:BIGINT) <- [78]
2025-12-14 23:59:56.834 [http-nio-8040-exec-10] DEBUG org.hibernate.SQL - 
    select
        u1_0.id,
        u1_0.created_at,
        u1_0.email,
        u1_0.full_name,
        u1_0.is_active,
        u1_0.organization_id,
        u1_0.password,
        u1_0.requires_password_change,
        u1_0.role,
        u1_0.updated_at,
        u1_0.username 
    from
        users u1_0 
    where
        u1_0.id=?
2025-12-14 23:59:56.834 [http-nio-8040-exec-10] TRACE org.hibernate.orm.jdbc.bind - binding parameter (1:BIGINT) <- [79]
2025-12-14 23:59:56.836 [http-nio-8040-exec-10] DEBUG org.hibernate.SQL - 
    select
        u1_0.id,
        u1_0.created_at,
        u1_0.email,
        u1_0.full_name,
        u1_0.is_active,
        u1_0.organization_id,
        u1_0.password,
        u1_0.requires_password_change,
        u1_0.role,
        u1_0.updated_at,
        u1_0.username 
    from
        users u1_0 
    where
        u1_0.id=?
2025-12-14 23:59:56.836 [http-nio-8040-exec-10] TRACE org.hibernate.orm.jdbc.bind - binding parameter (1:BIGINT) <- [80]
2025-12-14 23:59:56.836 [http-nio-8040-exec-10] DEBUG org.hibernate.SQL - 
    select
        u1_0.id,
        u1_0.created_at,
        u1_0.email,
        u1_0.full_name,
        u1_0.is_active,
        u1_0.organization_id,
        u1_0.password,
        u1_0.requires_password_change,
        u1_0.role,
        u1_0.updated_at,
        u1_0.username 
    from
        users u1_0 
    where
        u1_0.id=?
2025-12-14 23:59:56.836 [http-nio-8040-exec-10] TRACE org.hibernate.orm.jdbc.bind - binding parameter (1:BIGINT) <- [81]
2025-12-14 23:59:56.837 [http-nio-8040-exec-10] DEBUG org.hibernate.SQL - 
    select
        u1_0.id,
        u1_0.created_at,
        u1_0.email,
        u1_0.full_name,
        u1_0.is_active,
        u1_0.organization_id,
        u1_0.password,
        u1_0.requires_password_change,
        u1_0.role,
        u1_0.updated_at,
        u1_0.username 
    from
        users u1_0 
    where
        u1_0.id=?
2025-12-14 23:59:56.837 [http-nio-8040-exec-10] TRACE org.hibernate.orm.jdbc.bind - binding parameter (1:BIGINT) <- [82]
2025-12-14 23:59:56.838 [http-nio-8040-exec-10] DEBUG org.hibernate.SQL - 
    select
        u1_0.id,
        u1_0.created_at,
        u1_0.email,
        u1_0.full_name,
        u1_0.is_active,
        u1_0.organization_id,
        u1_0.password,
        u1_0.requires_password_change,
        u1_0.role,
        u1_0.updated_at,
        u1_0.username 
    from
        users u1_0 
    where
        u1_0.id=?
2025-12-14 23:59:56.838 [http-nio-8040-exec-10] TRACE org.hibernate.orm.jdbc.bind - binding parameter (1:BIGINT) <- [83]
2025-12-14 23:59:56.838 [http-nio-8040-exec-10] DEBUG org.hibernate.SQL - 
    select
        u1_0.id,
        u1_0.created_at,
        u1_0.email,
        u1_0.full_name,
        u1_0.is_active,
        u1_0.organization_id,
        u1_0.password,
        u1_0.requires_password_change,
        u1_0.role,
        u1_0.updated_at,
        u1_0.username 
    from
        users u1_0 
    where
        u1_0.id=?
2025-12-14 23:59:56.840 [http-nio-8040-exec-10] TRACE org.hibernate.orm.jdbc.bind - binding parameter (1:BIGINT) <- [84]
2025-12-14 23:59:56.841 [http-nio-8040-exec-10] DEBUG org.hibernate.SQL - 
    select
        u1_0.id,
        u1_0.created_at,
        u1_0.email,
        u1_0.full_name,
        u1_0.is_active,
        u1_0.organization_id,
        u1_0.password,
        u1_0.requires_password_change,
        u1_0.role,
        u1_0.updated_at,
        u1_0.username 
    from
        users u1_0 
    where
        u1_0.id=?
2025-12-14 23:59:56.841 [http-nio-8040-exec-10] TRACE org.hibernate.orm.jdbc.bind - binding parameter (1:BIGINT) <- [85]
2025-12-14 23:59:56.842 [http-nio-8040-exec-10] DEBUG org.hibernate.SQL - 
    select
        u1_0.id,
        u1_0.created_at,
        u1_0.email,
        u1_0.full_name,
        u1_0.is_active,
        u1_0.organization_id,
        u1_0.password,
        u1_0.requires_password_change,
        u1_0.role,
        u1_0.updated_at,
        u1_0.username 
    from
        users u1_0 
    where
        u1_0.id=?
2025-12-14 23:59:56.842 [http-nio-8040-exec-10] TRACE org.hibernate.orm.jdbc.bind - binding parameter (1:BIGINT) <- [86]
2025-12-14 23:59:56.842 [http-nio-8040-exec-10] DEBUG org.hibernate.SQL - 
    select
        u1_0.id,
        u1_0.created_at,
        u1_0.email,
        u1_0.full_name,
        u1_0.is_active,
        u1_0.organization_id,
        u1_0.password,
        u1_0.requires_password_change,
        u1_0.role,
        u1_0.updated_at,
        u1_0.username 
    from
        users u1_0 
    where
        u1_0.id=?
2025-12-14 23:59:56.842 [http-nio-8040-exec-10] TRACE org.hibernate.orm.jdbc.bind - binding parameter (1:BIGINT) <- [87]
2025-12-14 23:59:56.844 [http-nio-8040-exec-10] DEBUG org.hibernate.SQL - 
    select
        u1_0.id,
        u1_0.created_at,
        u1_0.email,
        u1_0.full_name,
        u1_0.is_active,
        u1_0.organization_id,
        u1_0.password,
        u1_0.requires_password_change,
        u1_0.role,
        u1_0.updated_at,
        u1_0.username 
    from
        users u1_0 
    where
        u1_0.id=?
2025-12-14 23:59:56.844 [http-nio-8040-exec-10] TRACE org.hibernate.orm.jdbc.bind - binding parameter (1:BIGINT) <- [88]
2025-12-14 23:59:56.844 [http-nio-8040-exec-10] DEBUG org.hibernate.SQL - 
    select
        u1_0.id,
        u1_0.created_at,
        u1_0.email,
        u1_0.full_name,
        u1_0.is_active,
        u1_0.organization_id,
        u1_0.password,
        u1_0.requires_password_change,
        u1_0.role,
        u1_0.updated_at,
        u1_0.username 
    from
        users u1_0 
    where
        u1_0.id=?
2025-12-14 23:59:56.845 [http-nio-8040-exec-10] TRACE org.hibernate.orm.jdbc.bind - binding parameter (1:BIGINT) <- [89]
2025-12-14 23:59:56.845 [http-nio-8040-exec-10] DEBUG org.hibernate.SQL - 
    select
        u1_0.id,
        u1_0.created_at,
        u1_0.email,
        u1_0.full_name,
        u1_0.is_active,
        u1_0.organization_id,
        u1_0.password,
        u1_0.requires_password_change,
        u1_0.role,
        u1_0.updated_at,
        u1_0.username 
    from
        users u1_0 
    where
        u1_0.id=?
2025-12-14 23:59:56.845 [http-nio-8040-exec-10] TRACE org.hibernate.orm.jdbc.bind - binding parameter (1:BIGINT) <- [90]
2025-12-14 23:59:56.846 [http-nio-8040-exec-10] DEBUG org.hibernate.SQL - 
    select
        u1_0.id,
        u1_0.created_at,
        u1_0.email,
        u1_0.full_name,
        u1_0.is_active,
        u1_0.organization_id,
        u1_0.password,
        u1_0.requires_password_change,
        u1_0.role,
        u1_0.updated_at,
        u1_0.username 
    from
        users u1_0 
    where
        u1_0.id=?
2025-12-14 23:59:56.846 [http-nio-8040-exec-10] TRACE org.hibernate.orm.jdbc.bind - binding parameter (1:BIGINT) <- [91]
2025-12-14 23:59:56.847 [http-nio-8040-exec-10] DEBUG org.hibernate.SQL - 
    select
        u1_0.id,
        u1_0.created_at,
        u1_0.email,
        u1_0.full_name,
        u1_0.is_active,
        u1_0.organization_id,
        u1_0.password,
        u1_0.requires_password_change,
        u1_0.role,
        u1_0.updated_at,
        u1_0.username 
    from
        users u1_0 
    where
        u1_0.id=?
2025-12-14 23:59:56.847 [http-nio-8040-exec-10] TRACE org.hibernate.orm.jdbc.bind - binding parameter (1:BIGINT) <- [92]
2025-12-14 23:59:56.848 [http-nio-8040-exec-10] DEBUG org.hibernate.SQL - 
    select
        u1_0.id,
        u1_0.created_at,
        u1_0.email,
        u1_0.full_name,
        u1_0.is_active,
        u1_0.organization_id,
        u1_0.password,
        u1_0.requires_password_change,
        u1_0.role,
        u1_0.updated_at,
        u1_0.username 
    from
        users u1_0 
    where
        u1_0.id=?
2025-12-14 23:59:56.848 [http-nio-8040-exec-10] TRACE org.hibernate.orm.jdbc.bind - binding parameter (1:BIGINT) <- [93]
2025-12-14 23:59:56.849 [http-nio-8040-exec-10] DEBUG org.hibernate.SQL - 
    select
        u1_0.id,
        u1_0.created_at,
        u1_0.email,
        u1_0.full_name,
        u1_0.is_active,
        u1_0.organization_id,
        u1_0.password,
        u1_0.requires_password_change,
        u1_0.role,
        u1_0.updated_at,
        u1_0.username 
    from
        users u1_0 
    where
        u1_0.id=?
2025-12-14 23:59:56.849 [http-nio-8040-exec-10] TRACE org.hibernate.orm.jdbc.bind - binding parameter (1:BIGINT) <- [94]
2025-12-14 23:59:56.851 [http-nio-8040-exec-10] DEBUG org.hibernate.SQL - 
    select
        u1_0.id,
        u1_0.created_at,
        u1_0.email,
        u1_0.full_name,
        u1_0.is_active,
        u1_0.organization_id,
        u1_0.password,
        u1_0.requires_password_change,
        u1_0.role,
        u1_0.updated_at,
        u1_0.username 
    from
        users u1_0 
    where
        u1_0.id=?
2025-12-14 23:59:56.851 [http-nio-8040-exec-10] TRACE org.hibernate.orm.jdbc.bind - binding parameter (1:BIGINT) <- [95]
2025-12-14 23:59:56.851 [http-nio-8040-exec-10] DEBUG org.hibernate.SQL - 
    select
        u1_0.id,
        u1_0.created_at,
        u1_0.email,
        u1_0.full_name,
        u1_0.is_active,
        u1_0.organization_id,
        u1_0.password,
        u1_0.requires_password_change,
        u1_0.role,
        u1_0.updated_at,
        u1_0.username 
    from
        users u1_0 
    where
        u1_0.id=?
2025-12-14 23:59:56.852 [http-nio-8040-exec-10] TRACE org.hibernate.orm.jdbc.bind - binding parameter (1:BIGINT) <- [96]
2025-12-14 23:59:56.852 [http-nio-8040-exec-10] DEBUG org.hibernate.SQL - 
    select
        u1_0.id,
        u1_0.created_at,
        u1_0.email,
        u1_0.full_name,
        u1_0.is_active,
        u1_0.organization_id,
        u1_0.password,
        u1_0.requires_password_change,
        u1_0.role,
        u1_0.updated_at,
        u1_0.username 
    from
        users u1_0 
    where
        u1_0.id=?
2025-12-14 23:59:56.852 [http-nio-8040-exec-10] TRACE org.hibernate.orm.jdbc.bind - binding parameter (1:BIGINT) <- [97]
2025-12-14 23:59:56.853 [http-nio-8040-exec-10] DEBUG org.hibernate.SQL - 
    select
        u1_0.id,
        u1_0.created_at,
        u1_0.email,
        u1_0.full_name,
        u1_0.is_active,
        u1_0.organization_id,
        u1_0.password,
        u1_0.requires_password_change,
        u1_0.role,
        u1_0.updated_at,
        u1_0.username 
    from
        users u1_0 
    where
        u1_0.id=?
2025-12-14 23:59:56.853 [http-nio-8040-exec-10] TRACE org.hibernate.orm.jdbc.bind - binding parameter (1:BIGINT) <- [98]
2025-12-14 23:59:56.854 [http-nio-8040-exec-10] DEBUG org.hibernate.SQL - 
    select
        u1_0.id,
        u1_0.created_at,
        u1_0.email,
        u1_0.full_name,
        u1_0.is_active,
        u1_0.organization_id,
        u1_0.password,
        u1_0.requires_password_change,
        u1_0.role,
        u1_0.updated_at,
        u1_0.username 
    from
        users u1_0 
    where
        u1_0.id=?
2025-12-14 23:59:56.854 [http-nio-8040-exec-10] TRACE org.hibernate.orm.jdbc.bind - binding parameter (1:BIGINT) <- [99]
2025-12-14 23:59:56.855 [http-nio-8040-exec-10] DEBUG org.hibernate.SQL - 
    select
        u1_0.id,
        u1_0.created_at,
        u1_0.email,
        u1_0.full_name,
        u1_0.is_active,
        u1_0.organization_id,
        u1_0.password,
        u1_0.requires_password_change,
        u1_0.role,
        u1_0.updated_at,
        u1_0.username 
    from
        users u1_0 
    where
        u1_0.id=?
2025-12-14 23:59:56.855 [http-nio-8040-exec-10] TRACE org.hibernate.orm.jdbc.bind - binding parameter (1:BIGINT) <- [100]
2025-12-14 23:59:56.855 [http-nio-8040-exec-10] DEBUG org.hibernate.SQL - 
    select
        u1_0.id,
        u1_0.created_at,
        u1_0.email,
        u1_0.full_name,
        u1_0.is_active,
        u1_0.organization_id,
        u1_0.password,
        u1_0.requires_password_change,
        u1_0.role,
        u1_0.updated_at,
        u1_0.username 
    from
        users u1_0 
    where
        u1_0.id=?
2025-12-14 23:59:56.855 [http-nio-8040-exec-10] TRACE org.hibernate.orm.jdbc.bind - binding parameter (1:BIGINT) <- [101]
2025-12-14 23:59:56.856 [http-nio-8040-exec-10] DEBUG org.hibernate.SQL - 
    select
        u1_0.id,
        u1_0.created_at,
        u1_0.email,
        u1_0.full_name,
        u1_0.is_active,
        u1_0.organization_id,
        u1_0.password,
        u1_0.requires_password_change,
        u1_0.role,
        u1_0.updated_at,
        u1_0.username 
    from
        users u1_0 
    where
        u1_0.id=?
2025-12-14 23:59:56.856 [http-nio-8040-exec-10] TRACE org.hibernate.orm.jdbc.bind - binding parameter (1:BIGINT) <- [102]
2025-12-14 23:59:56.857 [http-nio-8040-exec-10] DEBUG org.hibernate.SQL - 
    select
        u1_0.id,
        u1_0.created_at,
        u1_0.email,
        u1_0.full_name,
        u1_0.is_active,
        u1_0.organization_id,
        u1_0.password,
        u1_0.requires_password_change,
        u1_0.role,
        u1_0.updated_at,
        u1_0.username 
    from
        users u1_0 
    where
        u1_0.id=?
2025-12-14 23:59:56.857 [http-nio-8040-exec-10] TRACE org.hibernate.orm.jdbc.bind - binding parameter (1:BIGINT) <- [103]
2025-12-14 23:59:56.892 [http-nio-8040-exec-10] INFO  c.a.p.controller.PayrollController - Successfully created payroll batch ID 5 for org ID 1. Status: PENDING_APPROVAL
2025-12-14 23:59:57.114 [http-nio-8040-exec-1] DEBUG org.hibernate.SQL - 
    select
        u1_0.id,
        u1_0.created_at,
        u1_0.email,
        u1_0.full_name,
        u1_0.is_active,
        u1_0.organization_id,
        u1_0.password,
        u1_0.requires_password_change,
        u1_0.role,
        u1_0.updated_at,
        u1_0.username 
    from
        users u1_0 
    where
        u1_0.username=?
2025-12-14 23:59:57.116 [http-nio-8040-exec-1] TRACE org.hibernate.orm.jdbc.bind - binding parameter (1:VARCHAR) <- [sony]
2025-12-14 23:59:57.120 [http-nio-8040-exec-1] INFO  c.a.p.controller.PayrollController - Request to get payroll history for org ID 1 with pagination: Page request [number: 0, size 10, sort: UNSORTED]
2025-12-14 23:59:57.124 [http-nio-8040-exec-1] DEBUG org.hibernate.SQL - 
    select
        u1_0.id,
        u1_0.created_at,
        u1_0.email,
        u1_0.full_name,
        u1_0.is_active,
        u1_0.organization_id,
        u1_0.password,
        u1_0.requires_password_change,
        u1_0.role,
        u1_0.updated_at,
        u1_0.username 
    from
        users u1_0 
    where
        u1_0.username=?
2025-12-14 23:59:57.124 [http-nio-8040-exec-1] TRACE org.hibernate.orm.jdbc.bind - binding parameter (1:VARCHAR) <- [sony]
2025-12-14 23:59:57.128 [http-nio-8040-exec-1] DEBUG org.hibernate.SQL - 
    select
        pb1_0.id,
        pb1_0.approved_by_user_id,
        pb1_0.created_at,
        pb1_0.organization_id,
        pb1_0.payroll_month,
        pb1_0.payroll_year,
        pb1_0.rejection_reason,
        pb1_0.status,
        pb1_0.submitted_by_user_id,
        pb1_0.total_amount,
        pb1_0.total_employees,
        pb1_0.transaction_id,
        pb1_0.updated_at 
    from
        payroll_batches pb1_0 
    left join
        organizations o1_0 
            on o1_0.id=pb1_0.organization_id 
    where
        o1_0.id=? 
    limit
        ?
2025-12-14 23:59:57.128 [http-nio-8040-exec-1] TRACE org.hibernate.orm.jdbc.bind - binding parameter (1:INTEGER) <- [1]
2025-12-14 23:59:57.128 [http-nio-8040-exec-1] TRACE org.hibernate.orm.jdbc.bind - binding parameter (2:INTEGER) <- [10]
2025-12-14 23:59:57.132 [http-nio-8040-exec-1] DEBUG org.hibernate.SQL - 
    select
        o1_0.id,
        o1_0.address,
        o1_0.bank_assigned_account_number,
        o1_0.company_name,
        o1_0.contact_email,
        o1_0.contact_phone,
        o1_0.created_at,
        o1_0.internal_balance,
        o1_0.logo_url,
        o1_0.rejection_reason,
        o1_0.status,
        o1_0.updated_at,
        e1_0.organization_id,
        e1_0.id,
        e1_0.created_at,
        e1_0.date_of_joining,
        e1_0.deletion_scheduled_at,
        e1_0.department,
        e1_0.employee_code,
        e1_0.is_active,
        e1_0.job_title,
        e1_0.profile_picture_url,
        e1_0.updated_at,
        e1_0.user_id 
    from
        organizations o1_0 
    left join
        employees e1_0 
            on o1_0.id=e1_0.organization_id 
    where
        o1_0.id=?
2025-12-14 23:59:57.133 [http-nio-8040-exec-1] TRACE org.hibernate.orm.jdbc.bind - binding parameter (1:INTEGER) <- [1]
2025-12-14 23:59:57.136 [http-nio-8040-exec-1] DEBUG org.hibernate.SQL - 
    select
        ba1_0.id,
        ba1_0.account_holder_name,
        ba1_0.account_number,
        ba1_0.bank_name,
        ba1_0.created_at,
        ba1_0.employee_id,
        ba1_0.ifsc_code,
        ba1_0.is_primary,
        ba1_0.owner_type,
        ba1_0.updated_at,
        ba1_0.vendor_id 
    from
        bank_accounts ba1_0 
    where
        ba1_0.employee_id=?
2025-12-14 23:59:57.138 [http-nio-8040-exec-1] TRACE org.hibernate.orm.jdbc.bind - binding parameter (1:BIGINT) <- [11]
2025-12-14 23:59:57.139 [http-nio-8040-exec-1] DEBUG org.hibernate.SQL - 
    select
        ba1_0.id,
        ba1_0.account_holder_name,
        ba1_0.account_number,
        ba1_0.bank_name,
        ba1_0.created_at,
        ba1_0.employee_id,
        ba1_0.ifsc_code,
        ba1_0.is_primary,
        ba1_0.owner_type,
        ba1_0.updated_at,
        ba1_0.vendor_id 
    from
        bank_accounts ba1_0 
    where
        ba1_0.employee_id=?
2025-12-14 23:59:57.139 [http-nio-8040-exec-1] TRACE org.hibernate.orm.jdbc.bind - binding parameter (1:BIGINT) <- [2]
2025-12-14 23:59:57.141 [http-nio-8040-exec-1] DEBUG org.hibernate.SQL - 
    select
        ba1_0.id,
        ba1_0.account_holder_name,
        ba1_0.account_number,
        ba1_0.bank_name,
        ba1_0.created_at,
        ba1_0.employee_id,
        ba1_0.ifsc_code,
        ba1_0.is_primary,
        ba1_0.owner_type,
        ba1_0.updated_at,
        ba1_0.vendor_id 
    from
        bank_accounts ba1_0 
    where
        ba1_0.employee_id=?
2025-12-14 23:59:57.141 [http-nio-8040-exec-1] TRACE org.hibernate.orm.jdbc.bind - binding parameter (1:BIGINT) <- [3]
2025-12-14 23:59:57.142 [http-nio-8040-exec-1] DEBUG org.hibernate.SQL - 
    select
        ba1_0.id,
        ba1_0.account_holder_name,
        ba1_0.account_number,
        ba1_0.bank_name,
        ba1_0.created_at,
        ba1_0.employee_id,
        ba1_0.ifsc_code,
        ba1_0.is_primary,
        ba1_0.owner_type,
        ba1_0.updated_at,
        ba1_0.vendor_id 
    from
        bank_accounts ba1_0 
    where
        ba1_0.employee_id=?
2025-12-14 23:59:57.142 [http-nio-8040-exec-1] TRACE org.hibernate.orm.jdbc.bind - binding parameter (1:BIGINT) <- [1]
2025-12-14 23:59:57.143 [http-nio-8040-exec-1] DEBUG org.hibernate.SQL - 
    select
        ba1_0.id,
        ba1_0.account_holder_name,
        ba1_0.account_number,
        ba1_0.bank_name,
        ba1_0.created_at,
        ba1_0.employee_id,
        ba1_0.ifsc_code,
        ba1_0.is_primary,
        ba1_0.owner_type,
        ba1_0.updated_at,
        ba1_0.vendor_id 
    from
        bank_accounts ba1_0 
    where
        ba1_0.employee_id=?
2025-12-14 23:59:57.145 [http-nio-8040-exec-1] TRACE org.hibernate.orm.jdbc.bind - binding parameter (1:BIGINT) <- [5]
2025-12-14 23:59:57.145 [http-nio-8040-exec-1] DEBUG org.hibernate.SQL - 
    select
        ba1_0.id,
        ba1_0.account_holder_name,
        ba1_0.account_number,
        ba1_0.bank_name,
        ba1_0.created_at,
        ba1_0.employee_id,
        ba1_0.ifsc_code,
        ba1_0.is_primary,
        ba1_0.owner_type,
        ba1_0.updated_at,
        ba1_0.vendor_id 
    from
        bank_accounts ba1_0 
    where
        ba1_0.employee_id=?
2025-12-14 23:59:57.147 [http-nio-8040-exec-1] TRACE org.hibernate.orm.jdbc.bind - binding parameter (1:BIGINT) <- [7]
2025-12-14 23:59:57.148 [http-nio-8040-exec-1] DEBUG org.hibernate.SQL - 
    select
        ba1_0.id,
        ba1_0.account_holder_name,
        ba1_0.account_number,
        ba1_0.bank_name,
        ba1_0.created_at,
        ba1_0.employee_id,
        ba1_0.ifsc_code,
        ba1_0.is_primary,
        ba1_0.owner_type,
        ba1_0.updated_at,
        ba1_0.vendor_id 
    from
        bank_accounts ba1_0 
    where
        ba1_0.employee_id=?
2025-12-14 23:59:57.149 [http-nio-8040-exec-1] TRACE org.hibernate.orm.jdbc.bind - binding parameter (1:BIGINT) <- [15]
2025-12-14 23:59:57.151 [http-nio-8040-exec-1] DEBUG org.hibernate.SQL - 
    select
        ba1_0.id,
        ba1_0.account_holder_name,
        ba1_0.account_number,
        ba1_0.bank_name,
        ba1_0.created_at,
        ba1_0.employee_id,
        ba1_0.ifsc_code,
        ba1_0.is_primary,
        ba1_0.owner_type,
        ba1_0.updated_at,
        ba1_0.vendor_id 
    from
        bank_accounts ba1_0 
    where
        ba1_0.employee_id=?
2025-12-14 23:59:57.151 [http-nio-8040-exec-1] TRACE org.hibernate.orm.jdbc.bind - binding parameter (1:BIGINT) <- [10]
2025-12-14 23:59:57.152 [http-nio-8040-exec-1] DEBUG org.hibernate.SQL - 
    select
        ba1_0.id,
        ba1_0.account_holder_name,
        ba1_0.account_number,
        ba1_0.bank_name,
        ba1_0.created_at,
        ba1_0.employee_id,
        ba1_0.ifsc_code,
        ba1_0.is_primary,
        ba1_0.owner_type,
        ba1_0.updated_at,
        ba1_0.vendor_id 
    from
        bank_accounts ba1_0 
    where
        ba1_0.employee_id=?
2025-12-14 23:59:57.152 [http-nio-8040-exec-1] TRACE org.hibernate.orm.jdbc.bind - binding parameter (1:BIGINT) <- [8]
2025-12-14 23:59:57.154 [http-nio-8040-exec-1] DEBUG org.hibernate.SQL - 
    select
        ba1_0.id,
        ba1_0.account_holder_name,
        ba1_0.account_number,
        ba1_0.bank_name,
        ba1_0.created_at,
        ba1_0.employee_id,
        ba1_0.ifsc_code,
        ba1_0.is_primary,
        ba1_0.owner_type,
        ba1_0.updated_at,
        ba1_0.vendor_id 
    from
        bank_accounts ba1_0 
    where
        ba1_0.employee_id=?
2025-12-14 23:59:57.154 [http-nio-8040-exec-1] TRACE org.hibernate.orm.jdbc.bind - binding parameter (1:BIGINT) <- [19]
2025-12-14 23:59:57.156 [http-nio-8040-exec-1] DEBUG org.hibernate.SQL - 
    select
        ba1_0.id,
        ba1_0.account_holder_name,
        ba1_0.account_number,
        ba1_0.bank_name,
        ba1_0.created_at,
        ba1_0.employee_id,
        ba1_0.ifsc_code,
        ba1_0.is_primary,
        ba1_0.owner_type,
        ba1_0.updated_at,
        ba1_0.vendor_id 
    from
        bank_accounts ba1_0 
    where
        ba1_0.employee_id=?
2025-12-14 23:59:57.156 [http-nio-8040-exec-1] TRACE org.hibernate.orm.jdbc.bind - binding parameter (1:BIGINT) <- [13]
2025-12-14 23:59:57.156 [http-nio-8040-exec-1] DEBUG org.hibernate.SQL - 
    select
        ba1_0.id,
        ba1_0.account_holder_name,
        ba1_0.account_number,
        ba1_0.bank_name,
        ba1_0.created_at,
        ba1_0.employee_id,
        ba1_0.ifsc_code,
        ba1_0.is_primary,
        ba1_0.owner_type,
        ba1_0.updated_at,
        ba1_0.vendor_id 
    from
        bank_accounts ba1_0 
    where
        ba1_0.employee_id=?
2025-12-14 23:59:57.158 [http-nio-8040-exec-1] TRACE org.hibernate.orm.jdbc.bind - binding parameter (1:BIGINT) <- [4]
2025-12-14 23:59:57.159 [http-nio-8040-exec-1] DEBUG org.hibernate.SQL - 
    select
        ba1_0.id,
        ba1_0.account_holder_name,
        ba1_0.account_number,
        ba1_0.bank_name,
        ba1_0.created_at,
        ba1_0.employee_id,
        ba1_0.ifsc_code,
        ba1_0.is_primary,
        ba1_0.owner_type,
        ba1_0.updated_at,
        ba1_0.vendor_id 
    from
        bank_accounts ba1_0 
    where
        ba1_0.employee_id=?
2025-12-14 23:59:57.159 [http-nio-8040-exec-1] TRACE org.hibernate.orm.jdbc.bind - binding parameter (1:BIGINT) <- [12]
2025-12-14 23:59:57.160 [http-nio-8040-exec-1] DEBUG org.hibernate.SQL - 
    select
        ba1_0.id,
        ba1_0.account_holder_name,
        ba1_0.account_number,
        ba1_0.bank_name,
        ba1_0.created_at,
        ba1_0.employee_id,
        ba1_0.ifsc_code,
        ba1_0.is_primary,
        ba1_0.owner_type,
        ba1_0.updated_at,
        ba1_0.vendor_id 
    from
        bank_accounts ba1_0 
    where
        ba1_0.employee_id=?
2025-12-14 23:59:57.160 [http-nio-8040-exec-1] TRACE org.hibernate.orm.jdbc.bind - binding parameter (1:BIGINT) <- [23]
2025-12-14 23:59:57.161 [http-nio-8040-exec-1] DEBUG org.hibernate.SQL - 
    select
        ba1_0.id,
        ba1_0.account_holder_name,
        ba1_0.account_number,
        ba1_0.bank_name,
        ba1_0.created_at,
        ba1_0.employee_id,
        ba1_0.ifsc_code,
        ba1_0.is_primary,
        ba1_0.owner_type,
        ba1_0.updated_at,
        ba1_0.vendor_id 
    from
        bank_accounts ba1_0 
    where
        ba1_0.employee_id=?
2025-12-14 23:59:57.161 [http-nio-8040-exec-1] TRACE org.hibernate.orm.jdbc.bind - binding parameter (1:BIGINT) <- [27]
2025-12-14 23:59:57.165 [http-nio-8040-exec-1] DEBUG org.hibernate.SQL - 
    select
        ba1_0.id,
        ba1_0.account_holder_name,
        ba1_0.account_number,
        ba1_0.bank_name,
        ba1_0.created_at,
        ba1_0.employee_id,
        ba1_0.ifsc_code,
        ba1_0.is_primary,
        ba1_0.owner_type,
        ba1_0.updated_at,
        ba1_0.vendor_id 
    from
        bank_accounts ba1_0 
    where
        ba1_0.employee_id=?
2025-12-14 23:59:57.165 [http-nio-8040-exec-1] TRACE org.hibernate.orm.jdbc.bind - binding parameter (1:BIGINT) <- [16]
2025-12-14 23:59:57.165 [http-nio-8040-exec-1] DEBUG org.hibernate.SQL - 
    select
        ba1_0.id,
        ba1_0.account_holder_name,
        ba1_0.account_number,
        ba1_0.bank_name,
        ba1_0.created_at,
        ba1_0.employee_id,
        ba1_0.ifsc_code,
        ba1_0.is_primary,
        ba1_0.owner_type,
        ba1_0.updated_at,
        ba1_0.vendor_id 
    from
        bank_accounts ba1_0 
    where
        ba1_0.employee_id=?
2025-12-14 23:59:57.167 [http-nio-8040-exec-1] TRACE org.hibernate.orm.jdbc.bind - binding parameter (1:BIGINT) <- [31]
2025-12-14 23:59:57.169 [http-nio-8040-exec-1] DEBUG org.hibernate.SQL - 
    select
        ba1_0.id,
        ba1_0.account_holder_name,
        ba1_0.account_number,
        ba1_0.bank_name,
        ba1_0.created_at,
        ba1_0.employee_id,
        ba1_0.ifsc_code,
        ba1_0.is_primary,
        ba1_0.owner_type,
        ba1_0.updated_at,
        ba1_0.vendor_id 
    from
        bank_accounts ba1_0 
    where
        ba1_0.employee_id=?
2025-12-14 23:59:57.169 [http-nio-8040-exec-1] TRACE org.hibernate.orm.jdbc.bind - binding parameter (1:BIGINT) <- [35]
2025-12-14 23:59:57.171 [http-nio-8040-exec-1] DEBUG org.hibernate.SQL - 
    select
        ba1_0.id,
        ba1_0.account_holder_name,
        ba1_0.account_number,
        ba1_0.bank_name,
        ba1_0.created_at,
        ba1_0.employee_id,
        ba1_0.ifsc_code,
        ba1_0.is_primary,
        ba1_0.owner_type,
        ba1_0.updated_at,
        ba1_0.vendor_id 
    from
        bank_accounts ba1_0 
    where
        ba1_0.employee_id=?
2025-12-14 23:59:57.171 [http-nio-8040-exec-1] TRACE org.hibernate.orm.jdbc.bind - binding parameter (1:BIGINT) <- [20]
2025-12-14 23:59:57.172 [http-nio-8040-exec-1] DEBUG org.hibernate.SQL - 
    select
        ba1_0.id,
        ba1_0.account_holder_name,
        ba1_0.account_number,
        ba1_0.bank_name,
        ba1_0.created_at,
        ba1_0.employee_id,
        ba1_0.ifsc_code,
        ba1_0.is_primary,
        ba1_0.owner_type,
        ba1_0.updated_at,
        ba1_0.vendor_id 
    from
        bank_accounts ba1_0 
    where
        ba1_0.employee_id=?
2025-12-14 23:59:57.172 [http-nio-8040-exec-1] TRACE org.hibernate.orm.jdbc.bind - binding parameter (1:BIGINT) <- [17]
2025-12-14 23:59:57.174 [http-nio-8040-exec-1] DEBUG org.hibernate.SQL - 
    select
        ba1_0.id,
        ba1_0.account_holder_name,
        ba1_0.account_number,
        ba1_0.bank_name,
        ba1_0.created_at,
        ba1_0.employee_id,
        ba1_0.ifsc_code,
        ba1_0.is_primary,
        ba1_0.owner_type,
        ba1_0.updated_at,
        ba1_0.vendor_id 
    from
        bank_accounts ba1_0 
    where
        ba1_0.employee_id=?
2025-12-14 23:59:57.174 [http-nio-8040-exec-1] TRACE org.hibernate.orm.jdbc.bind - binding parameter (1:BIGINT) <- [24]
2025-12-14 23:59:57.176 [http-nio-8040-exec-1] DEBUG org.hibernate.SQL - 
    select
        ba1_0.id,
        ba1_0.account_holder_name,
        ba1_0.account_number,
        ba1_0.bank_name,
        ba1_0.created_at,
        ba1_0.employee_id,
        ba1_0.ifsc_code,
        ba1_0.is_primary,
        ba1_0.owner_type,
        ba1_0.updated_at,
        ba1_0.vendor_id 
    from
        bank_accounts ba1_0 
    where
        ba1_0.employee_id=?
2025-12-14 23:59:57.176 [http-nio-8040-exec-1] TRACE org.hibernate.orm.jdbc.bind - binding parameter (1:BIGINT) <- [38]
2025-12-14 23:59:57.177 [http-nio-8040-exec-1] DEBUG org.hibernate.SQL - 
    select
        ba1_0.id,
        ba1_0.account_holder_name,
        ba1_0.account_number,
        ba1_0.bank_name,
        ba1_0.created_at,
        ba1_0.employee_id,
        ba1_0.ifsc_code,
        ba1_0.is_primary,
        ba1_0.owner_type,
        ba1_0.updated_at,
        ba1_0.vendor_id 
    from
        bank_accounts ba1_0 
    where
        ba1_0.employee_id=?
2025-12-14 23:59:57.178 [http-nio-8040-exec-1] TRACE org.hibernate.orm.jdbc.bind - binding parameter (1:BIGINT) <- [6]
2025-12-14 23:59:57.179 [http-nio-8040-exec-1] DEBUG org.hibernate.SQL - 
    select
        ba1_0.id,
        ba1_0.account_holder_name,
        ba1_0.account_number,
        ba1_0.bank_name,
        ba1_0.created_at,
        ba1_0.employee_id,
        ba1_0.ifsc_code,
        ba1_0.is_primary,
        ba1_0.owner_type,
        ba1_0.updated_at,
        ba1_0.vendor_id 
    from
        bank_accounts ba1_0 
    where
        ba1_0.employee_id=?
2025-12-14 23:59:57.179 [http-nio-8040-exec-1] TRACE org.hibernate.orm.jdbc.bind - binding parameter (1:BIGINT) <- [39]
2025-12-14 23:59:57.181 [http-nio-8040-exec-1] DEBUG org.hibernate.SQL - 
    select
        ba1_0.id,
        ba1_0.account_holder_name,
        ba1_0.account_number,
        ba1_0.bank_name,
        ba1_0.created_at,
        ba1_0.employee_id,
        ba1_0.ifsc_code,
        ba1_0.is_primary,
        ba1_0.owner_type,
        ba1_0.updated_at,
        ba1_0.vendor_id 
    from
        bank_accounts ba1_0 
    where
        ba1_0.employee_id=?
2025-12-14 23:59:57.181 [http-nio-8040-exec-1] TRACE org.hibernate.orm.jdbc.bind - binding parameter (1:BIGINT) <- [9]
2025-12-14 23:59:57.183 [http-nio-8040-exec-1] DEBUG org.hibernate.SQL - 
    select
        ba1_0.id,
        ba1_0.account_holder_name,
        ba1_0.account_number,
        ba1_0.bank_name,
        ba1_0.created_at,
        ba1_0.employee_id,
        ba1_0.ifsc_code,
        ba1_0.is_primary,
        ba1_0.owner_type,
        ba1_0.updated_at,
        ba1_0.vendor_id 
    from
        bank_accounts ba1_0 
    where
        ba1_0.employee_id=?
2025-12-14 23:59:57.183 [http-nio-8040-exec-1] TRACE org.hibernate.orm.jdbc.bind - binding parameter (1:BIGINT) <- [28]
2025-12-14 23:59:57.184 [http-nio-8040-exec-1] DEBUG org.hibernate.SQL - 
    select
        ba1_0.id,
        ba1_0.account_holder_name,
        ba1_0.account_number,
        ba1_0.bank_name,
        ba1_0.created_at,
        ba1_0.employee_id,
        ba1_0.ifsc_code,
        ba1_0.is_primary,
        ba1_0.owner_type,
        ba1_0.updated_at,
        ba1_0.vendor_id 
    from
        bank_accounts ba1_0 
    where
        ba1_0.employee_id=?
2025-12-14 23:59:57.185 [http-nio-8040-exec-1] TRACE org.hibernate.orm.jdbc.bind - binding parameter (1:BIGINT) <- [40]
2025-12-14 23:59:57.186 [http-nio-8040-exec-1] DEBUG org.hibernate.SQL - 
    select
        ba1_0.id,
        ba1_0.account_holder_name,
        ba1_0.account_number,
        ba1_0.bank_name,
        ba1_0.created_at,
        ba1_0.employee_id,
        ba1_0.ifsc_code,
        ba1_0.is_primary,
        ba1_0.owner_type,
        ba1_0.updated_at,
        ba1_0.vendor_id 
    from
        bank_accounts ba1_0 
    where
        ba1_0.employee_id=?
2025-12-14 23:59:57.186 [http-nio-8040-exec-1] TRACE org.hibernate.orm.jdbc.bind - binding parameter (1:BIGINT) <- [14]
2025-12-14 23:59:57.187 [http-nio-8040-exec-1] DEBUG org.hibernate.SQL - 
    select
        ba1_0.id,
        ba1_0.account_holder_name,
        ba1_0.account_number,
        ba1_0.bank_name,
        ba1_0.created_at,
        ba1_0.employee_id,
        ba1_0.ifsc_code,
        ba1_0.is_primary,
        ba1_0.owner_type,
        ba1_0.updated_at,
        ba1_0.vendor_id 
    from
        bank_accounts ba1_0 
    where
        ba1_0.employee_id=?
2025-12-14 23:59:57.187 [http-nio-8040-exec-1] TRACE org.hibernate.orm.jdbc.bind - binding parameter (1:BIGINT) <- [32]
2025-12-14 23:59:57.189 [http-nio-8040-exec-1] DEBUG org.hibernate.SQL - 
    select
        ba1_0.id,
        ba1_0.account_holder_name,
        ba1_0.account_number,
        ba1_0.bank_name,
        ba1_0.created_at,
        ba1_0.employee_id,
        ba1_0.ifsc_code,
        ba1_0.is_primary,
        ba1_0.owner_type,
        ba1_0.updated_at,
        ba1_0.vendor_id 
    from
        bank_accounts ba1_0 
    where
        ba1_0.employee_id=?
2025-12-14 23:59:57.189 [http-nio-8040-exec-1] TRACE org.hibernate.orm.jdbc.bind - binding parameter (1:BIGINT) <- [18]
2025-12-14 23:59:57.191 [http-nio-8040-exec-1] DEBUG org.hibernate.SQL - 
    select
        ba1_0.id,
        ba1_0.account_holder_name,
        ba1_0.account_number,
        ba1_0.bank_name,
        ba1_0.created_at,
        ba1_0.employee_id,
        ba1_0.ifsc_code,
        ba1_0.is_primary,
        ba1_0.owner_type,
        ba1_0.updated_at,
        ba1_0.vendor_id 
    from
        bank_accounts ba1_0 
    where
        ba1_0.employee_id=?
2025-12-14 23:59:57.191 [http-nio-8040-exec-1] TRACE org.hibernate.orm.jdbc.bind - binding parameter (1:BIGINT) <- [22]
2025-12-14 23:59:57.192 [http-nio-8040-exec-1] DEBUG org.hibernate.SQL - 
    select
        ba1_0.id,
        ba1_0.account_holder_name,
        ba1_0.account_number,
        ba1_0.bank_name,
        ba1_0.created_at,
        ba1_0.employee_id,
        ba1_0.ifsc_code,
        ba1_0.is_primary,
        ba1_0.owner_type,
        ba1_0.updated_at,
        ba1_0.vendor_id 
    from
        bank_accounts ba1_0 
    where
        ba1_0.employee_id=?
2025-12-14 23:59:57.192 [http-nio-8040-exec-1] TRACE org.hibernate.orm.jdbc.bind - binding parameter (1:BIGINT) <- [36]
2025-12-14 23:59:57.195 [http-nio-8040-exec-1] DEBUG org.hibernate.SQL - 
    select
        ba1_0.id,
        ba1_0.account_holder_name,
        ba1_0.account_number,
        ba1_0.bank_name,
        ba1_0.created_at,
        ba1_0.employee_id,
        ba1_0.ifsc_code,
        ba1_0.is_primary,
        ba1_0.owner_type,
        ba1_0.updated_at,
        ba1_0.vendor_id 
    from
        bank_accounts ba1_0 
    where
        ba1_0.employee_id=?
2025-12-14 23:59:57.195 [http-nio-8040-exec-1] TRACE org.hibernate.orm.jdbc.bind - binding parameter (1:BIGINT) <- [21]
2025-12-14 23:59:57.198 [http-nio-8040-exec-1] DEBUG org.hibernate.SQL - 
    select
        ba1_0.id,
        ba1_0.account_holder_name,
        ba1_0.account_number,
        ba1_0.bank_name,
        ba1_0.created_at,
        ba1_0.employee_id,
        ba1_0.ifsc_code,
        ba1_0.is_primary,
        ba1_0.owner_type,
        ba1_0.updated_at,
        ba1_0.vendor_id 
    from
        bank_accounts ba1_0 
    where
        ba1_0.employee_id=?
2025-12-14 23:59:57.199 [http-nio-8040-exec-1] TRACE org.hibernate.orm.jdbc.bind - binding parameter (1:BIGINT) <- [25]
2025-12-14 23:59:57.200 [http-nio-8040-exec-1] DEBUG org.hibernate.SQL - 
    select
        ba1_0.id,
        ba1_0.account_holder_name,
        ba1_0.account_number,
        ba1_0.bank_name,
        ba1_0.created_at,
        ba1_0.employee_id,
        ba1_0.ifsc_code,
        ba1_0.is_primary,
        ba1_0.owner_type,
        ba1_0.updated_at,
        ba1_0.vendor_id 
    from
        bank_accounts ba1_0 
    where
        ba1_0.employee_id=?
2025-12-14 23:59:57.201 [http-nio-8040-exec-1] TRACE org.hibernate.orm.jdbc.bind - binding parameter (1:BIGINT) <- [26]
2025-12-14 23:59:57.203 [http-nio-8040-exec-1] DEBUG org.hibernate.SQL - 
    select
        ba1_0.id,
        ba1_0.account_holder_name,
        ba1_0.account_number,
        ba1_0.bank_name,
        ba1_0.created_at,
        ba1_0.employee_id,
        ba1_0.ifsc_code,
        ba1_0.is_primary,
        ba1_0.owner_type,
        ba1_0.updated_at,
        ba1_0.vendor_id 
    from
        bank_accounts ba1_0 
    where
        ba1_0.employee_id=?
2025-12-14 23:59:57.203 [http-nio-8040-exec-1] TRACE org.hibernate.orm.jdbc.bind - binding parameter (1:BIGINT) <- [29]
2025-12-14 23:59:57.205 [http-nio-8040-exec-1] DEBUG org.hibernate.SQL - 
    select
        ba1_0.id,
        ba1_0.account_holder_name,
        ba1_0.account_number,
        ba1_0.bank_name,
        ba1_0.created_at,
        ba1_0.employee_id,
        ba1_0.ifsc_code,
        ba1_0.is_primary,
        ba1_0.owner_type,
        ba1_0.updated_at,
        ba1_0.vendor_id 
    from
        bank_accounts ba1_0 
    where
        ba1_0.employee_id=?
2025-12-14 23:59:57.205 [http-nio-8040-exec-1] TRACE org.hibernate.orm.jdbc.bind - binding parameter (1:BIGINT) <- [34]
2025-12-14 23:59:57.207 [http-nio-8040-exec-1] DEBUG org.hibernate.SQL - 
    select
        ba1_0.id,
        ba1_0.account_holder_name,
        ba1_0.account_number,
        ba1_0.bank_name,
        ba1_0.created_at,
        ba1_0.employee_id,
        ba1_0.ifsc_code,
        ba1_0.is_primary,
        ba1_0.owner_type,
        ba1_0.updated_at,
        ba1_0.vendor_id 
    from
        bank_accounts ba1_0 
    where
        ba1_0.employee_id=?
2025-12-14 23:59:57.207 [http-nio-8040-exec-1] TRACE org.hibernate.orm.jdbc.bind - binding parameter (1:BIGINT) <- [30]
2025-12-14 23:59:57.210 [http-nio-8040-exec-1] DEBUG org.hibernate.SQL - 
    select
        ba1_0.id,
        ba1_0.account_holder_name,
        ba1_0.account_number,
        ba1_0.bank_name,
        ba1_0.created_at,
        ba1_0.employee_id,
        ba1_0.ifsc_code,
        ba1_0.is_primary,
        ba1_0.owner_type,
        ba1_0.updated_at,
        ba1_0.vendor_id 
    from
        bank_accounts ba1_0 
    where
        ba1_0.employee_id=?
2025-12-14 23:59:57.210 [http-nio-8040-exec-1] TRACE org.hibernate.orm.jdbc.bind - binding parameter (1:BIGINT) <- [33]
2025-12-14 23:59:57.212 [http-nio-8040-exec-1] DEBUG org.hibernate.SQL - 
    select
        ba1_0.id,
        ba1_0.account_holder_name,
        ba1_0.account_number,
        ba1_0.bank_name,
        ba1_0.created_at,
        ba1_0.employee_id,
        ba1_0.ifsc_code,
        ba1_0.is_primary,
        ba1_0.owner_type,
        ba1_0.updated_at,
        ba1_0.vendor_id 
    from
        bank_accounts ba1_0 
    where
        ba1_0.employee_id=?
2025-12-14 23:59:57.212 [http-nio-8040-exec-1] TRACE org.hibernate.orm.jdbc.bind - binding parameter (1:BIGINT) <- [37]
2025-12-14 23:59:57.213 [http-nio-8040-exec-1] DEBUG org.hibernate.SQL - 
    select
        ba1_0.id,
        ba1_0.account_holder_name,
        ba1_0.account_number,
        ba1_0.bank_name,
        ba1_0.created_at,
        ba1_0.employee_id,
        ba1_0.ifsc_code,
        ba1_0.is_primary,
        ba1_0.owner_type,
        ba1_0.updated_at,
        ba1_0.vendor_id 
    from
        bank_accounts ba1_0 
    where
        ba1_0.employee_id=?
2025-12-14 23:59:57.213 [http-nio-8040-exec-1] TRACE org.hibernate.orm.jdbc.bind - binding parameter (1:BIGINT) <- [41]
2025-12-14 23:59:57.215 [http-nio-8040-exec-1] DEBUG org.hibernate.SQL - 
    select
        ba1_0.id,
        ba1_0.account_holder_name,
        ba1_0.account_number,
        ba1_0.bank_name,
        ba1_0.created_at,
        ba1_0.employee_id,
        ba1_0.ifsc_code,
        ba1_0.is_primary,
        ba1_0.owner_type,
        ba1_0.updated_at,
        ba1_0.vendor_id 
    from
        bank_accounts ba1_0 
    where
        ba1_0.employee_id=?
2025-12-14 23:59:57.217 [http-nio-8040-exec-1] TRACE org.hibernate.orm.jdbc.bind - binding parameter (1:BIGINT) <- [42]
2025-12-14 23:59:57.220 [http-nio-8040-exec-1] DEBUG org.hibernate.SQL - 
    select
        ba1_0.id,
        ba1_0.account_holder_name,
        ba1_0.account_number,
        ba1_0.bank_name,
        ba1_0.created_at,
        ba1_0.employee_id,
        ba1_0.ifsc_code,
        ba1_0.is_primary,
        ba1_0.owner_type,
        ba1_0.updated_at,
        ba1_0.vendor_id 
    from
        bank_accounts ba1_0 
    where
        ba1_0.employee_id=?
2025-12-14 23:59:57.220 [http-nio-8040-exec-1] TRACE org.hibernate.orm.jdbc.bind - binding parameter (1:BIGINT) <- [43]
2025-12-14 23:59:57.222 [http-nio-8040-exec-1] DEBUG org.hibernate.SQL - 
    select
        ba1_0.id,
        ba1_0.account_holder_name,
        ba1_0.account_number,
        ba1_0.bank_name,
        ba1_0.created_at,
        ba1_0.employee_id,
        ba1_0.ifsc_code,
        ba1_0.is_primary,
        ba1_0.owner_type,
        ba1_0.updated_at,
        ba1_0.vendor_id 
    from
        bank_accounts ba1_0 
    where
        ba1_0.employee_id=?
2025-12-14 23:59:57.222 [http-nio-8040-exec-1] TRACE org.hibernate.orm.jdbc.bind - binding parameter (1:BIGINT) <- [44]
2025-12-14 23:59:57.223 [http-nio-8040-exec-1] DEBUG org.hibernate.SQL - 
    select
        ba1_0.id,
        ba1_0.account_holder_name,
        ba1_0.account_number,
        ba1_0.bank_name,
        ba1_0.created_at,
        ba1_0.employee_id,
        ba1_0.ifsc_code,
        ba1_0.is_primary,
        ba1_0.owner_type,
        ba1_0.updated_at,
        ba1_0.vendor_id 
    from
        bank_accounts ba1_0 
    where
        ba1_0.employee_id=?
2025-12-14 23:59:57.223 [http-nio-8040-exec-1] TRACE org.hibernate.orm.jdbc.bind - binding parameter (1:BIGINT) <- [45]
2025-12-14 23:59:57.224 [http-nio-8040-exec-1] DEBUG org.hibernate.SQL - 
    select
        ba1_0.id,
        ba1_0.account_holder_name,
        ba1_0.account_number,
        ba1_0.bank_name,
        ba1_0.created_at,
        ba1_0.employee_id,
        ba1_0.ifsc_code,
        ba1_0.is_primary,
        ba1_0.owner_type,
        ba1_0.updated_at,
        ba1_0.vendor_id 
    from
        bank_accounts ba1_0 
    where
        ba1_0.employee_id=?
2025-12-14 23:59:57.225 [http-nio-8040-exec-1] TRACE org.hibernate.orm.jdbc.bind - binding parameter (1:BIGINT) <- [46]
2025-12-14 23:59:57.226 [http-nio-8040-exec-1] DEBUG org.hibernate.SQL - 
    select
        ba1_0.id,
        ba1_0.account_holder_name,
        ba1_0.account_number,
        ba1_0.bank_name,
        ba1_0.created_at,
        ba1_0.employee_id,
        ba1_0.ifsc_code,
        ba1_0.is_primary,
        ba1_0.owner_type,
        ba1_0.updated_at,
        ba1_0.vendor_id 
    from
        bank_accounts ba1_0 
    where
        ba1_0.employee_id=?
2025-12-14 23:59:57.227 [http-nio-8040-exec-1] TRACE org.hibernate.orm.jdbc.bind - binding parameter (1:BIGINT) <- [47]
2025-12-14 23:59:57.229 [http-nio-8040-exec-1] DEBUG org.hibernate.SQL - 
    select
        ba1_0.id,
        ba1_0.account_holder_name,
        ba1_0.account_number,
        ba1_0.bank_name,
        ba1_0.created_at,
        ba1_0.employee_id,
        ba1_0.ifsc_code,
        ba1_0.is_primary,
        ba1_0.owner_type,
        ba1_0.updated_at,
        ba1_0.vendor_id 
    from
        bank_accounts ba1_0 
    where
        ba1_0.employee_id=?
2025-12-14 23:59:57.229 [http-nio-8040-exec-1] TRACE org.hibernate.orm.jdbc.bind - binding parameter (1:BIGINT) <- [48]
2025-12-14 23:59:57.232 [http-nio-8040-exec-1] DEBUG org.hibernate.SQL - 
    select
        ba1_0.id,
        ba1_0.account_holder_name,
        ba1_0.account_number,
        ba1_0.bank_name,
        ba1_0.created_at,
        ba1_0.employee_id,
        ba1_0.ifsc_code,
        ba1_0.is_primary,
        ba1_0.owner_type,
        ba1_0.updated_at,
        ba1_0.vendor_id 
    from
        bank_accounts ba1_0 
    where
        ba1_0.employee_id=?
2025-12-14 23:59:57.232 [http-nio-8040-exec-1] TRACE org.hibernate.orm.jdbc.bind - binding parameter (1:BIGINT) <- [49]
2025-12-14 23:59:57.234 [http-nio-8040-exec-1] DEBUG org.hibernate.SQL - 
    select
        ba1_0.id,
        ba1_0.account_holder_name,
        ba1_0.account_number,
        ba1_0.bank_name,
        ba1_0.created_at,
        ba1_0.employee_id,
        ba1_0.ifsc_code,
        ba1_0.is_primary,
        ba1_0.owner_type,
        ba1_0.updated_at,
        ba1_0.vendor_id 
    from
        bank_accounts ba1_0 
    where
        ba1_0.employee_id=?
2025-12-14 23:59:57.235 [http-nio-8040-exec-1] TRACE org.hibernate.orm.jdbc.bind - binding parameter (1:BIGINT) <- [50]
2025-12-14 23:59:57.236 [http-nio-8040-exec-1] DEBUG org.hibernate.SQL - 
    select
        ba1_0.id,
        ba1_0.account_holder_name,
        ba1_0.account_number,
        ba1_0.bank_name,
        ba1_0.created_at,
        ba1_0.employee_id,
        ba1_0.ifsc_code,
        ba1_0.is_primary,
        ba1_0.owner_type,
        ba1_0.updated_at,
        ba1_0.vendor_id 
    from
        bank_accounts ba1_0 
    where
        ba1_0.employee_id=?
2025-12-14 23:59:57.237 [http-nio-8040-exec-1] TRACE org.hibernate.orm.jdbc.bind - binding parameter (1:BIGINT) <- [51]
2025-12-14 23:59:57.239 [http-nio-8040-exec-1] DEBUG org.hibernate.SQL - 
    select
        ba1_0.id,
        ba1_0.account_holder_name,
        ba1_0.account_number,
        ba1_0.bank_name,
        ba1_0.created_at,
        ba1_0.employee_id,
        ba1_0.ifsc_code,
        ba1_0.is_primary,
        ba1_0.owner_type,
        ba1_0.updated_at,
        ba1_0.vendor_id 
    from
        bank_accounts ba1_0 
    where
        ba1_0.employee_id=?
2025-12-14 23:59:57.240 [http-nio-8040-exec-1] TRACE org.hibernate.orm.jdbc.bind - binding parameter (1:BIGINT) <- [52]
2025-12-14 23:59:57.241 [http-nio-8040-exec-1] DEBUG org.hibernate.SQL - 
    select
        ba1_0.id,
        ba1_0.account_holder_name,
        ba1_0.account_number,
        ba1_0.bank_name,
        ba1_0.created_at,
        ba1_0.employee_id,
        ba1_0.ifsc_code,
        ba1_0.is_primary,
        ba1_0.owner_type,
        ba1_0.updated_at,
        ba1_0.vendor_id 
    from
        bank_accounts ba1_0 
    where
        ba1_0.employee_id=?
2025-12-14 23:59:57.242 [http-nio-8040-exec-1] TRACE org.hibernate.orm.jdbc.bind - binding parameter (1:BIGINT) <- [53]
2025-12-14 23:59:57.243 [http-nio-8040-exec-1] DEBUG org.hibernate.SQL - 
    select
        ba1_0.id,
        ba1_0.account_holder_name,
        ba1_0.account_number,
        ba1_0.bank_name,
        ba1_0.created_at,
        ba1_0.employee_id,
        ba1_0.ifsc_code,
        ba1_0.is_primary,
        ba1_0.owner_type,
        ba1_0.updated_at,
        ba1_0.vendor_id 
    from
        bank_accounts ba1_0 
    where
        ba1_0.employee_id=?
2025-12-14 23:59:57.243 [http-nio-8040-exec-1] TRACE org.hibernate.orm.jdbc.bind - binding parameter (1:BIGINT) <- [54]
2025-12-14 23:59:57.245 [http-nio-8040-exec-1] DEBUG org.hibernate.SQL - 
    select
        ba1_0.id,
        ba1_0.account_holder_name,
        ba1_0.account_number,
        ba1_0.bank_name,
        ba1_0.created_at,
        ba1_0.employee_id,
        ba1_0.ifsc_code,
        ba1_0.is_primary,
        ba1_0.owner_type,
        ba1_0.updated_at,
        ba1_0.vendor_id 
    from
        bank_accounts ba1_0 
    where
        ba1_0.employee_id=?
2025-12-14 23:59:57.246 [http-nio-8040-exec-1] TRACE org.hibernate.orm.jdbc.bind - binding parameter (1:BIGINT) <- [55]
2025-12-14 23:59:57.247 [http-nio-8040-exec-1] DEBUG org.hibernate.SQL - 
    select
        ba1_0.id,
        ba1_0.account_holder_name,
        ba1_0.account_number,
        ba1_0.bank_name,
        ba1_0.created_at,
        ba1_0.employee_id,
        ba1_0.ifsc_code,
        ba1_0.is_primary,
        ba1_0.owner_type,
        ba1_0.updated_at,
        ba1_0.vendor_id 
    from
        bank_accounts ba1_0 
    where
        ba1_0.employee_id=?
2025-12-14 23:59:57.248 [http-nio-8040-exec-1] TRACE org.hibernate.orm.jdbc.bind - binding parameter (1:BIGINT) <- [56]
2025-12-14 23:59:57.249 [http-nio-8040-exec-1] DEBUG org.hibernate.SQL - 
    select
        ba1_0.id,
        ba1_0.account_holder_name,
        ba1_0.account_number,
        ba1_0.bank_name,
        ba1_0.created_at,
        ba1_0.employee_id,
        ba1_0.ifsc_code,
        ba1_0.is_primary,
        ba1_0.owner_type,
        ba1_0.updated_at,
        ba1_0.vendor_id 
    from
        bank_accounts ba1_0 
    where
        ba1_0.employee_id=?
2025-12-14 23:59:57.249 [http-nio-8040-exec-1] TRACE org.hibernate.orm.jdbc.bind - binding parameter (1:BIGINT) <- [57]
2025-12-14 23:59:57.252 [http-nio-8040-exec-1] DEBUG org.hibernate.SQL - 
    select
        ba1_0.id,
        ba1_0.account_holder_name,
        ba1_0.account_number,
        ba1_0.bank_name,
        ba1_0.created_at,
        ba1_0.employee_id,
        ba1_0.ifsc_code,
        ba1_0.is_primary,
        ba1_0.owner_type,
        ba1_0.updated_at,
        ba1_0.vendor_id 
    from
        bank_accounts ba1_0 
    where
        ba1_0.employee_id=?
2025-12-14 23:59:57.252 [http-nio-8040-exec-1] TRACE org.hibernate.orm.jdbc.bind - binding parameter (1:BIGINT) <- [58]
2025-12-14 23:59:57.254 [http-nio-8040-exec-1] DEBUG org.hibernate.SQL - 
    select
        ba1_0.id,
        ba1_0.account_holder_name,
        ba1_0.account_number,
        ba1_0.bank_name,
        ba1_0.created_at,
        ba1_0.employee_id,
        ba1_0.ifsc_code,
        ba1_0.is_primary,
        ba1_0.owner_type,
        ba1_0.updated_at,
        ba1_0.vendor_id 
    from
        bank_accounts ba1_0 
    where
        ba1_0.employee_id=?
2025-12-14 23:59:57.254 [http-nio-8040-exec-1] TRACE org.hibernate.orm.jdbc.bind - binding parameter (1:BIGINT) <- [59]
2025-12-14 23:59:57.256 [http-nio-8040-exec-1] DEBUG org.hibernate.SQL - 
    select
        ba1_0.id,
        ba1_0.account_holder_name,
        ba1_0.account_number,
        ba1_0.bank_name,
        ba1_0.created_at,
        ba1_0.employee_id,
        ba1_0.ifsc_code,
        ba1_0.is_primary,
        ba1_0.owner_type,
        ba1_0.updated_at,
        ba1_0.vendor_id 
    from
        bank_accounts ba1_0 
    where
        ba1_0.employee_id=?
2025-12-14 23:59:57.256 [http-nio-8040-exec-1] TRACE org.hibernate.orm.jdbc.bind - binding parameter (1:BIGINT) <- [60]
2025-12-14 23:59:57.258 [http-nio-8040-exec-1] DEBUG org.hibernate.SQL - 
    select
        ba1_0.id,
        ba1_0.account_holder_name,
        ba1_0.account_number,
        ba1_0.bank_name,
        ba1_0.created_at,
        ba1_0.employee_id,
        ba1_0.ifsc_code,
        ba1_0.is_primary,
        ba1_0.owner_type,
        ba1_0.updated_at,
        ba1_0.vendor_id 
    from
        bank_accounts ba1_0 
    where
        ba1_0.employee_id=?
2025-12-14 23:59:57.258 [http-nio-8040-exec-1] TRACE org.hibernate.orm.jdbc.bind - binding parameter (1:BIGINT) <- [61]
2025-12-14 23:59:57.260 [http-nio-8040-exec-1] DEBUG org.hibernate.SQL - 
    select
        ba1_0.id,
        ba1_0.account_holder_name,
        ba1_0.account_number,
        ba1_0.bank_name,
        ba1_0.created_at,
        ba1_0.employee_id,
        ba1_0.ifsc_code,
        ba1_0.is_primary,
        ba1_0.owner_type,
        ba1_0.updated_at,
        ba1_0.vendor_id 
    from
        bank_accounts ba1_0 
    where
        ba1_0.employee_id=?
2025-12-14 23:59:57.260 [http-nio-8040-exec-1] TRACE org.hibernate.orm.jdbc.bind - binding parameter (1:BIGINT) <- [62]
2025-12-14 23:59:57.260 [http-nio-8040-exec-1] DEBUG org.hibernate.SQL - 
    select
        ba1_0.id,
        ba1_0.account_holder_name,
        ba1_0.account_number,
        ba1_0.bank_name,
        ba1_0.created_at,
        ba1_0.employee_id,
        ba1_0.ifsc_code,
        ba1_0.is_primary,
        ba1_0.owner_type,
        ba1_0.updated_at,
        ba1_0.vendor_id 
    from
        bank_accounts ba1_0 
    where
        ba1_0.employee_id=?
2025-12-14 23:59:57.261 [http-nio-8040-exec-1] TRACE org.hibernate.orm.jdbc.bind - binding parameter (1:BIGINT) <- [63]
2025-12-14 23:59:57.262 [http-nio-8040-exec-1] DEBUG org.hibernate.SQL - 
    select
        ba1_0.id,
        ba1_0.account_holder_name,
        ba1_0.account_number,
        ba1_0.bank_name,
        ba1_0.created_at,
        ba1_0.employee_id,
        ba1_0.ifsc_code,
        ba1_0.is_primary,
        ba1_0.owner_type,
        ba1_0.updated_at,
        ba1_0.vendor_id 
    from
        bank_accounts ba1_0 
    where
        ba1_0.employee_id=?
2025-12-14 23:59:57.263 [http-nio-8040-exec-1] TRACE org.hibernate.orm.jdbc.bind - binding parameter (1:BIGINT) <- [64]
2025-12-14 23:59:57.266 [http-nio-8040-exec-1] DEBUG org.hibernate.SQL - 
    select
        ba1_0.id,
        ba1_0.account_holder_name,
        ba1_0.account_number,
        ba1_0.bank_name,
        ba1_0.created_at,
        ba1_0.employee_id,
        ba1_0.ifsc_code,
        ba1_0.is_primary,
        ba1_0.owner_type,
        ba1_0.updated_at,
        ba1_0.vendor_id 
    from
        bank_accounts ba1_0 
    where
        ba1_0.employee_id=?
2025-12-14 23:59:57.266 [http-nio-8040-exec-1] TRACE org.hibernate.orm.jdbc.bind - binding parameter (1:BIGINT) <- [65]
2025-12-14 23:59:57.268 [http-nio-8040-exec-1] DEBUG org.hibernate.SQL - 
    select
        ba1_0.id,
        ba1_0.account_holder_name,
        ba1_0.account_number,
        ba1_0.bank_name,
        ba1_0.created_at,
        ba1_0.employee_id,
        ba1_0.ifsc_code,
        ba1_0.is_primary,
        ba1_0.owner_type,
        ba1_0.updated_at,
        ba1_0.vendor_id 
    from
        bank_accounts ba1_0 
    where
        ba1_0.employee_id=?
2025-12-14 23:59:57.268 [http-nio-8040-exec-1] TRACE org.hibernate.orm.jdbc.bind - binding parameter (1:BIGINT) <- [66]
2025-12-14 23:59:57.269 [http-nio-8040-exec-1] DEBUG org.hibernate.SQL - 
    select
        ba1_0.id,
        ba1_0.account_holder_name,
        ba1_0.account_number,
        ba1_0.bank_name,
        ba1_0.created_at,
        ba1_0.employee_id,
        ba1_0.ifsc_code,
        ba1_0.is_primary,
        ba1_0.owner_type,
        ba1_0.updated_at,
        ba1_0.vendor_id 
    from
        bank_accounts ba1_0 
    where
        ba1_0.employee_id=?
2025-12-14 23:59:57.270 [http-nio-8040-exec-1] TRACE org.hibernate.orm.jdbc.bind - binding parameter (1:BIGINT) <- [67]
2025-12-14 23:59:57.271 [http-nio-8040-exec-1] DEBUG org.hibernate.SQL - 
    select
        ba1_0.id,
        ba1_0.account_holder_name,
        ba1_0.account_number,
        ba1_0.bank_name,
        ba1_0.created_at,
        ba1_0.employee_id,
        ba1_0.ifsc_code,
        ba1_0.is_primary,
        ba1_0.owner_type,
        ba1_0.updated_at,
        ba1_0.vendor_id 
    from
        bank_accounts ba1_0 
    where
        ba1_0.employee_id=?
2025-12-14 23:59:57.272 [http-nio-8040-exec-1] TRACE org.hibernate.orm.jdbc.bind - binding parameter (1:BIGINT) <- [68]
2025-12-14 23:59:57.273 [http-nio-8040-exec-1] DEBUG org.hibernate.SQL - 
    select
        ba1_0.id,
        ba1_0.account_holder_name,
        ba1_0.account_number,
        ba1_0.bank_name,
        ba1_0.created_at,
        ba1_0.employee_id,
        ba1_0.ifsc_code,
        ba1_0.is_primary,
        ba1_0.owner_type,
        ba1_0.updated_at,
        ba1_0.vendor_id 
    from
        bank_accounts ba1_0 
    where
        ba1_0.employee_id=?
2025-12-14 23:59:57.273 [http-nio-8040-exec-1] TRACE org.hibernate.orm.jdbc.bind - binding parameter (1:BIGINT) <- [69]
2025-12-14 23:59:57.274 [http-nio-8040-exec-1] DEBUG org.hibernate.SQL - 
    select
        ba1_0.id,
        ba1_0.account_holder_name,
        ba1_0.account_number,
        ba1_0.bank_name,
        ba1_0.created_at,
        ba1_0.employee_id,
        ba1_0.ifsc_code,
        ba1_0.is_primary,
        ba1_0.owner_type,
        ba1_0.updated_at,
        ba1_0.vendor_id 
    from
        bank_accounts ba1_0 
    where
        ba1_0.employee_id=?
2025-12-14 23:59:57.275 [http-nio-8040-exec-1] TRACE org.hibernate.orm.jdbc.bind - binding parameter (1:BIGINT) <- [70]
2025-12-14 23:59:57.276 [http-nio-8040-exec-1] DEBUG org.hibernate.SQL - 
    select
        ba1_0.id,
        ba1_0.account_holder_name,
        ba1_0.account_number,
        ba1_0.bank_name,
        ba1_0.created_at,
        ba1_0.employee_id,
        ba1_0.ifsc_code,
        ba1_0.is_primary,
        ba1_0.owner_type,
        ba1_0.updated_at,
        ba1_0.vendor_id 
    from
        bank_accounts ba1_0 
    where
        ba1_0.employee_id=?
2025-12-14 23:59:57.276 [http-nio-8040-exec-1] TRACE org.hibernate.orm.jdbc.bind - binding parameter (1:BIGINT) <- [71]
2025-12-14 23:59:57.277 [http-nio-8040-exec-1] DEBUG org.hibernate.SQL - 
    select
        ba1_0.id,
        ba1_0.account_holder_name,
        ba1_0.account_number,
        ba1_0.bank_name,
        ba1_0.created_at,
        ba1_0.employee_id,
        ba1_0.ifsc_code,
        ba1_0.is_primary,
        ba1_0.owner_type,
        ba1_0.updated_at,
        ba1_0.vendor_id 
    from
        bank_accounts ba1_0 
    where
        ba1_0.employee_id=?
2025-12-14 23:59:57.277 [http-nio-8040-exec-1] TRACE org.hibernate.orm.jdbc.bind - binding parameter (1:BIGINT) <- [72]
2025-12-14 23:59:57.278 [http-nio-8040-exec-1] DEBUG org.hibernate.SQL - 
    select
        ba1_0.id,
        ba1_0.account_holder_name,
        ba1_0.account_number,
        ba1_0.bank_name,
        ba1_0.created_at,
        ba1_0.employee_id,
        ba1_0.ifsc_code,
        ba1_0.is_primary,
        ba1_0.owner_type,
        ba1_0.updated_at,
        ba1_0.vendor_id 
    from
        bank_accounts ba1_0 
    where
        ba1_0.employee_id=?
2025-12-14 23:59:57.279 [http-nio-8040-exec-1] TRACE org.hibernate.orm.jdbc.bind - binding parameter (1:BIGINT) <- [73]
2025-12-14 23:59:57.280 [http-nio-8040-exec-1] DEBUG org.hibernate.SQL - 
    select
        ba1_0.id,
        ba1_0.account_holder_name,
        ba1_0.account_number,
        ba1_0.bank_name,
        ba1_0.created_at,
        ba1_0.employee_id,
        ba1_0.ifsc_code,
        ba1_0.is_primary,
        ba1_0.owner_type,
        ba1_0.updated_at,
        ba1_0.vendor_id 
    from
        bank_accounts ba1_0 
    where
        ba1_0.employee_id=?
2025-12-14 23:59:57.281 [http-nio-8040-exec-1] TRACE org.hibernate.orm.jdbc.bind - binding parameter (1:BIGINT) <- [74]
2025-12-14 23:59:57.282 [http-nio-8040-exec-1] DEBUG org.hibernate.SQL - 
    select
        ba1_0.id,
        ba1_0.account_holder_name,
        ba1_0.account_number,
        ba1_0.bank_name,
        ba1_0.created_at,
        ba1_0.employee_id,
        ba1_0.ifsc_code,
        ba1_0.is_primary,
        ba1_0.owner_type,
        ba1_0.updated_at,
        ba1_0.vendor_id 
    from
        bank_accounts ba1_0 
    where
        ba1_0.employee_id=?
2025-12-14 23:59:57.282 [http-nio-8040-exec-1] TRACE org.hibernate.orm.jdbc.bind - binding parameter (1:BIGINT) <- [75]
2025-12-14 23:59:57.283 [http-nio-8040-exec-1] DEBUG org.hibernate.SQL - 
    select
        ba1_0.id,
        ba1_0.account_holder_name,
        ba1_0.account_number,
        ba1_0.bank_name,
        ba1_0.created_at,
        ba1_0.employee_id,
        ba1_0.ifsc_code,
        ba1_0.is_primary,
        ba1_0.owner_type,
        ba1_0.updated_at,
        ba1_0.vendor_id 
    from
        bank_accounts ba1_0 
    where
        ba1_0.employee_id=?
2025-12-14 23:59:57.283 [http-nio-8040-exec-1] TRACE org.hibernate.orm.jdbc.bind - binding parameter (1:BIGINT) <- [76]
2025-12-14 23:59:57.285 [http-nio-8040-exec-1] DEBUG org.hibernate.SQL - 
    select
        ba1_0.id,
        ba1_0.account_holder_name,
        ba1_0.account_number,
        ba1_0.bank_name,
        ba1_0.created_at,
        ba1_0.employee_id,
        ba1_0.ifsc_code,
        ba1_0.is_primary,
        ba1_0.owner_type,
        ba1_0.updated_at,
        ba1_0.vendor_id 
    from
        bank_accounts ba1_0 
    where
        ba1_0.employee_id=?
2025-12-14 23:59:57.286 [http-nio-8040-exec-1] TRACE org.hibernate.orm.jdbc.bind - binding parameter (1:BIGINT) <- [77]
2025-12-14 23:59:57.287 [http-nio-8040-exec-1] DEBUG org.hibernate.SQL - 
    select
        ba1_0.id,
        ba1_0.account_holder_name,
        ba1_0.account_number,
        ba1_0.bank_name,
        ba1_0.created_at,
        ba1_0.employee_id,
        ba1_0.ifsc_code,
        ba1_0.is_primary,
        ba1_0.owner_type,
        ba1_0.updated_at,
        ba1_0.vendor_id 
    from
        bank_accounts ba1_0 
    where
        ba1_0.employee_id=?
2025-12-14 23:59:57.287 [http-nio-8040-exec-1] TRACE org.hibernate.orm.jdbc.bind - binding parameter (1:BIGINT) <- [78]
2025-12-14 23:59:57.288 [http-nio-8040-exec-1] DEBUG org.hibernate.SQL - 
    select
        ba1_0.id,
        ba1_0.account_holder_name,
        ba1_0.account_number,
        ba1_0.bank_name,
        ba1_0.created_at,
        ba1_0.employee_id,
        ba1_0.ifsc_code,
        ba1_0.is_primary,
        ba1_0.owner_type,
        ba1_0.updated_at,
        ba1_0.vendor_id 
    from
        bank_accounts ba1_0 
    where
        ba1_0.employee_id=?
2025-12-14 23:59:57.288 [http-nio-8040-exec-1] TRACE org.hibernate.orm.jdbc.bind - binding parameter (1:BIGINT) <- [79]
2025-12-14 23:59:57.290 [http-nio-8040-exec-1] DEBUG org.hibernate.SQL - 
    select
        ba1_0.id,
        ba1_0.account_holder_name,
        ba1_0.account_number,
        ba1_0.bank_name,
        ba1_0.created_at,
        ba1_0.employee_id,
        ba1_0.ifsc_code,
        ba1_0.is_primary,
        ba1_0.owner_type,
        ba1_0.updated_at,
        ba1_0.vendor_id 
    from
        bank_accounts ba1_0 
    where
        ba1_0.employee_id=?
2025-12-14 23:59:57.290 [http-nio-8040-exec-1] TRACE org.hibernate.orm.jdbc.bind - binding parameter (1:BIGINT) <- [80]
2025-12-14 23:59:57.290 [http-nio-8040-exec-1] DEBUG org.hibernate.SQL - 
    select
        ba1_0.id,
        ba1_0.account_holder_name,
        ba1_0.account_number,
        ba1_0.bank_name,
        ba1_0.created_at,
        ba1_0.employee_id,
        ba1_0.ifsc_code,
        ba1_0.is_primary,
        ba1_0.owner_type,
        ba1_0.updated_at,
        ba1_0.vendor_id 
    from
        bank_accounts ba1_0 
    where
        ba1_0.employee_id=?
2025-12-14 23:59:57.292 [http-nio-8040-exec-1] TRACE org.hibernate.orm.jdbc.bind - binding parameter (1:BIGINT) <- [81]
2025-12-14 23:59:57.293 [http-nio-8040-exec-1] DEBUG org.hibernate.SQL - 
    select
        ba1_0.id,
        ba1_0.account_holder_name,
        ba1_0.account_number,
        ba1_0.bank_name,
        ba1_0.created_at,
        ba1_0.employee_id,
        ba1_0.ifsc_code,
        ba1_0.is_primary,
        ba1_0.owner_type,
        ba1_0.updated_at,
        ba1_0.vendor_id 
    from
        bank_accounts ba1_0 
    where
        ba1_0.employee_id=?
2025-12-14 23:59:57.293 [http-nio-8040-exec-1] TRACE org.hibernate.orm.jdbc.bind - binding parameter (1:BIGINT) <- [82]
2025-12-14 23:59:57.294 [http-nio-8040-exec-1] DEBUG org.hibernate.SQL - 
    select
        ba1_0.id,
        ba1_0.account_holder_name,
        ba1_0.account_number,
        ba1_0.bank_name,
        ba1_0.created_at,
        ba1_0.employee_id,
        ba1_0.ifsc_code,
        ba1_0.is_primary,
        ba1_0.owner_type,
        ba1_0.updated_at,
        ba1_0.vendor_id 
    from
        bank_accounts ba1_0 
    where
        ba1_0.employee_id=?
2025-12-14 23:59:57.295 [http-nio-8040-exec-1] TRACE org.hibernate.orm.jdbc.bind - binding parameter (1:BIGINT) <- [83]
2025-12-14 23:59:57.296 [http-nio-8040-exec-1] DEBUG org.hibernate.SQL - 
    select
        ba1_0.id,
        ba1_0.account_holder_name,
        ba1_0.account_number,
        ba1_0.bank_name,
        ba1_0.created_at,
        ba1_0.employee_id,
        ba1_0.ifsc_code,
        ba1_0.is_primary,
        ba1_0.owner_type,
        ba1_0.updated_at,
        ba1_0.vendor_id 
    from
        bank_accounts ba1_0 
    where
        ba1_0.employee_id=?
2025-12-14 23:59:57.296 [http-nio-8040-exec-1] TRACE org.hibernate.orm.jdbc.bind - binding parameter (1:BIGINT) <- [84]
2025-12-14 23:59:57.297 [http-nio-8040-exec-1] DEBUG org.hibernate.SQL - 
    select
        ba1_0.id,
        ba1_0.account_holder_name,
        ba1_0.account_number,
        ba1_0.bank_name,
        ba1_0.created_at,
        ba1_0.employee_id,
        ba1_0.ifsc_code,
        ba1_0.is_primary,
        ba1_0.owner_type,
        ba1_0.updated_at,
        ba1_0.vendor_id 
    from
        bank_accounts ba1_0 
    where
        ba1_0.employee_id=?
2025-12-14 23:59:57.297 [http-nio-8040-exec-1] TRACE org.hibernate.orm.jdbc.bind - binding parameter (1:BIGINT) <- [85]
2025-12-14 23:59:57.299 [http-nio-8040-exec-1] DEBUG org.hibernate.SQL - 
    select
        ba1_0.id,
        ba1_0.account_holder_name,
        ba1_0.account_number,
        ba1_0.bank_name,
        ba1_0.created_at,
        ba1_0.employee_id,
        ba1_0.ifsc_code,
        ba1_0.is_primary,
        ba1_0.owner_type,
        ba1_0.updated_at,
        ba1_0.vendor_id 
    from
        bank_accounts ba1_0 
    where
        ba1_0.employee_id=?
2025-12-14 23:59:57.299 [http-nio-8040-exec-1] TRACE org.hibernate.orm.jdbc.bind - binding parameter (1:BIGINT) <- [86]
2025-12-14 23:59:57.301 [http-nio-8040-exec-1] DEBUG org.hibernate.SQL - 
    select
        ba1_0.id,
        ba1_0.account_holder_name,
        ba1_0.account_number,
        ba1_0.bank_name,
        ba1_0.created_at,
        ba1_0.employee_id,
        ba1_0.ifsc_code,
        ba1_0.is_primary,
        ba1_0.owner_type,
        ba1_0.updated_at,
        ba1_0.vendor_id 
    from
        bank_accounts ba1_0 
    where
        ba1_0.employee_id=?
2025-12-14 23:59:57.301 [http-nio-8040-exec-1] TRACE org.hibernate.orm.jdbc.bind - binding parameter (1:BIGINT) <- [87]
2025-12-14 23:59:57.302 [http-nio-8040-exec-1] DEBUG org.hibernate.SQL - 
    select
        ba1_0.id,
        ba1_0.account_holder_name,
        ba1_0.account_number,
        ba1_0.bank_name,
        ba1_0.created_at,
        ba1_0.employee_id,
        ba1_0.ifsc_code,
        ba1_0.is_primary,
        ba1_0.owner_type,
        ba1_0.updated_at,
        ba1_0.vendor_id 
    from
        bank_accounts ba1_0 
    where
        ba1_0.employee_id=?
2025-12-14 23:59:57.303 [http-nio-8040-exec-1] TRACE org.hibernate.orm.jdbc.bind - binding parameter (1:BIGINT) <- [88]
2025-12-14 23:59:57.304 [http-nio-8040-exec-1] DEBUG org.hibernate.SQL - 
    select
        ba1_0.id,
        ba1_0.account_holder_name,
        ba1_0.account_number,
        ba1_0.bank_name,
        ba1_0.created_at,
        ba1_0.employee_id,
        ba1_0.ifsc_code,
        ba1_0.is_primary,
        ba1_0.owner_type,
        ba1_0.updated_at,
        ba1_0.vendor_id 
    from
        bank_accounts ba1_0 
    where
        ba1_0.employee_id=?
2025-12-14 23:59:57.304 [http-nio-8040-exec-1] TRACE org.hibernate.orm.jdbc.bind - binding parameter (1:BIGINT) <- [89]
2025-12-14 23:59:57.305 [http-nio-8040-exec-1] DEBUG org.hibernate.SQL - 
    select
        ba1_0.id,
        ba1_0.account_holder_name,
        ba1_0.account_number,
        ba1_0.bank_name,
        ba1_0.created_at,
        ba1_0.employee_id,
        ba1_0.ifsc_code,
        ba1_0.is_primary,
        ba1_0.owner_type,
        ba1_0.updated_at,
        ba1_0.vendor_id 
    from
        bank_accounts ba1_0 
    where
        ba1_0.employee_id=?
2025-12-14 23:59:57.306 [http-nio-8040-exec-1] TRACE org.hibernate.orm.jdbc.bind - binding parameter (1:BIGINT) <- [90]
2025-12-14 23:59:57.307 [http-nio-8040-exec-1] DEBUG org.hibernate.SQL - 
    select
        ba1_0.id,
        ba1_0.account_holder_name,
        ba1_0.account_number,
        ba1_0.bank_name,
        ba1_0.created_at,
        ba1_0.employee_id,
        ba1_0.ifsc_code,
        ba1_0.is_primary,
        ba1_0.owner_type,
        ba1_0.updated_at,
        ba1_0.vendor_id 
    from
        bank_accounts ba1_0 
    where
        ba1_0.employee_id=?
2025-12-14 23:59:57.307 [http-nio-8040-exec-1] TRACE org.hibernate.orm.jdbc.bind - binding parameter (1:BIGINT) <- [91]
2025-12-14 23:59:57.308 [http-nio-8040-exec-1] DEBUG org.hibernate.SQL - 
    select
        ba1_0.id,
        ba1_0.account_holder_name,
        ba1_0.account_number,
        ba1_0.bank_name,
        ba1_0.created_at,
        ba1_0.employee_id,
        ba1_0.ifsc_code,
        ba1_0.is_primary,
        ba1_0.owner_type,
        ba1_0.updated_at,
        ba1_0.vendor_id 
    from
        bank_accounts ba1_0 
    where
        ba1_0.employee_id=?
2025-12-14 23:59:57.308 [http-nio-8040-exec-1] TRACE org.hibernate.orm.jdbc.bind - binding parameter (1:BIGINT) <- [92]
2025-12-14 23:59:57.309 [http-nio-8040-exec-1] DEBUG org.hibernate.SQL - 
    select
        ba1_0.id,
        ba1_0.account_holder_name,
        ba1_0.account_number,
        ba1_0.bank_name,
        ba1_0.created_at,
        ba1_0.employee_id,
        ba1_0.ifsc_code,
        ba1_0.is_primary,
        ba1_0.owner_type,
        ba1_0.updated_at,
        ba1_0.vendor_id 
    from
        bank_accounts ba1_0 
    where
        ba1_0.employee_id=?
2025-12-14 23:59:57.310 [http-nio-8040-exec-1] TRACE org.hibernate.orm.jdbc.bind - binding parameter (1:BIGINT) <- [93]
2025-12-14 23:59:57.312 [http-nio-8040-exec-1] DEBUG org.hibernate.SQL - 
    select
        ba1_0.id,
        ba1_0.account_holder_name,
        ba1_0.account_number,
        ba1_0.bank_name,
        ba1_0.created_at,
        ba1_0.employee_id,
        ba1_0.ifsc_code,
        ba1_0.is_primary,
        ba1_0.owner_type,
        ba1_0.updated_at,
        ba1_0.vendor_id 
    from
        bank_accounts ba1_0 
    where
        ba1_0.employee_id=?
2025-12-14 23:59:57.312 [http-nio-8040-exec-1] TRACE org.hibernate.orm.jdbc.bind - binding parameter (1:BIGINT) <- [94]
2025-12-14 23:59:57.314 [http-nio-8040-exec-1] DEBUG org.hibernate.SQL - 
    select
        ba1_0.id,
        ba1_0.account_holder_name,
        ba1_0.account_number,
        ba1_0.bank_name,
        ba1_0.created_at,
        ba1_0.employee_id,
        ba1_0.ifsc_code,
        ba1_0.is_primary,
        ba1_0.owner_type,
        ba1_0.updated_at,
        ba1_0.vendor_id 
    from
        bank_accounts ba1_0 
    where
        ba1_0.employee_id=?
2025-12-14 23:59:57.314 [http-nio-8040-exec-1] TRACE org.hibernate.orm.jdbc.bind - binding parameter (1:BIGINT) <- [95]
2025-12-14 23:59:57.315 [http-nio-8040-exec-1] DEBUG org.hibernate.SQL - 
    select
        ba1_0.id,
        ba1_0.account_holder_name,
        ba1_0.account_number,
        ba1_0.bank_name,
        ba1_0.created_at,
        ba1_0.employee_id,
        ba1_0.ifsc_code,
        ba1_0.is_primary,
        ba1_0.owner_type,
        ba1_0.updated_at,
        ba1_0.vendor_id 
    from
        bank_accounts ba1_0 
    where
        ba1_0.employee_id=?
2025-12-14 23:59:57.315 [http-nio-8040-exec-1] TRACE org.hibernate.orm.jdbc.bind - binding parameter (1:BIGINT) <- [96]
2025-12-14 23:59:57.317 [http-nio-8040-exec-1] DEBUG org.hibernate.SQL - 
    select
        ba1_0.id,
        ba1_0.account_holder_name,
        ba1_0.account_number,
        ba1_0.bank_name,
        ba1_0.created_at,
        ba1_0.employee_id,
        ba1_0.ifsc_code,
        ba1_0.is_primary,
        ba1_0.owner_type,
        ba1_0.updated_at,
        ba1_0.vendor_id 
    from
        bank_accounts ba1_0 
    where
        ba1_0.employee_id=?
2025-12-14 23:59:57.317 [http-nio-8040-exec-1] TRACE org.hibernate.orm.jdbc.bind - binding parameter (1:BIGINT) <- [97]
2025-12-14 23:59:57.319 [http-nio-8040-exec-1] DEBUG org.hibernate.SQL - 
    select
        ba1_0.id,
        ba1_0.account_holder_name,
        ba1_0.account_number,
        ba1_0.bank_name,
        ba1_0.created_at,
        ba1_0.employee_id,
        ba1_0.ifsc_code,
        ba1_0.is_primary,
        ba1_0.owner_type,
        ba1_0.updated_at,
        ba1_0.vendor_id 
    from
        bank_accounts ba1_0 
    where
        ba1_0.employee_id=?
2025-12-14 23:59:57.319 [http-nio-8040-exec-1] TRACE org.hibernate.orm.jdbc.bind - binding parameter (1:BIGINT) <- [98]
2025-12-14 23:59:57.320 [http-nio-8040-exec-1] DEBUG org.hibernate.SQL - 
    select
        ba1_0.id,
        ba1_0.account_holder_name,
        ba1_0.account_number,
        ba1_0.bank_name,
        ba1_0.created_at,
        ba1_0.employee_id,
        ba1_0.ifsc_code,
        ba1_0.is_primary,
        ba1_0.owner_type,
        ba1_0.updated_at,
        ba1_0.vendor_id 
    from
        bank_accounts ba1_0 
    where
        ba1_0.employee_id=?
2025-12-14 23:59:57.321 [http-nio-8040-exec-1] TRACE org.hibernate.orm.jdbc.bind - binding parameter (1:BIGINT) <- [99]
2025-12-14 23:59:57.322 [http-nio-8040-exec-1] DEBUG org.hibernate.SQL - 
    select
        ba1_0.id,
        ba1_0.account_holder_name,
        ba1_0.account_number,
        ba1_0.bank_name,
        ba1_0.created_at,
        ba1_0.employee_id,
        ba1_0.ifsc_code,
        ba1_0.is_primary,
        ba1_0.owner_type,
        ba1_0.updated_at,
        ba1_0.vendor_id 
    from
        bank_accounts ba1_0 
    where
        ba1_0.employee_id=?
2025-12-14 23:59:57.322 [http-nio-8040-exec-1] TRACE org.hibernate.orm.jdbc.bind - binding parameter (1:BIGINT) <- [100]
2025-12-14 23:59:57.324 [http-nio-8040-exec-1] DEBUG org.hibernate.SQL - 
    select
        u1_0.id,
        u1_0.created_at,
        u1_0.email,
        u1_0.full_name,
        u1_0.is_active,
        u1_0.organization_id,
        u1_0.password,
        u1_0.requires_password_change,
        u1_0.role,
        u1_0.updated_at,
        u1_0.username 
    from
        users u1_0 
    where
        u1_0.id=?
2025-12-14 23:59:57.325 [http-nio-8040-exec-1] TRACE org.hibernate.orm.jdbc.bind - binding parameter (1:BIGINT) <- [1]
2025-12-14 23:59:57.327 [http-nio-8040-exec-1] DEBUG org.hibernate.SQL - 
    select
        p1_0.payroll_batch_id,
        p1_0.id,
        p1_0.basic_salary,
        p1_0.created_at,
        p1_0.da,
        p1_0.employee_id,
        p1_0.hra,
        p1_0.net_salary_paid,
        p1_0.other_allowances,
        p1_0.pf_contribution,
        p1_0.processed_at,
        p1_0.status 
    from
        payroll_payments p1_0 
    where
        p1_0.payroll_batch_id=?
2025-12-14 23:59:57.327 [http-nio-8040-exec-1] TRACE org.hibernate.orm.jdbc.bind - binding parameter (1:BIGINT) <- [1]
2025-12-14 23:59:57.332 [http-nio-8040-exec-1] DEBUG org.hibernate.SQL - 
    select
        u1_0.id,
        u1_0.created_at,
        u1_0.email,
        u1_0.full_name,
        u1_0.is_active,
        u1_0.organization_id,
        u1_0.password,
        u1_0.requires_password_change,
        u1_0.role,
        u1_0.updated_at,
        u1_0.username 
    from
        users u1_0 
    where
        u1_0.id=?
2025-12-14 23:59:57.332 [http-nio-8040-exec-1] TRACE org.hibernate.orm.jdbc.bind - binding parameter (1:BIGINT) <- [12]
2025-12-14 23:59:57.334 [http-nio-8040-exec-1] DEBUG org.hibernate.SQL - 
    select
        u1_0.id,
        u1_0.created_at,
        u1_0.email,
        u1_0.full_name,
        u1_0.is_active,
        u1_0.organization_id,
        u1_0.password,
        u1_0.requires_password_change,
        u1_0.role,
        u1_0.updated_at,
        u1_0.username 
    from
        users u1_0 
    where
        u1_0.id=?
2025-12-14 23:59:57.334 [http-nio-8040-exec-1] TRACE org.hibernate.orm.jdbc.bind - binding parameter (1:BIGINT) <- [5]
2025-12-14 23:59:57.335 [http-nio-8040-exec-1] DEBUG org.hibernate.SQL - 
    select
        u1_0.id,
        u1_0.created_at,
        u1_0.email,
        u1_0.full_name,
        u1_0.is_active,
        u1_0.organization_id,
        u1_0.password,
        u1_0.requires_password_change,
        u1_0.role,
        u1_0.updated_at,
        u1_0.username 
    from
        users u1_0 
    where
        u1_0.id=?
2025-12-14 23:59:57.335 [http-nio-8040-exec-1] TRACE org.hibernate.orm.jdbc.bind - binding parameter (1:BIGINT) <- [6]
2025-12-14 23:59:57.337 [http-nio-8040-exec-1] DEBUG org.hibernate.SQL - 
    select
        u1_0.id,
        u1_0.created_at,
        u1_0.email,
        u1_0.full_name,
        u1_0.is_active,
        u1_0.organization_id,
        u1_0.password,
        u1_0.requires_password_change,
        u1_0.role,
        u1_0.updated_at,
        u1_0.username 
    from
        users u1_0 
    where
        u1_0.id=?
2025-12-14 23:59:57.337 [http-nio-8040-exec-1] TRACE org.hibernate.orm.jdbc.bind - binding parameter (1:BIGINT) <- [4]
2025-12-14 23:59:57.338 [http-nio-8040-exec-1] DEBUG org.hibernate.SQL - 
    select
        u1_0.id,
        u1_0.created_at,
        u1_0.email,
        u1_0.full_name,
        u1_0.is_active,
        u1_0.organization_id,
        u1_0.password,
        u1_0.requires_password_change,
        u1_0.role,
        u1_0.updated_at,
        u1_0.username 
    from
        users u1_0 
    where
        u1_0.id=?
2025-12-14 23:59:57.338 [http-nio-8040-exec-1] TRACE org.hibernate.orm.jdbc.bind - binding parameter (1:BIGINT) <- [8]
2025-12-14 23:59:57.338 [http-nio-8040-exec-1] DEBUG org.hibernate.SQL - 
    select
        u1_0.id,
        u1_0.created_at,
        u1_0.email,
        u1_0.full_name,
        u1_0.is_active,
        u1_0.organization_id,
        u1_0.password,
        u1_0.requires_password_change,
        u1_0.role,
        u1_0.updated_at,
        u1_0.username 
    from
        users u1_0 
    where
        u1_0.id=?
2025-12-14 23:59:57.340 [http-nio-8040-exec-1] TRACE org.hibernate.orm.jdbc.bind - binding parameter (1:BIGINT) <- [10]
2025-12-14 23:59:57.341 [http-nio-8040-exec-1] DEBUG org.hibernate.SQL - 
    select
        u1_0.id,
        u1_0.created_at,
        u1_0.email,
        u1_0.full_name,
        u1_0.is_active,
        u1_0.organization_id,
        u1_0.password,
        u1_0.requires_password_change,
        u1_0.role,
        u1_0.updated_at,
        u1_0.username 
    from
        users u1_0 
    where
        u1_0.id=?
2025-12-14 23:59:57.341 [http-nio-8040-exec-1] TRACE org.hibernate.orm.jdbc.bind - binding parameter (1:BIGINT) <- [18]
2025-12-14 23:59:57.341 [http-nio-8040-exec-1] DEBUG org.hibernate.SQL - 
    select
        u1_0.id,
        u1_0.created_at,
        u1_0.email,
        u1_0.full_name,
        u1_0.is_active,
        u1_0.organization_id,
        u1_0.password,
        u1_0.requires_password_change,
        u1_0.role,
        u1_0.updated_at,
        u1_0.username 
    from
        users u1_0 
    where
        u1_0.id=?
2025-12-14 23:59:57.341 [http-nio-8040-exec-1] TRACE org.hibernate.orm.jdbc.bind - binding parameter (1:BIGINT) <- [13]
2025-12-14 23:59:57.343 [http-nio-8040-exec-1] DEBUG org.hibernate.SQL - 
    select
        u1_0.id,
        u1_0.created_at,
        u1_0.email,
        u1_0.full_name,
        u1_0.is_active,
        u1_0.organization_id,
        u1_0.password,
        u1_0.requires_password_change,
        u1_0.role,
        u1_0.updated_at,
        u1_0.username 
    from
        users u1_0 
    where
        u1_0.id=?
2025-12-14 23:59:57.343 [http-nio-8040-exec-1] TRACE org.hibernate.orm.jdbc.bind - binding parameter (1:BIGINT) <- [11]
2025-12-14 23:59:57.344 [http-nio-8040-exec-1] DEBUG org.hibernate.SQL - 
    select
        u1_0.id,
        u1_0.created_at,
        u1_0.email,
        u1_0.full_name,
        u1_0.is_active,
        u1_0.organization_id,
        u1_0.password,
        u1_0.requires_password_change,
        u1_0.role,
        u1_0.updated_at,
        u1_0.username 
    from
        users u1_0 
    where
        u1_0.id=?
2025-12-14 23:59:57.344 [http-nio-8040-exec-1] TRACE org.hibernate.orm.jdbc.bind - binding parameter (1:BIGINT) <- [22]
2025-12-14 23:59:57.345 [http-nio-8040-exec-1] DEBUG org.hibernate.SQL - 
    select
        u1_0.id,
        u1_0.created_at,
        u1_0.email,
        u1_0.full_name,
        u1_0.is_active,
        u1_0.organization_id,
        u1_0.password,
        u1_0.requires_password_change,
        u1_0.role,
        u1_0.updated_at,
        u1_0.username 
    from
        users u1_0 
    where
        u1_0.id=?
2025-12-14 23:59:57.345 [http-nio-8040-exec-1] TRACE org.hibernate.orm.jdbc.bind - binding parameter (1:BIGINT) <- [16]
2025-12-14 23:59:57.347 [http-nio-8040-exec-1] DEBUG org.hibernate.SQL - 
    select
        u1_0.id,
        u1_0.created_at,
        u1_0.email,
        u1_0.full_name,
        u1_0.is_active,
        u1_0.organization_id,
        u1_0.password,
        u1_0.requires_password_change,
        u1_0.role,
        u1_0.updated_at,
        u1_0.username 
    from
        users u1_0 
    where
        u1_0.id=?
2025-12-14 23:59:57.347 [http-nio-8040-exec-1] TRACE org.hibernate.orm.jdbc.bind - binding parameter (1:BIGINT) <- [7]
2025-12-14 23:59:57.348 [http-nio-8040-exec-1] DEBUG org.hibernate.SQL - 
    select
        u1_0.id,
        u1_0.created_at,
        u1_0.email,
        u1_0.full_name,
        u1_0.is_active,
        u1_0.organization_id,
        u1_0.password,
        u1_0.requires_password_change,
        u1_0.role,
        u1_0.updated_at,
        u1_0.username 
    from
        users u1_0 
    where
        u1_0.id=?
2025-12-14 23:59:57.348 [http-nio-8040-exec-1] TRACE org.hibernate.orm.jdbc.bind - binding parameter (1:BIGINT) <- [15]
2025-12-14 23:59:57.350 [http-nio-8040-exec-1] DEBUG org.hibernate.SQL - 
    select
        u1_0.id,
        u1_0.created_at,
        u1_0.email,
        u1_0.full_name,
        u1_0.is_active,
        u1_0.organization_id,
        u1_0.password,
        u1_0.requires_password_change,
        u1_0.role,
        u1_0.updated_at,
        u1_0.username 
    from
        users u1_0 
    where
        u1_0.id=?
2025-12-14 23:59:57.350 [http-nio-8040-exec-1] TRACE org.hibernate.orm.jdbc.bind - binding parameter (1:BIGINT) <- [26]
2025-12-14 23:59:57.351 [http-nio-8040-exec-1] DEBUG org.hibernate.SQL - 
    select
        u1_0.id,
        u1_0.created_at,
        u1_0.email,
        u1_0.full_name,
        u1_0.is_active,
        u1_0.organization_id,
        u1_0.password,
        u1_0.requires_password_change,
        u1_0.role,
        u1_0.updated_at,
        u1_0.username 
    from
        users u1_0 
    where
        u1_0.id=?
2025-12-14 23:59:57.352 [http-nio-8040-exec-1] TRACE org.hibernate.orm.jdbc.bind - binding parameter (1:BIGINT) <- [30]
2025-12-14 23:59:57.353 [http-nio-8040-exec-1] DEBUG org.hibernate.SQL - 
    select
        u1_0.id,
        u1_0.created_at,
        u1_0.email,
        u1_0.full_name,
        u1_0.is_active,
        u1_0.organization_id,
        u1_0.password,
        u1_0.requires_password_change,
        u1_0.role,
        u1_0.updated_at,
        u1_0.username 
    from
        users u1_0 
    where
        u1_0.id=?
2025-12-14 23:59:57.353 [http-nio-8040-exec-1] TRACE org.hibernate.orm.jdbc.bind - binding parameter (1:BIGINT) <- [19]
2025-12-14 23:59:57.355 [http-nio-8040-exec-1] DEBUG org.hibernate.SQL - 
    select
        u1_0.id,
        u1_0.created_at,
        u1_0.email,
        u1_0.full_name,
        u1_0.is_active,
        u1_0.organization_id,
        u1_0.password,
        u1_0.requires_password_change,
        u1_0.role,
        u1_0.updated_at,
        u1_0.username 
    from
        users u1_0 
    where
        u1_0.id=?
2025-12-14 23:59:57.355 [http-nio-8040-exec-1] TRACE org.hibernate.orm.jdbc.bind - binding parameter (1:BIGINT) <- [34]
2025-12-14 23:59:57.356 [http-nio-8040-exec-1] DEBUG org.hibernate.SQL - 
    select
        u1_0.id,
        u1_0.created_at,
        u1_0.email,
        u1_0.full_name,
        u1_0.is_active,
        u1_0.organization_id,
        u1_0.password,
        u1_0.requires_password_change,
        u1_0.role,
        u1_0.updated_at,
        u1_0.username 
    from
        users u1_0 
    where
        u1_0.id=?
2025-12-14 23:59:57.356 [http-nio-8040-exec-1] TRACE org.hibernate.orm.jdbc.bind - binding parameter (1:BIGINT) <- [38]
2025-12-14 23:59:57.357 [http-nio-8040-exec-1] DEBUG org.hibernate.SQL - 
    select
        u1_0.id,
        u1_0.created_at,
        u1_0.email,
        u1_0.full_name,
        u1_0.is_active,
        u1_0.organization_id,
        u1_0.password,
        u1_0.requires_password_change,
        u1_0.role,
        u1_0.updated_at,
        u1_0.username 
    from
        users u1_0 
    where
        u1_0.id=?
2025-12-14 23:59:57.357 [http-nio-8040-exec-1] TRACE org.hibernate.orm.jdbc.bind - binding parameter (1:BIGINT) <- [23]
2025-12-14 23:59:57.359 [http-nio-8040-exec-1] DEBUG org.hibernate.SQL - 
    select
        u1_0.id,
        u1_0.created_at,
        u1_0.email,
        u1_0.full_name,
        u1_0.is_active,
        u1_0.organization_id,
        u1_0.password,
        u1_0.requires_password_change,
        u1_0.role,
        u1_0.updated_at,
        u1_0.username 
    from
        users u1_0 
    where
        u1_0.id=?
2025-12-14 23:59:57.359 [http-nio-8040-exec-1] TRACE org.hibernate.orm.jdbc.bind - binding parameter (1:BIGINT) <- [20]
2025-12-14 23:59:57.360 [http-nio-8040-exec-1] DEBUG org.hibernate.SQL - 
    select
        u1_0.id,
        u1_0.created_at,
        u1_0.email,
        u1_0.full_name,
        u1_0.is_active,
        u1_0.organization_id,
        u1_0.password,
        u1_0.requires_password_change,
        u1_0.role,
        u1_0.updated_at,
        u1_0.username 
    from
        users u1_0 
    where
        u1_0.id=?
2025-12-14 23:59:57.360 [http-nio-8040-exec-1] TRACE org.hibernate.orm.jdbc.bind - binding parameter (1:BIGINT) <- [27]
2025-12-14 23:59:57.361 [http-nio-8040-exec-1] DEBUG org.hibernate.SQL - 
    select
        u1_0.id,
        u1_0.created_at,
        u1_0.email,
        u1_0.full_name,
        u1_0.is_active,
        u1_0.organization_id,
        u1_0.password,
        u1_0.requires_password_change,
        u1_0.role,
        u1_0.updated_at,
        u1_0.username 
    from
        users u1_0 
    where
        u1_0.id=?
2025-12-14 23:59:57.363 [http-nio-8040-exec-1] TRACE org.hibernate.orm.jdbc.bind - binding parameter (1:BIGINT) <- [41]
2025-12-14 23:59:57.364 [http-nio-8040-exec-1] DEBUG org.hibernate.SQL - 
    select
        u1_0.id,
        u1_0.created_at,
        u1_0.email,
        u1_0.full_name,
        u1_0.is_active,
        u1_0.organization_id,
        u1_0.password,
        u1_0.requires_password_change,
        u1_0.role,
        u1_0.updated_at,
        u1_0.username 
    from
        users u1_0 
    where
        u1_0.id=?
2025-12-14 23:59:57.364 [http-nio-8040-exec-1] TRACE org.hibernate.orm.jdbc.bind - binding parameter (1:BIGINT) <- [9]
2025-12-14 23:59:57.365 [http-nio-8040-exec-1] DEBUG org.hibernate.SQL - 
    select
        u1_0.id,
        u1_0.created_at,
        u1_0.email,
        u1_0.full_name,
        u1_0.is_active,
        u1_0.organization_id,
        u1_0.password,
        u1_0.requires_password_change,
        u1_0.role,
        u1_0.updated_at,
        u1_0.username 
    from
        users u1_0 
    where
        u1_0.id=?
2025-12-14 23:59:57.366 [http-nio-8040-exec-1] TRACE org.hibernate.orm.jdbc.bind - binding parameter (1:BIGINT) <- [42]
2025-12-14 23:59:57.367 [http-nio-8040-exec-1] DEBUG org.hibernate.SQL - 
    select
        u1_0.id,
        u1_0.created_at,
        u1_0.email,
        u1_0.full_name,
        u1_0.is_active,
        u1_0.organization_id,
        u1_0.password,
        u1_0.requires_password_change,
        u1_0.role,
        u1_0.updated_at,
        u1_0.username 
    from
        users u1_0 
    where
        u1_0.id=?
2025-12-14 23:59:57.367 [http-nio-8040-exec-1] TRACE org.hibernate.orm.jdbc.bind - binding parameter (1:BIGINT) <- [14]
2025-12-14 23:59:57.368 [http-nio-8040-exec-1] DEBUG org.hibernate.SQL - 
    select
        u1_0.id,
        u1_0.created_at,
        u1_0.email,
        u1_0.full_name,
        u1_0.is_active,
        u1_0.organization_id,
        u1_0.password,
        u1_0.requires_password_change,
        u1_0.role,
        u1_0.updated_at,
        u1_0.username 
    from
        users u1_0 
    where
        u1_0.id=?
2025-12-14 23:59:57.369 [http-nio-8040-exec-1] TRACE org.hibernate.orm.jdbc.bind - binding parameter (1:BIGINT) <- [31]
2025-12-14 23:59:57.370 [http-nio-8040-exec-1] DEBUG org.hibernate.SQL - 
    select
        u1_0.id,
        u1_0.created_at,
        u1_0.email,
        u1_0.full_name,
        u1_0.is_active,
        u1_0.organization_id,
        u1_0.password,
        u1_0.requires_password_change,
        u1_0.role,
        u1_0.updated_at,
        u1_0.username 
    from
        users u1_0 
    where
        u1_0.id=?
2025-12-14 23:59:57.370 [http-nio-8040-exec-1] TRACE org.hibernate.orm.jdbc.bind - binding parameter (1:BIGINT) <- [43]
2025-12-14 23:59:57.372 [http-nio-8040-exec-1] DEBUG org.hibernate.SQL - 
    select
        u1_0.id,
        u1_0.created_at,
        u1_0.email,
        u1_0.full_name,
        u1_0.is_active,
        u1_0.organization_id,
        u1_0.password,
        u1_0.requires_password_change,
        u1_0.role,
        u1_0.updated_at,
        u1_0.username 
    from
        users u1_0 
    where
        u1_0.id=?
2025-12-14 23:59:57.372 [http-nio-8040-exec-1] TRACE org.hibernate.orm.jdbc.bind - binding parameter (1:BIGINT) <- [17]
2025-12-14 23:59:57.374 [http-nio-8040-exec-1] DEBUG org.hibernate.SQL - 
    select
        u1_0.id,
        u1_0.created_at,
        u1_0.email,
        u1_0.full_name,
        u1_0.is_active,
        u1_0.organization_id,
        u1_0.password,
        u1_0.requires_password_change,
        u1_0.role,
        u1_0.updated_at,
        u1_0.username 
    from
        users u1_0 
    where
        u1_0.id=?
2025-12-14 23:59:57.374 [http-nio-8040-exec-1] TRACE org.hibernate.orm.jdbc.bind - binding parameter (1:BIGINT) <- [35]
2025-12-14 23:59:57.375 [http-nio-8040-exec-1] DEBUG org.hibernate.SQL - 
    select
        u1_0.id,
        u1_0.created_at,
        u1_0.email,
        u1_0.full_name,
        u1_0.is_active,
        u1_0.organization_id,
        u1_0.password,
        u1_0.requires_password_change,
        u1_0.role,
        u1_0.updated_at,
        u1_0.username 
    from
        users u1_0 
    where
        u1_0.id=?
2025-12-14 23:59:57.375 [http-nio-8040-exec-1] TRACE org.hibernate.orm.jdbc.bind - binding parameter (1:BIGINT) <- [21]
2025-12-14 23:59:57.375 [http-nio-8040-exec-1] DEBUG org.hibernate.SQL - 
    select
        u1_0.id,
        u1_0.created_at,
        u1_0.email,
        u1_0.full_name,
        u1_0.is_active,
        u1_0.organization_id,
        u1_0.password,
        u1_0.requires_password_change,
        u1_0.role,
        u1_0.updated_at,
        u1_0.username 
    from
        users u1_0 
    where
        u1_0.id=?
2025-12-14 23:59:57.375 [http-nio-8040-exec-1] TRACE org.hibernate.orm.jdbc.bind - binding parameter (1:BIGINT) <- [24]
2025-12-14 23:59:57.377 [http-nio-8040-exec-1] DEBUG org.hibernate.SQL - 
    select
        u1_0.id,
        u1_0.created_at,
        u1_0.email,
        u1_0.full_name,
        u1_0.is_active,
        u1_0.organization_id,
        u1_0.password,
        u1_0.requires_password_change,
        u1_0.role,
        u1_0.updated_at,
        u1_0.username 
    from
        users u1_0 
    where
        u1_0.id=?
2025-12-14 23:59:57.378 [http-nio-8040-exec-1] TRACE org.hibernate.orm.jdbc.bind - binding parameter (1:BIGINT) <- [39]
2025-12-14 23:59:57.379 [http-nio-8040-exec-1] DEBUG org.hibernate.SQL - 
    select
        u1_0.id,
        u1_0.created_at,
        u1_0.email,
        u1_0.full_name,
        u1_0.is_active,
        u1_0.organization_id,
        u1_0.password,
        u1_0.requires_password_change,
        u1_0.role,
        u1_0.updated_at,
        u1_0.username 
    from
        users u1_0 
    where
        u1_0.id=?
2025-12-14 23:59:57.379 [http-nio-8040-exec-1] TRACE org.hibernate.orm.jdbc.bind - binding parameter (1:BIGINT) <- [25]
2025-12-14 23:59:57.380 [http-nio-8040-exec-1] DEBUG org.hibernate.SQL - 
    select
        u1_0.id,
        u1_0.created_at,
        u1_0.email,
        u1_0.full_name,
        u1_0.is_active,
        u1_0.organization_id,
        u1_0.password,
        u1_0.requires_password_change,
        u1_0.role,
        u1_0.updated_at,
        u1_0.username 
    from
        users u1_0 
    where
        u1_0.id=?
2025-12-14 23:59:57.380 [http-nio-8040-exec-1] TRACE org.hibernate.orm.jdbc.bind - binding parameter (1:BIGINT) <- [28]
2025-12-14 23:59:57.382 [http-nio-8040-exec-1] DEBUG org.hibernate.SQL - 
    select
        u1_0.id,
        u1_0.created_at,
        u1_0.email,
        u1_0.full_name,
        u1_0.is_active,
        u1_0.organization_id,
        u1_0.password,
        u1_0.requires_password_change,
        u1_0.role,
        u1_0.updated_at,
        u1_0.username 
    from
        users u1_0 
    where
        u1_0.id=?
2025-12-14 23:59:57.383 [http-nio-8040-exec-1] TRACE org.hibernate.orm.jdbc.bind - binding parameter (1:BIGINT) <- [29]
2025-12-14 23:59:57.384 [http-nio-8040-exec-1] DEBUG org.hibernate.SQL - 
    select
        u1_0.id,
        u1_0.created_at,
        u1_0.email,
        u1_0.full_name,
        u1_0.is_active,
        u1_0.organization_id,
        u1_0.password,
        u1_0.requires_password_change,
        u1_0.role,
        u1_0.updated_at,
        u1_0.username 
    from
        users u1_0 
    where
        u1_0.id=?
2025-12-14 23:59:57.384 [http-nio-8040-exec-1] TRACE org.hibernate.orm.jdbc.bind - binding parameter (1:BIGINT) <- [33]
2025-12-14 23:59:57.386 [http-nio-8040-exec-1] DEBUG org.hibernate.SQL - 
    select
        u1_0.id,
        u1_0.created_at,
        u1_0.email,
        u1_0.full_name,
        u1_0.is_active,
        u1_0.organization_id,
        u1_0.password,
        u1_0.requires_password_change,
        u1_0.role,
        u1_0.updated_at,
        u1_0.username 
    from
        users u1_0 
    where
        u1_0.id=?
2025-12-14 23:59:57.387 [http-nio-8040-exec-1] TRACE org.hibernate.orm.jdbc.bind - binding parameter (1:BIGINT) <- [37]
2025-12-14 23:59:57.388 [http-nio-8040-exec-1] DEBUG org.hibernate.SQL - 
    select
        u1_0.id,
        u1_0.created_at,
        u1_0.email,
        u1_0.full_name,
        u1_0.is_active,
        u1_0.organization_id,
        u1_0.password,
        u1_0.requires_password_change,
        u1_0.role,
        u1_0.updated_at,
        u1_0.username 
    from
        users u1_0 
    where
        u1_0.id=?
2025-12-14 23:59:57.388 [http-nio-8040-exec-1] TRACE org.hibernate.orm.jdbc.bind - binding parameter (1:BIGINT) <- [32]
2025-12-14 23:59:57.390 [http-nio-8040-exec-1] DEBUG org.hibernate.SQL - 
    select
        u1_0.id,
        u1_0.created_at,
        u1_0.email,
        u1_0.full_name,
        u1_0.is_active,
        u1_0.organization_id,
        u1_0.password,
        u1_0.requires_password_change,
        u1_0.role,
        u1_0.updated_at,
        u1_0.username 
    from
        users u1_0 
    where
        u1_0.id=?
2025-12-14 23:59:57.390 [http-nio-8040-exec-1] TRACE org.hibernate.orm.jdbc.bind - binding parameter (1:BIGINT) <- [36]
2025-12-14 23:59:57.391 [http-nio-8040-exec-1] DEBUG org.hibernate.SQL - 
    select
        u1_0.id,
        u1_0.created_at,
        u1_0.email,
        u1_0.full_name,
        u1_0.is_active,
        u1_0.organization_id,
        u1_0.password,
        u1_0.requires_password_change,
        u1_0.role,
        u1_0.updated_at,
        u1_0.username 
    from
        users u1_0 
    where
        u1_0.id=?
2025-12-14 23:59:57.391 [http-nio-8040-exec-1] TRACE org.hibernate.orm.jdbc.bind - binding parameter (1:BIGINT) <- [40]
2025-12-14 23:59:57.392 [http-nio-8040-exec-1] DEBUG org.hibernate.SQL - 
    select
        u1_0.id,
        u1_0.created_at,
        u1_0.email,
        u1_0.full_name,
        u1_0.is_active,
        u1_0.organization_id,
        u1_0.password,
        u1_0.requires_password_change,
        u1_0.role,
        u1_0.updated_at,
        u1_0.username 
    from
        users u1_0 
    where
        u1_0.id=?
2025-12-14 23:59:57.392 [http-nio-8040-exec-1] TRACE org.hibernate.orm.jdbc.bind - binding parameter (1:BIGINT) <- [44]
2025-12-14 23:59:57.393 [http-nio-8040-exec-1] DEBUG org.hibernate.SQL - 
    select
        u1_0.id,
        u1_0.created_at,
        u1_0.email,
        u1_0.full_name,
        u1_0.is_active,
        u1_0.organization_id,
        u1_0.password,
        u1_0.requires_password_change,
        u1_0.role,
        u1_0.updated_at,
        u1_0.username 
    from
        users u1_0 
    where
        u1_0.id=?
2025-12-14 23:59:57.393 [http-nio-8040-exec-1] TRACE org.hibernate.orm.jdbc.bind - binding parameter (1:BIGINT) <- [45]
2025-12-14 23:59:57.395 [http-nio-8040-exec-1] DEBUG org.hibernate.SQL - 
    select
        u1_0.id,
        u1_0.created_at,
        u1_0.email,
        u1_0.full_name,
        u1_0.is_active,
        u1_0.organization_id,
        u1_0.password,
        u1_0.requires_password_change,
        u1_0.role,
        u1_0.updated_at,
        u1_0.username 
    from
        users u1_0 
    where
        u1_0.id=?
2025-12-14 23:59:57.395 [http-nio-8040-exec-1] TRACE org.hibernate.orm.jdbc.bind - binding parameter (1:BIGINT) <- [46]
2025-12-14 23:59:57.396 [http-nio-8040-exec-1] DEBUG org.hibernate.SQL - 
    select
        u1_0.id,
        u1_0.created_at,
        u1_0.email,
        u1_0.full_name,
        u1_0.is_active,
        u1_0.organization_id,
        u1_0.password,
        u1_0.requires_password_change,
        u1_0.role,
        u1_0.updated_at,
        u1_0.username 
    from
        users u1_0 
    where
        u1_0.id=?
2025-12-14 23:59:57.397 [http-nio-8040-exec-1] TRACE org.hibernate.orm.jdbc.bind - binding parameter (1:BIGINT) <- [47]
2025-12-14 23:59:57.398 [http-nio-8040-exec-1] DEBUG org.hibernate.SQL - 
    select
        u1_0.id,
        u1_0.created_at,
        u1_0.email,
        u1_0.full_name,
        u1_0.is_active,
        u1_0.organization_id,
        u1_0.password,
        u1_0.requires_password_change,
        u1_0.role,
        u1_0.updated_at,
        u1_0.username 
    from
        users u1_0 
    where
        u1_0.id=?
2025-12-14 23:59:57.398 [http-nio-8040-exec-1] TRACE org.hibernate.orm.jdbc.bind - binding parameter (1:BIGINT) <- [48]
2025-12-14 23:59:57.400 [http-nio-8040-exec-1] DEBUG org.hibernate.SQL - 
    select
        u1_0.id,
        u1_0.created_at,
        u1_0.email,
        u1_0.full_name,
        u1_0.is_active,
        u1_0.organization_id,
        u1_0.password,
        u1_0.requires_password_change,
        u1_0.role,
        u1_0.updated_at,
        u1_0.username 
    from
        users u1_0 
    where
        u1_0.id=?
2025-12-14 23:59:57.400 [http-nio-8040-exec-1] TRACE org.hibernate.orm.jdbc.bind - binding parameter (1:BIGINT) <- [49]
2025-12-14 23:59:57.402 [http-nio-8040-exec-1] DEBUG org.hibernate.SQL - 
    select
        u1_0.id,
        u1_0.created_at,
        u1_0.email,
        u1_0.full_name,
        u1_0.is_active,
        u1_0.organization_id,
        u1_0.password,
        u1_0.requires_password_change,
        u1_0.role,
        u1_0.updated_at,
        u1_0.username 
    from
        users u1_0 
    where
        u1_0.id=?
2025-12-14 23:59:57.402 [http-nio-8040-exec-1] TRACE org.hibernate.orm.jdbc.bind - binding parameter (1:BIGINT) <- [50]
2025-12-14 23:59:57.404 [http-nio-8040-exec-1] DEBUG org.hibernate.SQL - 
    select
        u1_0.id,
        u1_0.created_at,
        u1_0.email,
        u1_0.full_name,
        u1_0.is_active,
        u1_0.organization_id,
        u1_0.password,
        u1_0.requires_password_change,
        u1_0.role,
        u1_0.updated_at,
        u1_0.username 
    from
        users u1_0 
    where
        u1_0.id=?
2025-12-14 23:59:57.404 [http-nio-8040-exec-1] TRACE org.hibernate.orm.jdbc.bind - binding parameter (1:BIGINT) <- [51]
2025-12-14 23:59:57.405 [http-nio-8040-exec-1] DEBUG org.hibernate.SQL - 
    select
        u1_0.id,
        u1_0.created_at,
        u1_0.email,
        u1_0.full_name,
        u1_0.is_active,
        u1_0.organization_id,
        u1_0.password,
        u1_0.requires_password_change,
        u1_0.role,
        u1_0.updated_at,
        u1_0.username 
    from
        users u1_0 
    where
        u1_0.id=?
2025-12-14 23:59:57.405 [http-nio-8040-exec-1] TRACE org.hibernate.orm.jdbc.bind - binding parameter (1:BIGINT) <- [52]
2025-12-14 23:59:57.406 [http-nio-8040-exec-1] DEBUG org.hibernate.SQL - 
    select
        u1_0.id,
        u1_0.created_at,
        u1_0.email,
        u1_0.full_name,
        u1_0.is_active,
        u1_0.organization_id,
        u1_0.password,
        u1_0.requires_password_change,
        u1_0.role,
        u1_0.updated_at,
        u1_0.username 
    from
        users u1_0 
    where
        u1_0.id=?
2025-12-14 23:59:57.407 [http-nio-8040-exec-1] TRACE org.hibernate.orm.jdbc.bind - binding parameter (1:BIGINT) <- [53]
2025-12-14 23:59:57.408 [http-nio-8040-exec-1] DEBUG org.hibernate.SQL - 
    select
        u1_0.id,
        u1_0.created_at,
        u1_0.email,
        u1_0.full_name,
        u1_0.is_active,
        u1_0.organization_id,
        u1_0.password,
        u1_0.requires_password_change,
        u1_0.role,
        u1_0.updated_at,
        u1_0.username 
    from
        users u1_0 
    where
        u1_0.id=?
2025-12-14 23:59:57.408 [http-nio-8040-exec-1] TRACE org.hibernate.orm.jdbc.bind - binding parameter (1:BIGINT) <- [54]
2025-12-14 23:59:57.409 [http-nio-8040-exec-1] DEBUG org.hibernate.SQL - 
    select
        u1_0.id,
        u1_0.created_at,
        u1_0.email,
        u1_0.full_name,
        u1_0.is_active,
        u1_0.organization_id,
        u1_0.password,
        u1_0.requires_password_change,
        u1_0.role,
        u1_0.updated_at,
        u1_0.username 
    from
        users u1_0 
    where
        u1_0.id=?
2025-12-14 23:59:57.409 [http-nio-8040-exec-1] TRACE org.hibernate.orm.jdbc.bind - binding parameter (1:BIGINT) <- [55]
2025-12-14 23:59:57.410 [http-nio-8040-exec-1] DEBUG org.hibernate.SQL - 
    select
        u1_0.id,
        u1_0.created_at,
        u1_0.email,
        u1_0.full_name,
        u1_0.is_active,
        u1_0.organization_id,
        u1_0.password,
        u1_0.requires_password_change,
        u1_0.role,
        u1_0.updated_at,
        u1_0.username 
    from
        users u1_0 
    where
        u1_0.id=?
2025-12-14 23:59:57.411 [http-nio-8040-exec-1] TRACE org.hibernate.orm.jdbc.bind - binding parameter (1:BIGINT) <- [56]
2025-12-14 23:59:57.412 [http-nio-8040-exec-1] DEBUG org.hibernate.SQL - 
    select
        u1_0.id,
        u1_0.created_at,
        u1_0.email,
        u1_0.full_name,
        u1_0.is_active,
        u1_0.organization_id,
        u1_0.password,
        u1_0.requires_password_change,
        u1_0.role,
        u1_0.updated_at,
        u1_0.username 
    from
        users u1_0 
    where
        u1_0.id=?
2025-12-14 23:59:57.413 [http-nio-8040-exec-1] TRACE org.hibernate.orm.jdbc.bind - binding parameter (1:BIGINT) <- [57]
2025-12-14 23:59:57.414 [http-nio-8040-exec-1] DEBUG org.hibernate.SQL - 
    select
        u1_0.id,
        u1_0.created_at,
        u1_0.email,
        u1_0.full_name,
        u1_0.is_active,
        u1_0.organization_id,
        u1_0.password,
        u1_0.requires_password_change,
        u1_0.role,
        u1_0.updated_at,
        u1_0.username 
    from
        users u1_0 
    where
        u1_0.id=?
2025-12-14 23:59:57.414 [http-nio-8040-exec-1] TRACE org.hibernate.orm.jdbc.bind - binding parameter (1:BIGINT) <- [58]
2025-12-14 23:59:57.416 [http-nio-8040-exec-1] DEBUG org.hibernate.SQL - 
    select
        u1_0.id,
        u1_0.created_at,
        u1_0.email,
        u1_0.full_name,
        u1_0.is_active,
        u1_0.organization_id,
        u1_0.password,
        u1_0.requires_password_change,
        u1_0.role,
        u1_0.updated_at,
        u1_0.username 
    from
        users u1_0 
    where
        u1_0.id=?
2025-12-14 23:59:57.416 [http-nio-8040-exec-1] TRACE org.hibernate.orm.jdbc.bind - binding parameter (1:BIGINT) <- [59]
2025-12-14 23:59:57.417 [http-nio-8040-exec-1] DEBUG org.hibernate.SQL - 
    select
        u1_0.id,
        u1_0.created_at,
        u1_0.email,
        u1_0.full_name,
        u1_0.is_active,
        u1_0.organization_id,
        u1_0.password,
        u1_0.requires_password_change,
        u1_0.role,
        u1_0.updated_at,
        u1_0.username 
    from
        users u1_0 
    where
        u1_0.id=?
2025-12-14 23:59:57.417 [http-nio-8040-exec-1] TRACE org.hibernate.orm.jdbc.bind - binding parameter (1:BIGINT) <- [60]
2025-12-14 23:59:57.418 [http-nio-8040-exec-1] DEBUG org.hibernate.SQL - 
    select
        u1_0.id,
        u1_0.created_at,
        u1_0.email,
        u1_0.full_name,
        u1_0.is_active,
        u1_0.organization_id,
        u1_0.password,
        u1_0.requires_password_change,
        u1_0.role,
        u1_0.updated_at,
        u1_0.username 
    from
        users u1_0 
    where
        u1_0.id=?
2025-12-14 23:59:57.418 [http-nio-8040-exec-1] TRACE org.hibernate.orm.jdbc.bind - binding parameter (1:BIGINT) <- [61]
2025-12-14 23:59:57.420 [http-nio-8040-exec-1] DEBUG org.hibernate.SQL - 
    select
        u1_0.id,
        u1_0.created_at,
        u1_0.email,
        u1_0.full_name,
        u1_0.is_active,
        u1_0.organization_id,
        u1_0.password,
        u1_0.requires_password_change,
        u1_0.role,
        u1_0.updated_at,
        u1_0.username 
    from
        users u1_0 
    where
        u1_0.id=?
2025-12-14 23:59:57.420 [http-nio-8040-exec-1] TRACE org.hibernate.orm.jdbc.bind - binding parameter (1:BIGINT) <- [62]
2025-12-14 23:59:57.421 [http-nio-8040-exec-1] DEBUG org.hibernate.SQL - 
    select
        u1_0.id,
        u1_0.created_at,
        u1_0.email,
        u1_0.full_name,
        u1_0.is_active,
        u1_0.organization_id,
        u1_0.password,
        u1_0.requires_password_change,
        u1_0.role,
        u1_0.updated_at,
        u1_0.username 
    from
        users u1_0 
    where
        u1_0.id=?
2025-12-14 23:59:57.422 [http-nio-8040-exec-1] TRACE org.hibernate.orm.jdbc.bind - binding parameter (1:BIGINT) <- [63]
2025-12-14 23:59:57.423 [http-nio-8040-exec-1] DEBUG org.hibernate.SQL - 
    select
        u1_0.id,
        u1_0.created_at,
        u1_0.email,
        u1_0.full_name,
        u1_0.is_active,
        u1_0.organization_id,
        u1_0.password,
        u1_0.requires_password_change,
        u1_0.role,
        u1_0.updated_at,
        u1_0.username 
    from
        users u1_0 
    where
        u1_0.id=?
2025-12-14 23:59:57.423 [http-nio-8040-exec-1] TRACE org.hibernate.orm.jdbc.bind - binding parameter (1:BIGINT) <- [64]
2025-12-14 23:59:57.424 [http-nio-8040-exec-1] DEBUG org.hibernate.SQL - 
    select
        u1_0.id,
        u1_0.created_at,
        u1_0.email,
        u1_0.full_name,
        u1_0.is_active,
        u1_0.organization_id,
        u1_0.password,
        u1_0.requires_password_change,
        u1_0.role,
        u1_0.updated_at,
        u1_0.username 
    from
        users u1_0 
    where
        u1_0.id=?
2025-12-14 23:59:57.424 [http-nio-8040-exec-1] TRACE org.hibernate.orm.jdbc.bind - binding parameter (1:BIGINT) <- [65]
2025-12-14 23:59:57.425 [http-nio-8040-exec-1] DEBUG org.hibernate.SQL - 
    select
        u1_0.id,
        u1_0.created_at,
        u1_0.email,
        u1_0.full_name,
        u1_0.is_active,
        u1_0.organization_id,
        u1_0.password,
        u1_0.requires_password_change,
        u1_0.role,
        u1_0.updated_at,
        u1_0.username 
    from
        users u1_0 
    where
        u1_0.id=?
2025-12-14 23:59:57.426 [http-nio-8040-exec-1] TRACE org.hibernate.orm.jdbc.bind - binding parameter (1:BIGINT) <- [66]
2025-12-14 23:59:57.427 [http-nio-8040-exec-1] DEBUG org.hibernate.SQL - 
    select
        u1_0.id,
        u1_0.created_at,
        u1_0.email,
        u1_0.full_name,
        u1_0.is_active,
        u1_0.organization_id,
        u1_0.password,
        u1_0.requires_password_change,
        u1_0.role,
        u1_0.updated_at,
        u1_0.username 
    from
        users u1_0 
    where
        u1_0.id=?
2025-12-14 23:59:57.427 [http-nio-8040-exec-1] TRACE org.hibernate.orm.jdbc.bind - binding parameter (1:BIGINT) <- [67]
2025-12-14 23:59:57.428 [http-nio-8040-exec-1] DEBUG org.hibernate.SQL - 
    select
        u1_0.id,
        u1_0.created_at,
        u1_0.email,
        u1_0.full_name,
        u1_0.is_active,
        u1_0.organization_id,
        u1_0.password,
        u1_0.requires_password_change,
        u1_0.role,
        u1_0.updated_at,
        u1_0.username 
    from
        users u1_0 
    where
        u1_0.id=?
2025-12-14 23:59:57.428 [http-nio-8040-exec-1] TRACE org.hibernate.orm.jdbc.bind - binding parameter (1:BIGINT) <- [68]
2025-12-14 23:59:57.430 [http-nio-8040-exec-1] DEBUG org.hibernate.SQL - 
    select
        u1_0.id,
        u1_0.created_at,
        u1_0.email,
        u1_0.full_name,
        u1_0.is_active,
        u1_0.organization_id,
        u1_0.password,
        u1_0.requires_password_change,
        u1_0.role,
        u1_0.updated_at,
        u1_0.username 
    from
        users u1_0 
    where
        u1_0.id=?
2025-12-14 23:59:57.430 [http-nio-8040-exec-1] TRACE org.hibernate.orm.jdbc.bind - binding parameter (1:BIGINT) <- [69]
2025-12-14 23:59:57.432 [http-nio-8040-exec-1] DEBUG org.hibernate.SQL - 
    select
        u1_0.id,
        u1_0.created_at,
        u1_0.email,
        u1_0.full_name,
        u1_0.is_active,
        u1_0.organization_id,
        u1_0.password,
        u1_0.requires_password_change,
        u1_0.role,
        u1_0.updated_at,
        u1_0.username 
    from
        users u1_0 
    where
        u1_0.id=?
2025-12-14 23:59:57.432 [http-nio-8040-exec-1] TRACE org.hibernate.orm.jdbc.bind - binding parameter (1:BIGINT) <- [70]
2025-12-14 23:59:57.433 [http-nio-8040-exec-1] DEBUG org.hibernate.SQL - 
    select
        u1_0.id,
        u1_0.created_at,
        u1_0.email,
        u1_0.full_name,
        u1_0.is_active,
        u1_0.organization_id,
        u1_0.password,
        u1_0.requires_password_change,
        u1_0.role,
        u1_0.updated_at,
        u1_0.username 
    from
        users u1_0 
    where
        u1_0.id=?
2025-12-14 23:59:57.433 [http-nio-8040-exec-1] TRACE org.hibernate.orm.jdbc.bind - binding parameter (1:BIGINT) <- [71]
2025-12-14 23:59:57.434 [http-nio-8040-exec-1] DEBUG org.hibernate.SQL - 
    select
        u1_0.id,
        u1_0.created_at,
        u1_0.email,
        u1_0.full_name,
        u1_0.is_active,
        u1_0.organization_id,
        u1_0.password,
        u1_0.requires_password_change,
        u1_0.role,
        u1_0.updated_at,
        u1_0.username 
    from
        users u1_0 
    where
        u1_0.id=?
2025-12-14 23:59:57.434 [http-nio-8040-exec-1] TRACE org.hibernate.orm.jdbc.bind - binding parameter (1:BIGINT) <- [72]
2025-12-14 23:59:57.436 [http-nio-8040-exec-1] DEBUG org.hibernate.SQL - 
    select
        u1_0.id,
        u1_0.created_at,
        u1_0.email,
        u1_0.full_name,
        u1_0.is_active,
        u1_0.organization_id,
        u1_0.password,
        u1_0.requires_password_change,
        u1_0.role,
        u1_0.updated_at,
        u1_0.username 
    from
        users u1_0 
    where
        u1_0.id=?
2025-12-14 23:59:57.437 [http-nio-8040-exec-1] TRACE org.hibernate.orm.jdbc.bind - binding parameter (1:BIGINT) <- [73]
2025-12-14 23:59:57.438 [http-nio-8040-exec-1] DEBUG org.hibernate.SQL - 
    select
        u1_0.id,
        u1_0.created_at,
        u1_0.email,
        u1_0.full_name,
        u1_0.is_active,
        u1_0.organization_id,
        u1_0.password,
        u1_0.requires_password_change,
        u1_0.role,
        u1_0.updated_at,
        u1_0.username 
    from
        users u1_0 
    where
        u1_0.id=?
2025-12-14 23:59:57.438 [http-nio-8040-exec-1] TRACE org.hibernate.orm.jdbc.bind - binding parameter (1:BIGINT) <- [74]
2025-12-14 23:59:57.439 [http-nio-8040-exec-1] DEBUG org.hibernate.SQL - 
    select
        u1_0.id,
        u1_0.created_at,
        u1_0.email,
        u1_0.full_name,
        u1_0.is_active,
        u1_0.organization_id,
        u1_0.password,
        u1_0.requires_password_change,
        u1_0.role,
        u1_0.updated_at,
        u1_0.username 
    from
        users u1_0 
    where
        u1_0.id=?
2025-12-14 23:59:57.439 [http-nio-8040-exec-1] TRACE org.hibernate.orm.jdbc.bind - binding parameter (1:BIGINT) <- [75]
2025-12-14 23:59:57.440 [http-nio-8040-exec-1] DEBUG org.hibernate.SQL - 
    select
        u1_0.id,
        u1_0.created_at,
        u1_0.email,
        u1_0.full_name,
        u1_0.is_active,
        u1_0.organization_id,
        u1_0.password,
        u1_0.requires_password_change,
        u1_0.role,
        u1_0.updated_at,
        u1_0.username 
    from
        users u1_0 
    where
        u1_0.id=?
2025-12-14 23:59:57.441 [http-nio-8040-exec-1] TRACE org.hibernate.orm.jdbc.bind - binding parameter (1:BIGINT) <- [76]
2025-12-14 23:59:57.442 [http-nio-8040-exec-1] DEBUG org.hibernate.SQL - 
    select
        u1_0.id,
        u1_0.created_at,
        u1_0.email,
        u1_0.full_name,
        u1_0.is_active,
        u1_0.organization_id,
        u1_0.password,
        u1_0.requires_password_change,
        u1_0.role,
        u1_0.updated_at,
        u1_0.username 
    from
        users u1_0 
    where
        u1_0.id=?
2025-12-14 23:59:57.442 [http-nio-8040-exec-1] TRACE org.hibernate.orm.jdbc.bind - binding parameter (1:BIGINT) <- [77]
2025-12-14 23:59:57.443 [http-nio-8040-exec-1] DEBUG org.hibernate.SQL - 
    select
        u1_0.id,
        u1_0.created_at,
        u1_0.email,
        u1_0.full_name,
        u1_0.is_active,
        u1_0.organization_id,
        u1_0.password,
        u1_0.requires_password_change,
        u1_0.role,
        u1_0.updated_at,
        u1_0.username 
    from
        users u1_0 
    where
        u1_0.id=?
2025-12-14 23:59:57.444 [http-nio-8040-exec-1] TRACE org.hibernate.orm.jdbc.bind - binding parameter (1:BIGINT) <- [78]
2025-12-14 23:59:57.445 [http-nio-8040-exec-1] DEBUG org.hibernate.SQL - 
    select
        u1_0.id,
        u1_0.created_at,
        u1_0.email,
        u1_0.full_name,
        u1_0.is_active,
        u1_0.organization_id,
        u1_0.password,
        u1_0.requires_password_change,
        u1_0.role,
        u1_0.updated_at,
        u1_0.username 
    from
        users u1_0 
    where
        u1_0.id=?
2025-12-14 23:59:57.445 [http-nio-8040-exec-1] TRACE org.hibernate.orm.jdbc.bind - binding parameter (1:BIGINT) <- [79]
2025-12-14 23:59:57.447 [http-nio-8040-exec-1] DEBUG org.hibernate.SQL - 
    select
        u1_0.id,
        u1_0.created_at,
        u1_0.email,
        u1_0.full_name,
        u1_0.is_active,
        u1_0.organization_id,
        u1_0.password,
        u1_0.requires_password_change,
        u1_0.role,
        u1_0.updated_at,
        u1_0.username 
    from
        users u1_0 
    where
        u1_0.id=?
2025-12-14 23:59:57.447 [http-nio-8040-exec-1] TRACE org.hibernate.orm.jdbc.bind - binding parameter (1:BIGINT) <- [80]
2025-12-14 23:59:57.447 [http-nio-8040-exec-1] DEBUG org.hibernate.SQL - 
    select
        u1_0.id,
        u1_0.created_at,
        u1_0.email,
        u1_0.full_name,
        u1_0.is_active,
        u1_0.organization_id,
        u1_0.password,
        u1_0.requires_password_change,
        u1_0.role,
        u1_0.updated_at,
        u1_0.username 
    from
        users u1_0 
    where
        u1_0.id=?
2025-12-14 23:59:57.447 [http-nio-8040-exec-1] TRACE org.hibernate.orm.jdbc.bind - binding parameter (1:BIGINT) <- [81]
2025-12-14 23:59:57.449 [http-nio-8040-exec-1] DEBUG org.hibernate.SQL - 
    select
        u1_0.id,
        u1_0.created_at,
        u1_0.email,
        u1_0.full_name,
        u1_0.is_active,
        u1_0.organization_id,
        u1_0.password,
        u1_0.requires_password_change,
        u1_0.role,
        u1_0.updated_at,
        u1_0.username 
    from
        users u1_0 
    where
        u1_0.id=?
2025-12-14 23:59:57.449 [http-nio-8040-exec-1] TRACE org.hibernate.orm.jdbc.bind - binding parameter (1:BIGINT) <- [82]
2025-12-14 23:59:57.450 [http-nio-8040-exec-1] DEBUG org.hibernate.SQL - 
    select
        u1_0.id,
        u1_0.created_at,
        u1_0.email,
        u1_0.full_name,
        u1_0.is_active,
        u1_0.organization_id,
        u1_0.password,
        u1_0.requires_password_change,
        u1_0.role,
        u1_0.updated_at,
        u1_0.username 
    from
        users u1_0 
    where
        u1_0.id=?
2025-12-14 23:59:57.451 [http-nio-8040-exec-1] TRACE org.hibernate.orm.jdbc.bind - binding parameter (1:BIGINT) <- [83]
2025-12-14 23:59:57.452 [http-nio-8040-exec-1] DEBUG org.hibernate.SQL - 
    select
        u1_0.id,
        u1_0.created_at,
        u1_0.email,
        u1_0.full_name,
        u1_0.is_active,
        u1_0.organization_id,
        u1_0.password,
        u1_0.requires_password_change,
        u1_0.role,
        u1_0.updated_at,
        u1_0.username 
    from
        users u1_0 
    where
        u1_0.id=?
2025-12-14 23:59:57.452 [http-nio-8040-exec-1] TRACE org.hibernate.orm.jdbc.bind - binding parameter (1:BIGINT) <- [84]
2025-12-14 23:59:57.453 [http-nio-8040-exec-1] DEBUG org.hibernate.SQL - 
    select
        u1_0.id,
        u1_0.created_at,
        u1_0.email,
        u1_0.full_name,
        u1_0.is_active,
        u1_0.organization_id,
        u1_0.password,
        u1_0.requires_password_change,
        u1_0.role,
        u1_0.updated_at,
        u1_0.username 
    from
        users u1_0 
    where
        u1_0.id=?
2025-12-14 23:59:57.454 [http-nio-8040-exec-1] TRACE org.hibernate.orm.jdbc.bind - binding parameter (1:BIGINT) <- [85]
2025-12-14 23:59:57.455 [http-nio-8040-exec-1] DEBUG org.hibernate.SQL - 
    select
        u1_0.id,
        u1_0.created_at,
        u1_0.email,
        u1_0.full_name,
        u1_0.is_active,
        u1_0.organization_id,
        u1_0.password,
        u1_0.requires_password_change,
        u1_0.role,
        u1_0.updated_at,
        u1_0.username 
    from
        users u1_0 
    where
        u1_0.id=?
2025-12-14 23:59:57.455 [http-nio-8040-exec-1] TRACE org.hibernate.orm.jdbc.bind - binding parameter (1:BIGINT) <- [86]
2025-12-14 23:59:57.456 [http-nio-8040-exec-1] DEBUG org.hibernate.SQL - 
    select
        u1_0.id,
        u1_0.created_at,
        u1_0.email,
        u1_0.full_name,
        u1_0.is_active,
        u1_0.organization_id,
        u1_0.password,
        u1_0.requires_password_change,
        u1_0.role,
        u1_0.updated_at,
        u1_0.username 
    from
        users u1_0 
    where
        u1_0.id=?
2025-12-14 23:59:57.456 [http-nio-8040-exec-1] TRACE org.hibernate.orm.jdbc.bind - binding parameter (1:BIGINT) <- [87]
2025-12-14 23:59:57.457 [http-nio-8040-exec-1] DEBUG org.hibernate.SQL - 
    select
        u1_0.id,
        u1_0.created_at,
        u1_0.email,
        u1_0.full_name,
        u1_0.is_active,
        u1_0.organization_id,
        u1_0.password,
        u1_0.requires_password_change,
        u1_0.role,
        u1_0.updated_at,
        u1_0.username 
    from
        users u1_0 
    where
        u1_0.id=?
2025-12-14 23:59:57.457 [http-nio-8040-exec-1] TRACE org.hibernate.orm.jdbc.bind - binding parameter (1:BIGINT) <- [88]
2025-12-14 23:59:57.457 [http-nio-8040-exec-1] DEBUG org.hibernate.SQL - 
    select
        u1_0.id,
        u1_0.created_at,
        u1_0.email,
        u1_0.full_name,
        u1_0.is_active,
        u1_0.organization_id,
        u1_0.password,
        u1_0.requires_password_change,
        u1_0.role,
        u1_0.updated_at,
        u1_0.username 
    from
        users u1_0 
    where
        u1_0.id=?
2025-12-14 23:59:57.458 [http-nio-8040-exec-1] TRACE org.hibernate.orm.jdbc.bind - binding parameter (1:BIGINT) <- [89]
2025-12-14 23:59:57.459 [http-nio-8040-exec-1] DEBUG org.hibernate.SQL - 
    select
        u1_0.id,
        u1_0.created_at,
        u1_0.email,
        u1_0.full_name,
        u1_0.is_active,
        u1_0.organization_id,
        u1_0.password,
        u1_0.requires_password_change,
        u1_0.role,
        u1_0.updated_at,
        u1_0.username 
    from
        users u1_0 
    where
        u1_0.id=?
2025-12-14 23:59:57.460 [http-nio-8040-exec-1] TRACE org.hibernate.orm.jdbc.bind - binding parameter (1:BIGINT) <- [90]
2025-12-14 23:59:57.461 [http-nio-8040-exec-1] DEBUG org.hibernate.SQL - 
    select
        u1_0.id,
        u1_0.created_at,
        u1_0.email,
        u1_0.full_name,
        u1_0.is_active,
        u1_0.organization_id,
        u1_0.password,
        u1_0.requires_password_change,
        u1_0.role,
        u1_0.updated_at,
        u1_0.username 
    from
        users u1_0 
    where
        u1_0.id=?
2025-12-14 23:59:57.461 [http-nio-8040-exec-1] TRACE org.hibernate.orm.jdbc.bind - binding parameter (1:BIGINT) <- [91]
2025-12-14 23:59:57.463 [http-nio-8040-exec-1] DEBUG org.hibernate.SQL - 
    select
        u1_0.id,
        u1_0.created_at,
        u1_0.email,
        u1_0.full_name,
        u1_0.is_active,
        u1_0.organization_id,
        u1_0.password,
        u1_0.requires_password_change,
        u1_0.role,
        u1_0.updated_at,
        u1_0.username 
    from
        users u1_0 
    where
        u1_0.id=?
2025-12-14 23:59:57.463 [http-nio-8040-exec-1] TRACE org.hibernate.orm.jdbc.bind - binding parameter (1:BIGINT) <- [92]
2025-12-14 23:59:57.464 [http-nio-8040-exec-1] DEBUG org.hibernate.SQL - 
    select
        u1_0.id,
        u1_0.created_at,
        u1_0.email,
        u1_0.full_name,
        u1_0.is_active,
        u1_0.organization_id,
        u1_0.password,
        u1_0.requires_password_change,
        u1_0.role,
        u1_0.updated_at,
        u1_0.username 
    from
        users u1_0 
    where
        u1_0.id=?
2025-12-14 23:59:57.465 [http-nio-8040-exec-1] TRACE org.hibernate.orm.jdbc.bind - binding parameter (1:BIGINT) <- [93]
2025-12-14 23:59:57.465 [http-nio-8040-exec-1] DEBUG org.hibernate.SQL - 
    select
        u1_0.id,
        u1_0.created_at,
        u1_0.email,
        u1_0.full_name,
        u1_0.is_active,
        u1_0.organization_id,
        u1_0.password,
        u1_0.requires_password_change,
        u1_0.role,
        u1_0.updated_at,
        u1_0.username 
    from
        users u1_0 
    where
        u1_0.id=?
2025-12-14 23:59:57.467 [http-nio-8040-exec-1] TRACE org.hibernate.orm.jdbc.bind - binding parameter (1:BIGINT) <- [94]
2025-12-14 23:59:57.468 [http-nio-8040-exec-1] DEBUG org.hibernate.SQL - 
    select
        u1_0.id,
        u1_0.created_at,
        u1_0.email,
        u1_0.full_name,
        u1_0.is_active,
        u1_0.organization_id,
        u1_0.password,
        u1_0.requires_password_change,
        u1_0.role,
        u1_0.updated_at,
        u1_0.username 
    from
        users u1_0 
    where
        u1_0.id=?
2025-12-14 23:59:57.468 [http-nio-8040-exec-1] TRACE org.hibernate.orm.jdbc.bind - binding parameter (1:BIGINT) <- [95]
2025-12-14 23:59:57.469 [http-nio-8040-exec-1] DEBUG org.hibernate.SQL - 
    select
        u1_0.id,
        u1_0.created_at,
        u1_0.email,
        u1_0.full_name,
        u1_0.is_active,
        u1_0.organization_id,
        u1_0.password,
        u1_0.requires_password_change,
        u1_0.role,
        u1_0.updated_at,
        u1_0.username 
    from
        users u1_0 
    where
        u1_0.id=?
2025-12-14 23:59:57.469 [http-nio-8040-exec-1] TRACE org.hibernate.orm.jdbc.bind - binding parameter (1:BIGINT) <- [96]
2025-12-14 23:59:57.470 [http-nio-8040-exec-1] DEBUG org.hibernate.SQL - 
    select
        u1_0.id,
        u1_0.created_at,
        u1_0.email,
        u1_0.full_name,
        u1_0.is_active,
        u1_0.organization_id,
        u1_0.password,
        u1_0.requires_password_change,
        u1_0.role,
        u1_0.updated_at,
        u1_0.username 
    from
        users u1_0 
    where
        u1_0.id=?
2025-12-14 23:59:57.470 [http-nio-8040-exec-1] TRACE org.hibernate.orm.jdbc.bind - binding parameter (1:BIGINT) <- [97]
2025-12-14 23:59:57.471 [http-nio-8040-exec-1] DEBUG org.hibernate.SQL - 
    select
        u1_0.id,
        u1_0.created_at,
        u1_0.email,
        u1_0.full_name,
        u1_0.is_active,
        u1_0.organization_id,
        u1_0.password,
        u1_0.requires_password_change,
        u1_0.role,
        u1_0.updated_at,
        u1_0.username 
    from
        users u1_0 
    where
        u1_0.id=?
2025-12-14 23:59:57.471 [http-nio-8040-exec-1] TRACE org.hibernate.orm.jdbc.bind - binding parameter (1:BIGINT) <- [98]
2025-12-14 23:59:57.473 [http-nio-8040-exec-1] DEBUG org.hibernate.SQL - 
    select
        u1_0.id,
        u1_0.created_at,
        u1_0.email,
        u1_0.full_name,
        u1_0.is_active,
        u1_0.organization_id,
        u1_0.password,
        u1_0.requires_password_change,
        u1_0.role,
        u1_0.updated_at,
        u1_0.username 
    from
        users u1_0 
    where
        u1_0.id=?
2025-12-14 23:59:57.473 [http-nio-8040-exec-1] TRACE org.hibernate.orm.jdbc.bind - binding parameter (1:BIGINT) <- [99]
2025-12-14 23:59:57.474 [http-nio-8040-exec-1] DEBUG org.hibernate.SQL - 
    select
        u1_0.id,
        u1_0.created_at,
        u1_0.email,
        u1_0.full_name,
        u1_0.is_active,
        u1_0.organization_id,
        u1_0.password,
        u1_0.requires_password_change,
        u1_0.role,
        u1_0.updated_at,
        u1_0.username 
    from
        users u1_0 
    where
        u1_0.id=?
2025-12-14 23:59:57.474 [http-nio-8040-exec-1] TRACE org.hibernate.orm.jdbc.bind - binding parameter (1:BIGINT) <- [100]
2025-12-14 23:59:57.475 [http-nio-8040-exec-1] DEBUG org.hibernate.SQL - 
    select
        u1_0.id,
        u1_0.created_at,
        u1_0.email,
        u1_0.full_name,
        u1_0.is_active,
        u1_0.organization_id,
        u1_0.password,
        u1_0.requires_password_change,
        u1_0.role,
        u1_0.updated_at,
        u1_0.username 
    from
        users u1_0 
    where
        u1_0.id=?
2025-12-14 23:59:57.475 [http-nio-8040-exec-1] TRACE org.hibernate.orm.jdbc.bind - binding parameter (1:BIGINT) <- [101]
2025-12-14 23:59:57.476 [http-nio-8040-exec-1] DEBUG org.hibernate.SQL - 
    select
        u1_0.id,
        u1_0.created_at,
        u1_0.email,
        u1_0.full_name,
        u1_0.is_active,
        u1_0.organization_id,
        u1_0.password,
        u1_0.requires_password_change,
        u1_0.role,
        u1_0.updated_at,
        u1_0.username 
    from
        users u1_0 
    where
        u1_0.id=?
2025-12-14 23:59:57.476 [http-nio-8040-exec-1] TRACE org.hibernate.orm.jdbc.bind - binding parameter (1:BIGINT) <- [102]
2025-12-14 23:59:57.477 [http-nio-8040-exec-1] DEBUG org.hibernate.SQL - 
    select
        u1_0.id,
        u1_0.created_at,
        u1_0.email,
        u1_0.full_name,
        u1_0.is_active,
        u1_0.organization_id,
        u1_0.password,
        u1_0.requires_password_change,
        u1_0.role,
        u1_0.updated_at,
        u1_0.username 
    from
        users u1_0 
    where
        u1_0.id=?
2025-12-14 23:59:57.477 [http-nio-8040-exec-1] TRACE org.hibernate.orm.jdbc.bind - binding parameter (1:BIGINT) <- [103]
2025-12-14 23:59:57.478 [http-nio-8040-exec-1] DEBUG org.hibernate.SQL - 
    select
        p1_0.payroll_batch_id,
        p1_0.id,
        p1_0.basic_salary,
        p1_0.created_at,
        p1_0.da,
        p1_0.employee_id,
        p1_0.hra,
        p1_0.net_salary_paid,
        p1_0.other_allowances,
        p1_0.pf_contribution,
        p1_0.processed_at,
        p1_0.status 
    from
        payroll_payments p1_0 
    where
        p1_0.payroll_batch_id=?
2025-12-14 23:59:57.479 [http-nio-8040-exec-1] TRACE org.hibernate.orm.jdbc.bind - binding parameter (1:BIGINT) <- [2]
2025-12-14 23:59:57.485 [http-nio-8040-exec-1] DEBUG org.hibernate.SQL - 
    select
        p1_0.payroll_batch_id,
        p1_0.id,
        p1_0.basic_salary,
        p1_0.created_at,
        p1_0.da,
        p1_0.employee_id,
        p1_0.hra,
        p1_0.net_salary_paid,
        p1_0.other_allowances,
        p1_0.pf_contribution,
        p1_0.processed_at,
        p1_0.status 
    from
        payroll_payments p1_0 
    where
        p1_0.payroll_batch_id=?
2025-12-14 23:59:57.486 [http-nio-8040-exec-1] TRACE org.hibernate.orm.jdbc.bind - binding parameter (1:BIGINT) <- [3]
2025-12-14 23:59:57.492 [http-nio-8040-exec-1] DEBUG org.hibernate.SQL - 
    select
        p1_0.payroll_batch_id,
        p1_0.id,
        p1_0.basic_salary,
        p1_0.created_at,
        p1_0.da,
        p1_0.employee_id,
        p1_0.hra,
        p1_0.net_salary_paid,
        p1_0.other_allowances,
        p1_0.pf_contribution,
        p1_0.processed_at,
        p1_0.status 
    from
        payroll_payments p1_0 
    where
        p1_0.payroll_batch_id=?
2025-12-14 23:59:57.492 [http-nio-8040-exec-1] TRACE org.hibernate.orm.jdbc.bind - binding parameter (1:BIGINT) <- [4]
2025-12-14 23:59:57.499 [http-nio-8040-exec-1] DEBUG org.hibernate.SQL - 
    select
        p1_0.payroll_batch_id,
        p1_0.id,
        p1_0.basic_salary,
        p1_0.created_at,
        p1_0.da,
        p1_0.employee_id,
        p1_0.hra,
        p1_0.net_salary_paid,
        p1_0.other_allowances,
        p1_0.pf_contribution,
        p1_0.processed_at,
        p1_0.status 
    from
        payroll_payments p1_0 
    where
        p1_0.payroll_batch_id=?
2025-12-14 23:59:57.499 [http-nio-8040-exec-1] TRACE org.hibernate.orm.jdbc.bind - binding parameter (1:BIGINT) <- [5]
